Source File,Content,Translated Content
00_bai_ganyo_starts_out_for_europe_bul.csv,"Помогнаха на бай Ганя да смъкне от плещите си агарянския ямурлук, наметна си той една белгийска мантия – и всички рекоха, че бай Ганьо е вече цял европеец.","They helped Bay Ganyo take off the Agarian cloak from his shoulders, he threw on a Belgian mantle — and everyone said that Bay Ganyo was already a full European."
00_bai_ganyo_starts_out_for_europe_bul.csv,– Хайде всеки от нас да разкаже нещо за бай Ганя.,"– Come on, let each of us tell something about Bay Ganyo."
00_bai_ganyo_starts_out_for_europe_bul.csv,– Хайде – извикяха всички.,– Come on – everyone shouted.
00_bai_ganyo_starts_out_for_europe_bul.csv,– Аз ще разкажа.,– I will tell.
00_bai_ganyo_starts_out_for_europe_bul.csv,"– Чакайте, аз зная повече...","– Wait, I know more..."
00_bai_ganyo_starts_out_for_europe_bul.csv,"– Не, аз, ти нищо не знаеш.","– No, you know nothing."
00_bai_ganyo_starts_out_for_europe_bul.csv,"Дигна се, глъчкане. Най-сетне се съгласихме да почне Стати. И той почна.","An uproar arose. At last, we agreed that Stati should begin. And he began."
01_bai_ganyo_sets_off_bul.csv,"Тренът ни влезе под огромния свод на пещенската гара. Ний с бай Ганя влязохме в бюфета. Като знаех, че тук ще се бавим цял час, аз преспокойно се разположих при една маса и си поръчах закуска и пиво. Наоколо ми свят - гъмжило! Па и хубав свят. Маджарите, знайте, не са ми твърде по сърце, ама, виж, маджарките – против тях нямам нищо. Залисан в шума, не забележих кога бай Ганьо изфирясал от ресторана заедно с дисагите си. Де бай Ганя? Чашата му празна. Огледах се наоколо, подирих с oчи из целия ресторан – няма го. Излязох вън – на перона, – бре тук бай Ганьо, там бай Ганьо – няма! Чудна работа! Помислих, че е отишъл във вагона да прегледа да не е отпънал някой килимчето му.","Our train entered beneath the huge arch of the station at Pécs. Bay Ganyo and I went into the buffet. Knowing that we would be delayed here for a whole hour, I calmly settled down at a table and ordered breakfast and beer.

There was a crowd all around me—what a swarm! And a fine crowd too. The Hungarians, mind you, are not much to my liking, but the Hungarian women—against them I have nothing.

Absorbed in the noise, I did not notice when Bay Ganyo slipped out of the restaurant together with his saddlebags. Where was Bay Ganyo? His glass was empty. I looked around, searched the whole restaurant with my eyes—he was nowhere to be seen. I went outside onto the platform—Bay Ganyo here, Bay Ganyo there—but no Bay Ganyo! Strange business! I thought he had gone to the carriage to check whether someone had not snatched his little rug."
01_bai_ganyo_sets_off_bul.csv,"Върнах се пак в ресторана. Има още половин час и повече до тръгването на трена. Пия си пиво и зяпам. Портиерът след всеки пет минути удря звънеца и равнодушно, с един ленив глас съобщава направлението на треновете: „хе-геш-фе-ке-те-хе-ги, киш-ке-реш, се-ге-дин, уй-ве-дек.“ Няколко англичани пътници го зяпнали в устата, а той, види се, навикнал на вниманието, което обръща със своеобразния си език, засмива се до уши и с още повисок и дрезгав глас продължава: „уй-ве-дек, киш-ке-реш, хе-геш-фе-ке-те-хе-ги“... – с натъртено ударение на всеки слог.","I went back into the restaurant again. There is still half an hour and more before the train leaves. I’m drinking my beer and staring around. Every five minutes the porter rings the bell and, in an indifferent, lazy voice, announces the train destinations: “he-gesh-fe-ke-te-he-gi, kish-ke-resh, se-ge-din, uy-ve-dek.” A few English passengers are staring at his mouth, and he, apparently used to the attention his peculiar language attracts, grins from ear to ear and, in an even louder and hoarser voice, continues: “uy-ve-dek, kish-ke-resh, he-gesh-fe-ke-te-he-gi”... — with emphatic stress on every syllable."
01_bai_ganyo_sets_off_bul.csv,"Останаха още десетина минути до тръгването на трена. Аз се разплатих, заплатих и бай Ганьовото пиво и излязох на перона с намерение да го потърся. В това време под свода на гарата влизаше медлено един трен и, представете си, в един от вагоните на този трен, увиснал до половина на прозореца, лъсна бай Ганьо не можах да дочуя по причина на шипенето на локомотива. Аз разбрах каква е работата. Като се спря тренът, той скочи на земята, притече се при мене и ми разказа с голям примес от енергични псувни, които, с позволението ви, няма да повтарям, следующето:","There were still about ten minutes left until the train’s departure. I settled up, paid for Bay Ganyo’s beer as well, and went out onto the platform intending to look for him. At that moment, a train was slowly entering beneath the station arch, and, imagine it, in one of the carriages of this train, hanging halfway out of the window, Bay Ganyo suddenly appeared. I could not make out what he said because of the hissing of the locomotive. I understood what had happened. When the train stopped, he jumped to the ground, ran up to me, and told me, with a great admixture of vigorous curses which, with your permission, I shall not repeat, the following:"
01_bai_ganyo_sets_off_bul.csv,"– Остави се, брате, изпотрепах се от бяг...","– Let it be, brother, I’m worn out from running..."
01_bai_ganyo_sets_off_bul.csv,"– Какъв бяг, бай Ганьо?","– What running, Bay Ganyo?"
01_bai_ganyo_sets_off_bul.csv,– А бе какъв бяг! Ти нали беше се зазяпал там в гостилницата...,"– What do you mean, running away! Weren’t you just staring off over there in the tavern..."
01_bai_ganyo_sets_off_bul.csv,– Е? – отвръщам аз.,– So? – I reply.
01_bai_ganyo_sets_off_bul.csv,"– Е? В туй време, разбираш ли, оня до вратата задрънка звънеца, па чух, че свирна машината, излизам – не можех да ти се обадя, – гледам, нашият трен потегли. Бре! Килимчето ми! Та като хукнах подир него, па бяг, па тичане – остави се! Хеле по едно време, гледам, поспря се, и аз – хоп! – та вътре. Един ми поизвика нещо сепнато - хекѐ-мекѐ – аз, знаеш, не си поплювам, пооблещих му се насреща, показах му килимчето, нейсе, разбран човек излезе. Позасмя се даже. Кой да знае, че ще се връщаме пак назад. Унгарска работа!","– Well? At that time, you know, the fellow by the door rang the bell, then I heard the machine whistle; I go out — I couldn’t call you — and I see our train has pulled off. Good grief! My little rug! So I took off after it, running and running — never mind! After a while, I see it slowed down, and I — hop! — right inside. One man shouted something startled at me — heke-meke — but I, as you know, don’t take nonsense from anyone; I glared back at him, showed him the rug, and, well, he turned out to be a sensible man. He even laughed a little. Who could have known we’d be going back again. Hungarian business!"
01_bai_ganyo_sets_off_bul.csv,"Аз, грешен човек, от душа се смях на бай Ганьовото приключение. Бедният! Тренът маневрирал да влезе в друга линия, а бай Ганьо тичал, горкият, цели три километра да го гони – зер килимчето му вътре!...","I, a sinful man, laughed from the soul at Bay Ganyo’s adventure. Poor fellow! The train had maneuvered to enter another line, and Bay Ganyo ran, the poor man, a whole three kilometers to chase it—after all, his little rug was inside!..."
01_bai_ganyo_sets_off_bul.csv,"– Ами ти, от бързане, забравил си да заплатиш бирата си, бай Ганьо.","– Well, you, in your haste, forgot to pay for your beer, Bay Ganyo."
01_bai_ganyo_sets_off_bul.csv,"– Голяма работа! Те малко ли ни скубят – отговори бай Ганьо с един тон, нетърпящ възражение.",– Big deal! Don’t they fleece us enough? – replied Bay Ganyo in a tone that brooked no argument.
01_bai_ganyo_sets_off_bul.csv,– Аз я платих.,– I paid for it.
01_bai_ganyo_sets_off_bul.csv,"– Имал си бол пари – платил си я. Я качвай се, качвяй се по-скоро да не припкаме пак подир машината – каза наставнически бай Ганьо.","– You had the money, you paid for it. Now get on, get on quickly so we don’t have to run after the train again – said Bay Ganyo in a patronizing tone."
01_bai_ganyo_sets_off_bul.csv,"Влязохме във вагона. Бай Ганьо приклекна над дисагите си гърбом към мене, извади половин пита кашкавял, отряза си едно деликатно късче, отряза и един огромен резен хляб и почна дя мляска с един чудесен апетит, като издувяше със залъците си ту единия, ту другия образ и час по час опъваше шията си, за да може да преглътне сухия хлебец. Нахрани се бай Ганьо, пооригна се веднъж-дваж, изтърси трохите в шепата си, глътна и тях, измъмра под носа си: „Ех, да има сега иякой да ме почерпи едно винце“, седна насреща ми, засмя се добродушно и след като ме гледа умилно цяла минута, рече:","We entered the carriage. Bay Ganyo crouched over his saddlebags with his back to me, took out half a loaf of yellow cheese, cut himself a delicate little piece, cut a huge slice of bread as well, and began to munch with splendid appetite, puffing out first one cheek and then the other with each mouthful, and every now and then stretching out his neck so he could swallow the dry bread. Bay Ganyo finished eating, belched once or twice, shook the crumbs into his palm, swallowed those too, muttered under his breath, “Ah, if only someone would treat me to a little wine now,” sat down opposite me, smiled good-naturedly, and after looking at me affectionately for a whole minute, said:"
01_bai_ganyo_sets_off_bul.csv,"– Твоя милост, ходил ли си, обикалял ли си тъй повечко свят?","– Your Grace, have you traveled, have you wandered around the world so much?"
01_bai_ganyo_sets_off_bul.csv,"– Ходил съм, бай Ганьо, доста.","– I have traveled quite a bit, Bay Ganyo."
01_bai_ganyo_sets_off_bul.csv,"– Ии, ами аз що свят съм изтръшнал! Ц... ц... ц... Ти остави Едрене, Цариград, ами във Влашко! Ти вярвяш ли? Туй Гюргево, Турну Магурели, Плоещ, Питещ, Бряила, Букурещ, Галац – чакай да не те слъжа, в Галац не помня бях ли, не бях ли – всички съм ги изредил.","– Oh, well, what a world I’ve knocked about in! C... c... c... You leave aside Edirne, Constantinople, but in Wallachia! Do you believe it? That Giurgiu, Turnu Măgurele, Ploiești, Pitești, Brăila, Bucharest, Galați – wait, so I don’t lie to you, I don’t remember whether I was in Galați or not – I’ve been through them all."
01_bai_ganyo_sets_off_bul.csv,"Пътят ни до Виена мина еднообразно. Аз предлолих на бай Ганя една от книжките си, за да си съкрати времето с четене, но той любезно отклони предложението ми, защото бил чел доста на времето, и счете за по-практично да си дремне. Защо ще стои бадева буден; тьй и тъй е дал пари за железницата, поне да се наспи. И заспа. Заспа и захърка така, че не ти трябва да слушаш рева ня Атлаския лев.","Our journey to Vienna passed monotonously. I offered Bay Ganyo one of my books so he could shorten the time by reading, but he politely declined my suggestion, because he had read quite a lot in his time, and considered it more practical to take a nap. Why should he stay awake for nothing; after all, he had paid for the railway, so at least he might as well get some sleep. And he fell asleep. He fell asleep and snored so loudly that you would not need to listen to the roar of the Atlas lion."
01_bai_ganyo_sets_off_bul.csv,"Стигнахме във Виена и спряхме в традиционният хотел „Лондон“. Слугите снеха от колата моята чанта, поискаха да вземат и бай Ганьовите дисаги, но той от деликатност ли, кой знае, не им ги даде:","We arrived in Vienna and stopped at the traditional hotel “London.” The servants took my bag from the carriage and asked to take Uncle Ganyo’s saddlebags as well, but he, out of delicacy or who knows why, did not give them to them:"
01_bai_ganyo_sets_off_bul.csv,"– Как ще им ги дадеш бе, братко, гюл е това – не е шега, миризма силна, – ще бръкне да извади някое шише – иди го гони сетне! Знам ги аз тях. Ти не ги гледай, че са такива   м а з н и   (бай Ганьо искаше да каже   у ч т и в и,   но тая дума е още нова в нашия лексикон, забрявя се), не гледай, че се увиват около тебе. Защо се увиват? Мигар доброто ти мислят? Айнц, цвай! Гут моргин, па все гледат да докопат нещо. Ако не – бакшиш! Аз защо пазя на излизане от хотела да се изнижамълчешката... Просеци! На тогоз крайцер, на оногоз крайцер – няма изкарване!","– How are you going to give them to him, brother? It’s rose oil—no joke, it’s got a strong smell; he’ll reach in and pull out some bottle—then go chase him! I know them. Don’t you look at them as if they’re so   p o l i t e   (Bay Ganyo wanted to say   c o u r t e o u s,   but that word is still new in our lexicon; he forgot it), don’t look at the way they swarm around you. Why do they swarm? Do you think they mean you well? *Eins, zwei!* *Guten Morgen*, and all the while they’re looking to grab something. If not—then a tip! Why do I keep watch at the hotel exit so I can slip out quietly... Beggars! A cruiser for this one, a cruiser for that one—there’s no getting out of it!"
01_bai_ganyo_sets_off_bul.csv,"Тъй като розовото масло, което носеше бай Ганьо, беше действително доста ценен предмет, аз му препоръчах да го предаде за съхранение на касата.","Since the rose oil that Bay Ganyo was carrying was indeed a rather valuable item, I recommended that he hand it over to the safe for safekeeping."
01_bai_ganyo_sets_off_bul.csv,"– На касата ли? – извика той с тон, в който звучеше съжаление за моята наивност. – Чудни сте вий, учените? Ами, че ти отде знаеш какви са онези на касата? Прибере ти гюла завий си края нанякъде... Е, сетне? Какво правваш? Остави се! Видиш ли този пояс? – И бай Ганьо си повдигна широката жилетка. – Всичките мускали ще ги натъпча вътре. Истина, тежичко малко, ама сигур.","“At the ticket office?” he cried, in a tone that sounded like pity for my naivety. “You scholars are strange! Why, how do you know what those people at the ticket office are like? They’ll pocket your money, and off you go somewhere... Well, then? What do you do? Forget it! Do you see this belt?” And Bay Ganyo lifted his wide waistcoat. “I’ll stuff all the little flasks inside it. True, it’s a little heavy, but it’s safe.”"
01_bai_ganyo_sets_off_bul.csv,"И бай Ганьо се обърна гърбом към мене („свят много, хора всякакви, кой знае и туй хлапе какво е“) и почна да тъпче мускалите зад пояса си. Аз го поканих да обядваме.","And Bay Ganyo turned his back to me (“there are many kinds of people in the world, who knows what this brat is too”) and began to stuff the little bottles behind his sash. I invited him to have lunch with me."
01_bai_ganyo_sets_off_bul.csv,– Къде да обядваме?,– Where shall we have lunch?
01_bai_ganyo_sets_off_bul.csv,"– Долу, в ресторана.","– Downstairs, in the restaurant."
01_bai_ganyo_sets_off_bul.csv,"– Благодаря, не ми се яде! Твоя милост иди, хални си. Аз ще те почакам тука.","– Thank you, I don’t feel like eating! Your Grace, go ahead and eat. I’ll wait for you here."
01_bai_ganyo_sets_off_bul.csv,"Уверен съм, че щом излязох из стаята, бай Ганю е отворил похлупците. Има си човекът закуска, защо ще си харчи парите за топло ядене – няма да умре от глад я!","I am sure that as soon as I left the room, Bay Ganyo opened the lids. The man has his breakfast; why should he spend his money on a hot meal—he won’t starve to death!"
01_bai_ganyo_sets_off_bul.csv,"Заведох бай Ганя в кантората на един български търговец и го оставих там, а сам се качих на трамвая и отидох в Шенбрун. Възлизах на арката, изглеждах Виена и околностите й, обикалях алеите, зоологическата градиня и зяпах цял час маймунките и надвечер се върнах в хотела. Бай Ганьо беше в стаята. Той искаше да прикрие занятието си, но не успя и аз забележих, че пришиваше един нов джеб на вътрешната страна на антерията си. Той, опитен човек, носеше си и лятно време антерийка под френските дрехи: „Зиме хляб носи, лете дрехи носи“ – казват старите хора; тъй прави и бай Ганьо.","I took Bay Ganyo to the office of a Bulgarian merchant and left him there, and I myself got on the tram and went to Schönbrunn. I climbed up to the arch, looked out over Vienna and its surroundings, wandered through the alleys, the zoo, and spent a whole hour staring at the monkeys, and toward evening I returned to the hotel. Bay Ganyo was in the room. He wanted to conceal what he was doing, but he failed, and I noticed that he was sewing a new pocket on the inside of his *anteria*. He, being an experienced man, even in summer wore a little *anteria* under his French clothes: “In winter it carries bread, in summer it carries clothes,” as the old people say; that is how Bay Ganyo does too."
01_bai_ganyo_sets_off_bul.csv,– Седнах да се позакърпя малко – каза той сконфузено.,"– I sat down to patch myself up a bit, – he said embarrassedly."
01_bai_ganyo_sets_off_bul.csv,"– Ти някакъв джеб си пришиваш, трябва да си ударил нещо от розовото масло – подзех аз шеговито.","– You’re sewing on some kind of pocket, you must have hit something from the rose oil – I said jokingly."
01_bai_ganyo_sets_off_bul.csv,"– Кой, аз? Янлъш си! Защо ми е тук джеб? Джебове мно-о-го, само пари да има. Няма джеб,няма нищо, ами беше се поразпрала малко дрешката ми, та турих едно парцалче... Ти де беше? На разходка ли? Добре си направил.","– Who, me? You’re mistaken! Why would I need a pocket here? Pockets are plenty—just let there be money. No pocket, nothing; well, my clothes had gotten a little torn, so I put on a little rag... Where were you? Out for a walk? You did well."
01_bai_ganyo_sets_off_bul.csv,"– Ти не ходи ли, бай Ганьо, да се разходиш, да видиш Виена?","– Didn’t you go out for a walk, Bay Ganyo, to see Vienna?"
01_bai_ganyo_sets_off_bul.csv,"– Какво ще й гледам на Виената, град като град: хора, къщи, салтанати. И дето отидеш, все гут моргин, все пари искат. Защо ще си даваме паричките на немците – и у нас има кой да ги яде...","– What should I look at in Vienna? A city like any other: people, houses, finery. And wherever you go, it’s always “guten Morgen,” always they want money. Why should we give our money to the Germans — we have people here who can eat it too..."
02_bai_ganyo_at_the_opera_bul.csv,"Аз склоних бай Ганя да се разходим до операта и да си вземем билети за вечерта. Даваха балета „Рuрреnfее“ и не помня още какво. Минахме гръцкото кафене, завихме към кафе „Мендл“, дето се събират българите, и се упътихме към църквата „Св. Стефан“. Тук на площада поканих бай Ганя да се отбием в една сладкарница, като не предполагах, че характерът на Дон Жуан може да влезе под кожата на бай Ганя. Но цивилизацията какви чудеса не прави! Трябва да ви кажа, че аз се учех тогава във Вена; бях си ходил по ваканциите и се връщах сега, та по пътя за Вена се запознахме с бай Гaня. В тази сладкарница аз ходех често и много добре се познавах с касиерката, една хубавичка и весела мома, весела, но се държеше добре и не допущаше волности. И представете си, господа, влизаме ний с бай Ганя в сладкарницата, приближаваме се до бюфета, момата ме поздравява весело с добре дошъл, аз й отговарям с някои игриви любезности и се връщам да си избера нещо сладко и в това време един негодующ писък оглуши цялото заведение...","I persuaded Bay Ganyo to take a walk to the opera and get tickets for the evening. They were giving the ballet “Purrenfее” and I don’t remember what else. We passed the Greek café, turned toward Café “Mendl,” where the Bulgarians gather, and made our way to the church of St. Stephen. Here in the square I invited Bay Ganyo to stop by a confectionery, not suspecting that the character of Don Juan could get under Bay Ganyo’s skin. But what wonders civilization does work! I should tell you that I was studying in Vienna at the time; I had gone home for the holidays and was now returning, so on the way to Vienna we became acquainted with Bay Ganyo. I used to go to this confectionery often and knew the cashier very well, a pretty and cheerful girl, cheerful, but well-behaved and not allowing any liberties. And imagine, gentlemen, Bay Ganyo and I go into the confectionery, approach the buffet, the girl greets me cheerfully with a welcome, I reply with some playful courtesies, and I turn back to choose something sweet, and at that moment an indignant shriek deafened the whole establishment..."
02_bai_ganyo_at_the_opera_bul.csv,"– Какво стана, бай Ганьо, ти ли й направи нещо? – извиках аз тревожно и сърдито.","– What happened, Bay Ganyo, did you do something to her? – I cried out anxiously and angrily."
02_bai_ganyo_at_the_opera_bul.csv,"– Не съм бе, брате, какво съм и направил – отговори сплетено бай Ганьо с разтреперан глас.","– I didn’t do anything, brother, what have I done? – replied Bay Ganyo, speaking in a tangled way, with a trembling voice."
02_bai_ganyo_at_the_opera_bul.csv,"Момата, разсърдена до висша степен, с пламнало лице, с висок глас ми разправи, че бай Ганьо я оскърбил с действие, похванал я и не само я похванал, ами си извъртял и ръката със стиснати зъби. Тя искаше да вика полицейския. Скандал!","The girl, angered to the highest degree, with a flushed face and in a loud voice, told me that Bay Ganyo had insulted her by his actions, had grabbed her, and not only had grabbed her, but had also twisted his hand with clenched teeth. She wanted to call the policeman. A scandal!"
02_bai_ganyo_at_the_opera_bul.csv,"– Скоро да се махаш оттук, бай Ганьо; ако те свари полицейският, работата ти е спукана, върви нагоре, аз ще те стигна - извиках аз с престорено негодувание и малко остана да се изсмея, като гледах трагикомичната фигура на бай Ганя.","– You’d better get out of here quickly, Bay Ganyo; if the police catch you, you’re done for. Go on ahead, I’ll catch up with you — I shouted in feigned indignation, and I almost burst out laughing as I looked at Bay Ganyo’s tragicomic figure."
02_bai_ganyo_at_the_opera_bul.csv,"– Какво ми се пери! – каза с кураж бай Ганьо на излизане. – Санким честна ли е? Знам ги аз тукашните жени. Покажи и кесията – изведнъж гут моргин, ама не е прост бай ти Ганьо!...","– What’s she putting on airs for! – said Bay Ganyo bravely as he was leaving. – As if she’s honest? I know these local women. Show her the purse—and suddenly, good morning, but your Bay Ganyo isn’t a fool!..."
02_bai_ganyo_at_the_opera_bul.csv,"Съдено ми било впечатленията на тоз ден да приключа с още едно приключение, героят на което беше пак нашият бай Ганьо. В операта даваха, както ви казах, балета „Рuрреnfее“. Ние заемахме седалища в партера. Театърът беше пълен. Бай Ганьовите бозави дрешки се хвърляха в очи като контраст с общия тъмен фон на костюмите. Дигна се зaвесата. Тишина – мъртва. Всички вперили очи на фантастично декорираната сцена. Аз сещах, че от дясната ми страна бай Ганьо нещо шава, пъшка, но не мога да си откъсна очите от сцената: картините на балета постоянно се меняваха по движението на магически жезъл, разни групи балерини явяват се, изчезват; на сцената ту мрак, ту едноцветна, ту разноцветна светлина – феерия! От общата група на балерините се отдели една, пристъпи с дребни бързи крачки към авансцената, спря се, подскочи и заплава из въздуха, подпряна само на връхчеца на едната си нога... В същия този момент зад гърба ми едно истерическо ха-ха-ха-ха! разцепи въздуха. Обръщам се наляво – всички редове зад мене се кискат и сочат нещо от дясната ми страна. Моментално ми мина нещо недобро през ума. Обръщам се към бай Ганя... Боже! Какво виждам! Бай Ганьо се съблякъл по ръкави и си разкопчал жилетката, която го стяга от натъпканите в пояса му мускали: един от служителите на театъра го хванал с два пръста за ръкава и му прави с глава съвсем недвусмислени знакове да поизлезе вън; бай Ганьо се облещил насреща му и му отговаря също със знакове – „санким, кого ще уплашиш?“ Този именно бабаитски момент изтръгва истерическия смях у едно момиченце, което седеше зад нас, и този смях зарази целия театър. Картина! И представете си, господа, погледвам, потънал от срам, към ложите – като че ме теглеше някой да погледна – и очите ми се срещат с устремените към мене очи на цяло едно познато немско семейство, в което яз бях много добре приет, и в техните очи прочетох искрено съжаление за моето отчаяно положение. А в това време бай Ганьо ме теглеше енергически за ръкава:","It was my fate to end the impressions of that day with yet another adventure, whose hero was once again our Bay Ganyo. At the opera, as I told you, they were performing the ballet “Rurpenfee.” We had seats in the stalls. The theater was full. Bay Ganyo’s drab clothes stood out like a contrast against the general dark background of the costumes. The curtain rose. Silence — dead silence. Everyone fixed their eyes on the fantastically decorated stage. I could feel that on my right Bay Ganyo was fidgeting, grunting, but I could not tear my eyes away from the stage: the scenes of the ballet kept changing with the movement of a magic wand, various groups of ballerinas appearing and disappearing; on the stage now darkness, now monochrome light, now multicolored light — a fairy spectacle! From the general group of ballerinas one detached herself, stepped forward with tiny quick steps to the front of the stage, stopped, sprang up, and floated through the air, supported only on the tip of one foot... At that very moment, behind my back, a hysterical ha-ha-ha-ha! split the air. I turned left — all the rows behind me were giggling and pointing at something on my right. Instantly something bad flashed through my mind. I turned to Bay Ganyo... Good heavens! What do I see! Bay Ganyo had taken off his sleeves and unbuttoned his vest, which was being tightened by the flasks stuffed into his sash: one of the theater attendants had caught him by the sleeve with two fingers and was making very unmistakable signs with his head for him to go outside; Bay Ganyo stared back at him and answered with signs too — as much as to say, “Who do you think you’re scaring?” It was precisely this swaggering moment that drew hysterical laughter from a little girl sitting behind us, and that laughter infected the whole theater. What a scene! And imagine, gentlemen, I look, overwhelmed with shame, toward the boxes — as if someone were pulling me to look — and my eyes meet the eyes of an entire familiar German family, in whose company I had been very well received, and in their eyes I read sincere pity for my desperate situation. And meanwhile Bay Ganyo was tugging energetically at my sleeve:"
02_bai_ganyo_at_the_opera_bul.csv,"– Хайде бе, хайде да си излезем, остави ги тези чифути – ще ми се паднат те на ръка, чакай!...","– Come on, let’s go out, leave those Jews alone — they’ll fall into my hands, wait!..."
03_bai_ganyo_at_the_baths_bul.csv,"– Чакайте, аз да ви разкажа мойта среща с бай Ганя - обади се Стойчо.","– Wait, let me tell you about my encounter with Bay Ganyo, Stoicho chimed in."
03_bai_ganyo_at_the_baths_bul.csv,"– Хайде, разказвай – извикахме всинца, защото знаем, че Стойчо умее да разказва таквизи   к о м е д и и.","– Come on, tell us – we all shouted, because we know that Stoycho knows how to tell such c o m e d i e s."
03_bai_ganyo_at_the_baths_bul.csv,"– И това беше във Вена. Седя си една сутрин в кафенето, у Мендля, поръчал съм си чай и взех да прегледам нашите български вестници. Бях се вдълбочил в една много интересна статия, в която се разправяше начинът, по който конституцията може хепидже да се покътне, даже съвсем да се разглоби и пак да си бъде   н е п о к ъ т н а т а...   Чета си така, увлякъл съм се; по едно време като кресна над ухото ми едно: „О-о-о! Добър ден!“ – и една потна ръка сграбчи десницата ми. Дигам си очите: един широкоплещ, черноок, чернокос и даже чернокож господин, със засукани мустаки, със скулесто лице, с бръсната поникнала брадица, облечен (в какво мислите?) в редингот, незакопчан, под жилетката му два-три пръста червен пояс, с бяла (по нашенски бяла) риза, без вратовръзка, с черно, накривено калпаче, с ботуши и един врачански бастон под мишница. Млад човек: да има, да има най-много тридесет години.","– And this was in Vienna. One morning I was sitting in the café, at Mendel’s, I had ordered tea and had started to browse our Bulgarian newspapers. I had become engrossed in a very interesting article, which explained the way in which the constitution can be, so to speak, touched, even completely taken apart, and yet still remain **untouched**... I was reading like that, carried away; then all of a sudden someone shouted in my ear: “O-o-o! Good day!” – and a sweaty hand seized my right hand. I looked up: a broad-shouldered, black-eyed, black-haired and even dark-skinned gentleman, with curled mustaches, a cheekboned face, a shaved stubbly beard, dressed (guess in what?) in a frock coat, unbuttoned, with two or three fingers’ width of red sash under his waistcoat, a white (our kind of white) shirt, no tie, a black tilted cap, boots, and a Vratsa walking stick under his arm. A young man: at most, at most thirty years old."
03_bai_ganyo_at_the_baths_bul.csv,"– Извинете, господине – казвам му аз със смирено учудване, – аз нямам удоволствието да ви познавам.","– Excuse me, sir — I say to him with humble surprise — I do not have the pleasure of knowing you."
03_bai_ganyo_at_the_baths_bul.csv,"– Какво? Не ме познавате ли, кайш? Ти нали си българин?","– What? Don’t you know me, you say? Aren’t you Bulgarian?"
03_bai_ganyo_at_the_baths_bul.csv,– Българин съм.,– I am Bulgarian.
03_bai_ganyo_at_the_baths_bul.csv,– Е?,– So?
03_bai_ganyo_at_the_baths_bul.csv,– Е?,– So?
03_bai_ganyo_at_the_baths_bul.csv,"– Е хайде, ставай да се разхождаме. Какво ще киснеш тука? Мене ме казват Ганьо. Ставай!","– Come on, get up and let’s go for a walk. What are you going to sit around here for? They call me Ganyo. Get up!"
03_bai_ganyo_at_the_baths_bul.csv,"Нямаше нужда да ми казва, че е Ганьо.",There was no need for him to tell me that he was Ganyo.
03_bai_ganyo_at_the_baths_bul.csv,"– Извинете, г-н Ганьо, аз не съм свободен сега.","– Excuse me, Mr. Ganyo, I am not free now."
03_bai_ganyo_at_the_baths_bul.csv,"– Ами че какво стоиш в кафенето, като не си свободен?","– Well then, why are you sitting in the café if you’re not free?"
03_bai_ganyo_at_the_baths_bul.csv,Не счетох за нужно да му давам обяснения. Но той не показваше ни най-малко желание да ме остави на мира и току ми изтърси:,I did not consider it necessary to give him any explanations. But he showed not the slightest desire to leave me alone and kept blurting out:
03_bai_ganyo_at_the_baths_bul.csv,– Ставай да ме водиш на баня. Де е тук банята?,– Get up and take me to the bathhouse. Where is the bathhouse here?
03_bai_ganyo_at_the_baths_bul.csv,"О-хо! Да го водя на баня! Мен почнаха малко да ме зимат дяволите, ама се сдържах и не само че се сдържах, ами ме и досмеша. Види се, че бай Ганьо имаше действителна нужда от баня: отдалечко дъхтеше на вкиснато. Нямаше какво да правя. Съотечественик – трябва да му служа. Па помислих си, и аз ще се възползувам от случая, ще взема един душ. Беше горещо. Тръгнахме и се упътихме към една лятна къпалня с широк басейн. Из пътя, като срещахме нещо по-забележително, аз все считах за нужно да указвам и обяснявам на бай Ганя, но забележих, че той неохотно ме слушаше и току пропущаше сегиз-тогиз равнодушно по някое „А, тъй ли е?“ ­ или „Знам аз“, с което, види се, искаше да ми се препоръча, че не е прост. Или пресичаше думата ми с някой въпрос, съвсем неподходящ с това, което му обяснявах. Разказвам му например нещо за паметника на Мария Терезия на площада между Музеите, а той ме дърпа за ръкава.","Oh-ho! To take him to the bath! At first I started to get a little devilish myself, but I held back, and not only did I hold back, I even found it amusing. It was clear that Bay Ganyo really needed a bath: he smelled sour from a distance. There was nothing for me to do. A compatriot — I had to serve him. Then I thought to myself that I, too, would take advantage of the occasion and have a shower. It was hot. We set off and headed for a summer bathing place with a large pool. Along the way, whenever we came across something more noteworthy, I always thought it necessary to point it out and explain it to Bay Ganyo, but I noticed that he listened unwillingly and every now and then would casually let slip some indifferent “Oh, is that so?” or “I know,” with which, apparently, he wanted to impress me that he was no fool. Or he would cut me off with some question entirely inappropriate to what I was explaining to him. For example, I was telling him something about the statue of Maria Theresa in the square between the Museums, and he tugged at my sleeve."
03_bai_ganyo_at_the_baths_bul.csv,"– Я виж, онази там, със синия фустан, а? Как ти се вижда? А бе я ми кажи, как ги познавате вий коя е такваз, коя не е? Аз много пъти съм се бъркал, а? – Бай Ганьо допълва въпроса си с едно дяволско подмигване.","– Look, that one over there, in the blue dress, eh? What do you think of her? Come on, tell me, how do you fellows tell which one is like that and which one isn’t? I’ve been mistaken many times, eh? – Bay Ganyo adds to his question with a devilish wink."
03_bai_ganyo_at_the_baths_bul.csv,"Пристигнахме в къпалнята. Сърцето ми се стягаше – то като че предчувствуваше това, което ще стане. Вземаме си на касата билети. Бай Ганьо иска „ресто“ с шаване на пръстите си, помъкнати в гишето. Касиерката му подава усмихнато остатъка, бай Ганьо се впива в нея с маслени очи, поемва парите и с една своеобразна кашлица си изказва чувствата. Тя прихва от смях, бай Ганьо, възхитен, засуква си левия мустак и си заклатва главата:","We arrived at the bathhouse. My heart tightened—it seemed to sense in advance what was going to happen. We take our tickets at the cashier’s window. Bay Ganyo asks for his “change,” wiggling his fingers as he thrusts them into the little opening. The cashier hands him the remainder with a smile; Bay Ganyo fixes her with oily eyes, takes the money, and expresses his feelings with a peculiar cough. She bursts out laughing; Bay Ganyo, delighted, twirls his left mustache and shakes his head:"
03_bai_ganyo_at_the_baths_bul.csv,"– Че фромоза еш домнета̀. А бе, Стойчо, я попитай дали знае влашки. -  Щий румунещи? – пита сам бай Ганьо.","– That the fromosa is domnetà. Well, Stoycho, ask him whether he knows Vlach. -  Știi rumunește? – asks old Bay Ganyo himself."
03_bai_ganyo_at_the_baths_bul.csv,"В това време влиза друг посетител и ний се вмъкнахме в общата зала. Околчест коридор. Наоколо стаички за събличане, прикрити със завески. В средата басейн, отделен от коридора с ниска дървена решетка. В басейна се слиза по няколко малки стълби. Заехме с бай Ганя две съседни стаички. Аз се съблякох набързо и влязох в хладния басейн. Във водата чинно и мълчаливо разтягаха мускулите си и пухтяха няколко немци. Бай Ганьо се бави дълго време и зад завесата на стаичката му се чуват пъшкания и се тракат някакви стъклени предмети; най-сетне отдръпна се завесата и той се яви в натура, с влакнати гърди и с нашарени от чорапите нозе – като държеше в ръка един възел: това бяха драгоценните мускали, вързани в една не дотам чиста кърпица, които той се побоял да остави в стаичката. „Отде знаеш, че стените им са здрави, ще откъртят някоя дъска, иди, че се дави подир.“ Той се огледа по стените на коридора, потърси някой гвоздей да закачи възела си; той мисли, че щом е стена, трябва да има и гвоздей по нея, и се обръща към мене:","At that time another visitor came in, and we slipped into the common hall. A circular corridor. Around it, little changing rooms, hidden by curtains. In the middle, a pool, separated from the corridor by a low wooden railing. One descends into the pool by several small steps. Bay Ganyo and I took two neighboring changing rooms. I quickly undressed and went into the cool pool. In the water, several Germans were properly and silently stretching their muscles and puffing. Bay Ganyo delayed for a long time, and behind the curtain of his little room one could hear groans and the clinking of some glass objects; at last the curtain was drawn aside and he appeared in the flesh, with hairy chest and legs striped by his socks — holding in his hand a bundle: these were his precious little flasks, tied up in a not-so-clean handkerchief, which he had been afraid to leave in the changing room. “How do you know their walls are solid? They’ll pry off a plank, and then go and drown afterward.” He looked around at the walls of the corridor, searching for some nail to hang his bundle on; he thinks that if it’s a wall, then there must be a nail on it too, and turns to me:"
03_bai_ganyo_at_the_baths_bul.csv,"– Ама проста работа тези немци, един гвоздей не им стига ума да забият, па казват, че ние сме били прости.","– But those Germans are simple-minded; they can’t even figure out how to hammer in a nail, and yet they say that we are the simple ones."
03_bai_ganyo_at_the_baths_bul.csv,"Като се убеди окончателно в простотията на немците, бай Ганьо сложи нерешително кърпицата си с мускалите пред входа на стаичката си, за да му са пред очите, доде се изкъпе.","Having finally convinced himself of the Germans’ stupidity, Bay Ganyo hesitantly placed his little cloth with the muskal bottles at the entrance to his room, so that they would be before his eyes while he bathed."
03_bai_ganyo_at_the_baths_bul.csv,"– Ти я чуй, момче – обърна се той към мене, – ти хем се къпи, хем понаглеждай мускалите, па гледай и мен какво нещо ще изкалъпя. –  И с тия думи бай Ганьо дигна единия си крак и стъпи на оградата... – Ти само гледай...","– Listen to her, boy, – he turned to me, – you keep bathing, and keep an eye on the little bottles too, and watch what I’m going to knock together. – And with those words, Bay Ganyo lifted one leg and stepped onto the fence... – Just watch..."
03_bai_ganyo_at_the_baths_bul.csv,"Повдигна се, тури и другия крак, изправи се, прекръсти се и извика: – Гледай... Яла, боже, помози... Хоп!... – и се хвърли във въздуха, изкриви краката си на кравай и бух!  сред басейна. Снопове вода бризнаха нагоре и се посипаха по главите на вцепенените от учудване немци; вълнисти кръгове отскочиха от центъра към краищата, преляха зад басейна, хлътнаха пак назад и когато водата подир няколко секунди се утаи и избистри, всякой от находящите се в банята можеше да види уморителните жестикулации на бай Ганя под водата. Той се повдигна нагоре, спусна си нозете, стъпи на дъното, изправи се със затворени очи и запушени уши, изтърси се от водата – пуф! – и пръсна вода през увисналите си мустаки - пуф! – и изцеди водата от косата и лицето си, отвори си очите, погледна ме и се засмя:","He rose, put the other leg in as well, stood up, crossed himself, and cried: – Look... Come, God help me... Hop!... – and hurled himself into the air, twisted his legs into a pretzel, and thud! into the middle of the pool. Jets of water shot up and splashed over the heads of the Germans, stunned with amazement; rippling circles sprang from the center toward the edges, spilled over behind the pool, sank back again, and when the water settled and cleared after a few seconds, everyone in the bath could see Bay Ganyo’s exhausting gestures under the water. He rose upward, lowered his legs, stepped onto the bottom, stood up with his eyes closed and his ears plugged, shook the water off himself—puff!—and splashed water through his drooping mustaches—puff!—then wrung the water from his hair and face, opened his eyes, looked at me, and laughed:"
03_bai_ganyo_at_the_baths_bul.csv,"– Ха, ха, ха... а? Какво ще речеш?...","– Ha, ha, ha... huh? What do you say?..."
03_bai_ganyo_at_the_baths_bul.csv,"Аз не успях нищо да река, защото той се пусна хоризонтално над водата и почна с ръце да пляска повърхността, почна да плава по „гемиджийски“: пляас! – с ръката и ритне две текмета назад, пляс! с другата ръка и още две текмета. Целият басейн закипя. Като че бяхме под някой водопад. Вълни запляскаха към краищата, вериги от капки бризнаха чак до насрещните стени.","I couldn’t say anything, because he threw himself horizontally over the water and began slapping the surface with his hands, started swimming in the “boatman’s” style: splash! — with one hand and kick two strokes back, splash! with the other hand and two more strokes. The whole pool boiled. It was as if we were under some waterfall. Waves slapped against the edges, and chains of droplets sprayed all the way to the opposite walls."
03_bai_ganyo_at_the_baths_bul.csv,– Туй се казва „по гемиджийски“ – извика през вълните тържествующият бай Ганьо; – чакай сега да им покажем „вампор“ на кое викат.,"– This is what you call “the boatmen’s way” – shouted triumphant Bay Ganyo across the waves; – now wait, let’s show them what they call “vampor.”"
03_bai_ganyo_at_the_baths_bul.csv,"И като се обърна по гърба си, той почна да нанася такива немилостиви удари с нозете си по повърхността на разпенената вода, щото бризги летяха чак до тавана. Той завъртя бързо ръце, за да изрази колелото на парахода: „Тупа-лупа, тупа-лупа, фйюууу“, и бай Ганьо изсвири с уста.","And, turning onto his back, he began to strike the surface of the foaming water with such merciless kicks of his feet that the spray flew all the way to the ceiling. He spun his arms rapidly to imitate the steamboat’s paddle wheel: “Tupa-lupa, tupa-lupa, fyyuuuu,” and Bay Ganyo whistled through his mouth."
03_bai_ganyo_at_the_baths_bul.csv,"Немците окаменяха на местата си. Те, по всяка вероятност, приеха моя другар за някой новодошъл, не постъпил още в лудницата възточен човек и аз забележих по лицата им не толкова негодувание, колкото съжаление. А бай Ганьо, вижда се, прочете по лицата им безкрайно удивление на неговото изкуство и затова възлезе бързишката по стълбата, изправи се малко разкрачен, изгледа високомерно немците, почна да се удря геройски по влакнатите гърди и извика победоносно: – Булгар! Булгаар! – и още по-силно се удари в гърдите.","The Germans were petrified in their places. They, in all likelihood, took my companion for some newly arrived Eastern man who had not yet been admitted to the asylum, and I noticed on their faces not so much indignation as pity. But Bay Ganyo, it seems, read on their faces boundless admiration for his skill, and so he hurried up the stairs, stood with his legs slightly apart, looked down haughtily at the Germans, began to beat his hairy chest heroically, and cried triumphantly:

– Bulgar! Bulgaaar! – and struck his chest even harder."
03_bai_ganyo_at_the_baths_bul.csv,"Горделивият тон, с който изрече тази рекомендация, говореше много; този тон казваше: „Ето го, видите ли го българина! Този е той, такъв е той! Вий сте го чували само, сливнишкия герой, балканския гений! Ето го сега пред вас, цял-целиничък, от глава до пети, в натура! Видите ли какви чудеса е той в състояние да направи! И само това ли! Ехе, на какви работи още е той способен! Прости били българите, а! Гиди, чифути с чифути!“","The proud tone in which he uttered this recommendation said a great deal; that tone seemed to say: “There he is, do you see the Bulgarian! This is he, this is what he is! You have only heard of him, the hero of Slivnitsa, the Balkan genius! Here he is now before you, whole and complete, from head to toe, in the flesh! Do you see what wonders he is capable of performing! And is that all! Oh, what other things he is still capable of! The Bulgarians were simpletons, were they? Hah, you swindlers, you swindlers!”"
03_bai_ganyo_at_the_baths_bul.csv,"– А бе, я попитай има ли сапун – каза ми бай Ганьо, след. като поизстина малко патриотическият му възторг, – я виж нозете ми на какво са заприличали...","– Hey, ask if there’s any soap, will you? — said Bay Ganyo to me, after his patriotic enthusiasm had cooled a little. — Just look at what my feet have turned into..."
03_bai_ganyo_at_the_baths_bul.csv,"И наистина, нозете му не представляваха най-подходящ модел за Аполона Белведерски. Шарките на чорапите му бяха се отпечатали на кожата – и без това нечиста и обрасла. Впрочем с нечистотата не можем зачуди българите: не можем накара и най разпалената фантазия да си представи нещо по-нечисто от туй, което може да ти представи самата действителност...","And indeed, his legs did not make the most suitable model for the Apollo Belvedere. The patterns of his socks had imprinted themselves on his skin—which was already dirty and hairy. As for filth, however, we cannot surprise the Bulgarians: we cannot even make the most fervent imagination picture anything dirtier than what reality itself can present to you..."
03_bai_ganyo_at_the_baths_bul.csv,С тези думи свърши разказа си Стойчо.,"With these words, Stoycho finished his story."
04_bai_ganyo_in_dresden_bul.csv,— И аз имах една среща с бай Ганя — обади се Кольо — в Дрезден. — Искате ли да ви я разкажа?,— I also had a meeting with Bay Ganyo — Kolyo chimed in — in Dresden. — Would you like me to tell you about it?
04_bai_ganyo_in_dresden_bul.csv,— Иска ли питане? Разказвай! — извика цялата компания.,— Is there any need to ask? Tell us! — shouted the whole company.
04_bai_ganyo_in_dresden_bul.csv,"— Не зная дали сте чували — преди няколко години дрезденското общество биде разтревожено от една крайно печална катастрофа, жертва на която стана една българка, ученичка, и един млад американец. Аз ще ви припомня тази печална случка с две думи. Българката се учеше в Дрезден. В този град, както знаете, има цели квартали англичани, американци, руси и други иностранци, децата на които следват в тамошните учебни заведения. Една американка, ученичка, се сприятелява с нашата българка. Англичанките и американките ученички имат този каприз — да вземат под своето покровителство някоя съученичка измежду най-беззащитните. За такава се е показала и нашата българка: по-свитичка, по-смиреничка, по-мълчаливичка. Сприятелили се те и американката почнала да я кани у дома си на гости по празнични дни. Българката се запознава с цялото им семейство, а между другите и с брата й, млад, двадесетгодишен момък, който изучаваше живопиството. Кой знае дали по свойствената на младите художници наклонност да се увличат от всякой жив модел, неподходящ под общия тип на окръжающите ги модели, дали по присъщата на американците склонност към оригиналност, но младият момък след няколко срещи с нашата скромна и срамежлива българка като че почна да сеща влечение към нея; той се ползуваше от всякой случай да се срещне с нея, да споделя своите артистически впечатления, да любезничи, с една дума, те почнаха да се любят. И тази любов им скъси дните.","— I do not know whether you have heard of it — a few years ago the Dresden society was disturbed by an extremely sad catastrophe, the victim of which was a Bulgarian girl, a student, and a young American man. I will remind you of this sad incident in a few words. The Bulgarian girl was studying in Dresden. In that city, as you know, there are entire quarters of English, Americans, Russians, and other foreigners, whose children attend the local schools. An American girl, a student, became friends with our Bulgarian girl. English and American schoolgirls have this caprice — to take under their protection some schoolmate from among the most defenseless. Such was our Bulgarian girl: a little more timid, a little more humble, a little more silent. They became friends, and the American girl began inviting her to her home on holidays. The Bulgarian girl got to know the whole family, and among the others, her brother as well, a young man of twenty who was studying painting. Who knows whether it was due to the tendency characteristic of young artists to be carried away by any living model unlike the general type of the models around them, or to the Americans’ innate inclination toward originality, but after several meetings with our modest and shy Bulgarian girl, the young man seemed to begin to feel an attraction toward her; he took every opportunity to meet her, to share his artistic impressions, to be gallant — in a word, they began to love each other. And this love shortened their days."
04_bai_ganyo_in_dresden_bul.csv,"Един празничен ден през летните ваканции цялото семейство, придружено и от българката, тръгва на разходка из Саксонска Швейцария. При една скалиста живописна местност младият художник, увлечен в разговора с българката, се отдалечил от компанията. Една висока скала привлякла вниманието на момъка и той почнал да се катери по нея. Тръгва след него и спътницата му: но не успяват да стигнат и до средата на опасната скала, американецът се подхлъзва и в падането си увлича и българката в пропастта. Дотук им бил животът.","On a festive day during the summer vacation, the whole family, accompanied by the Bulgarian woman, set out for a walk in Saxon Switzerland. At one rocky, picturesque spot, the young artist, absorbed in conversation with the Bulgarian woman, had wandered away from the group. A tall cliff caught the young man’s attention, and he began to climb it. His companion followed after him, but before they could even reach the middle of the dangerous cliff, the American slipped, and in his fall dragged the Bulgarian woman down into the abyss. Their lives ended there."
04_bai_ganyo_in_dresden_bul.csv,"Мъртвата двоица докараха в Дрезден, в клиниката. Цял град се разтревожи от това печално събитие. Сума свят се изпровървя да ги види, прострени един до друг върху една голяма мраморна маса. Веднага телеграфираха на брата на българката да дойде в Дрезден; по-близки роднини тя нямаше. Телата балсамираха, за да ги съхранят до пристигането му. Множество венци украсиха смъртното им легло. На третия ден се получи от Виена телеграма, че братът на покойната тръгва за Дрезден. Телата пренесоха в дома на американското семейство. Като очакваха с нетърпение пристигането на брата, сума мистери и мистриси, сума леди и джентлементи бяха се събрали в този дом. Семейството принадлежеше към висшето дрезденско общество. Бях отишъл там и аз с неколцина българи студенти. Имахме покани като българи, знайте, българка-покойница. Други пък българчета бяха отишли на станцията да посрещнат брата на покойната. Чакаме. Печална тържественост! Всичките апартаменти бяха пълни с посетители. Говореха тихо, с шепнене. Тишината се нарушаваше от време на време с горчивите ридания и отчаяни въздишки на убитата от скръб майка на покойния момък. В един интервал на мъртва тишина откъм коридора се зачу една страшна глъчка: чу се грубо тропане на обуща — като че водеха подкован кон, — чуха се гласове: „Къде е? Тука ли бе?“ „Шш!... По-полека!“ И в стаята на покойниците се вмъкна с калпак на главата... бай Ганьо.","The dead pair were brought to Dresden, to the clinic. The whole city was stirred by this sad event. A great many people came to see them, laid side by side on a large marble table. At once they telegraphed to the Bulgarian woman’s brother to come to Dresden; she had no closer relatives. The bodies were embalmed in order to preserve them until his arrival. Numerous wreaths adorned their deathbed. On the third day a telegram was received from Vienna saying that the deceased woman’s brother was setting out for Dresden. The bodies were taken to the home of the American family. While eagerly awaiting the brother’s arrival, a great many misters and mistresses, a great many ladies and gentlemen had gathered in that house. The family belonged to Dresden’s high society. I had gone there too, with several Bulgarian students. We had invitations as Bulgarians, you know, the deceased Bulgarian woman. Other little Bulgarians had gone to the station to meet the brother of the deceased. We waited. A mournful solemnity! All the apartments were full of visitors. They spoke softly, in whispers. The silence was broken from time to time by the bitter sobs and desperate sighs of the mother of the slain young man, crushed by grief. In an interval of dead silence, from the corridor there arose a terrible clamor: rough footsteps were heard— as if they were leading a shod horse—voices were heard: “Where is he? Was he here?” “Shh!... More quietly!” And into the room of the deceased, with a cap on his head... Bay Ganyo slipped in."
04_bai_ganyo_in_dresden_bul.csv,"— Добър ден! — извика той с един тон и с едно изражение на лицето, което не приличаше толкова на скръбно настроение, колкото на негодувание; като че окръжающите лица бяха виновни за смъртта на сестра му.",— Good day! — he exclaimed in a tone and with an expression on his face that looked less like sorrow than indignation; as if the surrounding faces were to blame for his sister’s death.
04_bai_ganyo_in_dresden_bul.csv,"Бай Ганьо се приближи към смъртното легло и случайно отдръпна савана от лицето на момъка. — Кой е този? Какъв е този човек? — попита той, като огледа цялото събрание почти свирепо и чакаше с устремени очи отговор.","Bay Ganyo approached the deathbed and accidentally pulled back the shroud from the young man’s face.  
— Who is this? What kind of man is this? — he asked, glancing around the whole gathering almost fiercely and waiting with fixed eyes for an answer."
04_bai_ganyo_in_dresden_bul.csv,"Един студент, българин, потънал от срам, приближи до бай Ганя, побутна го лекичко за ръкава и отдръпна савана от лицето на покойницата. Бай Ганьо си сне калпака, прекръсти се и я цалуна по челото.","A student, a Bulgarian, overcome with shame, approached Bay Ganyo, gently tugged at his sleeve, and pulled the shroud away from the face of the deceased woman. Bay Ganyo took off his cap, crossed himself, and kissed her on the forehead."
04_bai_ganyo_in_dresden_bul.csv,"— Ох, завалийката! Какво ти било писано... Марийке, Марийке! — завъртя бай Ганьо глава. Каквото щете, ама пак туй въртене с глава по̀ приличаше на заканване към посетителите, отколкото на изражение на скръб.","— Oh, poor thing! What was written for you... Mariyka, Mariyka! — Bay Ganyo shook his head. Say what you will, but even that head-shaking looked more like a threat to the visitors than an expression of grief."
04_bai_ganyo_in_dresden_bul.csv,"Той изгледа подозрително лежащия до сестра му покойник и след като пошава въпросително главата и пръстите на лявата си ръка по възточному, обърна се към студента: — А бе каква е тая работа? Защо са турили   о н о г о в а   тука? Що ще мъж в пансиона?","He looked suspiciously at the corpse lying next to his sister, and after moving his head and the fingers of his left hand questioningly in an Eastern manner, he turned to the student:

— But what is this all about? Why have they put that fellow here? What is a man doing in the boarding house?"
04_bai_ganyo_in_dresden_bul.csv,"— Шш! Моля ви се, господин Ганьо, по-полека приказвайте.","— Shh! Please, Mr. Ganyo, speak more softly."
04_bai_ganyo_in_dresden_bul.csv,— Защо по-полека бе? Аз пари харча тука! Де е директорката?,"— Why “more gently,” huh? I’m spending money here! Where is the director?"
04_bai_ganyo_in_dresden_bul.csv,"— Тук не е пансионът, тук е частна къща — отговаря гръмнатият студент.",— This is not the boarding house; this is a private house — replies the thunderstruck student.
04_bai_ganyo_in_dresden_bul.csv,— Как частна къща?,— As a private house?
04_bai_ganyo_in_dresden_bul.csv,"— Шш... Ради бога, по-тихо приказвайте! — умоляваше оглушеният от бликналата в главата му кръв нещастен студент, готов да заплаче.","— Shh... For God’s sake, speak more quietly! — pleaded the unfortunate student, deafened by the blood surging into his head, on the verge of tears."
04_bai_ganyo_in_dresden_bul.csv,"Независимо от бабаитското поведение и маниери на бай Ганя, които вече заприличаха на кощунство, на подигравка със свещените чувства на всички окръжающи, a и самият му външен изглед съвсем не вдъхваше симпатия на американците и англичаните, а особено на нежната им половина.","Despite Bay Ganyo’s swaggering behavior and manners, which had already begun to seem like blasphemy, like mockery of the sacred feelings of everyone around him, his very appearance itself also did not inspire any sympathy in the Americans and the English, and especially not in their gentler half."
04_bai_ganyo_in_dresden_bul.csv,"Бай Ганьо беше облечен в бозови шаячни дрехи, с нечистени, запрашени ботуши, вратът му завързан с една голяма траурна кърпа, под която се виждаше доста кирлива, разкопчана по средата риза. В ръката му бастон и под мишницата един пакет, обвит с жълта книга. Мустаките му бяха пак засукани, а брадицата му пак небръсната — обрасла.","Bay Ganyo was dressed in brown homespun clothes, with unpolished, dusty boots, his neck tied with a large mourning scarf, beneath which could be seen a rather dirty shirt, unbuttoned in the middle. In his hand he held a cane, and under his arm a bundle wrapped in yellow paper. His mustaches were again curled up, and his little beard was again unshaven—overgrown."
04_bai_ganyo_in_dresden_bul.csv,— Този ли господин е братът на mademoiselle Marie? — попита ме един от домашните.,— Is this gentleman the brother of mademoiselle Marie? — one of the servants asked me.
04_bai_ganyo_in_dresden_bul.csv,"Аз му отговорих утвърдително, като прибавих за оправдание на бай Ганьовото поведение и външност една набързо скроена лъжа: казах му, че телеграмата със скръбното известие намерила бай Ганьо в неговия чифлик, когато той надзиравал полските си работи, и че без да се отбива във вилата си (бай Ганьо и вила!), той отишел на железницата, снабдил се с пари от познатите на гарата и дошъл в Дрезден, без да се спира някъде. А сегашното му поведение, ако и да изглежда странно, трябва да му се прости, като се има пред вид поражающото впечатление, което му произвожда незаменимата загуба на сестра му и... огромните загуби, които претърпява от несвоевременното напущане на полските си работи.","I answered him in the affirmative, adding, by way of excuse for Bay Ganyo’s behavior and appearance, a hastily concocted lie: I told him that the telegram with the sad news had found Bay Ganyo at his estate, while he was overseeing his field work, and that, without stopping by his villa (Bay Ganyo and a villa!), he had gone to the railway, obtained money from acquaintances at the station, and come to Dresden without stopping anywhere. And his present behavior, though it may seem strange, ought to be forgiven, considering the devastating impression made on him by the irreplaceable loss of his sister and... the enormous losses he is suffering from the untimely abandonment of his field work."
04_bai_ganyo_in_dresden_bul.csv,"— О, бедният! — изговори съчувствено моят събеседник и отиде да сподели чувствата си за бай Ганя с другите домашни и приятели.","— Oh, the poor man! — said my interlocutor sympathetically, and went off to share his feelings about Bay Ganyo with the other members of the household and friends."
04_bai_ganyo_in_dresden_bul.csv,"Поотлекна ми на сърцето, господа! Но за твърде кратко време ми поотлекна. Американецът, домашният, беше успял вече да съобщи събраните от мене сведения на голяма част от присъствующите; тяхното благородно негодувание, предизвикано от бай Ганьовите маниери, беше се уталожило и всички гледаха не само благосклонно, но и съчувствено на бай Ганя: неочаквано пристигнала ужасна телеграма, неприготвено тръгване на далечен път, огромни загуби — това са такива сюрпризи, от които всеки човек може да се слиса. И с тези сюрпризи оправдаваха те снизходително бай Ганя. Но, господа, я ми кажете, моля ви се, с какво можехме ний, българите студенти, да оправдаем следното действие на бай Ганя. Студентът, който се навърташе около него, за да обуздава порива на чувствата му, разказваше му тихичко как е станала катастрофата в скалите на Саксонска Швейцария. В течение на този разказ бай Ганьо изказваше с разни движения, с глава и ръце, чувствата, които го вълнуваха: ту зацъка с език и изпусне едно: „Тюх, да се не видеше макар!“, ту погледне сестра си па заклати глава: „клетата!“, ту погледне покойния момък, заклати заканително глава и светне мълния с очите си, като че иска да каже: „Хич олмаса, тоя дангалак е изял някои... някоя попара.“ Иностранците тълкуваха по своему тези мимики и едва ли угадваха значението им, защото инак те не биха гледали така съчувствено към бай Ганя, когото те считаха за умопомрачен от скръб. По едно време бай Ганьо под впечатлението на разказа зацвъка толкова силно с езика си, щото всички устремиха очи към него. В този именно момент той приложи големия пръст на дясната си ръка към дясното отвърстие на носа си, изкриви си малко очите и устата надясно, понаведе си главата, че като духна през лявото отвърстие на носа си... Па приложи и левия пръст към другото отвърстие, че като запращя още веднъж... Ние се провалихме окончателно...","My heart felt lighter, gentlemen! But only for a very short time did it feel lighter. The American, the one from the household, had already managed to convey the information I had gathered to a large part of those present; their noble indignation, aroused by Bay Ganyo’s manners, had subsided, and everyone looked at Bay Ganyo not only kindly, but even sympathetically: a terrible telegram that had arrived unexpectedly, an unprepared departure on a long journey, enormous losses — these are the kinds of surprises that can stun anyone. And with these surprises they indulgently excused Bay Ganyo. But, gentlemen, please tell me, how could we, the Bulgarian students, excuse the following action of Bay Ganyo? The student who was hovering around him in order to restrain the outburst of his feelings was quietly telling him how the catastrophe in the rocks of Saxon Switzerland had happened. During this рассказ Bay Ganyo expressed, with various movements of his head and hands, the feelings that stirred him: now he would click his tongue and let out, “Tsk, if only it hadn’t happened!”, now he would look at his sister and shake his head: “the poor thing!”, now he would look at the deceased young man, shake his head threateningly and flash lightning from his eyes, as if he wanted to say: “At the very least, that lout has eaten some... some mess.” The foreigners interpreted these mimics in their own way and could hardly guess their meaning, for otherwise they would not have looked so sympathetically at Bay Ganyo, whom they considered to be out of his mind with grief. At one point, under the impression of the story, Bay Ganyo clicked his tongue so loudly that everyone turned their eyes toward him. It was precisely at that moment that he placed the thumb of his right hand against the right nostril of his nose, twisted his eyes and mouth a little to the right, bent his head slightly, and blew through the left nostril of his nose... Then he placed his left thumb against the other nostril and blew again... We were completely ruined..."
04_bai_ganyo_in_dresden_bul.csv,"Можеше и туй да се извини, ще речете вие, с бързината на тръгването му: забравил, ще кажете, нещастният, от бързина и слисване даже кърпа да си вземе. Ама не е тъй! Не е, защото веднага след тази операция бай Ганьо разгърна пакета с жълтата книга, извади — какво мислите? — цяла дузина кърпи и почна да ги раздава на присъствующите, преимуществено на българите за „бог да прости“, като повтаряше при подаването им: „На, вземи и ти, па речи бог да прости“; или помаха към някого с ръка да се приближи и му извика: „Ей, момче, ела тук, на̀ и на тебе, хайде, па речи бог да прости   М а р и й к а“...","You might excuse that too, you will say, by the speed of his departure: he forgot, you will say, the unfortunate man, in his haste and confusion, even to take a handkerchief. But that is not so! It is not, because immediately after this operation Bay Ganyo opened the bundle with the yellow book, took out — what do you think? — a whole dozen handkerchiefs and began handing them out to those present, chiefly to the Bulgarians, for the “God rest his soul,” repeating as he passed them out: “Here, take one too, and say God rest his soul”; or he would beckon to someone with his hand to come closer and call out: “Hey, boy, come here, here’s one for you too, go on, and say God rest his soul   M a r i i k a”..."
04_bai_ganyo_in_dresden_bul.csv,"— Повече не ще ви разказвам, господа — извика отчаяно Кольо, — вий сами се помъчете да си представите физиономиите на англичаните и американците, които окръжаваха бай Ганя. Ще ви кажа само, че след като се свърши опелото на покойницата като православна в руската черква и след като я погребахме, бай Ганьо бе поканен да поживее до заминуването си от Дрезден в дома на американците. Той пренощува там само един ден. Какво поведение е държал в тази къща — не ми е известно. Само на тръгване казал на студента българин, който го изпращал на гарата: — Остави се, брате, малко остана да направя една поразия. Не им зная реда на тия американци: ядене бол, бадева, па ядох, ядох, щях да се пукна от ядене; па през нощта... Остави се!... Че остави това, ами друга поразия: дохожда сутринта, разбираш ли, една жена, почуква на вратата. Аз — „Слободно!“ Влиза, носи ми кафе с мляко и разни сладкиши. Сложи, разбираш ли, дискоса на масата, па взе да души из въздуха с носа си. — Хай дявола! Дали гюла е подушила, дали друго! — Аз, знаеш, не съм прост, ставам веднага, вземам мускала и го мушвам под носа й. Тя се поусмихна. Гледам я — зарарсъз! Простичко така облечена, рекох си, слугиня. Теглих й едно око — смей се! И аз — хоп! — през кръста. Па тя като се извъртя, да я вземе мътната, че като ме цапардоса по суратя... остави се, потънах!... Тя да била леля на момчето... Нейсе, берекят версин, с един шамар се свърши работата. Добри хора!...","— I won’t tell you any more, gentlemen — cried Kolyo in despair — you yourselves must try to imagine the faces of the Englishmen and Americans who surrounded Bay Ganyo. I’ll only tell you that after the funeral service for the deceased woman was completed in the Russian church as befits an Orthodox Christian, and after we buried her, Bay Ganyo was invited to stay in the Americans’ house until his departure from Dresden. He spent only one night there. What behavior he displayed in that house — I do not know. Only on leaving did he say to the Bulgarian student who was seeing him off to the station:

— Never mind, brother, I’m just about to make a mess of things. I don’t know the customs of these Americans: plenty of food, free of charge, and so I ate, ate, I was about to burst from eating; and then at night... Never mind!... But that’s not all, there was another mishap: in the morning, you understand, a woman comes, knocks on the door. I — “Come in!” She enters, brings me coffee with milk and various sweets. She sets, you understand, the tray on the table, and then starts sniffing the air with her nose.

— The devil take it! Whether she smelled the rose oil or something else!

— I, you know, am no fool, I get up at once, take the attar bottle and stick it under her nose. She smiled a little. I look at her — a wretch! Dressed so plainly, I thought, a maid. I gave her a quick look — she’s laughing! And I — hop! — around the waist. Then she turned around, the blasted thing, and as she smacked me right in the face... never mind, I sank!... She turned out to be the boy’s aunt... Well, so be it, good luck to her, the matter ended with one slap. Fine people!..."
05_bai_ganyo_at_the_prague_exhibition_bul.csv,— Ами я чакайте пък аз да ви разкажа как ходихме с бай Ганя на изложението в Прага — каза усмихнато Цвятко.,"— Well then, wait while I tell you how Bay Ganyo and I went to the exhibition in Prague — said Tsvyatko with a smile."
05_bai_ganyo_at_the_prague_exhibition_bul.csv,"— Браво, Цвятко! — извикахме всички. — Откога го очакваме това!","— Bravo, Tsvyatko! — we all exclaimed. — We’ve been waiting for this for so long!"
05_bai_ganyo_at_the_prague_exhibition_bul.csv,Цвятко почна:,Tsvyatko began:
05_bai_ganyo_at_the_prague_exhibition_bul.csv,"— Ако помните, ний тръгнахме от София с цял трен наши вагони и наш локомотив. Вагони само I и II клас, нови-новинички, едва-що пристигнали от Европа, безукорно чисти и удобни. В един и същи вагон имаше купета и от I, и от II клас. Сума свят — 160 души ли бяхме, не помня. Стари, млади, жени, мъже, деца, та дори и кърмачета. (Ох, тия кърмачета!...)","— If you remember, we set off from Sofia with an entire train of our own carriages and our own locomotive. Carriages only of first and second class, brand-new, just arrived from Europe, impeccably clean and comfortable. In the same carriage there were compartments of both first and second class. A whole crowd—we were 160 people, if I remember correctly. Old people, young people, women, men, children, and even infants. (Oh, those infants!...)"
05_bai_ganyo_at_the_prague_exhibition_bul.csv,"Кой като нас! Каква гордост беше то, че тръгваме за изложението със свой трен. Нека да видят, казвахме си, европейците, че България не спи. Но най-вече се надувахме с новотата, с модерната конструкция и с чистотата на вагоните. Ама дълго ли време, мислите, се наслаждавахме ний от патриотическото обаяние за превъзходството на нашите вагони и от мисълта, че ще слисаме Европа с нашия прогрес? Додето ни изпращаха на гарата, додето минувахме Сливнишките и Драгоманските позиции — полетата на славните наши победи, — ентусиазмът ни растеше пропорционално с изпразването на шишетата и кошниците с провизия, с които в изобилие бяха се снабдили практичните туристи. „Разбира се, ще си вземем закуски, защо ще си даваме парите на сърбите?“ — викаше въодушевеният от патриотизъм и плевенско вино бай Ганьо. Но като наближихме до Цариброд и почна да се стъмнява, като се опитаха да осветят вагоните и се оказа, че забравили да приготвят лампите, че като се стъмни съвсем, че като почнаха децата да се плашат и да реват — о, тогава лека-полека като че с изхлъзването на българската територия се изхлъзваше и нашият патриотически ентусиазъм. Едни печално се усмихваха, други се усмихваха скрито саркастически (не бяхме само българи), трети негодуваха; даже бай Ганьо ми пошепна на ухото: „Разбира ли ти свиня от кладенчева вода!“ Някои пък пускаха недвусмислени псувни по адреса на един чужденец, служещ в управлението на нашите железници. Подкрепен от последните, бай Ганьо извика: „Аз нали зная, че ний не сме виновати, пак тези чужденци, да ги вземе дяволът! Нарочно са го направили да ни омаскарят! И сещате ли се, все от завист! Всичките са таквиз!“","Who like us! What pride it was that we were setting off for the exhibition on our own train. Let them see, we said to ourselves, the Europeans, that Bulgaria does not sleep. But above all we were puffed up with the novelty, with the modern construction, and with the cleanliness of the carriages. But for how long, do you think, did we enjoy the patriotic charm of the superiority of our carriages and the thought that we would astonish Europe with our progress? While they were seeing us off at the station, while we were passing the Slivnitsa and Dragoman positions — the fields of our glorious victories — our enthusiasm grew in proportion to the emptying of the bottles and baskets of provisions with which the practical tourists had abundantly supplied themselves. “Of course, we’ll take our own snacks; why should we give our money to the Serbs?” cried the patriotically inspired and Pleven-wine-fueled Bay Ganyo. But when we drew near Tsaribrod and it began to get dark, when they tried to light the carriages and it turned out they had forgotten to prepare the lamps, when it grew completely dark, when the children began to get frightened and howl — oh, then little by little, as if with the slipping away of Bulgarian territory, our patriotic enthusiasm was slipping away too. Some smiled sadly, others smiled covertly sarcastically (we were not only Bulgarians), others grumbled; even Bay Ganyo whispered in my ear: “Do you understand, you pig, anything about spring water!” Some were also letting out unmistakable curses aimed at a foreigner serving in the administration of our railways. Bolstered by the last of these, Bay Ganyo shouted: “Didn’t I know that we are not to blame, it’s those foreigners again, the devil take them! They did it on purpose to disgrace us! And do you know, it’s all out of envy! They’re all like that!”"
05_bai_ganyo_at_the_prague_exhibition_bul.csv,"При тия думи той така изгледа едного от чужденците, щото го накара да се закашля и да мине в другото купе. Като спряхме на станцията в Цариброд, във вагоните беше съвършено тъмно, не можехме да се видим един с един. Повълнувахме се, посърдихме се, па го обърнахме на смях. Сума шеги и бодли се пуснаха за сметка на железопътните ни управници. Зачуваха се викове: „Дайте свещи бе, хора, изплашиха ни се децата!“, „Ей, чичо, иди ни купи един фунт свещи, ще ти дадем бакшиш“, „А бе по една лояна свещ поне дайте.“ Само бай Ганьо не допущаше, че е възможно българи да бъдат виновни за тая неуправия.","At those words he gave one of the foreigners such a look that he made him cough and move into the other compartment. When we stopped at the station in Tsaribrod, it was completely dark in the carriages; we could not see one another. We got agitated, got annoyed, then turned it into laughter. A whole lot of jokes and barbs were aimed at our railway officials. Cries were heard: “Give us candles, people, you’ve frightened the children!”, “Hey, uncle, go buy us a pound of candles, we’ll give you a tip,” “Come on, at least give us one tallow candle.” Only Bay Ganyo would not admit that Bulgarians could possibly be to blame for this disorder."
05_bai_ganyo_at_the_prague_exhibition_bul.csv,"— Оногова там, видите ли го — казваше той, след като донесоха няколко прости свещи, и сочеше един нашенски чужденец, — с катран да го облееш, че да го запалиш. Туй търпи ли се бе! Че оставете тъмното, него кой му гледа — ами резил пред сърбите станахме. Ето го там ѐ, видите ли го, сръбски чиновник — смее се човекът. Смее се зер! Но възбуденият патриотизъм не допусна бай Ганьо да претърпи на един сърбин да му се подсмива, че като се намръщи насреща му:","— That one there, do you see him? — he was saying, after they brought several plain candles, and he pointed at one of our own countrymen abroad, — you’d pour tar over him just to set him on fire. Can that be endured, eh! Never mind the darkness, who cares about that — but we’ve made fools of ourselves before the Serbs. There he is, do you see him, a Serbian official — the man is laughing. Laughing, indeed! But his stirred-up patriotism would not allow Bay Ganyo to endure a Serb mocking him, so he scowled back at him:"
05_bai_ganyo_at_the_prague_exhibition_bul.csv,"— Ами ти защо се смееш там бе, хей! И искаше да скочи от вагона и да иде да се разправя със сърбина. Геройска кръв!","— Well, why are you laughing there, hey! And he wanted to jump off the wagon and go sort things out with the Serb. Heroic blood!"
05_bai_ganyo_at_the_prague_exhibition_bul.csv,"— Шш... Стой мирно, бай Ганьо — увещаваха го пътниците, — недей прави скандал. Имай пред вид, че влизаш в Сърбия...","— Shh... Stand still, Bay Ganyo — the passengers urged him, — don’t make a scandal. Bear in mind that you are entering Serbia..."
05_bai_ganyo_at_the_prague_exhibition_bul.csv,"— Е, че какво, като влизам в Сърбия! Ще ме уплашат ли? Ами Сливница? Ами „натраг, брача“ — и из устата на бай Ганя изхвръкна една псувня като бомба.","— Well, what of it, if I’m entering Serbia! Are they going to scare me? What about Slivnitsa? And what about “back, brothers” — and from Bay Ganyo’s mouth there burst a curse like a bomb."
05_bai_ganyo_at_the_prague_exhibition_bul.csv,"— Какво ти е крив сърбинът, че нашите вагони били тъмни! — успокояваха го другите.","— What has the Serb done to you, that our wagons were dark! — the others reassured him."
05_bai_ganyo_at_the_prague_exhibition_bul.csv,— Кой? Той ли? Знам ги аз тях! — отговаря бай Ганьо и клати глава.,— Who? Him? I know them! — replies Bay Ganyo and shakes his head.
05_bai_ganyo_at_the_prague_exhibition_bul.csv,"Раздадоха ни по една свещ на купе. Някои лампи, мисля, че успяха да нагласят и запалят. Потегли тренът. Пътниците накапаха гореща лой по прозорците и закрепиха свещите. Това беше първото   п о б ъ л г а р я в а н е   на новите вагони. Второто побългаряване се извърши още в първата нощ: всичките клозети (извинете, господа) се превърнаха в клоаки.","They handed out one candle per compartment. Some of the lamps, I think, they managed to adjust and light. The train set off. The passengers dripped hot tallow onto the windows and fixed the candles in place. This was the first **B u l g a r i z a t i o n** of the new carriages. The second Bulgarization took place on the very first night: all the toilets (excuse me, gentlemen) turned into sewers."
05_bai_ganyo_at_the_prague_exhibition_bul.csv,"Както и да е, минахме Сърбия. Но да не мислите, че току-тъй тихичко, скромничко я минахме. Охо! Българинът не е прост! Дето имаше възможност, бай Ганьо не пропущаше случай да уязви сърбите, да им напомни Сливница. В Ниш и Белград даже той питаше всички служещи и хамали: „Ти не си ли българин, право кажи? Вий всички сте българи, ама се сърбеете.“","Anyway, we passed through Serbia. But don’t think we crossed it quietly, modestly, like that. Oh no! The Bulgarian is no fool! Wherever he had the chance, Bay Ganyo never missed an opportunity to sting the Serbs, to remind them of Slivnitsa. In Niš and Belgrade he even asked all the clerks and porters: “Aren’t you Bulgarian, tell the truth? You’re all Bulgarians, but you’re Serbianizing yourselves.”"
05_bai_ganyo_at_the_prague_exhibition_bul.csv,"Потеглихме из Унгария!... Тук пък се запалиха колелата на един вагон! Хай да ви вземе ашъма с майстори! Спряхме се дълго време. Поливаха, гасиха, палиха, смъдиха... хеле тръгнахме. А маджарите — смях! Знаеха! — български туристи!... И още на едно място се запали този вагон — хеле оставиха го по дяволите на поправка.","We set off through Hungary!... Then the wheels of one carriage caught fire! May the ashma take you and your craftsmen! We stopped for a long time. They poured water, put it out, lit it again, smoldered... at last we set off. And the Hungarians — laughter! They knew it! — Bulgarian tourists!... And at one more place this carriage caught fire — at last they left it to the devil for repairs."
05_bai_ganyo_at_the_prague_exhibition_bul.csv,"Бай Ганьо, опитен човек, пътувал други път, разправяше на по-простите си спътници: — Сега Пеща ще гоним. Пеща минем ли — Виена, Прага е оттатък Виена. Всичките тия места съм ги изръшнал — на пръсти ги зная.","Bai Ganyo, an experienced man who had traveled before, was telling his less sophisticated companions:

— Now we’re heading for Pest. Once we pass Pest — Vienna; Prague is beyond Vienna. I’ve been all over those places — I know them like the back of my hand."
05_bai_ganyo_at_the_prague_exhibition_bul.csv,"На малките станции не се спирахме. На големите спирахме, колкото да ни отворят линия. Богатата Моравия обърна вниманието на всички. Прекрасно обработените долини, разкошните градини, безчислените фабрики и заводи накараха даже и бай Ганя да допусне преимуществото на Моравия пред нашето отечество: „И ний работим, ама и тези синковци не падат по-долу, аа, не падат по-долу, пипат синковците.“ Но като се сети, че се е увлякъл в похвалата, прибави: „Ама всичкото нафиле. Те работят, пък немецът го яде.“","We did not stop at the small stations. At the large ones we stopped just long enough for them to open a line for us. Rich Moravia drew everyone’s attention. The beautifully cultivated valleys, the splendid gardens, the countless factories and plants even made Bay Ganyo admit Moravia’s superiority over our homeland: “We work too, but these lads are no slouches either, ah, no slouches, the lads know their stuff.” But then, remembering that he had gotten carried away in praise, he added: “But it’s all for nothing. They do the work, and the German eats it.”"
05_bai_ganyo_at_the_prague_exhibition_bul.csv,"Из пътя не се минуваше без комедии. Ний — аз, Ванчо, Фильо и Иваницовия син (не вярвам да го познавате) — заехме едно купе от първи клас, в съседното, второкласното отделение се намести бай Ганьо с няколко другари, богато снабдени с провизия. Бай Ганьо от бързина, види се, беше забравил да тури в дисагите закуска. „А бе най-сетне българи сме, ще се прегледаме. От тогози къс хляб, от оногози сиренце — ще помине човек. Ами!“ И наистина, той помина добре. Другарите му го угощаваха с ядене и пиене — той ги угощаваше с най-горещ патриотизъм, смесен с апетит и жажда. Но всичко си има край. Свърши се най-после провизията на съседите ни, изпразниха се галоните. (За да избягна една груба грешка, трябва да се поправя: галоните се изпразниха още като хвърчахме над Сливница и Драгоман с „Да живее България, урааа! Дай да си наквася устата бе, урааа!“)","There was no way to travel without comedies. We — I, Vancho, Filyo, and Ivantsov’s son (I don’t believe you know him) — took one first-class compartment, and in the neighboring second-class section settled Bay Ganyo with several companions, richly supplied with provisions. Bay Ganyo, in his haste, it seems, had forgotten to put breakfast in his saddlebag. “Well, after all, we’re Bulgarians, we’ll manage. From this piece of bread, from that bit of cheese — one can get by. Ah!” And indeed, he got by well. His companions treated him to food and drink — he treated them to the hottest patriotism, mixed with appetite and thirst. But everything has an end. At last our neighbors’ provisions ran out, the gallons were emptied. (To avoid a gross mistake, I must correct myself: the gallons were emptied already as we were flying over Slivnitsa and Dragoman with “Long live Bulgaria, hurrah! Let me wet my mouth, hey, hurrah!”)"
05_bai_ganyo_at_the_prague_exhibition_bul.csv,"Бай Ганьо почна да се присламчва към нашето купе. Отпърво диреше разни предлози: ту кибрит ще поиска, ту една чаша коняк — че го заболял стомахът, — а сетне лека-полека усвои се, попривикна и, кажи-речи, не излиза ще от стаицата ни. Забрави другарите си, па и защо му са? — Нямат нищичко — всичко изядено, всичко изпито, — а у нас, слава богу, все се понамирваше по нещичко — купувахме си по станциите. Бай Ганьо от любопитство не изпущаше случая да опита иностранните продукти:","Bai Ganyo began to edge closer to our compartment. At first he looked for all sorts of pretexts: now he would ask for a match, now a glass of cognac — saying that his stomach was hurting — and then little by little he got used to us, became familiar, and, so to speak, hardly ever left our little room. He forgot his companions, and why would he need them? — They had nothing at all — everything eaten, everything drunk — whereas with us, thank God, there was always something to be found — we bought things at the stations. Out of curiosity, Bai Ganyo never missed a chance to try foreign products:"
05_bai_ganyo_at_the_prague_exhibition_bul.csv,"— Туй какво е, грозде ли е? Браво! Гледай! Я дайте една чепчица. Мм! Хубаво! Браво! Любознателността го караше да се запознава по този начин със закуските ни, с коняка ни, с табакерите ни.","— What is this, is it grapes? Bravo! Look! Give me a little bunch. Mmm! Nice! Bravo! His curiosity drove him to get acquainted in this way with our breakfasts, our brandy, and our cigarette cases."
05_bai_ganyo_at_the_prague_exhibition_bul.csv,"— Тази табакера дали е от кавказко сребро? — любопитствува бай Ганьо, като вижда едного от нас, че се готви да запуши.","— Is this cigarette case made of Caucasian silver? — asked Bay Ganyo curiously, seeing one of us preparing to light up."
05_bai_ganyo_at_the_prague_exhibition_bul.csv,"— Не е, виенска направа е! — отговаря притежателят.",— It isn’t; it’s Viennese-made! — replies the owner.
05_bai_ganyo_at_the_prague_exhibition_bul.csv,"— Тъй ли? Я дай да я видя. Ц... ц... ц! Гледай! И тютюн има, български, нали? Браво! Я чакай да завъртя една цигарка. Аз си имам цигарени книжки, ако ви потрябват — тук съм!","— Is that so? Come on, let me see it. Tsk... tsk... tsk! Look at that! And there’s tobacco too, Bulgarian, right? Bravo! Wait, let me roll a cigarette. I’ve got cigarette papers; if you need them — I’m here!"
05_bai_ganyo_at_the_prague_exhibition_bul.csv,"Че е тука, ний го чувствувахме доста: и по миризмата на ботушите му, и по специфичния аромат на потното му тяло, и по неговото настъпателно движение към окупирането на цялото канапе. Отпърво той седеше на крайчеца на канапето, сетне почна да сяда по-удобно, по-сетне трябваше троица да седим на едното канапе, трябваше Иваницовият син да се свие на крайчеца на другото, за да има възможност бай Ганьо да вземе хоризонтално положение. И той не изпущаше случай. Ний се сговорихме да опитаме докъде може да стигне потребността на бай Ганя за удобства и той почна чистосърдечно да дава храна на нашето любопитство:","That he was here, we felt quite clearly: from the smell of his boots, from the specific aroma of his sweaty body, and from his aggressive movement toward occupying the whole sofa. At first he sat on the edge of the sofa; then he began to sit more comfortably; later three of us had to sit on one sofa, and Ivantsov’s son had to squeeze onto the edge of the other, so that Bay Ganyo would have the opportunity to take a horizontal position. And he never missed a chance. We agreed to try to see how far Bay Ganyo’s need for comfort could go, and he began, in all sincerity, to feed our curiosity:"
05_bai_ganyo_at_the_prague_exhibition_bul.csv,"— Я се поотмести малко към края да си сложа и другия крак. Ха така! Браво! Е-е-е-х! Майка му стара! Кеф! Я чувайте машината какво прави: тупа-тупа, тупа-тупа! Фърчи!... Много обичам така да се обтегна. Отвъд тясно. Па и другарите — прости хорица, какво ще приказваш с тях?... Какво ядете там, круша ли? Браво! Я да видим, тъй както съм легнал, мога ли изяде една круша. Благодарим! Отде ги взимате вий тези неща?","— Move over a little toward the edge so I can put my other leg up too. There! Bravo! Ahhh! Damn it! Bliss! Listen to what the machine is doing: thump-thump, thump-thump! It’s flying!... I really love stretching out like this. Beyond cramped. And the comrades too — simple folk, what’s there to talk to them about?... What are you eating over there, a pear? Bravo! Let’s see whether, lying like this, I can eat a pear. Thank you! Where do you get these things?"
05_bai_ganyo_at_the_prague_exhibition_bul.csv,— Купуваме ги — отговаря едва сдържано един от нас.,"— We’ll buy them — one of us replies, barely holding back."
05_bai_ganyo_at_the_prague_exhibition_bul.csv,— Тъй ли? Браво! — одобрява той с пълни от сочната круша уста. — Аз обичам круши.,"— Really? Bravo! — he approves, his mouth full of the juicy pear. — I like pears."
05_bai_ganyo_at_the_prague_exhibition_bul.csv,"Бай Ганьо, унесен от монотонните удари на локомотива, почна да дреме. Мисля си аз какво, какво да му скроим. Най-сетне озари ме една гениална мисъл. Направих предварително знак на другарите си и казвам: — Да направим, господа, по едно кафе. Я подайте спирта и машинката.","Bai Ganyo, lulled by the monotonous beats of the locomotive, began to doze off. I was thinking to myself what, what to do to him. At last, a brilliant idea dawned on me. I made a prearranged sign to my companions and said:

— Let us have a coffee, gentlemen. Pass the spirit and the little stove."
05_bai_ganyo_at_the_prague_exhibition_bul.csv,— Кафе ли? — извика бай Ганьо и скочи от канапето като ужилен. — Има хас?,— Coffee? — shouted Bay Ganyo and sprang from the sofa as if stung. — Is that even a question?
05_bai_ganyo_at_the_prague_exhibition_bul.csv,"— Какво кафе ще правим, вода няма — обади се артистически престорен Иваницовият син.","— What coffee are we going to make, there’s no water — said Ivantsov’s son in an artistically affected voice."
05_bai_ganyo_at_the_prague_exhibition_bul.csv,— Вода ли? — извика със същия глас бай Ганьо. — Само вода искайте от мене. Ей сегичка! — И той из-хвръкна от купето.,— Water? — cried Bay Ganyo in the same voice. — Ask me for nothing but water. Right away! — And he flew out of the compartment.
05_bai_ganyo_at_the_prague_exhibition_bul.csv,"Изпокапахме от смях. Иваницовият син се изтегна и зае цялото канапе. Върна се бай Ганьо и пъхти повече, отколкото имаше нужда. Трябваше да ни покаже какъв труд и мъка е претърпял за наше добро. В ръката му една стомничка.",We were dying of laughter. Ivantsov’s son stretched out and took up the whole sofa. Bay Ganyo came back and puffed more than he needed to. He had to show us what toil and hardship he had endured for our benefit. In his hand was a little jug.
05_bai_ganyo_at_the_prague_exhibition_bul.csv,"— На̀, намерих, видяхте ли? Претарашувах всичките вагони! Най-сетне виждам стомна, грабнах я завчас, една жена ми извика: „Хей, дай тук водата, тя е за детето ми.“ Аз какво да излъжа, какво да излъжа, дойде ми на ума: „Извинете, госпожо, там на едного му припадна.“ „Тъй ли“, кай. „Тъй.“ „Е, тогава скоро занеси му вода и пак донеси стомничката.“ Ахмак жена!... Пуф! Изпотих се. Хайде сега кафенце!","— Well, I found it, did you see? I searched all the wagons! At last I saw a jug, grabbed it right away, and a woman shouted at me: “Hey, give the water here, it’s for my child.” What was I to lie, what was I to lie, it came to me: “Excuse me, madam, someone over there fainted.” “Is that so,” says she. “Yes.” “Well then, quickly take him some water and bring the little jug back.” Foolish woman!... Phew! I’m all sweaty. Now then, a little coffee!"
05_bai_ganyo_at_the_prague_exhibition_bul.csv,"— Не ви ли е срам, господине! — каза с укор един от другарите, който не можеше вече да сдържа своето негодувание.","— Aren’t you ashamed, sir! — said one of the companions reproachfully, no longer able to restrain his indignation."
05_bai_ganyo_at_the_prague_exhibition_bul.csv,"Бай Ганьо го изгледа с обтегнато лице, като се стараеше колкото е възможно по-нагледно да изобрази своето искрено учудване; след туй съвсем неочаквано каза: — Аз ми дойде на ума, че е скроена работата, ама хайде, рекох. Е дайте тогаз барем една цигарка и едно коняченце.","Bay Ganyo looked at him with a strained face, trying as clearly as possible to portray his sincere astonishment; then, quite unexpectedly, he said: — It occurred to me that the whole thing was a setup, but I said, let it be. Well then, give me at least a cigarette and a little cognac."
05_bai_ganyo_at_the_prague_exhibition_bul.csv,"Дадохме му цигарка и коняк и той си отиде в свойто купе, при простите хорица. — Страшни диванета са туй учените — зачу се след малко бай Ганьовият глас в съседното отделение; — аз не зная как ги търпят такива на служба. Ама чакай, ще се върне бай ти Ганьо в България, па видя щем кой е кум, кой е сват.","We gave him a cigarette and some cognac, and he went back to his own compartment, to the simple folk. — Those scholars are terrible boors — after a little while, Bay Ganyo’s voice was heard in the neighboring compartment; — I don’t know how they put up with such people in service. But wait, your Uncle Ganyo will return to Bulgaria, and then we’ll see who’s who."
05_bai_ganyo_at_the_prague_exhibition_bul.csv,"Наближавахме чешката граница. С нас пътуваха и комисарите, пратени от правителството да се научат как се нарежда изложение, та да наредят и Пловдивското. Един от тях закачи по гърдите на всички пътници български трикольорчета. По пътя още се разнесе слух, че ще бъдем посрещнати тържествено както на границата, тъй и в Прага, следователно бяхме подготвени към срещата — но туй, което видяхме в действителност, надмина всичките наши очаквания.","We were approaching the Czech border. Traveling with us were also the commissioners sent by the government to learn how to organize an exhibition, so that they could arrange the Plovdiv one as well. One of them pinned little Bulgarian tricolor badges on the chests of all the passengers. Along the way, a rumor also spread that we would be greeted ceremoniously both at the border and in Prague; therefore, we were prepared for the reception — but what we saw in reality surpassed all our expectations."
05_bai_ganyo_at_the_prague_exhibition_bul.csv,"Ето и пограничната станция, локомотивът вече свири. Виждаме, отляво и отдясно на железния път стича се свят към станцията. Ръсеше дъжд и търчащите мъже, жени, деца носеха отворени омбрели. Спряхме се. На перона задръстено с хора. Веднага една музика гръмна „Шуми Марица“. Един хор след това изпя „Kde domov muj“ за безкрайно удоволствие на всинца ни, а особено на бай Ганя, който похвали между нас чешкия народ, че доста добре изучил гласа на народната българска песен „Где й родът ми“, само че думите изговаряли малко неясно, та не се твърде разбирало.","Here is the border station, and the locomotive is already whistling. We see, on the left and on the right of the railway line, people streaming toward the station. It was raining, and the running men, women, and children were carrying open umbrellas. We stopped. The platform was jammed with people. At once a band burst out with “Shumi Maritsa.” Then a choir sang “Kde domov muj,” to the boundless delight of all of us, and especially of Bay Ganyo, who praised the Czech people among us for having studied quite well the tune of the Bulgarian folk song “Where is my homeland,” only they pronounced the words a little unclearly, so that it was not very easy to understand."
05_bai_ganyo_at_the_prague_exhibition_bul.csv,"Кръв се хвърля в главата ми от срам, като си спомня поведението, което ний държахме при тая първа среща. Представете си, господа: стекъл се градът, дошли хора от селата да посрещнат братята-българи, довели музика, дошъл хор, наредили се сума момичета с букети в ръка, чакат да слязат братята от трена да ги посрещнат, да ги поздравят с думи, с песни, с музика, с букети; а „братята“ си подали главите от прозорците и гледат! Вярвайте, вярвайте, господа! Прозорците на вагоните, знайте, тесни, един си подал главата, друг се гуши през рамото му, трети подава отдолу само половината разкривена физиономия с едно око и гледат! — Да се стопиш! Ех, де да имаше една минутна фотография! — Посрещачите се слисаха. Не знаеха и те какво да правят — де да дянат букетите! Музиката спря, спря и хорът и настъпи мълчание и взаимно огледване.","Blood rushes to my head with shame when I remember the behavior we displayed at that first meeting. Imagine, gentlemen: the whole town had gathered, people had come from the villages to welcome the Bulgarian brothers, they had brought music, a choir had come, a great many girls had lined up with bouquets in their hands, waiting for the brothers to get off the train so they could greet them, congratulate them with words, songs, music, bouquets; and the “brothers” had stuck their heads out of the windows and were looking! Believe me, believe me, gentlemen! The windows of the carriages, you must know, are narrow; one had stuck out his head, another was squeezed in over his shoulder, a third was poking out from below only half of his twisted face with one eye, and they were looking! — You could melt away! Ah, if only there had been a one-minute photograph! — The greeters were bewildered. They too did not know what to do — where to put the bouquets! The music stopped, the choir stopped too, and silence and mutual staring ensued."
05_bai_ganyo_at_the_prague_exhibition_bul.csv,"По едно време бай Ганьо слезе от вагона. Всички чехи устремиха очи към него и му направиха път да мине и той мина... Боже! Как важно мина бай Ганьо посред стотини очи и ръце, които му простираха букети. Той потегли с цяла шепа и завъртя нагоре левия си мустак, издаде навън лактите си, изкашля се на дебело и погледна с едно око госпожицата, която беше поднесла букета си почти под носа му, погледна я и пошава с пръстите на лявата си ръка, обърнати нагоре, като че искаше да каже: „Посрещаш ли, моме, посрещаш ли? Хубаво правиш, посрещай, аз обичам“ — и си замина, без да я удостои с честта да й приеме букета. Момата сконфузено си прибра ръката. След малко бай Ганьо се появи, като закопчваше не съвсем грациозно една част от тоалета си. Пак му сториха път, пак засука левия си мустак, пак се изкашля, изсекна се с пръсти и се покачи във вагона. Локомотивът изпищя и тръгнахме.","At one point, Bay Ganyo got down from the carriage. All the Czechs fixed their eyes on him and made way for him to pass, and he passed... Good Lord! How grandly Bay Ganyo walked through the midst of hundreds of eyes and hands that were holding out bouquets to him. He took a whole handful and twirled up his left mustache, thrust his elbows outward, coughed heavily, and glanced with one eye at the young lady who had held out her bouquet almost under his nose; he looked at her and waggled the fingers of his left hand, turned upward, as if to say: “Are you welcoming me, girl, are you welcoming me? Good for you, keep welcoming—I like it”—and went on his way without deigning to honor her by accepting her bouquet. The girl withdrew her hand in embarrassment. After a little while Bay Ganyo appeared again, fastening not quite gracefully a part of his attire. Again they made way for him, again he twirled his left mustache, again he coughed, blew his nose with his fingers, and climbed into the carriage. The locomotive whistled and we set off."
05_bai_ganyo_at_the_prague_exhibition_bul.csv,"За да не помисли някой от вас, че аз преувеличавам, че нарочно украсявам разказа си, за да окарикатуря бай Ганя, ще ви кажа, че, напротив, аз пропущам някои работи, защото и сега ми се стяга сърцето, като си ги припомня. Например, аз умълчах още в начало да ви кажа каква картина представляваше нашият трен още на втория ден от пътуването ни. Нали ви споменах, че нашите туристи бяха задигнали със себе си и кърмачетата; като оставя настрана плачовете и писъците, ще ви кажа, че клозетите бяха се превърнали и в перачници, дето перяха детските зацапани ризички и гащички, а коридорите на вагоните се превърнаха в сушилници за това пране: проточиха въжета и простряха не дотам изпраните гащички: те заменяваха флаговете,с които трябваше да украсим нашия трен; вместо трикольор — бяло, зелено и червено — у нас лъщяха на слънцето множество двукольори — бяло и жълто. Тези прелести украшаваха нашия трен и тогава, когато се спирахме по станциите в Чехия и народът с музика, с песни, с букети, с приветствени речи на кметовете и на другите представители ни посрещаше. Тези жълтобели флагове се развяваха по въжетата и тогава, когато нашият водител, господин Василаки, оглушаваше чешките слушатели с гръмогласните си чувствителни речи и когато господин Петко гъделичкаше националното самолюбие на братския чешки народ на всяка станция със своите ораторски слова, от които ясно се чуваха за по-далечко стоящите само думите: „Братя! Иван Хус... О! Иван Хус, братя!“, и когато бай Ганьо възнегодувал от това, че в речите не поменуват за нашите исторически великани, мушкаше един учител в хълбоците с думите: „Даскале, кажи и ти нещо бе, нека им покажем кои сме, сега му е времето, кажи нещо я за Филип Тотя, я за Крума Страшний или изпей някоя песен...“ А двукольорните флагове все се развяваха!...","So that none of you should think that I am exaggerating, that I am deliberately embellishing my story in order to caricature Bay Ganyo, I will tell you that, on the contrary, I am omitting some things, because even now my heart tightens when I recall them. For example, I kept silent at the very beginning about what a picture our train presented already on the second day of our journey. Did I not mention to you that our tourists had brought their infants along as well? Leaving aside the crying and screaming, I will tell you that the toilets had turned into laundries, where the children’s soiled little shirts and drawers were washed, and the corridors of the carriages turned into drying rooms for this laundry: ropes were stretched and the not-quite-washed drawers were hung out; they replaced the flags with which our train was supposed to be decorated. Instead of the tricolor — white, green, and red — we had shining in the sun a multitude of two-color flags — white and yellow. These beauties adorned our train even when we stopped at the stations in Bohemia and the people, with music, songs, bouquets, and welcoming speeches by the mayors and other representatives, greeted us. These yellow-and-white flags fluttered on the ropes even when our leader, Mr. Vasilaki, deafened the Czech listeners with his thunderous sentimental speeches, and when Mr. Petko tickled the national vanity of the fraternal Czech people at every station with his oratorical words, from which those standing farther away could clearly hear only the words: “Brothers! Ivan Hus... Oh! Ivan Hus, brothers!” and when Bay Ganyo, indignant that the speeches made no mention of our historical giants, poked a teacher in the ribs, saying: “Teacher, say something too, eh, let’s show them who we are, now’s the time, say something about Philip Totya or Krum the Terrible, or sing a song...” And the two-color flags kept on fluttering!..."
05_bai_ganyo_at_the_prague_exhibition_bul.csv,"Целият ни път от чешката граница до Прага беше едно триумфално шествие; край градове ли, села ли, през полета ли — дето поминеше нашият трен, шапки захвърчаваха нагоре и нескончаемо „nazdar!“ цепеше въздуха.","Our entire journey from the Czech border to Prague was one triumphant procession; whether by towns or villages, across fields—wherever our train passed, hats flew up into the air and endless “nazdar!” split the air."
05_bai_ganyo_at_the_prague_exhibition_bul.csv,"Аз забележих една работница в полето, която, като видя, че мъжете махат и хвърлят шапки, помаха, помаха с ръце, па взе, че си развърза кърпата от главата, завъртя я на въздуха и запищя: „Nazdaar!“ Друго: минувахме край един град (не помня как се казваше и де ще запомниш, ний бяхме слисани тогава), по улиците свят, по прозорците свят, по дърветата, по оградите, че и по стрехите. Та в този град, помня, забелязах на едно място, строеше се една нова къща, почти изкарана, и гредите на стряхата бяха нахвърляни, на върха на стряхата беше забоден един дълъг прът, окичен със зеленчук, и на върха му флаг (като по нас, кога строят къщи): няколко работници отгоре, като видяха, че по цялата улица от всичките етажи махат кърпи и викат „nazdaar!“, затичаха се по гредите към върха на стряхата, обхванаха пръта с флага и потеглиха да го извадят, за да ни салютират, но, види се, беше закрепен солидно — не можаха да го измъкнат, но го разклатиха в основанието дотолкова, щото можеше да се развее с една малка амплитуда наляво-надясно. Тези два случая — с работниците в полето и с дюлгерите на стряхата — ме трогнаха във висша степен. Не приличаше туй на нашите: „Цялата интелигенция цепеше въздуха с френетически ура“, „Днес целият народ ликува...“","I noticed a female worker in the field who, when she saw the men waving and throwing their hats, waved and waved her hands, then took off the scarf from her head, whirled it in the air, and cried: “Nazdaar!” Another thing: we were passing by a town (I don’t remember what it was called, and how could you remember it, we were stunned then), with people in the streets, people in the windows, people in the trees, on the fences, and even on the eaves. In that town, I remember, I noticed in one place that a new house was being built, almost finished, and the beams of the eaves were piled up; at the top of the eaves there was a long pole stuck in, adorned with greenery, and at its top a flag (as with us when they build houses): several workers up above, when they saw that all along the street from all the floors people were waving scarves and shouting “nazdaar!”, ran along the beams to the top of the eaves, seized the pole with the flag, and set off to pull it out in order to salute us, but, it seems, it was firmly fixed — they could not pull it out, but they shook it at the base enough that it could sway with a small amplitude to the left and right. These two cases — with the workers in the field and with the masons on the eaves — moved me deeply. This did not resemble ours: “The whole intelligentsia was splitting the air with frenetic hurrahs,” “Today the whole nation rejoices...”"
05_bai_ganyo_at_the_prague_exhibition_bul.csv,"Пристигнахме на станцията в Прага, На перона не забелязахме много хора, имаше само официални посрещачи: помощникът на кмета, ако не се лъжа, и членовете от комитета на изложението. Тази среща ми се показа глуха; привикнахме на триумф! Пък то крушката си имала опашка; хората, по-разпоредителни, знаят, че като слязат от трена 160 души, ако има публика на перона, ще се смесят, ще се слишат: ще стане една каша от гости, гостоприемци и от багаж, затова оставили дебаркадера празен и се явила само една комисия да ни посрещне. Почнаха се пак приветствия и речи, от една страна „Bratri...! Bulhari...! Veliky slovansky... Cyrila Metodej“, от друга страна „Bratri, my jsme prsli poucit se u velkeho ceskeho naroda!“... от трета страна: „Братя! Великият Иван Хус!... Да, братя, Иван Хус е велик!“ А бай Ганьо от своя страна недоволен, че поменуват само Кирила и Методия, пак мушка учителя: „Кажи и ти нещо бе, даскале, малко ли ги имаме и ний, за Аспаруха кажи или земи, че надуй кавала — сега му е времето!...“","We arrived at the station in Prague. On the platform we did not notice many people; there were only official greeters: the deputy mayor, if I am not mistaken, and members of the exhibition committee. This reception seemed dull to me; we were used to triumphs! But there was a catch: the more practical people know that when 160 people get off the train, if there is a crowd on the platform, they will mingle and get mixed up; it will turn into a jumble of guests, hosts, and luggage. So they left the platform empty and only a committee appeared to welcome us.

The greetings and speeches began again: on one side, “Bratri...! Bulhari...! Veliky slovansky... Cyrila Metodej”; on the other, “Bratri, my jsme prsli poucit se u velkeho ceskeho naroda!”... on a third, “Brothers! The great Jan Hus!... Yes, brothers, Jan Hus is great!” And Bay Ganyo, for his part, annoyed that they were mentioning only Cyril and Methodius, nudged the teacher again: “Say something too, sir teacher, haven’t we got enough of our own? Say Asparuh, or take the flute and blow it — now’s the time!...”"
05_bai_ganyo_at_the_prague_exhibition_bul.csv,"Тук ни казаха, че всички ще идем в градския клуб „Meshtanska Beseda“, а оттам ще ни разпределят по квартири. Разпоредиха се да ни донесат там багажа. Тръгнахме. От перона влизаме в станционната зала и какво да видиш! Свят! Почерняло от свят! Буквално яйце няма де да пуснеш. По средата една ивица, колкото да минем. Отсам и оттатък наредени дами с букети. Всички облечени празнично. Че като гръмна едно „nazdar!“, че като почнаха да ни подават букети и да ни обсипват с цветя, че като излязохме на улицата и погледнахме — боже! — додето ни стигаше окото: оставили само една ивица за нас, а всичко задръстено с хора и пак редове дами, и пак „nazdaaar! nazdaaar! ураа!“ — и пак град от букети. — Царска среща!... Насядахме посред виковете и цветята във файтони и потеглихме. Сега, доколко грациозно сме насядали и сме се разместили с домочадията и кърмачетата — оставам на вас да си представите! Ний бяхме като гръмнати от неочакваната грандиозна среща! Снемаме шапки наляво и надясно; после се сетихме да ги свалим съвсем (като бъде за сещане, ний много се сещахме, а! Разбираме ги тия ваджии, етикетите!). Една усмивка беше замръзнала на конвулсивно треперещите ми уста и като че ми се искаше хем да се изсмея, хем да заплача, хем да се проваля вдън земя!","Here they told us that we would all go to the city club “Meshtanska Beseda,” and from there we would be assigned to lodgings. They ordered that our luggage be brought there. We set off. From the platform we enter the station hall, and what do you think! A crowd! Black with people! Literally not even an egg could be dropped there. In the middle, a strip just wide enough for us to pass through. On this side and that, ladies lined up with bouquets. All dressed festively. And then someone shouted a “nazdar!”, and they began handing us bouquets and showering us with flowers, and when we came out onto the street and looked — my God! — as far as the eye could see: they had left only a narrow strip for us, while everything else was packed with people, and again rows of ladies, and again “nazdaaar! nazdaaar! hurra!” — and again a shower of bouquets. — A royal welcome!... We sat down amid the shouts and flowers in carriages and set off. Now, how gracefully we sat and how we got mixed up with the households and the nursing babies — I leave it to you to imagine! We were like people struck by the unexpected grand reception! We took off our hats to the left and to the right; then we remembered to take them off altogether (when it comes to remembering, we remembered a lot, eh? We understand those formalities, those etiquettes!). A smile had frozen on my convulsively trembling lips, and it seemed as though I wanted at once to laugh, to cry, and to sink through the earth!"
05_bai_ganyo_at_the_prague_exhibition_bul.csv,"Стигнахме в „Мещанска беседа“ и заехме масите в градината. Чакахме да пристигне багажът ни и да ни разпределят по квартири. Няколко файтонджии чакаха, горките, цял час около портите да им платят, но много от нашите туристи не намериха за нужно да плащат. „Голяма работа“ — казваше бай Ганьо, — какво им струва да ни заплатят файтоните? Най-после — славяни сме! Тук да си покажат славянщината, ха де! Ами как! Всичко без пари! С пари и баба знай! Само едно голо — наздар“...","We arrived at the “Meshchanska beseda” and took the tables in the garden. We waited for our luggage to arrive and for us to be assigned to lodgings. Several cabmen had been waiting, poor fellows, for a whole hour around the gates to be paid, but many of our tourists did not find it necessary to pay. “What’s the big deal,” said Bay Ganyo, “what does it cost them to pay for the cabs? After all, we’re Slavs! Here’s where they should show their Slavness, eh? Why, of course! Everything for free! With money even grandma knows! Just one plain ‘nazdar’...”"
05_bai_ganyo_at_the_prague_exhibition_bul.csv,"Пристигна багажът и почнаха да ни разпращат по квартири. Погрижили се хората да ни намерят помещения. Аз няма да ви разправям за кавгите с файтонджиите, с келнерите в клуба, с разпоредителите за окъсняването или погрешното разменяване на багажа, за неудоволствията от квартирите, за пазарлъците и други такива. Да се пренесем с вас за една минута в нашата стая (не бойте се, госпожо). Ний се настанихме в една голяма стая четворица. Имахме всички удобства. Стаята ни гледаше към двора... На срещната страна се издигаха същото число етажи. По едно време слугинята, която ни шеташе, Анушка, като снемаше саксиите с цветята от прозорците, за да може да ги затвори, обърна се внезапно към мене и сконфузено ме попита, като указваше с очи към насрещните прозорци: —  Prosim vaz, pane, je ten pan take Bulhar? Recte se podivat, co dela! Lak je cerny! Vlasaty jako nejaky divoch! Ha-ha-ha-ha!","The luggage arrived, and they started sending us off to lodgings. The people had taken care to find rooms for us. I won’t tell you about the quarrels with the cabmen, with the waiters in the club, with the ushers over delays or the mistaken exchange of luggage, about the discomforts of the lodgings, about the bargaining and other such things. Let us move with you for a minute into our room (don’t be afraid, madam). We settled four of us into a large room. We had every convenience. Our room looked out onto the courtyard... On the opposite side the same number of stories rose up. At one point the maid who looked after us, Anushka, as she was taking the flowerpots from the windows in order to close them, suddenly turned to me and, embarrassed, asked me, pointing with her eyes toward the windows opposite:

— Please, sir, is that gentleman also Bulgarian? Go and look what he is doing! His skin is black! Hairy like some savage! Ha-ha-ha-ha!"
05_bai_ganyo_at_the_prague_exhibition_bul.csv,"Погледвам по указаното направление и какво да видя? Бай Ганьо при отворени прозорци, без да спусне завесите или жалузите, освободил се от горните си дрехи и в момента, когато аз погледнах, той се хилеше на нашата слугиня и гладеше влакнатите си гърди, види се, с туй искаше да я плени.","I look in the indicated direction, and what do I see? Bay Ganyo, with the windows open, without drawing the curtains or blinds, having taken off his outer clothes, and at the very moment when I looked, he was grinning at our maid and stroking his hairy chest, apparently hoping to win her over with that."
05_bai_ganyo_at_the_prague_exhibition_bul.csv,"В местните вестници същия ден се появиха приветствия за скъпите (имаха право) гости — bratri Bulhari. Напечатана беше и програмата, по която ний ще посетим изложението и забележителностите на града Прага. Печатаха отчети за нашите посещения: де сме ходили, как сме били посрещнати, как са ни приветствували, какво сме им отговаряли. Името на нашия водител, господин Василаки, гърмеше; той заслужи това внимание с безчислените си речи. И право да си кажа, каквото щете, но ако не беше господин Василаки да им позамаже очите, ний съвсем щяхме да се провалим.","In the local newspapers, on the same day, greetings appeared for the dear (they had every right to be) guests — bratri Bulhari. The program was also printed, according to which we were to visit the exhibition and the sights of the city of Prague. Reports of our visits were printed: where we had gone, how we had been received, how we had been welcomed, what we had replied to them. The name of our guide, Mr. Vasilaki, was resounding; he earned this attention with his countless speeches. And to tell the truth, say what you will, but if it hadn’t been for Mr. Vasilaki to gloss things over for them a bit, we would have failed completely."
05_bai_ganyo_at_the_prague_exhibition_bul.csv,"При входа на изложението ни посрещнаха членове от комитета. И пак речи за cesheho naroda, за bulharskeho naroda. Тук, видите, не се сбъркаха да ни посрещнат като сърби, каквато погрешка, разказват, станала при входа на Пловдивското изложение: сливенци и ямболци се намирали в постоянен антагoнизъм — от завист ли, от съперничество ли, кой знае от що. Явяват се пред входа на Пловдивското изложение сливненци, а един от комитета им държи реч, като ги мисли за ямболци, и хвали ли, хвали: „Храбрите ямболци, славните ямболци!“ А сливненците се потят, кашлят в шепа, мигат... Картина!...","At the entrance to the exhibition, we were greeted by members of the committee. And again speeches about the Czech people, about the Bulgarian people. Here, you see, they did not make the mistake of greeting us as Serbs, as the mistake, they say, that happened at the entrance to the Plovdiv Exhibition: the people of Sliven and Yambol were in constant antagonism—out of envy, out of rivalry, who knows why. The people of Sliven appear at the entrance to the Plovdiv Exhibition, and one of their committee members gives a speech, thinking them to be people from Yambol, and keeps praising them: “The brave people of Yambol, the glorious people of Yambol!” And the people of Sliven sweat, cough into their hands, blink... A scene!..."
05_bai_ganyo_at_the_prague_exhibition_bul.csv,Влязохме в изложението. Един от комитета ни поведе да направим набързо един общ обзор на главните отдели. Е че кого води? — Нашите туристи — цели англичани!... Като влязоха веднъж ония ти хора в ботаническия отдел — няма излизане!,"We entered the exhibition. One of the committee led us to make a quick general survey of the main sections. Well, whom did he lead? — Our tourists — complete Englishmen!... Once those people got into the botanical section — there was no getting out!"
05_bai_ganyo_at_the_prague_exhibition_bul.csv,"— Иванчо, Иванчо, ела, ела тука, я виж лале, какво голямо! Помниш ли, у леля ти има такова лале! — вика един от една страна.","— Ivancho, Ivancho, come, come here, look at the tulip, how big it is! Do you remember, your aunt has such a tulip! — calls one from one side."
05_bai_ganyo_at_the_prague_exhibition_bul.csv,"— Марийке, Марийке, ела, ела тука, виж мимоза, това е мимоза, видиш ли? Помниш ли в атласчето, дето ти го купих за Великден? — вика друг от друга страна.","— Mariyke, Mariyke, come, come here, look, mimosa, this is mimosa, do you see? Do you remember in the little atlas I bought you for Easter? — calls someone from the other side."
05_bai_ganyo_at_the_prague_exhibition_bul.csv,"— Я гледай, босилек! Ц... ц... ц... И чехите имат босилек, браво! — обажда се трети и рукват да гледат босилека.","— Look, basil! C... c... c... The Czechs have basil too, bravo! — a third one chimes in, and they all rush to look at the basil."
05_bai_ganyo_at_the_prague_exhibition_bul.csv,"— А бе аз здравец не виждам тука — обажда се бай Ганьо с недоволен глас, — проста им работата, ако нямат здравец! И-и, у нас! По балкана! Ех, мама му стара!","— Well, I don’t see any geranium here — says Bay Ganyo in a dissatisfied voice. — Their business is simple if they don’t have geranium! Ah, at home! In the Balkans! Ah, damn it!"
05_bai_ganyo_at_the_prague_exhibition_bul.csv,А членът на комитета в това време стои като на бодли! Чакаха да се поизприкажат скъпите гости!...,"And the committee member, meanwhile, stood there as if on thorns! They were waiting for the dear guests to finish speaking!..."
05_bai_ganyo_at_the_prague_exhibition_bul.csv,"Аз не можах да се сдържа, излязох от ботаническия отдел и отидох да зяпам из другите павилиони. В моето отсъствие фотографирали скъпите гости и на другия ден в един илюстрован вестник се появи цялата група.","I couldn’t restrain myself; I left the botanical section and went to gawk around the other pavilions. In my absence, the distinguished guests were photographed, and the next day the whole group appeared in an illustrated newspaper."
05_bai_ganyo_at_the_prague_exhibition_bul.csv,"Водиха ни в Hradchany, дето са дворците на чешките крале. Показаха ни разни исторически кьошенца: стаичката, дето заседавал съветът и било решено началото на Трийсетгодишната война; прозореца;, през който били хвърлени в пропастта чешките патриоти. Водиха ни в стария градски дом, в стария и новия музей. Дадоха в наша чест една опера в Narodni divadlo, дадоха една вечеринка в „Мещанската беседа“. Ходихме у пана Naprstka, многоуважаван гражданин, едно време компрометиран пред австрийското правителство, забягнал в Америка, съставил си там богатство, завърнал се в Прага и сега, окръжен от почести и уважения, занимава се с филантропия. Има свой музей и библиотека. Стопанинът ни посрещна с всичкото радушие и гостоприемството на един славянин. Тук се държаха най-чистосърдечните речи. В една от стаите имаше дебела книга, в която посетителите записваха имената си. В един момент, когато бяха се натрупали мнозина около книгата и всеки бързаше да грабне перото и да увековечи името си, бай Ганьо ме дръпна за ръкава и нетърпеливо ме запита: — А бе за какво се записват там?","They took us to Hradčany, where the palaces of the Czech kings are. They showed us various historical little corners: the room where the council had met and where the beginning of the Thirty Years’ War had been decided; the window through which the Czech patriots had been thrown into the abyss. They took us to the old town hall, to the old and the new museum. In our honor they gave an opera at the Narodni divadlo, and a soirée at the “Měšťanská beseda.” We visited Mr. Naprstek, a highly respected citizen, once compromised before the Austrian government, who fled to America, made a fortune there, returned to Prague, and now, surrounded by honors and respect, զբաղles himself with philanthropy. He has his own museum and library. Our host received us with all the warmth and hospitality of a Slav. Here the most heartfelt speeches were made. In one of the rooms there was a thick book in which visitors wrote down their names. At one point, when many people had gathered around the book and everyone was hurrying to snatch the pen and immortalize his name, Bay Ganyo tugged at my sleeve and asked me impatiently:

— Well, what are they signing up there for?"
05_bai_ganyo_at_the_prague_exhibition_bul.csv,"Аз, като знаех предварително, че никакъв предлог за записване не би удовлетворил бай Ганя, ако от това не произтича нещо за пред кума, казах му на шега: който не иска да обикаля по-нататък старините на Прага, може да се запише в тази книга и да обядва у pana Naprstka.","I, knowing in advance that no pretext for signing up would satisfy Bay Ganyo unless it resulted in something to show before the godfather, said to him jokingly: whoever does not wish to continue wandering among the antiquities of Prague may sign this book and have lunch at pana Naprstka’s."
05_bai_ganyo_at_the_prague_exhibition_bul.csv,"— Тъй ли? — извика бай Ганьо. — Поврага им старините, дайте тука перото! Дайте бе, дайте по-скоро перото! С плайваз не може ли? Дай, дай, че бързам! — и почна с лактите си да разтваря път към масата, върху която лежеше голямата книга. Настъпиха се, сбутаха се с едного, почнаха да отнемат един от друг перото, накапаха книгата с чернило и най-сетне разтрепераната, влакната и потна ръка на бай Ганя украси една от страниците с две звучни думи: Ганьо Балкански","— Is that so? — cried Bay Ganyo. — Damn their old customs, give me the pen here! Give it, give it quickly, the pen! Can’t I use a pencil? Give it, give it, I’m in a hurry! — and he began to elbow his way toward the table on which the large book lay. They stepped on one another, shoved each other, began snatching the pen from one another, dripped ink onto the book, and at last Bay Ganyo’s trembling, hairy, and sweaty hand adorned one of the pages with two resounding words: Ganyo Balkanski"
05_bai_ganyo_at_the_prague_exhibition_bul.csv,"Цвятко ни заяви, че не желае да продължава разказа си.",Tsvyatko told us that he did not wish to continue his story.
05_bai_ganyo_at_the_prague_exhibition_bul.csv,"— Разкажи нещо за вечеринката. Нали каза, че дали в чест на българите вечеринка? — обади се един от компанията.",— Tell us something about the party. Didn’t you say they were giving a party in honor of the Bulgarians? — one of the group spoke up.
05_bai_ganyo_at_the_prague_exhibition_bul.csv,"— Аз не ходих на тази вечеринка. Бай Ганьо беше. A propos, в този ден ходихме с бай Ганя в една берберница. Той имаше намерение нея вечер да плени чешките дами и вземаше предварително всевъзможни мерки да се яви във всичкия си блясък: купи си вратовръзка, изчисти си декорацията (че как го мислите вий бае си Ганя!) и отидохме в берберницата, понеже косата и брадата му бяха доста обрасли. Седна той на стола. Берберинът го старателно обвърза и почна работата си. Едва ли не цял час се бавихме тука. Не беше тъй лесно да се угоди на бай Ганя.","— I did not go to that party. It was Bay Ganyo. A propos, on that day we went with Bay Ganyo to a barber shop. He intended that evening to captivate the Czech ladies and was taking every possible precaution in advance to appear in all his splendor: he bought himself a necktie, cleaned up his decorations (for what do you take your Bay Ganyo for!), and we went to the barber shop, since his hair and beard had grown quite long. He sat down in the chair. The barber carefully tied him up and began his work. We spent almost an entire hour there. It was not so easy to please Bay Ganyo."
05_bai_ganyo_at_the_prague_exhibition_bul.csv,"— Тука, тука; я му кажи тука — и бай Ганьо сочи врата си, — тука да пооглади, с бръснача да поостърже малко. Па му кажи да си отваря очите, да не среже някоя пъпчица, че го вземат дяволите.","— Here, here; tell him here — and Bay Ganyo points to his neck — here to smooth it a bit, to scrape it a little with the razor. And tell him to keep his eyes open, so he doesn’t cut off some little pimple, or the devil take him."
05_bai_ganyo_at_the_prague_exhibition_bul.csv,Берберинът вижда през огледалото сърдитото изражение на бай Ганьовото запотено лице и ме поглежда в недоумение.,Berberin sees through the mirror the angry expression on Bay Ganyo’s sweaty face and looks at me in bewilderment.
05_bai_ganyo_at_the_prague_exhibition_bul.csv,"— Co pan mluvi? — пита ме той смирено, като мисли, че е сторил някоя грешка против вкуса на бай Ганя. — Ти я му кажи да остави сега приказките настрана — обръща се към мене бай Ганьо, и с такъв тон, като че ме е пазарил за преводач. — Я му кажи да ми остави брадичка и нека я направи по-остричка, като на Наполеона, разбираш ли? Пък мустаките нека ги разчеше така, да кабардисат, като — хе, хе! — на италианския крал, хи-хи-хи! Видял ли си го изписан? Таквиз да ги на-прави! Кажи му де!","— What is he saying? — he asks me humbly, thinking that he has made some mistake against Bay Ganyo’s taste. — You tell him to stop the talk for now — Bay Ganyo turns to me, in a tone as if he had hired me as an interpreter. — Tell him to leave me a little beard and make it a bit sharper, like Napoleon’s, do you understand? And the mustache, let him comb it so that it stands out, like — heh, heh! — the Italian king’s, hee-hee-hee! Have you seen how he’s pictured? Let him make it like that! Tell him, will you!"
05_bai_ganyo_at_the_prague_exhibition_bul.csv,"Аз нямах куража да преведа буквално скромното желание на бай Ганя; то би турило в голямо затруднение берберина: лесна работа ли е с помощта на бръснач и на гребен да оприличиш едного хем на Наполеона III, хем на Хумберта! И кого?","I did not have the courage to translate literally Uncle Ganyo’s modest wish; it would have put the barber in great difficulty: is it an easy task, with the help of a razor and a comb, to make someone resemble both Napoleon III and Humbert! And who?"
05_bai_ganyo_at_the_prague_exhibition_bul.csv,"Свърши се коафюрата. Бай Ганьо извади кесията си, завъртя я около връвта, отвори я, бръкна до дъното, нарина една шепа монети, обърна се гърбом към нас, рови, рови из монетите, избра една и я подаде на берберина, ама я подаде така, като че искаше да каже: „Хайде, на, нейсе, от мен да замине.“ Монетата беше двайсет крайцера. Но като се сети, че може да се е излъгал, пък и да не го помислят за прост, той пошава с пръстите си към берберина, санким „дай ресто“. Берберинът за един миг отвори чекмеджето, хвърли там монетата, избра две монети по десет крайцера, удари ги сърдито на мраморната маса и изчезна в една вътрешна врата. Монетите се претърколиха на земята. Бай Ганьо в първия момент като че се постресна, позачуди се, но не успях да схвана това впечатление и той се наведе, прибра парите и каза: — Сърдитко Петко — празна му торбичка! Хайде бе, остави ги! Само знаят да скубят! Нали ги зная аз тях! Славяни!... Бошлаф!...","The haircut was over. Bay Ganyo took out his purse, twirled it around the cord, opened it, reached to the bottom, scooped up a handful of coins, turned his back to us, rummaged, rummaged through the coins, picked one out, and handed it to the barber—but he handed it over in such a way as if he wanted to say: “Come on then, there, let it go from me.” The coin was twenty kreuzers. But then, remembering that he might have made a mistake and that they might not think him a fool, he motioned with his fingers to the barber, meaning, “give me the change.” The barber, in an instant, opened the drawer, threw the coin in there, picked out two ten-kreuzer coins, slammed them angrily onto the marble table, and disappeared through an inner door. The coins rolled to the floor. Bay Ganyo, at first, seemed to startle a little, to wonder a little, but I could not quite catch that impression, and he bent down, picked up the money, and said:

— Grumpy Pete—his little bag’s empty! Come on, leave them be! They only know how to fleece people! I know them all right! Slavs!... Nonsense!..."
06_bai_ganyo_at_jirecheks_bul.csv,"— Туй, дето го разказа Цвятко — обади се срамежливият Илчо, — то е по-подирна работа, пък аз зная, че бай Ганьо по-рано е дохождал в Прага, бавил се е дълго време и е продал доста розово масло. Искате ли да ви разкажа?","— What Cvetko told — said the shy Ilcho, — that’s a later matter, but I know that Bay Ganyo had come to Prague earlier, had stayed there a long time, and had sold quite a lot of rose oil. Would you like me to tell you about it?"
06_bai_ganyo_at_jirecheks_bul.csv,"— Щом е за бай Ганя, недей пита, разказвай! — отговорихме ний.","— If it’s about Bay Ganyo, don’t ask, just tell it! — we replied."
06_bai_ganyo_at_jirecheks_bul.csv,"— Добре. Слушайте тогава. Пристигва бай Ганьо от Виена в Прага. Слиза на станцията, нарамва си дисагите и излиза на улицата. Файтонджиите се спущат да му предлагат услугите си — той им прави знак с глава, че не ще. Те разбират знака му за утвърдителен и един файтон се изпречва отпреде му. Бай Ганьо се сърди, блещи се и прави сърдити жестове. Това забелязва полицейският и заповядва на файтоните да се оттеглят. Мисли си бай Ганьо от кого да узнае де живее Иречек, нашият историограф. Иречек е живял в България, обича българите, ще иде бай Ганьо у него: „Добър ден“ — „Дал ти бог добро“ — и може да го покани в къщата си; защо ще си дава паричките по хотели? — Додето си мисли така, пред него се изпречва един трегер с червена шапка и предлага да му носи дисагите. Бай Ганьо го пита знае ли де живее Иречек, трегерът отговаря отрицателно, по дава надежда, че ще може да се намери, и пак простира ръце да поeме дисагите. Бай Ганьо не му ги дава, едно, защото мускалите са вътре и може „да запраши нанякъде“ и, друго, гледа го облечен добре, кой знае колко ще го оскубе.","— Good. Listen then. Bay Ganyo arrives from Vienna in Prague. He gets off at the station, slings his saddlebags over his shoulder, and goes out into the street. The cabmen rush up to offer him their services — he nods to them that he does not want them. They take his gesture as affirmative, and a cab pulls up in front of him. Bay Ganyo gets angry, stares, and makes irritated gestures. The policeman notices this and orders the cabs to withdraw. Bay Ganyo wonders from whom he can find out where Jireček, our historian, lives. Jireček lived in Bulgaria, loves the Bulgarians, Bay Ganyo will go to him: “Good day” — “God grant you good” — and he may invite him into his house; why should he spend his money on hotels? While he is thinking thus, a porter with a red cap steps in front of him and offers to carry his saddlebags. Bay Ganyo asks him whether he knows where Jireček lives; the porter answers in the negative, but gives hope that it can be found, and again stretches out his hands to take the saddlebags. Bay Ganyo does not give them to him, first because the flasks are inside and he might “take off somewhere,” and second because he sees that he is well dressed, and who knows how much he will fleece him."
06_bai_ganyo_at_jirecheks_bul.csv,"— Ваша милост, вървете напред, аз подире ви — казва вежливо бай Ганьо. — Оставете дисагите, аз ще ги нося. Тази вежливост бай Ганьо я пуща със сметка: хем ще предразположи трегера към себе си, хем ще му покаже, че не е някой голям и богат човек, та да не мисли   о н з и   да го оскубе.","— Your grace, go ahead, I’ll follow you — says Bay Ganyo politely. — Leave the saddlebags; I’ll carry them. Bay Ganyo shows this politeness with calculation: he will both put the porter at ease and show him that he is not some great and rich man, so that the other one won’t think of fleecing him."
06_bai_ganyo_at_jirecheks_bul.csv,"Вървят, разпитват по кръстопътищата де живее Иречек; най-сетне сетил се някой, че въпросът е за професор Иречек, казал им де да попитат, попитали и го намират. Бай Ганьо казва на трегера едно ""да си жив, благодарим"" и влиза в квартирата на Иречека.","They go around asking at the crossroads where Jireček lives; at last someone remembered that the question was about Professor Jireček, told them whom to ask, they asked, and they found him. Bay Ganyo says to the porter a “be well, thank you” and enters Jireček’s lodgings."
06_bai_ganyo_at_jirecheks_bul.csv,"— О-о! Добър ден, бай Иречек, как си, добре ли си? — извиква бай Ганьо с един най-приятелски тон, щом влиза в кабинета на стопанина. Последният му подава зачудено ръка, поканва го да седне и се сърди на своята памет, която не го подсеща кой е този любезен приятел.","— Oh! Good day, Mr. Yirechek, how are you, are you well? — exclaims Bay Ganyo in a most friendly tone as soon as he enters the host’s office. The latter extends his hand in surprise, invites him to sit down, and is annoyed with his memory, which does not remind him who this courteous friend is."
06_bai_ganyo_at_jirecheks_bul.csv,"— Не ме ли познаваш? — припомня бай Ганьо, като смесва ту ""ви"",ту ""ти"". — Вий нали бяхте министър в София? — Да. — Е и аз съм оттам! — заключава тържествено бай Ганьо. — То се казва емишерии сме, хе, хе, хе, ами как! Помниш ли статията във в. „Славянин“?","— Don’t you recognize me? — Bay Ganyo reminds him, mixing “you” formal and “you” informal. — Weren’t you a minister in Sofia? — Yes. — Well, I’m from there too! — Bay Ganyo concludes triumphantly. — That’s what you call compatriots, heh, heh, heh, of course! Do you remember the article in the newspaper “Slavyanin”?"
06_bai_ganyo_at_jirecheks_bul.csv,"— Да, да, спомням си — отговаря сдържано-снизходително Иречек.","— Yes, yes, I remember — replies Jireček in a restrained, condescending tone."
06_bai_ganyo_at_jirecheks_bul.csv,"— Ей че бяха те нацапали!... Ама ти си гледай кефа, хич да не те е еня! Аз колко съм ви хвалил!... Те викат Иречек такъв, Иречек онакъв. — ""Да ме прощавате — викам, — не е тъй.""","— Wow, they really dirtied you up!... But you just enjoy yourself, don’t worry about it at all! How much I’ve praised you!... They say Jireček is this, Jireček is that. — “Excuse me,” I say, “that’s not so.”"
06_bai_ganyo_at_jirecheks_bul.csv,"Иречек познава добре българите и затова никак не се учудва на тази фамилиарност на бай Ганя. Разговорът продължава няколко минути в този тон, сетне минува на по-практическа почва: бай Ганьо хвали квартирата на стопанина, загатва му доста осезателно, че „най-сетне има място и още един странен човек даже да се прибере тука“, говори му за гостоприемството на българите, изказва съжаление, че „виж, другите не са като нас, българите; чужденец да влезе в българска къща, ще го нахранят, ще го напоят, ще му постелят“.","Irechek knows the Bulgarians well and therefore is not at all surprised by Bay Ganyo’s familiarity. The conversation continues for several minutes in this tone, then moves onto more practical ground: Bay Ganyo praises the landlord’s apartment, hints to him quite pointedly that “at last there is room for even one more strange fellow to settle in here,” talks to him about the hospitality of the Bulgarians, and expresses regret that “look, the others are not like us Bulgarians; if a foreigner enters a Bulgarian house, they will feed him, give him drink, and make up a bed for him.”"
06_bai_ganyo_at_jirecheks_bul.csv,"Иречек се старае да му внуши, че квартирата е тясна за домашните му. Бай Ганьо си прави оглушки и развива темата за българското гостоприемство. От тази тема разговорът се извива към търговийката на бай Ганя. Той съобщава на стопанина, че е донесъл за продан розово масло, и му заявява: „Утре, ако щеш, води ме по всичките фабрики, аз съм съгласен; ще ми превеждаш, че не знам езика, а?“","Irechek tries to impress upon him that the apartment is too small for his household. Bay Ganyo pretends not to hear and develops the theme of Bulgarian hospitality. From this theme, the conversation turns to Bay Ganyo’s little trade. He informs the host that he has brought rose oil for sale and declares to him: “Tomorrow, if you like, take me to all the factories; I agree. You’ll interpret for me, since I don’t know the language, right?”"
06_bai_ganyo_at_jirecheks_bul.csv,"Иречек бърза да отговори, че не е запознат с фабрикантите на етерни масла, понеже занятията му са съвсем от други род, а освен това няма свободно време, но ще му каже де се събират българите студенти, та измежду тях някой може да му услужи.","Irechek hastens to reply that he is not acquainted with the manufacturers of essential oils, since his pursuits are of an entirely different kind, and besides, he has no free time; but he will tell him where the Bulgarian students gather, so that among them someone may be able to help him."
06_bai_ganyo_at_jirecheks_bul.csv,"— Ако щете, санким — допълня бай Ганьо, — няма да те пресилвам. Аз ще дам и на госпожата (тука ли е тя?) един мускал масло. Познавам я и нея, как не (Иречек не може да се начуди за коя госпожа е думата). Па ако имате тука роднини, приятели, кажете им, че съм донесъл масло — то не е срамота! Аз ще се навъртам по-често около вас, ще си приказваме за България. Па ако обичате, съгласен съм и у вас да остана, додето съм в Прага. А?","— If you like, sanquim — adds Bay Ganyo — I won’t overburden you. I’ll give the lady too (is she here?) a muskal of oil. I know her as well, of course (Ireček cannot stop wondering which lady is meant). And if you have relatives or friends here, tell them that I’ve brought oil — there’s no shame in that! I’ll be coming around you more often, and we’ll talk about Bulgaria. And if you please, I’m willing to stay at your place while I’m in Prague. Eh?"
06_bai_ganyo_at_jirecheks_bul.csv,"— Извинете, но...","— Excuse me, but..."
06_bai_ganyo_at_jirecheks_bul.csv,"— Казвам, санким, ако обичате — обяснява сплетено бай Ганьо, — и мен ми е по-добре на хотела, ама хайде, рекох, Иречек — наш човек...","— I say, you know, if you please — explains Bay Ganyo, all tangled up, — it’s better for me at the hotel too, but come on, I thought, Jireček — he’s our man..."
06_bai_ganyo_at_jirecheks_bul.csv,"— Благодаря за вниманието; аз бих ви задържал на драго сърце у дома, но не разполагам с лишни помещения. Днес обаче вий сте наш гост и ще обядвате у нас.","— Thank you for your attention; I would gladly keep you at home, but I do not have any spare rooms. Today, however, you are our guest and will have lunch with us."
06_bai_ganyo_at_jirecheks_bul.csv,"— Да обядваме, защо да не обядваме! — съгласява се бай Ганьо. — И ваша милост, казва се, ако не от мойта — от българска софра все сте яли.","— Let’s have lunch, why shouldn’t we have lunch! — agrees Bay Ganyo. — And your honor, so to speak, if not from my table, then from a Bulgarian one you have surely eaten."
06_bai_ganyo_at_jirecheks_bul.csv,"Иречек е зает с една спешна работа, която с влизането на бай Ганьо се пресича. Стопанинът седи като на бодли и не знае как по деликатен начин да експедира временно сладкодумния си гост. Той звъни, явява се един слуга, комуто поръчва да съобщи на домашните, че им е пристигнал гостенин от България. Влиза след малко майка му. Бай Ганьо едва се повдига от стола си, прави с ръка едно двойно движение към челото си и снизходително изговаря: „О, здрасти, здраво-живо, дайте да се похванем, ха така, по български. Как сте още? Радвам се.“","Irechek is occupied with an urgent task, which is interrupted by the entrance of Bay Ganyo. The host sits as if on thorns and does not know how, in a delicate manner, to temporarily send off his loquacious guest. He rings the bell; a servant appears, whom he orders to inform the family that a guest from Bulgaria has arrived. Shortly afterward his mother enters. Bay Ganyo barely rises from his chair, makes a double gesture with his hand toward his forehead, and condescendingly says: “Oh, hello, well and good, let’s shake hands, just like that, in the Bulgarian way. How are you still? I’m glad.”"
06_bai_ganyo_at_jirecheks_bul.csv,Госпожата го приветствува любезно и с цял ред въпроси показва жив интерес към отечеството на гостенина.,"The lady greeted him kindly and, with a whole series of questions, showed lively interest in the guest’s homeland."
06_bai_ganyo_at_jirecheks_bul.csv,"— Е, кажете сега правичката — пита бай Ганьо, — къде е по-хубаво, в Прага ли, в София ли?","— Well, now tell the truth — asks Bay Ganyo, — where is it nicer, in Prague or in Sofia?"
06_bai_ganyo_at_jirecheks_bul.csv,"Госпожата е в недоумение, тя не е била в София, а бай Ганьо при тоя въпрос погледва с дяволска усмивка Иречека, като че иска да му внуши своя възглед за жените: „А бе жена нали е, какво ще приказваш с нея?...“","The lady is at a loss; she has not been in Sofia, and Bay Ganyo, at this question, glances at Jireček with a devilish smile, as if he wants to impress upon him his own view of women: “Well, she’s a woman, isn’t she? What’s there to talk to her about?…”"
06_bai_ganyo_at_jirecheks_bul.csv,"— Негова милост ще обядва днес у дома — обръща се Иречек към майка си и сетне, за да може да продължава занятието си, по немски я моли да заведе бай Ганя в друга стая. Госпожата предлага на бай Ганя да минат в съседната стая. Бай Ганьо погледва проницателно Иречека, погледва и дисагите с мускалите, прави сметка с вежди: „По немски нещо си продумаха, кой знай! Ама не вярвам. Най-сетне министър е бил у нас. А бе то и министрите не са стока я! Ама за тогоз не ми се вярва“ — и след това става нерешително и тръгва по указанието на госпожата към съседната стая, но като дохожда до вратата, обръща се и иска да прочете на лицата на стопаните тяхното намерение и забелязва няколко неми знакове, с които действително в този момент се обмениха домашните; тези знакове означаваха: „Гледай да го занимаеш с нещо по-дълго време, понеже имам много бърза работа“, но бай Ганьо го изтълкува инак.","— His Grace will have lunch at home today — Irchek turns to his mother and then, so that he can continue his work, asks her in German to take Bay Ganyo into another room. The lady предлагает Bay Ganyo that they move to the adjoining room. Bay Ganyo looks at Irchek keenly, then at the saddlebags with the muskals, and calculates with his eyebrows: “They said something in German, who knows! But I don’t believe it. After all, he has been a minister in our country. Well, ministers aren’t much good either! But I don’t believe that about him.” — and then he rises uncertainly and follows the lady’s direction toward the adjoining room, but when he reaches the door, he turns around and tries to read in the hosts’ faces their intention, and notices several silent signs that the household members were indeed exchanging at that moment; these signs meant: “See that you keep him occupied for a longer time, because I have very urgent work,” but Bay Ganyo interpreted them differently."
06_bai_ganyo_at_jirecheks_bul.csv,"— Тези неща тука може да ви пречат — заявява той, като показва с очи на дисагите.","— These things here may be bothering you — he says, indicating the saddlebags with his eyes."
06_bai_ganyo_at_jirecheks_bul.csv,"— О, никак не. Моля, не се безпокойте — отговаря Иречек.","— Oh, not at all. Please, don’t worry — replies Jireček."
06_bai_ganyo_at_jirecheks_bul.csv,"— Ама все ще ви пречат, знам аз. Я чакай да ги взема в другата стая — и посягва да ги вземе, но домашните любезно се съпротивят. — Мигар ме е страх, не, ами така, рекох...","— But they’ll still be bothering you, I know. Wait, let me take them into the other room — and she reaches out to take them, but the family politely resists. — As if I’m afraid, no, it’s just that, I said..."
06_bai_ganyo_at_jirecheks_bul.csv,"Минуват в приемната стая и госпожата затваря след себе си вратата, за да не се чува шумът в кабинета. Тя се старае всякак да занимае бай Ганя с нещо любопитно: предлага му разни албуми, показва му картини, слага пред него цял куп илюстрации, но умът на бай Ганя е съвсем на друго място и той на любезностите на госпожата с престорено равнодушие отговаря: — Не ща, благодарим: гледайте вий. Колко съм ги гледал аз такива картини и портрети! Не ме гледайте, че съм млад!","They pass into the reception room, and the lady closes the door behind her so that the noise from the office cannot be heard. She tries in every way to occupy Bay Ganyo with something interesting: she offers him various albums, shows him pictures, lays before him a whole pile of illustrations, but Bay Ganyo’s mind is quite elsewhere, and to the lady’s courtesies he replies with feigned indifference:

— I don’t want to, thank you: you look at them. I’ve looked at such pictures and portraits plenty of times! Don’t think that because I’m young I haven’t!"
06_bai_ganyo_at_jirecheks_bul.csv,"Бай Ганьо поглежда нетърпеливо на своя огромен сребърен часовник и почва един твърде интересен и своевременен разговор: — Аз много съм любопитен да изуча Европа. Ето сега например, да речем, у нас дойде ли пладне — сядат да обядват. У вас инак е наредено. Вий кога обядвате например?","Bai Ganyo glances impatiently at his huge silver watch and begins a very interesting and timely conversation:

— I am very curious to study Europe. For example, let us say that at home noon comes — people sit down to lunch. With you it is arranged differently. When do you have lunch, for example?"
06_bai_ganyo_at_jirecheks_bul.csv,"— Ний обядваме в 5 часа обикновено, но днес можем да обядваме и по-рано. Извинете, ще ви оставя само за една минутка — каза госпожата и излезе из другите врата.","— We usually have lunch at 5 o’clock, but today we can have lunch earlier too. Excuse me, I’ll leave you for just a minute — said the lady and went out through the other door."
06_bai_ganyo_at_jirecheks_bul.csv,"Бай Ганьо седи сам в салона, зяпа разсеяно картините, час по час плюе по килима (не че е гладен, ами кой знае!), разтрива го с ботушите и се вслушва при най-малък шум в кабинета. Чува той по едно време, че Иречек става от стола си, пристъпва няколко крачки и се спира. „Ама и аз диване, защо не си пренесох дисагите в тая стая.“ Бай Ганьо седи като на тръни; най-сетне не го сдържа, става, пристъпя тихичко по килима към вратата на кабинета, навежда си ухото към дупката на ключалката и слухти; той чува само собственото си често дишане и ударите на кръвта в ушите. Но и тук бай Ганьо не се успокойва, той не вижда нищо през ключалката и като натиска нерешително дръжката на вратата, отваря я, подава си тайнствено главата в кабинета и вижда Иречека, приклекнал близо до дисагите му пред един шкаф с книги.","Bay Ganyo sits alone in the salon, staring absentmindedly at the paintings, spitting on the carpet now and then (not because he is hungry, but who knows!), rubbing it with his boots, and listening intently at the slightest noise from the study. At one point he hears Jireček get up from his chair, take a few steps, and stop. “Damn it, I’m a fool too—why didn’t I bring my saddle-bags into this room?” Bay Ganyo sits on pins and needles; at last he cannot bear it, gets up, tiptoes across the carpet to the study door, bends his ear to the keyhole, and listens; he hears only his own frequent breathing and the pounding of blood in his ears. But even here Bay Ganyo does not calm down; he sees nothing through the keyhole, and, hesitantly pressing the door handle, opens it, pokes his head mysteriously into the study, and sees Jireček crouched down near his saddle-bags in front of a bookcase."
06_bai_ganyo_at_jirecheks_bul.csv,"Бай Ганьо се хили насреща му: — Хи, хи, хи, работите ли, работите ли? Хи, хи, хи! Чакай, рекох, да надникна. Работете си, нищо, аз пак ще затворя. Иречек го гледа зачудено, без да му мине през ума причината на това своеобразно любопитство.","Bay Ganyo grins at him:

— Hee, hee, hee, are you working, are you working? Hee, hee, hee! Wait, I said, let me peek in. Go on working, it’s nothing, I’ll close it again.

Irechek looks at him in astonishment, without it crossing his mind what the reason for this peculiar curiosity might be."
06_bai_ganyo_at_jirecheks_bul.csv,"Обедът готов. Минуват в обедната стая и сядат около трапезата: родителите на Иречека, сестра му, бай Ганьо и той. Бай Ганьо, преди да почне обедът, начева да се кръсти, хем се усмихва, с което иска да покаже на стопаните, че той не е от онези простите хорица и не че дотам вярва, ама все не е лошо (с дявола сме добре, какво бива и на господа малко тамян да покадим — за зор заман).","Lunch is ready. They go into the dining room and sit around the table: Irechek’s parents, his sister, Bay Ganyo, and he himself. Before the meal begins, Bay Ganyo starts making the sign of the cross, while smiling, thereby wanting to show the hosts that he is not one of those simple folk and that he does not really believe that much, but still it is not a bad thing (we are on good terms with the devil; why not also burn a little incense to the Lord—in case of need)."
06_bai_ganyo_at_jirecheks_bul.csv,"— Аз съм леберал, от лебералната партия — пояснява той, — ама сегиз-тогиз удрям по едно кръстене, то не е зле, хора сме... Това какво е, супа ли е? А, аз обичам супа. Чорбата е турско ядене. И ний сега повече супа ядем. Ах, пърдон, извинете, оцапах ви бохчата... Ц... ц... ц... Тюх да се не види!...","— I’m a liberal, from the Liberal Party — he explains, — but now and then I make the sign of the cross; it’s not a bad thing, we’re only human... What is this, is it soup? Ah, I like soup. Chorba is a Turkish dish. And nowadays we eat more soup. Ah, pardon, excuse me, I’ve soiled your bundle... Tsk... tsk... tsk... Damn it!..."
06_bai_ganyo_at_jirecheks_bul.csv,"Увлечен от желание да се препоръча за цивилизован човек, бай Ганьо не можа да поеме право чинията със супата, която му подаде стопанката, и изля доста от нея върху масата и додето да му попречат, той събра една част с лъжицата и я изсипа в чинията си. Стопанката не искаше да му позволи да яде от тая супа, но той от деликатност загради чинията си с ръце и не искаше да му я меняват.","Eager to recommend himself as a civilized man, Bay Ganyo was unable to take the plate of soup that the hostess handed him straight, and spilled quite a bit of it onto the table; and before they could stop him, he gathered some of it with the spoon and poured it into his own plate. The hostess did not want to let him eat that soup, but out of delicacy he shielded his plate with his hands and did not want it to be changed."
06_bai_ganyo_at_jirecheks_bul.csv,"— Аз имам чушки в дисагите си — съобщи ненадейно бай Ганьо. Той гореше от желание да си разтрие една чушчица от дребните в супата, която се показа съвсем бледна за неговия стомах, но се стесняваше да извади чушки, да не го помислят за простак, та искаше по-напред да сондира стопаните.","— I have peppers in my saddlebags — Bay Ganyo announced unexpectedly. He was burning with the desire to rub one of the little peppers into the soup, which seemed quite bland for his stomach, but he was embarrassed to take out the peppers, lest they think him a boor, so he wanted first to sound out the hosts."
06_bai_ganyo_at_jirecheks_bul.csv,— Да? Имате чушки? — обади се Иречек.,— Yes? Do you have peppers? — Irechek called out.
06_bai_ganyo_at_jirecheks_bul.csv,"— Как не, нося си аз чушки; нали знаете, „Българѝя майка мила“ не може без лютичко — казва иронически бай Ганьо и без да чака повече, скача от стола, спуска се в кабинета, домъква дисагите си, прикляква над тях гърбом към стопаните и донася на трапезата две чушки.","— How not, I’ve brought peppers with me; you know, “Dear Mother Bulgaria” can’t do without something spicy — says Bay Ganyo ironically, and without waiting any longer, he jumps up from the chair, goes down into the office, drags in his saddlebags, squats over them with his back to the hosts, and brings two peppers to the table."
06_bai_ganyo_at_jirecheks_bul.csv,"— Две стигат за петима ни, страшно са люти — заявява той, като изтърсва половина чушка със семките в чинията си и остатъка любезно предлага на стопаните: — На, заповядайте, разтрийте си, хе, хе, хе, по български! Не, не, разтрийте, слушайте мене и ще видите какво нещо е. Е, вий знайте: насила хубост не става. Чакайте аз да си разтрия, че да ви покажа какво се вика супа.","— Two are enough for the five of us; they’re terribly hot — he says, shaking half a pepper with the seeds into his plate and politely offering the rest to the hosts: — Here, please, rub some on yourselves, heh, heh, heh, the Bulgarian way! No, no, rub it, listen to me and you’ll see what it’s like. Well, you know: beauty can’t be forced. Wait, let me rub mine so I can show you what’s called soup."
06_bai_ganyo_at_jirecheks_bul.csv,"И наистина, бай Ганьо разлюти супата си до такваз степен, щото един непривикнал човек би се отровил. И почна да сърба; ама сърба българинът, не се шегува, триста псета да се сдавят, не могат го заглуши. Едри капки пот му замрежиха челото и като че се стремяха да рукнат в чинията му. Бай Ганьо сръбне веднъж откъм върха на лъжицата, остави лъжицата и затисне лютата влага с два-три залъка хляб; пак вземе лъжицата, сръбне супа, смръкне с носа си навътре и пак два-три залъка хляб.","And indeed, Bay Ganyo had seasoned his soup to such a degree that an unaccustomed person would have poisoned himself on it. And he began to slurp; but when a Bulgarian slurps, he is no joke—three hundred dogs could be fighting and they still couldn’t drown him out. Large drops of sweat clouded his forehead and seemed about to pour into his plate. Bay Ganyo would slurp once from the tip of the spoon, put the spoon down, and stifle the fiery moisture with two or three bites of bread; then he would take up the spoon again, slurp some soup, sniff it inward through his nose, and again two or three bites of bread."
06_bai_ganyo_at_jirecheks_bul.csv,"— Я ми подайте още едно късче хлебец. Вий съвсем без хляб ядете — учудва се бай Ганьо. — На българѝята дай хляб; ние много хляб ядем; да не се хваля, ама с таквази чорба, пърдон, с таквази супа цял самун хляб изядам. Бас държа.","— Give me another little piece of bread. You’re eating quite without bread — Bay Ganyo wonders. — Give Bulgarians bread; we eat a lot of bread; not to boast, but with such soup, pardon me, with such soup I can eat a whole loaf of bread. I’ll bet on it."
06_bai_ganyo_at_jirecheks_bul.csv,"Бас не държаха, но и без това бай Ганьо унищожи доста хлебец.","They didn’t hold the bass, but even so Bay Ganyo destroyed quite a bit of bread."
06_bai_ganyo_at_jirecheks_bul.csv,"— Туй винце отде го вземате — любопитствува бай Ганьо, не че го интересува отговорът, а така, да намери предлог за още някоя чашка.","— Where do you get this little wine from? — inquired Bay Ganyo, not because he was interested in the answer, but just to find an excuse for another glass."
06_bai_ganyo_at_jirecheks_bul.csv,"— Купуваме го — отговаря стопанинът, — добро ли е?","— We’ll buy it — replies the owner, — is it good?"
06_bai_ganyo_at_jirecheks_bul.csv,"— А-а! Чиста стока! Купувате го, а? Я подайте шишето насам. Каквото се е запалил стомахът ми от чушката като нажежено желязо, да ливна сега цялото шише, ще зацвърчи отвътре. Ех, у нас винце, половин лев оката, като му светнеш една окица — тука ли си!... А, оригнах се, прощавайте: туй малко просташко пада, ама пърдон, човещина, не можеш да го задържиш!...","— Ah! Pure stuff! You’re buying it, eh? Hand me the bottle here. My stomach has been burning from the pepper like a heated iron; if I pour down the whole bottle now, it’ll sizzle inside. Ah, back home wine, half a lev an oka, and when you shine a little oka of it—there you are!... Ah, I burped, excuse me: that’s a bit vulgar, but pardon me, it’s human nature, you can’t hold it in!..."
06_bai_ganyo_at_jirecheks_bul.csv,"Обедът у Иречека благодарение на бай Ганя излезе доста оживен. Кафе им поднесоха в приемната стая. Бай Ганьо в благодарност за вкусния, а главно сития обед, иска да почерпи стопанина с една цигара тютюн и как да се случи тютюнът му в дисагите. Право казано, табакерата беше в джеба му, но трябваше да намери предлог да понавести дисагите, не може той да си остави мускалите така у чужди хора, всичко става на тоя свят.","The lunch at Irechek’s, thanks to Bay Ganyo, turned out to be quite lively. They were served coffee in the reception room. Bay Ganyo, in gratitude for the tasty, and above all filling, lunch, wants to treat the host to a cigarette of tobacco, and, as fate would have it, the tobacco is in his saddlebags. To tell the truth, the tobacco pouch was in his pocket, but he had to find an excuse to go and check on the saddlebags; he cannot just leave his little perfume bottles with strangers like that—anything can happen in this world."
06_bai_ganyo_at_jirecheks_bul.csv,"Бай Ганьо не ще и да чува отказването на стопанина да запуши от тютюна му: ""Как тъй, джанъм, хич може ли да бъде български тютюн да не запуши човек!""","Bay Ganyo would not even hear of the host’s refusal to let him light up his tobacco: “How so, my dear fellow, can it be possible at all for a man not to smoke Bulgarian tobacco!”"
06_bai_ganyo_at_jirecheks_bul.csv,"Запуши бай Ганьо и почна с наслаждение да сърба кафето. Ето кое се казва сърбане!... Да се намираш в таквози приятно настроение, да минеш с един събеседник цели часове, да си в стая, дето никой няма да чуе какво приказваш, па и да чуе, няма да те разбере — при тия благоприятни условия да се сдържиш и да не заприказваш за политика, това е вън от силите на бай Ганя. Не може да се сдържи той, изля си душата: — А бе, бай Иречек, я ми кажи твоя милост леберал ли си, консерватор ли си? Май-май, че си консерва, както виждам. И аз, ако питаш, не мога да ги разбера нито едните, нито другите, ама хайде, да не им остане хатъра... Знайш, алъш-вериш е то, не е шега... Па да ти кажа ли правичката... (Тука дали няма някой да ни подслушва?) Да ти кажа ли правичката? — И едните, и другите са маскари!... Ти мене слушай, па се не бой! Маскари са до един!... Ама какво да сториш? Не се рита срещу ръжена!... Търговийка, предприятийца, процеси имам в съдилищата — не може. Не си ли с тях — спукана ти е работата! Па и мене нали ми се иска — я депутат да ме изберат, я кмет. Келепир има в тия работи. Хората пара натрупаха, ти знаеш ли? Хубаво, ама като не им клатиш шапка — дявол не може те избра! Тъй е! Аз съм врял и кипял в тия работи, че ги разбирам... Иречек едва ли се е съмнявал, че гостът му разбира „тия работи“.","Bay Ganyo fell silent and began to sip his coffee with relish. Now that’s what you call sipping!... To be in such a pleasant mood, to spend whole hours with a companion, to be in a room where no one will hear what you are saying, and even if they do hear it, they won’t understand you — under such favorable conditions, to hold back and not start talking politics is beyond Bay Ganyo’s strength. He could not restrain himself; he poured out his soul:

— Well, Bay Irechek, tell me, your honor, are you a Liberal or a Conservative? I suppose you’re a Conservative, as I see it. And I, if you ask me, can’t make heads or tails of either of them, but all right, let’s not offend them... You know, it’s all trade and bargaining, no joke... Shall I tell you the plain truth... (Might there be someone listening to us here?) Shall I tell you the plain truth? — Both of them are scoundrels!... Listen to me, and don’t be afraid! They’re all scoundrels, every last one of them!... But what can you do? You can’t kick against the pricks!... I’ve got little businesses, little enterprises, lawsuits in the courts — what can you do? If you’re not with them, you’re done for! And besides, don’t I want it myself — to be elected deputy, or mayor? There’s profit in such things. People have piled up money, do you know that? Fine, but if you don’t tip your hat to them — the devil himself couldn’t get you elected! That’s how it is! I’ve been through thick and thin in these matters, so I understand them...

Irechek could hardly have doubted that his guest understood “these matters.”"
07_bai_ganyo_goes_visiting_bul.csv,"Бай Ганьо, като се убеди окончателно, че няма възможност да се настани у Иречека на квартира, дигна си дисагите, без да чува увещанията на стопанина да ги остави у дома му, додето си намери помещение, и тръгна, съпроводен от слугата, за Nàrodny Kavàrna — кафенето, в което се събират българите студенти. Беше вече седем часа, когато той влезе в кафенето с дисагите в ръка и с калпака на главата. Иди, че не го познай кой е и откъде е! Отляво на входа, около една маса, седяха няколко студенти българи.","Bai Ganyo, having finally convinced himself that there was no possibility of lodging with Irechek, picked up his saddlebags, paying no heed to the host’s entreaties to leave them at his house until he found accommodation, and set off, accompanied by the servant, for Nàrodny Kavàrna — the café where Bulgarian students gathered. It was already seven o’clock when he entered the café with the saddlebags in his hand and his kalpak on his head. You’d never guess who he was or where he came from! To the left of the entrance, around a table, sat several Bulgarian students."
07_bai_ganyo_goes_visiting_bul.csv,"Един от тях видя входящия съотечественик и сбута другите: „Българин, българин!“ Всички се обърнаха в момента, когато бай Ганьо спря един келнер, носещ поднос с кафета, и като се стараеше колкото е възможно повече да изкриви българските думи, за да ги направи понятни за чужденеца, попита с висок глас: „Дека овде български малчики?“ — и придружи въпроса с движение на главата и свободната си ръка. Дружен смях от лявата страна прекрати недоумението на келнера. Бай Ганьо се обърна и позна своите черноокички, чернокосички, сгушени съотечественици.","One of them saw the incoming compatriot and nudged the others: “A Bulgarian, a Bulgarian!” Everyone turned at the moment when Bay Ganyo stopped a waiter carrying a tray of coffees and, trying as much as possible to distort the Bulgarian words so as to make them understandable to the foreigner, asked in a loud voice: “Where here Bulgarian little boys?” — and accompanied the question with a movement of his head and free hand. A burst of laughter from the left side put an end to the waiter’s bewilderment. Bay Ganyo turned and recognized his dark-eyed, dark-haired, huddled compatriots."
07_bai_ganyo_goes_visiting_bul.csv,"— О-о! Добър ден! Тука ли сте биле? — извика той от сърце, сложи дисагите и почна да граби ръцете на студентите. — Какво ме гледате? Не бойте се, българин съм... Я ми направете място да седна.","— Oh! Good day! Have you been here? — he cried heartily, set down the saddlebags, and began to seize the students’ hands. — Why are you looking at me? Don’t be afraid, I’m Bulgarian... Make room for me to sit down."
07_bai_ganyo_goes_visiting_bul.csv,"— Как ви казват, господине — полюбопитствува един от студентите.","— What is your name, sir? — one of the students asked curiously."
07_bai_ganyo_goes_visiting_bul.csv,— Мене ли? Защо питаш? Ганьо Балкански. Донесох във вашата Прага малко гюлово масло — ей го тука в дисагите.,— Me? Why do you ask? Ganyo Balkanski. I brought a little rose oil to your Prague — here it is in the saddlebag.
07_bai_ganyo_goes_visiting_bul.csv,— Тъй ли? — извика в патриотически екстаз един от по-младите студенти. — Я дайте да го видим.,"— Is that so? — cried one of the younger students in patriotic ecstasy. — Come on, let us see it."
07_bai_ganyo_goes_visiting_bul.csv,Той наистина беше чувал само за розово масло.,He had really only heard of rose oil.
07_bai_ganyo_goes_visiting_bul.csv,"— Какво ще му гледаш, масло като масло — отговори бай Ганьо, — то не е за вас. Оставете вий маслото, па ми кажете друго: де да се настаня? Бях сега у бай Иречека...","— What are you going to look at in it, oil is oil — replied Bay Ganyo, — it’s not for you. Leave the oil alone and tell me something else: where am I to settle down? I was just at Bay Irechek’s..."
07_bai_ganyo_goes_visiting_bul.csv,— Тъй ли? — извика пак екзалтираният студент.,— So? — cried the exalted student again.
07_bai_ganyo_goes_visiting_bul.csv,"— Как „тъй ли“? Че защо да не му отида? Отидох — мисля, ще си покаже човещината, ще ме покани у тях на гости. Тая вяра! Тясна ми, кай, квартирата, па не знам какво, па не знам що. Обичал, кай, българите... Той ли! Като има келепир, и бай ти Ганьо знае да обича. — Тъй ли се посреща българин? Българин!... Да не ви излъжа, нахрани ме човека. И то каква храна — нейсе, запуши я!... Къде са по-гостоприемни българите; българинът, една стая да има, пак ще те покани...","— “What do you mean, ‘so’?” Why shouldn’t I go to him? I went — I thought he’d show some human decency and invite me to his home as a guest. That faith! “My place is too cramped,” he says, “and I don’t know what else, I don’t know what.” He loves, he says, Bulgarians... Him! When there’s profit to be had, old Ganyo knows how to “love” too. — Is that how you welcome a Bulgarian? A Bulgarian!... Not to lie to you, the man fed me. And what a meal it was — well, let’s just say, it was enough to choke on!... Where are Bulgarians more hospitable; a Bulgarian, even if he has only one room, will still invite you..."
07_bai_ganyo_goes_visiting_bul.csv,Някои от студентите почнаха да се сещат накъде бие бай Ганьо и чакаха от минута на минута да си открие картите. Само екзалтираният студент се отнесе съчувствено към думите му и сподели явно неговото възмущение от негостоприемството на чужденците.,Some of the students began to realize where Bay Ganyo was heading and were waiting from one minute to the next for him to show his hand. Only the exalted student responded sympathetically to his words and openly shared his indignation at the foreigners’ lack of hospitality.
07_bai_ganyo_goes_visiting_bul.csv,"— Наистина, нашите българи са много гостоприемни — потвърди той с най-голяма увереност, — тукашните не искат да те знаят. Киснем тук из кафенетата...","— Indeed, our Bulgarians are very hospitable — he confirmed with the utmost confidence, — the locals don’t want to know you. We’re just lingering here in the cafés..."
07_bai_ganyo_goes_visiting_bul.csv,"Студентът, който каза тия думи, беше много напреднал в цивилизацията, но кой знае защо не се ползуваше с особена репутация между своите другари; види се, някои грехове лежаха на душата му; говореха между другото, че много обичал „да удря келепир“. Не е за чудо! Тоз пусти грях — скъперничеството — по зараза на окръжающата домашна среда вгнездява се почти от детски години; изсушава душата на младия човек, като го превръща в най-студен егоист: нищо нежно, нищо благородно не остава у него. Материалният интерес управлява всичките действия на скъперника и определя отношенията му към окръжающите: никакво морално подбуждение не предшествува, никакво разкаяние не следва действията му, насочени без разбор на средствата към добиване на изгоди. Даже тогава, когато тия действия влекат бедствие или позор за някого, и тогава вместо угризения егоистът-скъперник сеща доволство, като че загубата на другите е негова печалба, нещастието на другите е негово щастие. Едно би смутило нашия млад егоист — да го надхитрува някой. Когато в другите народи думата „хитър“ е синоним с лукав, вероломен и прикачена на някое лице, би го понижила в мнението на обществото, у нас с епитета хитър се кичат като с най-почтена декорация: „Брей! Хитро момче излезе, да е живо на баща си, всинца ни измами! Не можахме да го излъжем! Ашколсун. Браво!“","The student who uttered those words was very advanced in civilization, but for some reason he did not enjoy any particular reputation among his comrades; it seems that some sins weighed on his soul; among other things, people said that he was very fond of “making a quick profit.” No wonder! That accursed sin—miserliness—through the contagion of the surrounding domestic environment takes root almost from childhood; it dries out the soul of the young man, turning him into the coldest egoist: nothing tender, nothing noble remains in him. Material interest governs all the miser’s actions and determines his relations with those around him: no moral impulse precedes, no remorse follows his actions, which, without regard for the means, are directed toward gaining advantage. Even when those actions bring misfortune or shame to someone, even then, instead of pangs of conscience, the selfish miser feels satisfaction, as if others’ loss were his gain, others’ misfortune his happiness. Only one thing would disturb our young egoist—to be outwitted by someone. When in other nations the word “cunning” is synonymous with sly, treacherous, and, when attached to a person, would lower him in society’s esteem, among us the epithet cunning is worn like the most honorable decoration: “Well! What a clever boy he turned out to be, may his father live long, he fooled us all! We couldn’t deceive him! Bravo. Well done!”"
07_bai_ganyo_goes_visiting_bul.csv,"Никакви действия и отношения нямаха смисъл за Бодкова — тъй се казваше той, — ако от тях не произтичаше нещо   кьораво,   някой келепир. (Дали има в европейските езици думи, съответствующи на тия, в това им значение?) Ако посещаваше тамошните семейства, това не го правеше от общителност, от желание да се запознае с начина на живота у по-цивилизованите кръгове; умствените и нравствените интереси на това общество не само че не го занимаваха, но му бяха и в тягост — те като че бяха скучни интервали, нестърпими паузи, които го разделяха от целта на посещенията му — от кьоравото: я някое угощенийце, я някоя разходка на тяхна сметка. Той не можеше да си представи познанство с жени без задни мисли. Държеше цял списък на моми — коя колко зестра има; друго не го интересуваше в това отношение. Също така интересът определяше отношенията му към другарите. Ласкателства, злословия, интрижки и доноси бяха оръдията на неговите изгоди. Даже такива неща като национални и племенни симпатии и антипатии му служеха само да извлича лична полза. Неведнъж е бъркал той в кесиите на разни славянски комитети ту като „от Батак“, ту като „емигрант“. Но за тия работи Асланов е по̀ майстор.","No actions or relationships meant anything to Bodkov — that was his name — unless something tangible, some profit, came out of them. (Are there words in the European languages corresponding to these, in this sense?) If he visited the local families, he did not do so out of sociability or a desire to become acquainted with the way of life in more civilized circles; the intellectual and moral interests of that society not only did not engage him, but were a burden to him — they seemed like boring intervals, unbearable pauses, separating him from the purpose of his visits — from the tangible: some little feast, or some outing at their expense. He could not imagine acquaintance with women without ulterior motives. He kept a whole list of girls — how much dowry each had; nothing else interested him in that respect. Interest likewise determined his relations with his comrades. Flattery, slander, intrigues, and denunciations were the instruments of his advantage. Even things like national and tribal sympathies and antipathies served him only as a means of extracting personal gain. More than once he had dipped into the pockets of various Slavic committees, sometimes as “from Batak,” sometimes as an “emigrant.” But Aslanov is more of a master at those things."
07_bai_ganyo_goes_visiting_bul.csv,"Такъв беше екзалтираният студент, който поддържа бай Ганя в мнението му за егостоприемството на чужденците. — Да, киснем тука из кафенетата, никой не ни кани на гости — повтори той в угода на бай Ганя.","Such was the exalted student who supported Bay Ganyo in his opinion of the foreigners’ egostopriemstvo. — Yes, we’re just soaking here in the cafés; nobody invites us to visit them — he repeated, to please Bay Ganyo."
07_bai_ganyo_goes_visiting_bul.csv,"— Ами ти де искаш да те оставят да киснеш? — обади се с презрителна усмивка един студент с жлъчен изглед, който, види се, отдавна таеше ненавист към младия егоист. — На ръце ли искаш ти да те носят? Защо? Затуй ли, че неуспял още прага на къщата им да прескочиш, ти ще закачиш първо слугинята, която те посрещне в коридора! Затуй ли, че в тяхното общество ти или като дъб мълчиш, или разтваряш уста само да бръщолевиш пошлости и глупости? Затуй ли, че в лицето им ще ги възхваляваш до небеса, а зад гърба им ще ги злословиш? Затуй ли, че ще им пуснеш прах в очите и ще се препоръчаш за син на милионерин-фабрикант или притежател на кораби, когато баща ти има два чарка за гайтан или две пробити враници — само за да можеш да обаеш родителите и да увлечеш дъщеря им? Защо ще те приемат с разтворени обятия? Кой си ти? Какъв си им? Кому в очите пъхаш твоето гостоприемство? И какво е туй твое прехвалено гостоприемство! — Туй ли, че българинът ще ти постеле мазна постелка и ще те завие със съмнително алище? Ах, оставете, ради бога, тия дивашки самохвалства! Не е ли време да си отворим вече очите?","— Well then, why do you want them to let you loaf around? — said a student with a bitter expression, smiling contemptuously; he evidently had long harbored hatred for the young egoist. — Do you want to be carried on their hands? Why? Because, not yet having managed to cross the threshold of their house, you will first flirt with the maid who meets you in the hallway? Because in their society you either keep silent like an oak, or open your mouth only to spout vulgarities and nonsense? Because to their faces you will praise them to the skies, and behind their backs you will slander them? Because you will throw dust in their eyes and present yourself as the son of a millionaire manufacturer or a shipowner, when your father has two charaks of braid-making thread or two broken crows’ nests—just so you can bewitch the parents and carry off their daughter? Why should they receive you with open arms? Who are you? What are you to them? In whose eyes are you thrusting your hospitality? And what is this much-vaunted hospitality of yours? — Is it that a Bulgarian will spread a greasy pallet for you and cover you with a dubious blanket? Ah, for God’s sake, enough of these savage boasts! Isn’t it time we opened our eyes already?"
07_bai_ganyo_goes_visiting_bul.csv,"— Какво си се запалил бе? Сега ли му намери времето да се караш — обади се един от студентите, — когато ни е дошъл гост?",— What are you getting worked up about? Did you just now find the time to argue — one of the students chimed in — when we have a guest?
07_bai_ganyo_goes_visiting_bul.csv,"— Нека се поизприкаже човека, пари не иска я? — успокои го бай Ганьо с този типичен аргумент: „П а р и   н е   и с к а   я!“ Може да говори, каквото ще, да върши, каквото ще, само пари да не иска, само да не се косва до нашия джеб, до нашите интереси. Може и да лъже, пари не иска я!","— Let the man have his say, he doesn’t want money, does he? — Bay Ganyo reassured him with this typical argument: “H e   d o e s n ’ t   w a n t   m o n e y!” He may say whatever he wants, do whatever he wants, as long as he doesn’t ask for money, as long as he doesn’t touch our pocket, our interests. He may even lie, he doesn’t want money!"
07_bai_ganyo_goes_visiting_bul.csv,"Но след този случаен инцидент не можа вече да се поддържа дружен разговор. Компанията утихна и един след други почнаха да си разотиват. Останаха от българите само бай Ганьо и екзалтираният студент, който не искаше да пропусне случая да извлече някоя полза от своята случайна среща с българския търговец на розово масло. — Претъркули се тенджурата, че си намери капака.","But after this accidental incident, a friendly conversation could no longer be maintained. The company fell silent, and one after another they began to leave. Of the Bulgarians, only Bay Ganyo and the exalted student remained, who did not want to miss the chance to derive some benefit from his chance encounter with the Bulgarian rose-oil merchant.

— The pot rolled until it found its lid."
07_bai_ganyo_goes_visiting_bul.csv,"Не се измина един час, и студентът успя така да наклепе другарите си пред бай Ганя, щото го накара от все сърце да извика: „Ашколсун кьопоолар!“ След още един час бай Ганьо беше вече в стаята на студента, който умя доста изкусно да експлоатира в своя полза дохождането на гостенина, когото препоръча на хазяите си за свой роднина, милионер, който „има сума фабрики за розово масло“. Той успя да заемне от хазяйката — на която не беше плащал доста отдавна наема за стаята — десет гулдена. Додето в едната стая студентът превъзнасяше богатствата на бай Ганя, в съседната стая бай Ганю беше вече съблякъл антерията си и търсеше в нея нещо с голямо внимание, като мъмреше под носа си: „Пак се навъдил тоя пусти гад.“ Понятието за чистота не е развито в твърде висока степен у бай Ганя. „Хич жив човек без гад бива ли?“ — казват старите хора у нас и успокоени с тази аксиома, не препятствуват твърде усърдно на размножаването на животинките. Па и защо ще се лишават от едно такова удоволствие: пекнало слънце, че защо му е туй слънце, ако не може да излезе на чардака, да се изтегне на рогозката, да кихне два-три пъти от праха й, че да дойде баба му, че да си сложи главата на коляното й, па тя да си завре костеливите пръсти с траурни нокте в косата му и като че требе ориз, да почне чук! — отсам, чук! — оттатък, че като се изплашат животинките, че като плъзнат по главата, па едно приятно гъделичкане, че като запее бабата, а онова ти слънце балканско пекнало! Идилия...","Not an hour had passed, and the student had managed to blacken his comrades so thoroughly before Bay Ganyo that he made him exclaim with all his heart: “Aferin, you scoundrels!” After another hour, Bay Ganyo was already in the student’s room, and the student skillfully exploited the guest’s arrival to his own advantage, introducing him to his landlords as his relative, a millionaire who “owns a whole heap of rose-oil factories.” He managed to borrow ten guilders from the landlady — to whom he had not paid the rent for the room for quite a long time. While in one room the student was extolling Bay Ganyo’s riches, in the neighboring room Bay Ganyo had already taken off his anteriya and was searching through it very carefully for something, muttering under his breath: “That cursed vermin has shown up again.”

The notion of cleanliness is not developed to a very high degree in Bay Ganyo. “Can a living person be without vermin?” — say the old people among us, and, reassured by this axiom, do not very zealously hinder the multiplication of the little creatures. And why should they deprive themselves of such a pleasure: the sun is shining hot, so what use is that sun if one cannot go out onto the porch, stretch out on the mat, sneeze two or three times from its dust, then have grandmother come, put one’s head on her knee, and she, with her bony fingers and mourning nails, dig into his hair and, as if shelling rice, begin: crack! — here, crack! — there, so that the creatures get frightened and start crawling over the head, and then there is a pleasant tickling, and grandmother starts singing, while that Balkan sun is blazing! Idyl..."
07_bai_ganyo_goes_visiting_bul.csv,"Бай Ганьо, след като свърши своите ентомологически издирвания, възстанови си тоалета и без да почука, влезе в съседната стая, но тозчас извика: „Пърдон!“ — и имаше защо: той завари в твърде нежно vis a vis студента и дъщерята на стопанката — те бяха се прегърнали, както подобава на две млади влюбени сърца. Момата, засрамена, избяга в другата стая.","Bai Ganyo, after finishing his entomological investigations, straightened up his attire and, without knocking, entered the neighboring room, but immediately exclaimed, “Pardon!”—and for good reason: he found the student and the landlady’s daughter in a very tender *vis-à-vis*—they had embraced each other, as befits two young loving hearts. The girl, ashamed, ran into the other room."
07_bai_ganyo_goes_visiting_bul.csv,— А бе защо влизаш така? Засрами момичето — каза с ироническо подмигване студентът.,"— Hey, why are you coming in like that? You’re embarrassing the girl — said the student with an ironic wink."
07_bai_ganyo_goes_visiting_bul.csv,"— Ударил си келепира! — пошепна таинствено бай Ганьо с очи, светнали като на манастирски котарак. — Лъскава, дявол да я вземе! Слугиня ли е?","— You’ve hit the jackpot! — whispered Bay Ganyo mysteriously, his eyes shining like those of a monastery tomcat. — Shiny, the devil take it! Is she a maid?"
07_bai_ganyo_goes_visiting_bul.csv,— Каква слугиня! Дъщеря на хазяйката!,— What a maid! The landlady’s daughter!
07_bai_ganyo_goes_visiting_bul.csv,"— Тъй ли? Тука не можеш да ги разбереш коя е слугиня, коя е господарка, все лъскави, все чисто облечени. Изпречи се някоя насреща ти, хили се така мазно-мазно, мислиш, слугиня е, закачиш я, вземеш си беля на главата; изпречи се друга, хубавичка, смирена, мислиш, ха това е господарката, станеш й на крака, поканиш я да седне, тя се срами — хелбетя! — говориш й с политика, па сетне я видиш, че ти чисти ботушите!","— Really? Here you can’t tell who is a maid and who is a mistress; they’re all polished up, all neatly dressed. If one of them steps out in front of you, grinning so sweetly and smoothly, you think she’s a maid, you tease her, and you bring trouble on your own head; if another appears, pretty and modest, you think, ah, this must be the mistress, you rise to your feet, invite her to sit down, she’s embarrassed — damn it! — you speak to her politely, and then you see her cleaning your boots!"
07_bai_ganyo_goes_visiting_bul.csv,"От разказите на студента, акомпанирани с разни жестове, с които той украшаваше и даваше повече сила и значение на думите си, бай Ганьо узна, че младият момък от няколко месеца под вид на чиста любов атакира с една неотразима настойчивост дъщерята на своята хазяйка-вдовица.","From the student’s stories, accompanied by various gestures with which he embellished and gave greater force and meaning to his words, Bay Ganyo learned that for several months the young man had, under the guise of pure love, been attacking the widow’s daughter with irresistible persistence."
07_bai_ganyo_goes_visiting_bul.csv,"— И тя, диването — пояснява разказвачът, — се надява, че ще я взема за жена! Нека се надява и нека ме храни хубавичко, нека ми ший ризи. Да беше някоя богата — разбирам да я вземе човек, ами тя фукара като мене. Увива се около мене, защото ме счита за богаташ. Я да ме знае какъв съм, ще ламти ли? Страшни спекулантки са тукашните! Ама и аз зная да ги въртя я? — И той разправи надълго и нашироко как ги върти...","— And she, the wild one — the narrator explains, — hopes that I’ll take her as my wife! Let her hope, and let her feed me well, let her sew shirts for me. If she were some rich woman — I’d understand a man taking her, but she’s a pauper like me. She’s winding herself around me because she thinks I’m a rich man. If she knew what I really am, would she still be after me? The local women are terrible schemers! But I know how to handle them too, don’t I? — And he went on at length, explaining how he handled them..."
07_bai_ganyo_goes_visiting_bul.csv,"— Ашколсун! — извика бай Ганьо с маслени очи, възхитен от младия събеседник.","— Bravo! — cried Bay Ganyo, with oily eyes, delighted by the young interlocutor."
07_bai_ganyo_goes_visiting_bul.csv,"— Чакай де, че само това ли е? Ако е това, хич да не е! Друга, друга една има, хвърлил съм око на нея, ама кой знай! На, ней да мога да завъртя мозъка — има какво да се удари. Богата! За утре съм поканен у тях на гости, че ще ме водят на едно село на разходка.","— Wait a minute, is that all? If that’s all, then forget it! There’s another one, another one—I’ve got my eye on her, but who knows! If only I could turn her head—there’s something worth going after. Rich! I’ve been invited to their place tomorrow as a guest, and they’re going to take me to a village for a walk."
07_bai_ganyo_goes_visiting_bul.csv,— Ами на фабриките кога ще ме водиш? — попита практическият бай Ганьо.,"— Well, when are you going to take me to the factories? — asked the practical Bay Ganyo."
07_bai_ganyo_goes_visiting_bul.csv,"— Лесна работа, в други ден. Ти утре остани тука, върти се около тях, те, като те видят, че не знаеш език, няма да те оставят да идеш на гостинницата, ще те поканят у тях и ще се наядеш бадева.","— Easy work, the day after tomorrow. You stay here tomorrow, hang around them; when they see that you don’t know the language, they won’t let you go to the inn, they’ll invite you to their place, and you’ll get a free meal."
07_bai_ganyo_goes_visiting_bul.csv,"И наистина, на другия ден сутринта рано студентът отиде на гости, а бай Ганьо остана в квартирата само с хазяите. Както обикновено, и този ден той стана много рано, събуди и изпрати другаря си и чака още цял час, додето да се събудят стопанките. Това чакане беше много тежко за него, той чувствуваше някаква голяма нужда, като всеки човек, па забрави да попита и студента где е онова и — ще не ще — трябваше да чака да станат домашните и — срам не срам — да ги попита. Много е лошо, като не знае човек език на чужбина, за най-простото нещо не могат да те разберат, все трябва с ръце, с пръсти да им разправяш, да им показваш... А пък всяко нещо показва ли се? Бай Ганьо знаеше езици, по турски да ти приказва като турчин, влашки разбираше, сръбски, руски чат-пат, но немците и чехите не разбират ни един от тези езици. Не може да се каже, че бай Ганьо съвсем не знаеше немски, знаеше някоя и друга дума.","And indeed, the next morning early the student went out visiting, and Bay Ganyo remained in the lodging alone with the hosts. As usual, that day too he got up very early, woke his companion and saw him off, and then waited a whole hour until the landladies woke up. This waiting was very hard for him; he felt some great need, like any person, but he forgot to ask the student where that thing was, and—whether he liked it or not—he had to wait for the household to get up and—shame or no shame—to ask them. It is very bad when a person does not know the language abroad; for the simplest thing they cannot understand you, and you always have to explain with your hands, with your fingers, to show them... But can everything be shown? Bay Ganyo knew languages: he could talk Turkish like a Turk, understood Romanian, and knew Serbian and Russian here and there, but the Germans and Czechs do not understand any of those languages. It cannot be said that Bay Ganyo did not know German at all; he knew a word or two."
07_bai_ganyo_goes_visiting_bul.csv,"В съседната стая стопанките станаха и се разшаваха. Бай Ганьо погледна през ключалката не от някое неприлично любопитство, а да види дали са вече облечени и внимателно, със затаено дишане, като се запознаваше с техния тоалет, съчиняваше в ума си една фраза по немски, която да отговаря на нашето: „Де е онова, за голяма работа?“ — и най-сетне от буквалния превод скомбинира фразата: „Wo is diese fur gross Arbeit?“ — Чук! чук! чук!","In the neighboring room the ladies got up and began to bustle about. Bay Ganyo looked through the keyhole not out of any improper curiosity, but to see whether they were already dressed and, carefully, holding his breath, as he took in their attire, he was composing in his mind a phrase in German that would correspond to our: “Where is that thing for the big job?” — and at last, from the literal translation, he cobbled together the phrase: “Wo is diese fur gross Arbeit?” — Knock! knock! knock!"
07_bai_ganyo_goes_visiting_bul.csv,— Prosim! — обадиха се от съседната стая два женски гласа.,— Please! — called out two female voices from the neighboring room.
07_bai_ganyo_goes_visiting_bul.csv,"Бай Ганьо отвори вратата, каза едно „пърдон“ и срамежливо изрече: —  Wo is diese fur gross Arbeit? — и пошава с пръсти за усилване на въпроса.","Bay Ganyo opened the door, said a “pardon,” and shyly uttered: — Wo is diese fur gross Arbeit? — and gestured with his fingers to emphasize the question."
07_bai_ganyo_goes_visiting_bul.csv,"— Co, pàn? — попита в недоумение момата, като се стараеше да разгледа външността на препоръчания от любовника й милионер.","— What, sir? — asked the girl in bewilderment, trying to make out the appearance of the millionaire recommended by her lover."
07_bai_ganyo_goes_visiting_bul.csv,"— Fur gross Arbeit? — повтори още по-сконфузен бай Ганьо и пак пошава с пръсти и с глава, но забеляза, че не го разбраха.","— For gross work? — repeated Bay Ganyo, even more embarrassed, and again gestured with his fingers and his head, but noticed that he had not been understood."
07_bai_ganyo_goes_visiting_bul.csv,"Разбраха го те, но не тъй, както трябваше; жените помислиха, че той им съобщава, че е дошъл да върши големи работи, голяма търговия с розово масло.","They understood him, but not as they should have; the women thought that he was telling them he had come to do big business, a large trade in rose oil."
07_bai_ganyo_goes_visiting_bul.csv,"„Хай, дявола! — мисли си бай Ганьо. — Какво да правя сега?“ — И за да не бъде поне дъщерята свидетел на неговото затруднително положение, той повика с ръка майката в стаята си, затвори вратата и след като повтори пак по немски въпроса, допълни го този път с една отчаяна мимика, която накара дамата да избяга, задавена от сдържан смях, в другата стая. Яви се слугинята и удовлетвори любопитството на бай Ганя. Едно трио от непрекъснат женски смях покърти стените.","“Damn the devil!” thinks Bay Ganyo. “What am I to do now?” — And so that at least the daughter would not witness his embarrassing predicament, he beckoned the mother into his room, closed the door, and, after repeating the question in German once more, this time added a desperate gesture that made the lady flee, choked with suppressed laughter, into the other room. The maid appeared and satisfied Bay Ganyo’s curiosity. A trio of unbroken female laughter shook the walls."
07_bai_ganyo_goes_visiting_bul.csv,"Ароматът, изходящ през отворените врата на кухнята в коридора, подразни апетита на бай Ганя и той от любопитство надникна да види какво готвят. Там бяха стопанката и слугинята.","The aroma, wafting through the open kitchen door into the corridor, whetted Bay Ganyo’s appetite, and out of curiosity he peered in to see what they were cooking. There were the mistress of the house and the maid."
07_bai_ganyo_goes_visiting_bul.csv,"— Was ist das? — попита бай Ганьо с един снизходителен тон, не толкова от желание да се запознае с кулинарното изкуство на чехите, колкото да покаже, че е врял и кипял из Европа и ги знае тези работи, па знае и по немски да говори. — Супа, нали? Супа готвите? Зная аз. Ich versten supa!","— What is that? — asked Bay Ganyo in a condescending tone, not so much out of a desire to get acquainted with the Czechs’ culinary art, as to show that he had been around Europe and knew these things, and that he could speak German too. — Soup, right? You’re making soup? I know. Ich versten supa!"
07_bai_ganyo_goes_visiting_bul.csv,"И бай Ганьо с една смес от немски, български и изкривено български, подпомогнат и от внушителни жестикулации, даде на стопанката да разумее, че той не би се отказал да опита вкуса на тяхната кухня. Като видя, че жените показаха по-голяма склонност да се обясняват на чешки език, и бай Ганьо обърна на „чешки“ и подкрепи снизходителното си желание с думите: „я хочем кушай“, като изтълкува тия думи с многократно допиране на пръстите си до отворените си уста, и сетне, като посочи трите си пръста, бутна гърдите си с указателния пръст, бутна същия пръст към гърдите на хазяйката и трети път посочи в пространството, като че показваше на невидимата дъщеря на хазяйката, т. е. „да кушай барабар, троица!“ За бай Ганьо беше важно още да знае в кой час ще обядва, понеже се канеше да иде на разходка, та да не пропусне обеда, и сетне „давай пари за ядене, додето има без пари, кьораво“, и затова той извади огромния си часовник и като го поднесе пред носа на стопанката, накара я с пръст да му покаже на стрелките кога ще „кушай“. Когато се убеди,че работата е наред, бай Ганьо влезе в стаята си, натъпка мускалите в пояса си и излезе на улицата да се разходи, па хем ще се разходи, хем може да наскочи някой мющерия за розово масло.","And Bay Ganyo, with a mixture of German, Bulgarian, and mangled Bulgarian, aided by impressive gesticulations, made the landlady understand that he would not refuse to taste the fare of their kitchen. When he saw that the women showed a greater inclination to explain themselves in Czech, Bay Ganyo also switched to “Czech” and reinforced his condescending wish with the words: “ya khochem kushay,” which he interpreted by repeatedly touching his fingers to his open mouth, and then, pointing to his three fingers, he jabbed his chest with his index finger, jabbed the same finger toward the landlady’s chest, and a third time pointed into space, as though indicating the landlady’s invisible daughter, that is, “to eat together, the three of us!” It was also important for Bay Ganyo to know at what hour he would have lunch, since he intended to go for a walk so as not to miss the meal, and then “give money for food while there is free, blind luck,” and so he took out his huge watch and, holding it under the landlady’s nose, made her point with her finger at the hands to show him when he would “eat.” When he was convinced that everything was in order, Bay Ganyo went into his room, stuffed the little flasks into his belt, and went out into the street for a walk, and at the same time he would take a walk and perhaps run into some customer for rose oil."
07_bai_ganyo_goes_visiting_bul.csv,"Гледа бай Ганьо, улици много се пресичат, може да се сбърка пътя, може да се изгуби и като практичен човек поогледа се наоколо да забележи някой знак, по който да може да познае къщата, и видя на срещната страна, на една задна стена, надпис с големи букви; той извади тефтерчето си, наслюни плайваза, написа едно точно копие от надписа и напълно уверен, че има в ръцете си най-точния адрес на квартирата си, впусна се из тесните улици на стара Прага, па ха туй да погледне, ха онуй да погледне, ха тук мющерия, ха там мющерия увлече се и оставете, че се увлече, ами побърка пътя. Ами сега? Че като тръгна да си дири къщата, че като се забатачи още повече из еврейските улици, па минува час, минуват два часа, задъни се в някоя къща — няма изход, тръгне по друго направление, върви, върви и изскочи на брега на Вълтава. „Хай, дявола, ами сега?“ Па оставете другото, ами дойде време за обед, дойде, че и замина. Подпретнал се оня ми ти бай Ганьо, крачи ли, крачи, станал вир-вода, запъхтял се, на нищо не прилича. Хората, които той срещаше, особено полицейските, го поглеждаха подозрително: това още повече го смути. „Хай, дявола, ами сега?“ Пък гладен, в стомаха му революция, но за какъв бяс ще си дава паричките на вятъра, когато е поканен на обед?","Bai Ganyo looked around: many streets crossed here, one could easily take the wrong road, one could get lost, and, being a practical man, he glanced about to notice some sign by which he might recognize the house. He saw, on the opposite side, on a back wall, an inscription in large letters; he took out his notebook, moistened his pencil, copied the inscription exactly, and, fully convinced that he now had in his hands the most precise address of his lodgings, plunged into the narrow streets of old Prague. Now he would look at this, now at that, now here a customer, now there a customer; he got carried away, and not only got carried away, but lost his way altogether. What now? As he set out to look for his house, he got even more hopelessly tangled in the Jewish streets; an hour passed, then two hours passed, he would run into some house — no exit; he would take another direction, walk and walk, and suddenly come out on the bank of the Vltava. “Well, devil take it, what now?” And to make matters worse, lunchtime came — came and went. That Bai Ganyo trudged on and on, walked and walked, drenched to the skin, out of breath, looking like anything but himself. The people he met, especially the policemen, looked at him suspiciously, which only made him more confused. “Well, devil take it, what now?” And he was hungry too, his stomach in revolt, but why on earth should he throw his money to the wind when he had been invited to lunch?"
07_bai_ganyo_goes_visiting_bul.csv,"Но, ще речете вий, защо се лута бай Ганьо из улиците, когато адресът е в джеба му? Е че там е работата я! И бай Ганьо не е прост, мигар мислите вий, че той не се сети да извади тефтерчето си, да поспре тогоз-оногоз на улицата и като му посочи написания адрес, да го попита с пръсти „накъде“. Знае той тия работи, спира той и мъже, и жени, но чудно нещо — когото спре да попита, щом му посочи написаното, или ще го изгледат зачудено и ще се изсмеят, или ще се отвърнат от него с негодувание. Една дама, вероятно някоя нервозна стара девица, като й показа адреса, така се сопна насреща му, че и бай Ганьо изгуби кураж. „Хай, дявола, или аз съм побъркан, или цяла Прага е подлудяла“ — мисли си той и не може да се начуди на ефекта, който произвежда неговият написан адрес; хем си мисли, хем се оглежда и по едно време — не е ли туй щастие? — гледа, пред него изпъква Nàrodny Kavàrna, кафенето, дето се събират българите студенти. Влиза бай Ганьо вътре и намира сърдития студент.","But, you may ask, why is Bay Ganyo wandering about the streets when the address is in his pocket? Well, that’s the point! Bay Ganyo is no fool; do you think he did not think to take out his little notebook, stop one person after another in the street, and, pointing to the written address, ask them with his finger “which way”? He knows these things; he stops both men and women, but strangely enough — whoever he stops and asks, once he shows them what is written, they either look at him in astonishment and laugh, or turn away from him in indignation. One lady, probably some nervous old maid, when he showed her the address, snapped at him so sharply that even Bay Ganyo lost heart. “Well, damn it, either I’m crazy, or all Prague has gone mad,” he thinks to himself, and cannot stop wondering at the effect produced by his written address; while thinking, he keeps looking around, and then — isn’t this luck? — he sees before him Nàrodny Kavàrna, the café where Bulgarian students gather. Bay Ganyo goes in and finds the angry student."
07_bai_ganyo_goes_visiting_bul.csv,"— Добър ден! А бе я ми кажи, твоя милост, аз ли съм луд, тукашните хора ли са луди? — пита бай Ганьо, запъхтян, с прилепнали на челото мокри коси.","— Good day! Tell me, your grace, am I the one who’s crazy, or are the people here crazy? — asks Bay Ganyo, out of breath, with wet hair plastered to his forehead."
07_bai_ganyo_goes_visiting_bul.csv,"Студентът го изгледа въпросително. Бай Ганьо му разказа как се е заблудил, как е разпитвал за къщата си по адреса и какво му са отговаряли.","The student looked at him questioningly. Bay Ganyo told him how he had gotten lost, how he had asked for his house by the address, and what they had answered him."
07_bai_ganyo_goes_visiting_bul.csv,"Студентът, като знае, че чехите, груби и фанатици само спрямо немците, инак са доста любезни, не може да се начуди как така да не услужат на бай Ганя.","The student, knowing that the Czechs are rude and fanatical only toward the Germans, and otherwise quite polite, cannot help wondering how they could fail to do a favor for Bay Ganyo."
07_bai_ganyo_goes_visiting_bul.csv,"— Я прочети, моля ти се, какво пише тука! — и бай Ганьо поднесе тефтерчето.","— Read it, please, what does it say here! — and Bay Ganyo handed over the little notebook."
07_bai_ganyo_goes_visiting_bul.csv,"Студентът го прочете:, отначало се понамръщи, че като прихна!...","The student read it: at first he frowned a little, then he burst out laughing!..."
07_bai_ganyo_goes_visiting_bul.csv,— На някоя дама показахте ли тоя адрес? — попита той през смеха.,"— Did you show this address to any lady? — he asked, laughing."
07_bai_ganyo_goes_visiting_bul.csv,— Защо? Показах го зер! Е?,"— Why? I showed it, didn’t I? Well?"
07_bai_ganyo_goes_visiting_bul.csv,— Е? Знаете ли какво е написано тук?,— So? Do you know what is written here?
07_bai_ganyo_goes_visiting_bul.csv,— Какво?,— What?
07_bai_ganyo_goes_visiting_bul.csv,— Написано е „...Zde je zapovedeno...“ „Тук е запретено да се...“ Ти си го преписал от някоя стена.,— It says “...Zde je zapovedeno...” “It is forbidden here to...” You copied it from some wall.
07_bai_ganyo_goes_visiting_bul.csv,"— Има хас! Гледай! Ц... ц... ц! Истина ли казваш? Гледай! — каза бай Ганьо, поцъка малко с езика си, па почна и той да се смее.","— Indeed! Look! T... t... t! Are you telling the truth? Look! — said Bay Ganyo, clicked his tongue a little, and then he too began to laugh."
07_bai_ganyo_goes_visiting_bul.csv,"Студентът не знаеше квартирата на Бодкова, те не си ходеха един у други, и затова посъветва бай Ганя да почака, та все ще дойде някой българин да му укаже къщата. Лесно е да се каже „почакай“, ама бай Ганьовият стомах да видим дали е на същото мнение! А че не беше на същото мнение, това го доказа демонстративно с едно нескончаемо куркане.","The student did not know Bodkova’s lodging; they did not visit one another, and so he advised Bay Ganyo to wait, since some Bulgarian would surely come along and point out the house to him. It is easy to say “wait,” but let us see whether Bay Ganyo’s stomach was of the same opinion! And that it was not of the same opinion, he demonstrated it emphatically with an endless rumbling."
07_bai_ganyo_goes_visiting_bul.csv,"— Вий да не сте гладни? — попита го студентът, като чу революционните сигнали.","— Aren’t you hungry? — the student asked him, hearing the revolutionary signals."
07_bai_ganyo_goes_visiting_bul.csv,"— Кой, аз? — Не съм — поизлъга бай Ганьо, защото, ако кажеше истината, онзи ще му покаже гостинницата, а съвсем не иде да му се признае („Как ще му кажа на таквоз опърничаво хлапе!“), че го чака келепир ядене у стопанките.","— Me? — I’m not — lied old Ganyo a little, because if he told the truth, the other fellow would show him the inn, and he certainly did not want to admit to him (“How am I supposed to tell such a stubborn brat!”) that a profitable meal was waiting for him at the hosts’ place."
07_bai_ganyo_goes_visiting_bul.csv,"Разговор между бай Ганьо и ""опърничавото хлапе"" не можа да се завърже. От първа среща и инстинктивно някак те сетиха, че не са един за друг, защото според българската пословица (ех, че изящни пословици е създал българският гений!) „краставите магарета през девет баира се подушват“. Единият дошъл от България, другият живял в Европа, все би имало какво да поприказват, понеже все пак трябва да има някоя различка между Запада и нашата татковина. Впрочем тая разлика бай Ганьо не я сещаше, и как ще я сети! Той, дето ходи, носи със себе си своя атмосфера, свои нрави и обичаи, търси си жилище по своите вкусове, среща все свои хора, на които е навикнал и в които, разбира се., не вижда нищо ново: отиде ли във Виена, той ще се спре в хотел „Лондон“, там е също така задушено, също мирише на кухня и на сернисти водород, както и у дома му; среща се със същите турци, арменци, сърби, арнаути, каквито е привикнал да среща всеки ден; няма да иде в кафе „Хабсбург“, понеже го е страх да не го оскубят, а ще влезе пак в гръцкото кафене, което е също тъй нечисто и задушено от вечен дим, както са и нашите кафенета. За търговия ли отива, ще иде при българите търговци, а чрез тях той даже не сеща, че влиза в съприкосновение с европейци. А че именно вън от тая ограничена сфера се почва европейският живот, той нито знае и като че не иска даже и да знае. Възпитанието, нравственият мир на европееца, домашната му обстановка — плод на вековна традиция и постепенно усъвършенствуване умственото движение, — обществените борби и начинът на воденето им, музеите, библиотеките, филантропическите учреждения, изящните изкуства, хилядите проявления на прогреса не обременяват вниманието на бай Ганя.","A conversation between Bay Ganyo and the “contrary little brat” could not get started. From their very first meeting, they somehow instinctively sensed that they were not made for each other, because, according to the Bulgarian proverb (ah, what exquisite proverbs the Bulgarian genius has created!) “mangy donkeys smell each other from nine hills away.” One had come from Bulgaria, the other had lived in Europe; they would surely have had something to talk about, since after all there must be some difference between the West and our fatherland. However, Bay Ganyo did not sense this difference, and how could he have sensed it! Wherever he went, he carried his own atmosphere, his own manners and customs with him; he looked for lodging according to his own tastes, met only his own kind of people, to whom he was accustomed and in whom, of course, he saw nothing new: if he went to Vienna, he would stay at the “London” hotel, where it was just as stuffy, just as full of kitchen smells and hydrogen sulfide as at home; he met the same Turks, Armenians, Serbs, and Albanians he was used to seeing every day; he would not go to Café “Habsburg,” because he was afraid they would fleece him, but would instead go again to the Greek café, which was just as dirty and stifling with perpetual smoke as our cafés are. If he went on business, he would go to the Bulgarian merchants, and through them he would not even realize that he was coming into contact with Europeans. And that it is precisely outside this limited sphere that European life begins, he neither knows nor, it seems, even wants to know. The education, the moral world of the European, his domestic setting — the product of centuries of tradition and gradual refinement, the intellectual movement, the social struggles and the way they are conducted, museums, libraries, philanthropic institutions, the fine arts, the thousands of manifestations of progress — do not burden Bay Ganyo’s attention."
07_bai_ganyo_goes_visiting_bul.csv,"""Чунким баща ми все опери е слушал"" — каже бай Ганьо и обаян от този принцип на окаменелост и ултраретроградство, не се стряска твърде много от „новата мода“, т. е. от цивилизацията. Но при всичко това бай Ганьо няма доблестта на китайците — да се огради със стена против нахлуването на цивилизацията — и при всичко че го въодушевява принципът „баща ми това не е правил и аз няма да го правя“, но току видиш, че си облякъл чиста риза, турил си ръкавици, па кога го назорят, облича и фрак, сърди се, смее се, ама облича фрака. Чуваш го, че казва „pardon“, говори за „костентуцията“, похвалява се сам-там, че обича „супа“, когато всъщност една люта чорба би предпочел от всички европейски гозби.","“Because my father never did that either,” says Bay Ganyo, and, enchanted by this principle of petrification and ultra-retrogression, he is not too alarmed by the “new fashion,” that is, by civilization. But for all that, Bay Ganyo does not have the courage of the Chinese—to wall himself off with a wall against the invasion of civilization—and although he is inspired by the principle “my father never did this, and I won’t do it either,” you suddenly see that he has put on a clean shirt, put on gloves, and when they press him, he even puts on a frock coat; he grumbles, he laughs, but he puts on the frock coat. You hear him say “pardon,” talk about the “constitution,” boast here and there that he likes “soup,” when in fact he would prefer a spicy soup to all European dishes."
07_bai_ganyo_goes_visiting_bul.csv,"— А, ето че иде едно българче, то знае квартирата на Бодкова — заяви ""опърничавото хлапе""...","— Ah, here comes a little Bulgarian boy; he knows Bodkova’s lodging — declared the “stubborn little brat”..."
07_bai_ganyo_goes_visiting_bul.csv,"— Хайде да ме водиш у дома — обърна се бай Ганьо към българчето с такъв   тон,   който би трябвало да изчезне и в отношенията ни към ленивите слуги; но думите ""вежливост"", „учтивост“ са новооткраднати от руски език, „деликатност“ е взета назаем от французите, а у нас най-подходящ за тия понятия термин е думата „лигавене“. Тия меки, нежни, сърдечни обръщения, които характеризират отношенията на цивилизованите хора и които правят живота по-благ, по-приятен — са непонятни за бай Ганя; говори, както дал господ: „Хайде бе, ей, я чувай, заведи ме у дома.“ А какво ще рече то: „Моля ви се, имайте добрината, бъдете тъй любезен“, какви са тези лигавения!...","— Come on, take me home — said Bay Ganyo to the little Bulgarian in a tone that ought to have disappeared even from our dealings with lazy servants; but the words “politeness,” “courtesy” are newly borrowed from the Russian language, “delicacy” is borrowed from the French, and among us the most suitable term for these notions is the word “mushiness.” These soft, gentle, heartfelt forms of address, which characterize the relations of civilized people and make life kinder, more pleasant — are incomprehensible to Bay Ganyo; he speaks as God gave him: “Come on, hey, listen, take me home.” And what does this mean: “I beg you, have the kindness, be so good as to...” what is all this mushiness!..."
07_bai_ganyo_goes_visiting_bul.csv,"Българчето заведе бай Ганя до портата на квартирата му и се върна. Бай Ганьо погледна нещастния надпис на срещната стена, закани му се с глава, поцъка с езика си и влезе в къщата. В коридора не срещна никого, надникна в кухнята — там огънят беше вече изгасен, съдовете изчистени и наредени. „Тюх, язък, пропуснах келепира“ — измъмра бай Ганьо, влезе в стаята си, приклекна над дисагите си, извади из пояса си мускалите, наблъска ги вътре, измъкна размасления кашкавал, отряза си сух хлебец и почна да задушава революцията, като мляскаше до такава степен апетитно, щото и най-ленивата швейцарска крава би му завидяла. За да раздразни своите уморени от непроизводителен труд лимфатически органи, той пропусна в пищевода си една раздъвкана арнаутска чушка, която го накара да се просълзи и да придружи мляскането си с подсмъркване. Слугинята, която шеташе в съседната стая, като дочу странните звукове, с които бай Ганьо акомпанираше закуската си, отвори вратата и надникна в стаята: бай Ганьо срамежливо прикри с гърба си дисагите, обърна своето просълзено и запотено лице, каза: „пърдон!“, смръкна енергически с носа си и пропъди слугинята, т. е. не че й каза да си излезе, но тя побърза да избяга, като помисли, че милионеринът може да е получил някое скръбно известие.","The Bulgarian boy led Bay Ganyo to the gate of his lodging and returned. Bay Ganyo looked at the unfortunate sign on the opposite wall, shook his head at it, clicked his tongue, and went into the house. In the corridor he met no one; he peeped into the kitchen — the fire there had already gone out, and the dishes were cleaned and put away. “Tsk, what a pity, I missed the chance” — muttered Bay Ganyo, went into his room, crouched over his saddlebags, took the little flasks out of his belt and stuffed them inside, pulled out the greasy cheese, cut himself a piece of dry bread, and began to stifle the revolution, munching so appetizingly that even the laziest Swiss cow would have envied him. To irritate his lymphatic organs, tired from unproductive labor, he let down his esophagus a chewed Arnaut pepper, which brought tears to his eyes and made him accompany his munching with sniffles. The maid, who was bustling in the neighboring room, hearing the strange sounds with which Bay Ganyo accompanied his breakfast, opened the door and peeped into the room: Bay Ganyo shyly hid the saddlebags behind his back, turned his tearful and sweaty face, said “pardon!”, sniffed vigorously through his nose, and drove the maid away — that is, not that he told her to go out, but she hurried to run off, thinking that the millionaire might have received some sad news."
07_bai_ganyo_goes_visiting_bul.csv,"Бодков не се върна вечерта. Надвечер стопанките се прибраха; в кухнята пак се запали огън и почнаха да готвят вечеря. Бай Ганьо се счита вече фамилиарен, „па най-сетне, с жени какво ще се церемониш“ — дума той и без всяко предисловие влиза в кухнята и разправя повече с мимика, отколкото с думи, че се е заблудил из улиците и пропуснал обеда, но все едно — има да взема един обед, ще го навакса с една вечеря. Бай Ганьо разбира и от кулинарно изкуство и не само че разбира, но и всяко нарушение на тоя занаят го възмущава. Видя той например, че стопанката се готвеше да сложи в кипящата вода една прясна риба, и въстава с всичката си енергия, хвана ръката на стопанката, измъкна с другата ръка рибата и направи знак с ръка и с глава, с което искаше да каже: „Стойте, не шавайте, само гледайте как се готви риба!“ „Сол“! — командува бай Ганьо. Дават му сол, той си подпретва ръкавите до лактите на влакнатите ръце, бръква в солницата с недотам деликатните си пръсти и почва да соли и да разтрива отвън и отвътре и без туй насолената риба. „Червен пипер!“ — ама де ще имат тия диванета червен пипер! „Чер пипер“ — командува бай Ганьо, граби пипера и търка по рибата. „Скара!“ — тръби тържествующият готвач, но тук не можаха да го разберат, при всичките му жестове, па и той сам назърна наоколо и не можа да забележи скара; но туй препятствие ли е за бай Ганя? Не е той вчерашен! Като взе щипците, нарина всичкия огън пред отвърстието на пещта, остави другите гозби да почиват (то добре, че бяха вече готови), разкрачи щипците, сложи върху тях рибата и рече да я вмъкне в пещта, но вратицата тесни, закачи се рибата, подхлъзна се и — цап! — в огъня. „Ай!“ — извика стопанката. „Нищо, нищо!“ — успокои я бай Ганю, грабна рибата, издуха налепените въглени и пепел и пак я тури на скарата. Дим и рибена миризма напълниха цялата кухня. Стопанките — в отчаяние, бай Ганьо сияй, той е сега в сферата си; хем пече рибата и духа, и подсмръква, раздразнен от апетитния дим, хем командува със свободната си и омацана от обръщането на рибата ръка да слагат трапезата, за да не изстине неговата гозба: „Прясна риба не е ли гореща — хвърли я!“ Рибата, опечена, с оваляна в пепелта опашка и глава, сложиха в една чиния и под любезната команда на бай Ганя: „Скоро! Скоро! Додето е гореща, дайте лимон и вино, без вино две пари не чини!“ — насядаха около трапезата, като пратиха слугинята да тича за лимон и вино. Какво ще правят! Милионеринът няма да си измени привичките за тяхно удоволствие я! Стопанката посегна да нареже рибата. „Моля, моля, моля! Сакън!“ — извика бай Ганьо и й хвана ръката, сетне обърна рибата откъм гърба, натисна я сам-там с двата си пръста и тя се разцепи на две половини. Е, иди, че не тържествувай! Донесе слугинята лимон, разряза го бай Ганьо, хвана половината с цяла шепа и го изцеди над чинията с таквоз старание, щото и месестите части на лимона попадаха над рибата. Как мислите, дали няма бай Ганьо апетит? Надали толкова лимонов сок изтече в чинията, колкото слюнки преглътна бай Ганьо. И вино донесоха. Почна се вечерята.","Bodkov did not return that evening. Toward evening the hosts came back; a fire was lit again in the kitchen and they began to prepare supper. Bay Ganyo already considers himself on familiar terms, “well, after all, with women what’s there to stand on ceremony for?” says he, and without any preamble walks into the kitchen and explains, more with gestures than with words, that he had lost his way in the streets and missed lunch, but never mind — he is due one lunch, and he will make it up with one supper. Bay Ganyo also understands the culinary art, and not only does he understand it, but every violation of that craft enrages him. He saw, for example, that the hostess was about to put a fresh fish into the boiling water, and he rose up with all his energy, seized the hostess’s hand, pulled the fish out with the other hand, and made a sign with his hand and head, meaning: “Stop, don’t move, just watch how fish is cooked!” “Salt!” commands Bay Ganyo. They give him salt; he rolls up his sleeves to the elbows on his hairy arms, reaches into the saltcellar with his not exactly delicate fingers, and begins to salt and rub the already salted fish on the outside and inside. “Red pepper!” — but where would those savages have red pepper! “Black pepper” — commands Bay Ganyo, grabs the pepper, and rubs it over the fish. “Grill!” — trumpets the triumphant cook, but here they could not understand him, despite all his gestures, and he himself looked around and could not spot a grill; but is that an obstacle for Bay Ganyo? He is no yesterday’s man! Taking the tongs, he raked all the fire toward the opening of the oven, left the other dishes to rest (which was just as well, since they were already ready), spread the tongs apart, placed the fish on them, and tried to shove it into the oven, but the little door was narrow, the fish caught, slipped, and — splat! — into the fire. “Ah!” cried the hostess. “Nothing, nothing!” Bay Ganyo reassured her, grabbed the fish, blew off the clinging coals and ash, and put it back on the grill. Smoke and the smell of fish filled the whole kitchen. The hostesses were in despair; Bay Ganyo was radiant — he was now in his element; while grilling the fish he blew and sniffed, irritated by the appetizing smoke, and with his free hand, smeared from turning the fish, he commanded them to set the table so that his dish would not grow cold: “Fresh fish isn’t hot — throw it on!” The fish, roasted, with its tail and head rolled in ash, was placed on a plate, and at Bay Ganyo’s polite command: “Quick! Quick! While it’s hot, bring lemon and wine; without wine it’s not worth two cents!” — they sat down around the table, sending the maid running for lemon and wine. What could they do! The millionaire was not going to change his habits for their pleasure, after all! The hostess reached to cut the fish. “Please, please, please! For heaven’s sake!” cried Bay Ganyo and grabbed her hand; then he turned the fish over onto its back, pressed here and there with his two fingers, and it split into two halves. Well, now, who wouldn’t triumph? The maid brought the lemon; Bay Ganyo cut it, took half in a whole handful, and squeezed it over the plate with such care that even the fleshy parts of the lemon fell onto the fish. What do you think, doesn’t Bay Ganyo have an appetite? Hardly as much lemon juice flowed into the plate as saliva Bay Ganyo swallowed. And wine was brought. Supper began."
07_bai_ganyo_goes_visiting_bul.csv,"Карлсбад и не зная още какъв си бад препоръчват ескулапите на страдающите от катар в стомаха. Я да вземат тези страдающи за ухото, че да ги сложат на трапезата пред бай Ганя, па нека стомасите им бъдат развалени повече и от ючбунарските улици... ще видите какъв ефект ще им произведе зрелището!... Яде бай Ганьо, брей, не се шегува, яде, та ушите му плющят! Всичките органи на тялото му са в движение, а зъбите, езикът и носът на първо място. Ето де съзнава човек бледността и бедността на езика! С какви думи, с какви междуметия, с какви препинателни знакове, най-сетне с какви музикални ноти е възможно да се изобразят тия мляскания, грухкания, смъркания, тракания, цъкания, смукания, които като град се сипят от бай Ганя!... Блазе на стопанките! Не всяка чехкиня ще има щастието да се наслади от таквози зрелище.","Carlsbad and I don’t know what other -bad they recommend the Aesculapians to those suffering from catarrh of the stomach. Let them take these sufferers by the ear and place them at the table before Bay Ganyo, and then let their stomachs be upset even more than the streets of Yuchbunar... you’ll see what effect the spectacle will have on them!... Bay Ganyo is eating, boy, he’s not joking, he’s eating so hard his ears flap! All the organs of his body are in motion, and first of all his teeth, tongue, and nose. Here one realizes the poverty and inadequacy of language! With what words, with what interjections, with what punctuation marks, and finally with what musical notes is it possible to depict those smacking, grunting, sniffing, clattering, clicking, sucking sounds that pour out of Bay Ganyo like hail!... Lucky are the hostesses! Not every Czech woman will have the good fortune to enjoy such a spectacle."
07_bai_ganyo_goes_visiting_bul.csv,"Нахраниха се най-сетне. Минаха в приемната стая. Бай Ганьо, зачервен като божур, току суче мустакито, току се пооригва с шепа, току мъмре „пърдон“. Разположиха се на столовете. Бай Ганьо завъртя една цигара, омаслена от пръстите му, и почна да смучи и да издухва през мустаките си облаци дим. Не е ли този най-сгодният момент за наслаждение: за музика, за песни, за любов? Момата улучи настроението на милионерина и го попита дали обича музика. Кой? Бай Ганьо ли? Ами че ако бай Ганьо не обича музиката, кой други ще я обича? Кой други е можал да внуши на циганите, сиреч на музикантите, такъв респект към себе си, както бай Ганю? Само като им мигне с око, погледнете вий какво става с тия цигани! Огън! Огън! Завий оная ти цигулка, запищи онзи ти кларнет!","They had finally eaten. They went into the drawing room. Bay Ganyo, red as a peony, kept twirling his little mustache, kept clearing his throat with his hand, and kept muttering “pardon.” They settled into the chairs. Bay Ganyo rolled a cigarette, greasy from his fingers, and began to puff and blow clouds of smoke through his mustache. Is this not the most fitting moment for enjoyment: for music, for songs, for love? The girl caught the millionaire’s mood and asked him whether he liked music. Who? Bay Ganyo? Why, if Bay Ganyo does not like music, who else would? Who else has been able to inspire such respect in the Gypsies, that is, in the musicians, as Bay Ganyo? Just let him wink at them, and look what happens to those Gypsies! Fire! Fire! Twist that violin of yours, squeal that clarinet of yours!"
07_bai_ganyo_goes_visiting_bul.csv,"Снагата ти е топола,","Your figure is like a poplar,"
07_bai_ganyo_goes_visiting_bul.csv,на мойто сърце кат` два кола.,on my heart like two stakes.
07_bai_ganyo_goes_visiting_bul.csv,На фустаня ти тегеля,"On your dress, I’m dragging."
07_bai_ganyo_goes_visiting_bul.csv,изгори на мен джигеря...,burn my liver...
07_bai_ganyo_goes_visiting_bul.csv,"— Сус 6е, ченгене! Не ща аз любовни! На ракия ми свири! — извика им бай Ганьо и тракне с чашата по масата. Почнат „Каран-каранфилчето“, бай Ганьо тракне с чашата, спрат. Почнат „Не щеми ний богатство“ — пак тракне с чашата. Обърнат на „Зелен листец“. „Ха, видяхте ли сега! Е-е-е-е-х! Гел кефим, гел!“... — и бух шишето в земята или в прозореца... Е, кой е майсторът на тия работи? И веднъж ли е било, дваж ли е било? Ама   т и я   ж е н и   откъде ще знаят кой е бай ти Ганьо! И да им разправяш колко стъкла си строшил с музика, не могат те разбра!...","— Enough, you scoundrel! I don’t want any love songs! Play me some rakia music! — cried Bay Ganyo to them and clapped his glass on the table. They start “Karan-karanfiltcheto,” Bay Ganyo claps his glass, they stop. They start “We do not desire wealth” — he claps his glass again. They turn to “Green little leaf.” “Ha, did you see that now! Ahhh! Now we’re having fun, now!”... — and he smashes the bottle on the ground or in the window... Well, who’s the master of these things? And was it once, was it twice? But h o w   c a n   t h o s e   w o m e n   k n o w   who your Uncle Ganyo is! And even if you tell them how many panes you’ve broken with music, they still can’t understand!..."
07_bai_ganyo_goes_visiting_bul.csv,"— Обичам музика! — изговори снизходително бай Ганьо. — Обичам музика! — повтори той и си разклати главата, което по негово мнение изражаваше печалната необходимост да слуша за хатъра на жените едно нещастно дрънкане на пиано. „Какво разбирате вий от срвирня, от мохабет?“ — мисли си бай Ганьо.","— I love music! — said Bay Ganyo condescendingly. — I love music! — he repeated and shook his head, which in his opinion expressed the sad necessity of having to listen, for the women’s sake, to some miserable tinkling on the piano. “What do you understand about playing, about conversation?” Bay Ganyo thought to himself."
07_bai_ganyo_goes_visiting_bul.csv,"Момата отвори пианото и почна едни нескончаеми пиеси из „Prodana nevesta“ от Smetana. Под пръстите й се посипаха звуковете, които довеждат до екстаз всяка чешка душа. Майка й, която вероятно хиляда и първи път чуваше тия пиеси, тънеше в блаженство а в погледа й, обърнат към бай Ганя, светеше национална гордост и самодоволство; тя държеше глава в такт според темпа на пиесата, ту adagio, ту allegro, като че пунктираше с носа си нотите на фиоритурите. От време на време тя с очи правеше знакове на бай Ганя, предупредяваше за настъпването на някой любим момент в пиесата, а милионеринът отговаряше: „Внимавай, твоя милост, мен недей гледа, колко съм ги чувал   а з   т а к в и з!...“ И за да подкрепи на дело този си знак, той стана от стола именно в тоя момент, когато стопанката очакваше да се наслади от ефекта, който Smetana ще произведе върху бай Ганя, и набързо, с един план в главата отиде в стаята си, взе от дисагите си отворения за проба мускал и върна се в приемната стая, подмигна на майката: „гледай кое ще произведе ефект“, пристъпи на пръсти към увлечената от музиката мома и — страшен дявол бил тоз бай Ганьо! — отвори мускала с розовото масло и полекичка го бутна под носа на момата. Тя, като почувствува дъха на потната бай Ганьова ръка, вмирисана на риба, обърна се с отвращение и унесена от музиката, в първия миг го погледна намръщено, но моментално дойде в съзнание, че пред нея стои милионеринът и й се хили, и я пита: „Вашия Сметана ли по̀ чини, или туй, дето го помириса, а?“ — и затъкна мускала в пояса си... Момата престана да свири. Почна бай Ганьо... (Какво казахте? — не можах да ви разбера!)... Почна да свири небрежно с един пръст, без да седне на стола: „Колкото да им дам на тези да разберат, че и ний малко-много проумяваме от тия ваджии.“ У един бай Ганьов роднина беше изпаднала една ръчна хармоника с клавиши, та сегиз-тогиз, като се намери на кеф, и бай Ганьо си е чупил пръстите да изкалъпи някоя песен. Сега той почна едно сепнато pizzicato, което по негово мнение изображаваше песента: „Открадна ла“ сей, бабината, сла-сланин-каа, сланинка, откраднала сей бабината сланинка... която „Сланинка“ цяла е открадната от чешката „Slaninka“.","The girl opened the piano and began playing one endless piece after another from *The Bartered Bride* by Smetana. Under her fingers there poured forth the sounds that bring every Czech soul to ecstasy. Her mother, who was probably hearing those pieces for the thousand-and-first time, was steeped in bliss, and in her gaze, turned toward Bay Ganyo, national pride and self-satisfaction shone; she kept her head in time with the tempo of the piece, now adagio, now allegro, as though punctuating the notes of the flourishes with her nose. From time to time she would signal to Bay Ganyo with her eyes, warning him of the approach of some favorite moment in the piece, and the millionaire would reply: “Mind you, your grace, don’t look at me—how many times I’ve heard them a z t a k v i z!...” And in order to back up this sign with action, he rose from his chair precisely at the moment when the hostess expected to revel in the effect Smetana would produce on Bay Ganyo, and hurriedly, with a plan in his head, went to his room, took from his saddlebags the muskal of rose oil he had opened for testing, and returned to the drawing room, winked at the mother: “watch what will have an effect,” tiptoed up to the girl, absorbed in the music, and—what a terrible devil that Bay Ganyo was!—opened the muskal of rose oil and gently shoved it under the girl’s nose. She, upon feeling the breath of Bay Ganyo’s sweaty hand, stinking of fish, turned away in disgust and, carried away by the music, at first glanced at him with a frown, but immediately came to her senses that the millionaire was standing before her and grinning, and asking her: “Which do you like better, your Smetana, or this thing you just smelled, eh?”—and he tucked the muskal into his sash...

The girl stopped playing. Bay Ganyo began...

(What did you say?—I couldn’t understand you!)...

He began to play carelessly with one finger, without sitting down at the chair: “Just enough to let these people know that we too understand a little about these vajiis.” In one of Bay Ganyo’s relatives’ houses there had turned up a little hand harmonica with keys, so every now and then, when he felt like it, Bay Ganyo would break his fingers trying to pick out some tune. Now he began a startled pizzicato, which in his opinion represented the song: “Stole-la,” say, granny’s, sla-slanin-kaaa, bacon, stole granny’s bacon... which “Slaninka” is entirely stolen from the Czech “Slaninka.”"
07_bai_ganyo_goes_visiting_bul.csv,"— Pan hraje „Slaninku“, maminko! — съобщи откритието си момата.","— Pan is playing “Slaninka,” mama! — the girl announced her discovery."
07_bai_ganyo_goes_visiting_bul.csv,"— „Сланинка“ зер — обади се бай Ганьо, — вий отде я знаете?","— “Slaninka,” sir — said Bay Ganyo, — how do you know it?"
07_bai_ganyo_goes_visiting_bul.csv,"Възхитен от успеха, бай Ганьо седна на стола, за да свири, вече основателно, нещо по-сериозно. А какво може да бъде по-сериозно от „Нощ е ужасна“? Почна бай Ганьо да   с в и р и,   но остана сам недоволен от изпълнението. И твърде естествено! „Нощ е ужасна“ не е създадена за пиано; звуковете се пресичат: бутнеш клавиша на „ужа-а-а-сна-а!“ и се пресече гласът; друго нещо е хармониката! Като си туриш пръста на „... жа-а-а-сна-а-а...“ — натискай майка му стара! Половин час да ти бучи, натискай, извивай на талази, додето ти дойде кефът! А пък с пиано — дрън, дрън, вятър! Видя бай Ганьо, че ще отслабне ефектът, произведен от „Сланинката“, помисли, помисли, па реши: „А бе чакай да взема да изпея аз „Нощ е ужасна“ на тия женоря!...“ Позамисли се той, искаше да се настрои печално, в духа на жалната песен, въздъхна веднъж отдълбоко, тури си десницата на ухото, задряма с очи, че като зина!...","Delighted by his success, Bay Ganyo sat down on the chair to play, now quite reasonably, something more serious. And what could be more serious than “The Night Is Terrible”? Bay Ganyo began to play, but he himself remained dissatisfied with the performance. And quite naturally! “The Night Is Terrible” was not created for the piano; the sounds get cut off: you press the key for “terr-i-i-ble!” and the voice is cut short; a harmonica is another matter! Once you put your finger on “... terr-i-i-ble...” — press away, damn it! Let it drone for half an hour, press, bend it in waves, until you feel like it! But with the piano — bang, bang, nothing! Bay Ganyo saw that the effect produced by “The Little Bacon” would weaken, thought and thought, and then decided: “Well, wait, let me sing ‘The Night Is Terrible’ to these women!...” He pondered a bit, wanted to get into a sad mood, in the spirit of the mournful song, sighed deeply once, put his right hand to his ear, half-closed his eyes, and when he opened his mouth!..."
07_bai_ganyo_goes_visiting_bul.csv,"„Grandissimo maestro Verdi! Ти нямаш, ти не можеш да имаш врагове! Но ако, паче чаяния, би се явил някой изрод, той ще бъде самият сатана. Бог е велик, Esimio Maestro! — и всичките стрели на злия дух са безсилни против тебе! Едно само... само едно средство може да употреби лукавият и целият музикален свят ще се покрие с траур... Ний ще се молим, моли се и ти, Divin Maestro, на всемогущия създател, да не допусне сатаната да те въведе в салона, в който бай Ганьо пее „Нощ е ужасна“... И когато твоят тънчайши слух се покърти с непонятните за тебе диви, нечеловечески звукове, Злият дух да ти открие ужасната истина със сатанинския си смях: Ха! ха! ха! Верди! Това е песен от твоята   б о ж е с т в е н а   „Травиата“! Ха! ха! ха! ха-а!!...“","“Grandissimo maestro Verdi! You have no enemies, you cannot have enemies! But if, against all expectations, some monster were to appear, it would be the devil himself. God is great, Esimio Maestro! — and all the arrows of the evil spirit are powerless against you! Only one thing... only one means can the cunning one use, and the whole musical world will be covered in mourning... We shall pray, and you too pray, Divin Maestro, to the almighty Creator not to allow Satan to lead you into the hall where Bay Ganyo sings ‘Night is terrible’... And when your most delicate hearing is shaken by the wild, inhuman sounds incomprehensible to you, may the Evil Spirit reveal the terrible truth to you with his satanic laughter: Ha! ha! ha! Verdi! This is a song from your   d i v i n e   ‘Traviata’! Ha! ha! ha! ha-a!!...”"
07_bai_ganyo_goes_visiting_bul.csv,"—  Късно стана вече, господа — каза срамежливият Илчо, като погледна часовника си, — среднощ! Хайде да си ходим, па други път, с божата воля, пак ще поприказваме за бай Ганя.","— It’s already late, gentlemen — said the shy Ilcho, glancing at his watch, — midnight! Let’s go home, and another time, God willing, we’ll talk again about Bay Ganyo."
07_bai_ganyo_goes_visiting_bul.csv,"— А бе, Илчо, я ми кажи, защо мразиш толкова българските песни? — обади се Дравичката на излизане. — Кой? Аз да ги мразя? Съжалявам, гълъбче, че лошо си ме разбрал. Аз съм в състояние да се възхитя, да се забравя, да се захласна до екстаз от хубавите наши меланхолични народни песни, но от българските песни, а не от онези гнуснави пародии на чуждестранните вулгарни песни, които байганьовците ни предават изкълчени до неузнаваемост чрез ония цигански форшлаги и къртения на гърлото с пиянски трели и фиоритури... Ний имаме песни, но нямаме певци. Аз съм готов да прегърна своя враг, ако ми изпее, както трябва, песента „Богдане, бог да те убие“ или „Я запретни, Вело моме, бели ръкави“ и да погледна накриво приятеля си, когато видя, че се възхищава от „Зелен листец“, „Каранфилчето“ и други такива цигански прелести...","— Hey, Ilcho, tell me, why do you hate Bulgarian songs so much? — Dravichkata asked as they were leaving. — Who? Me, hate them? Sorry, my dear, if you misunderstood me. I am capable of admiring, of losing myself, of being carried away to ecstasy by our beautiful melancholic folk songs, but by Bulgarian songs, not by those disgusting parodies of foreign vulgar songs that our Bay Ganyo types hand down to us, twisted beyond recognition through those gypsy appoggiaturas and throat-ripping embellishments with drunken trills and flourishes... We have songs, but we have no singers. I am ready to embrace my enemy if he sings to me properly the song “Bogdane, may God strike you dead” or “Come on, Velo girl, roll up your white sleeves,” and to look askance at my friend when I see him admiring “Green Little Leaf,” “The Little Carnation,” and other such gypsy delights..."
08_bai_ganyo_in_switzerland_bul.csv,"— Ами ти бе, Дравичка, защо мълчиш, не знаеш ли нещо за бай Ганя? — попита един от компанията нашия весел приятел Дравичката.","— Well, you, Dravichka, why are you silent, don’t you know anything about Bay Ganyo? — one of the company asked our cheerful friend Dravichka."
08_bai_ganyo_in_switzerland_bul.csv,"— Как да не зная бе, брате, зная сума работи, но как да ги разкажеш? — отговаря с престорена скромност Дравичката.","— How could I not know, brother, I know a whole lot of things, but how can you tell them all? — replies Dravichkata with feigned modesty."
08_bai_ganyo_in_switzerland_bul.csv,— Как ще ги разкажеш! Да имам аз твоите уста!,— How you tell them! If only I had your gift of speech!
08_bai_ganyo_in_switzerland_bul.csv,"— Е добре, слушайте:","— All right, listen:"
08_bai_ganyo_in_switzerland_bul.csv,"Отидох едно лято на разходка в Женлоз, знайте го, в Швейцария. Взех си стая в един хотел и излязох да се разходя из града. Град — прекрасен, околности — и живописни, и величествени. Разхождам се така, безцелно, зяпам наляво-надясно и от улица на улица излязох на площада, дето е оперният театър. Гледам насреща едно елегантно кафене: чакай, рекох си, да се отбия да си почина малко. От входа надясно виждам една стъклена преграда с отворен изглед към площада и влизам — хем ще пия кафе, хем ще гледам кой минува. И какво заварвам там! Цели три маси заети с българи студенти! Е, идете да казвате, че българите нямат вкус за изящност! В такъв красив град, в най-хубавата част на града, в най-елегантното кафене заели най-хубавото място! Шум, дим, кибрити и димящи цигари по земята, тракане, вик, крамоли!... Тук играят табли, там префа, отвъд trenta una!... И чувам от всички страни: „Шеш-беш!... Купи!... Дай парите! Джехар и ек!... Защо ми гледаш картите бе!... Garзon!... Първи на вторите!... Дю-беш!... Лъжеш, не е дюбеш!... Trenta una... Пики!... Garзon!... Ти хабер нямаш от префа!... Не ща ум от социалисти!... Дюбара!... И аз не ща ум от чорбаджии!... Цакам!... Подлец!... Garзon! С декорациите ли се гордееш?... Спатии!... Ами ти с руските чифути ли? Господа, ахмака иде!   Ха, ха, ха!... Garзon un chope! Дай ми още един франк назаем бе!... Ти си батакчия! Земи назаем от гарсона!... Дьорт джехар!...“","I went one summer for a trip to Geneva, you know, in Switzerland. I took a room in a hotel and went out to walk around the city. The city was beautiful, and the surroundings were both picturesque and majestic. I was wandering aimlessly like that, looking left and right, and from street to street I came out onto the square where the opera house is. I look across and see an elegant café: “Wait,” I said to myself, “I’ll stop in and rest a little.” From the entrance on the right I see a glass partition with an open view of the square, and I go in—both to drink coffee and to watch the passersby. And what do I find there! Three whole tables occupied by Bulgarian students! Well, go and tell people that Bulgarians have no taste for elegance! In such a beautiful city, in the finest part of the city, in the most elegant café, they had taken the best place! Noise, smoke, matches and smoking cigarettes on the floor, clatter, shouting, quarrels!... Here they are playing backgammon, there preference, beyond that trenta una!... And I hear from all sides: “Shesh-besh!... Buy!... Give me the money! Djehar and ek!... Why are you looking at my cards, eh!... Garzon!... First to the second!... Dyu-besh!... You’re lying, it’s not dyubesh!... Trenta una... Spades!... Garzon!... You know nothing about preference!... I don’t want any wisdom from socialists!... Dyubara!... And I don’t want any wisdom from the rich men either!... I’m trumping!... Scoundrel!... Garzon! Are you proud of the decorations?... Spades!... Well, and you with the Russian Jews? Gentlemen, the fool is coming! Ha, ha, ha!... Garzon, un chope! Lend me another franc, eh!... You’re a swindler! Borrow from the waiter!... Dört jehar!...”"
08_bai_ganyo_in_switzerland_bul.csv,"Лицето, на което лепнаха не съвсем ласкателния епитет ахмака, влезе в кафенето, поздрави студентите, които го посрещнаха, както се казва, с разтворени обятия, и не знаеше към коя група да се присъедини, понеже от всички маси се стараеха да го привлекат. Такава симпатия към един   ахмак   ми се показа отпърво необяснима, но не се мина много време, и от думите, с които се кръстосваха масите за сметка на това лице, моето недоумение се разпръсна. Сетне аз узнах, че този   ахмак   е син на един землевладелец от Аржентина, в Южна Америка. Богато момче. Бащата му пращал по 500 франка месечно, от които половината всеки месец се разпределяли с помощта на trenta una по джебовете на нашите студиозуси. И затуй, че добродушно се оставял да го скубят, като си доставял удоволствието да наблюдава любопитната за него жадност, с която нашите примамвали паричките му — той се удостоил с титлата   ахмак.","The person on whom the not entirely flattering epithet **“fool”** had been pinned entered the café, greeted the students who welcomed him, as they say, with open arms, and did not know which group to join, since everyone at the tables was trying to draw him in. Such sympathy for a fool seemed to me at first inexplicable, but not much time passed before my bewilderment was dispelled by the words with which the tables traded jibes at this person’s expense. Then I learned that this fool was the son of a landowner from Argentina, in South America. A rich boy. His father sent him 500 francs a month, half of which every month were distributed, with the help of *trenta una*, into the pockets of our students. And because he good-naturedly let himself be fleeced, taking pleasure in watching the curious greed with which our fellows lured his money from him, he was awarded the title of **fool**."
08_bai_ganyo_in_switzerland_bul.csv,"В какъвто час на деня и да посетях това кафене, като почнеш от 9 часа сутринта до късно вечер, постоянно заварвах същите лица при същите занятия — табли, префа, trenta una. Кога тия младежи четяха, по какъв начин те усвояваха европейската култура — това ми остана необяснимо. Ясно ми бе само туй, че почти ни един от тях не говореше сносно френски език. Не успее да зине на този език, и по грубостта на интонацията, по дикцията, по конструкцията на фразите ще го познаеш, че е възточен човек.","At whatever hour of the day I visited that café, starting from 9 in the morning until late at night, I always found the same faces engaged in the same pursuits—tab, préfa, trenta una. When these young men read, in what way they absorbed European culture—that remained unexplained to me. What was clear to me was only this: almost none of them spoke French properly. The moment one of them opened his mouth in that language, you could tell from the roughness of the intonation, from the diction, from the construction of the phrases, that he was an Eastern man."
08_bai_ganyo_in_switzerland_bul.csv,"През ден, през два към тази компания се присъединяваха няколко озлобени, нихилиствуващи еврейчета, които от тъмните кьошета на кръчмите се зъбеха на тиранина. Аз не зная каква беше пък тази симпатия към тези тъмни герои, които са в състояние едновременно да бъдат и нихилисти, и тайни полицейски агенти, и анархисти, и най-низка проба злоупотребители на дружествени пари, библиотеки и други имоти. Вместо да се сдружават с френците, с немците, с англичаните, винаги примерни и във веселбите си, и в занятията си, вместо да се проникнат с техния дух на порядъчност, на трудолюбие, на честност, на кавалерство — те, нашите, намираха своя идеал или в еврейчетата, или в гърчетата, или в някои арменчета, които по най-долен начин експлоатираха средствата и силите им, като ги увличаха в задушената атмосфера на своите злобни, груби и безплодни глаголствувания. Сетне узнах, че в този град имало и други българчета, които не посещавали това кафене, а се занимавали най-сериозно с науките си.","Every day or two, a few embittered, nihilistic little Jews would join this company, snarling at the tyrant from the dark corners of the taverns. I do not know what this sympathy was for these dark heroes, who are capable of being at once nihilists, secret police agents, anarchists, and the lowest sort of abusers of society’s money, libraries, and other property. Instead of associating with the French, the Germans, the English—always exemplary both in their merrymaking and in their pursuits, instead of being imbued with their spirit of orderliness, industriousness, honesty, and chivalry—our people found their ideal either in the little Jews, or in the little Greeks, or in some little Armenians, who exploited their means and energies in the most despicable way, drawing them into the stifling atmosphere of their spiteful, coarse, and fruitless chatter. Later I learned that in this city there were also other little Bulgarians who did not frequent this café, but were occupied most seriously with their studies."
08_bai_ganyo_in_switzerland_bul.csv,"Един ден, в най-големия разгар на trenta una, когато аржентинецът беше изгубил около стотина франка, влезе в кафенето едно лице с накривен калпак, с тояга под мишница и дисаги в ръка.","One day, at the height of the **trenta una** game, when the Argentine had lost about a hundred francs, a man entered the café wearing a tilted cap, with a stick under his arm and saddlebags in his hand."
08_bai_ganyo_in_switzerland_bul.csv,— О-о! Бай Ганьо! Добре дошъл! — извика цялата компания.,— Oh! Bay Ganyo! Welcome! — cried the whole company.
08_bai_ganyo_in_switzerland_bul.csv,"— Добре заварил! Как сте? — отговори новодошлият и като се отказа великодушно от любезните предложения да му направят място около техните маси, дойде и седна при моята маса и със сядането си прекатури чашата с кафето ми. Бабаитска натура!","— Well met! How are you? — replied the newcomer, and, having magnanimously declined the polite offers to make room for him around their tables, came and sat down at my table, and in doing so overturned my cup of coffee. A swaggering fellow!"
08_bai_ganyo_in_switzerland_bul.csv,— Пърдон!,— Pardon!
08_bai_ganyo_in_switzerland_bul.csv,"— Нищо, не се безпокойте — побързах аз да кажа, при всичко че не забелязах той да се безпокои твърде много.","— Nothing, don’t worry — I hurried to say, although I did not notice that he was worrying too much."
08_bai_ganyo_in_switzerland_bul.csv,"— А-а! Вий българин ли сте? Е добър ден, кога е тъй! Ганьо Балкански! Отде бяхте, ваша милост?","— Ah! Are you Bulgarian? Well, good day, what a surprise! Ganyo Balkanski! Where have you been, your grace?"
08_bai_ganyo_in_switzerland_bul.csv,Казах му. Запознахме се.,I told him. We met.
08_bai_ganyo_in_switzerland_bul.csv,— С туй пусто гюлово масло обикалям света — заяви ми с отчаян глас бай Ганю.,— With this blasted rose oil I go around the world — said Bay Ganyo to me in a desperate voice.
08_bai_ganyo_in_switzerland_bul.csv,"— Как, не върви ли тази търговия?","— How, is this trade not going well?"
08_bai_ganyo_in_switzerland_bul.csv,"— Е, че правичката да ти кажа, господине, не върви!","— Well, to tell you the truth, sir, it’s not going well!"
08_bai_ganyo_in_switzerland_bul.csv,— Защо така?,— Why is that?
08_bai_ganyo_in_switzerland_bul.csv,"— Защо! От главите си теглим. Де едно време — като кажеш българско масло, като оси на мед тичаха, а сега, тая вяра! Влезеш в някоя сапунджийница, доде зинеш да кажеш, че си българин, казал-неказал „бонжур“, току те попита „Есанс-дероз“? — и хем пита, хем се подсмива. Па кой гледа подсмиването, току алъш-вериш да има, ама не щат! Дай ми, каже, един грам за проба. Подиграва те! Как ще му дадеш един грам? Един грам ще налееш — два ще разлееш. „Ама, приятелю — кажа му, — туй масло не е таквоз, каквото го мислиш, туй е чисто масло.“ — „Ехе — каже, — и вий всички тъй говорите, все тази песен пеете.“ — Каже ти така, в очите, хич не ще да те знае. Ама все туй терше пусто да опустее макар!... Анадоллука ни изяде главата! Е че то, брате, не е един, не са двама: като плъзнали из Европа на сюрии: анадоллии, арменци, турци, гърци, па лъжат, па мамят света, па тогоз изгорили, па оногоз закърпили — бактисали хората! Като им замиришеш на гюл — яката си търсят!...","— Why! We’re scraping by. In the old days—if you said Bulgarian butter, they’d run to it like bees to honey, but now, that faith! You go into some soap shop, and before you can even open your mouth to say you’re Bulgarian, you’ve barely said “bonjour” when they ask you, “Essence de rose?” — and they’re asking while smirking. But who cares about the smirk, as long as there’s some trade to be done? They won’t have it! “Give me,” they say, “one gram to try.” They’re mocking you! How can you give them one gram? If you pour one gram, you’ll spill two. “But, my friend,” I tell him, “this oil isn’t what you think it is, this is pure oil.” “Oh-ho,” he says, “you all talk like that, you all sing the same song.” He says it right to your face, doesn’t want to know you at all. But still, may that cursed trade at least not die out!... The Anatolians have eaten our heads off! Why, brother, it’s not just one or two: they’ve swarmed across Europe in droves—Anatolians, Armenians, Turks, Greeks—lying, cheating people, burning one man, patching up another—people are fed up with them! As soon as they catch a whiff of rose oil, they’re after the best terms!..."
08_bai_ganyo_in_switzerland_bul.csv,"Невинният Възток изпъкна отпреде ми с всичките му прелести. За допълнение на картината по всичките маси около нас тракаха табли, пляскаха карти — шум и дим до небеса!","The innocent East stood out before me with all its charms. To complete the picture, at all the tables around us there was the clatter of backgammon boards, the slapping of cards — noise and smoke to the heavens!"
08_bai_ganyo_in_switzerland_bul.csv,"— Много ми се харесват нашите момчета — каза ми бай Ганьо, като изгледа играещите. — Маладци! Има между тях таквиз сербез, че на професорите пей дават! Ето например, да речем, онова момче, по-дъртото, видите ли го? Дето играе на отуз-бир. Вий знаете ли, че той има три медала!... За сръбската война, за заслуга и не знам още за какво. Съдебен следовател е бил, знае законите на пръсти. То що му е трябвало още да се учи, де-де — бодат го паричките! Три месеца, откакто е дошло тук, ама да го чуеш, френските ги говори като разпрано! Да не му е уроки, сече му главата! Досега да е станал веке доктор, ама инат хора тукашните. Ректора, кай, не го остава. Не може, кай, казал му, за три месеца, да станеш доктор, кай. А бе как да не може, когато момчето знае; сегичка да го изправиш, ще ти каже всичките закони, наизуст ги знае. Казал му ректора, не може, кай, за три месеца само да прочетеш, а камо ли да го изучиш. Нашият сербез — йок, за три месеца доктор ще стана. Онзи — йок, не бива. — Не бива ли? — Не бива! Че като пламва един ден нашият, че като го нацапва, мати-маскара го направил... Наистина, на, питай го, ако щеш... Аз повярвах на бай Ганя и не отидох да питам обладателя на трите медала.","— I really like our boys — Bay Ganyo said to me, looking at the players. — Fine lads! There are some such bold ones among them that they’d even be a match for professors! For example, let’s say, that boy there, the older one, do you see him? The one playing at otuz-bir. Do you know that he has three medals!... For the Serbian war, for merit, and I don’t know what else. He was a judicial investigator, he knows the laws by heart. What more did he need to study for, eh—money was sticking to him! He’s been here for three months, but if you heard him, he speaks French like a native! Touch wood, he’s sharp as a tack! By now he should have become a doctor, but the people here are stubborn. The rector, he says, won’t let him. He can’t, he says, told him, become a doctor in three months, he says. But why can’t he, when the boy knows? If you put him on the spot right now, he’ll tell you all the laws, he knows them by heart. The rector told him, you can’t, he says, read it in just three months, let alone study it. Our bold one—nope, in three months I’ll become a doctor. The other one—nope, it won’t do. — Won’t do? — Won’t do! And then one day our fellow flared up, and when he gave him a dressing-down, he made a complete fool of him... Really, there, ask him if you want... I believed Bay Ganyo and did not go to ask the possessor of the three medals."
08_bai_ganyo_in_switzerland_bul.csv,"Той продължи: — И знаеш ли как е станала тая работа? Не стига, дето ректора се заинатил и не ще да остави момчето да стане доктор, ами и дойена, кай, и той. Твоя милост, знаеш какво е „дойен“... таквоз, дето там у тях... туйнаке... сещаш се... Нашият им представил сума свидетелства — от градски съвет ли не щеш, от прокурор ли не щеш, и послужен списък, и какво не щеш. Ама инат човек разбира ли ти? И не е, да кайш, някое какво да е хлапе, ами то съдебен следовател! И с три медала на гърдите, моля ти се!... Ректорът почнал да му дрънка, че за да бъдел полезен за себе си и за народа си — нему какво му влязва в работата! — трябвало да прекара редовно цял курс, че и повечкото живот в странство ще му бъде за полза — диване! — и много таквиз бабини деветини. Па остави ректора, ами — барабар Петко с мъжете — и дойена се обажда: „Да, кай, и аз ви препоръчвам да послушате съвета на ректора!“ Ей! Че като кипва келя на нашия, че като зинал: „Ами вий — кай — бе защо се обаждате, вий адвокатин ли на ректора ще ставате!...“ Туй на доайена го изтърсил! — Свили си опашките ония ми ти хора, гък не могат да кажат!... Хей, гърсон! Юн каве!... Не, каквото щеш, твоя милост, ама отворени момчета имаме. Ашколсун!...","He went on: — And do you know how this thing happened? It’s not enough that the rector has dug in his heels and won’t let the boy become a doctor, but the dean too, they say, he’s the same. Your Grace, you know what a “dean” is... some such thing, there at their place... that sort of... you know... Our man presented him with a whole pile of certificates — from the city council, from the prosecutor, and a service record, and what have you. But can a stubborn man be reasoned with? And it’s not, you might say, some ordinary brat, but an investigating magistrate! And with three medals on his chest, mind you!... The rector started droning on to him that in order to be useful to himself and to his people — what business was that of his! — he had to go through the full course regularly, and that even more time abroad would be beneficial to him — the fool! — and all that sort of old wives’ tales. Then leave the rector be, but — Petko and the men together — the dean pipes up too: “Yes, I also recommend that you listen to the rector’s advice!” Oh! And then our man’s temper flared, and he burst out: “Well then, why are you speaking up, are you going to become the rector’s lawyer or what!...” He blurted that at the dean! — Those people tucked their tails between their legs, couldn’t say a peep!... Hey, waiter! A coffee!... No, whatever you like, Your Grace, but we do have open-hearted lads. Bravo!..."
08_bai_ganyo_in_switzerland_bul.csv,"— Гърсон бе, хей! Юн каве — извика бай Ганьо.","— Gerson, hey! Yun cave — shouted Bay Ganyo."
08_bai_ganyo_in_switzerland_bul.csv,— Monsieur! — отзова се пъргавият гарсон.,— Monsieur! — replied the brisk waiter.
08_bai_ganyo_in_switzerland_bul.csv,"— Юн каве е апорт газет булгар — поръча бай Ганьо и сетне, като се обърна към мене, добави: — Не съм ги забравил тия ваджии френските.","— A cup of coffee is a Bulgarian newspaper — ordered Bay Ganyo, and then, turning to me, he added: — I haven’t forgotten those French fellows."
08_bai_ganyo_in_switzerland_bul.csv,"Гарсонът му донесе кафе и едни зацапани корици, в които бяха прикачени няколко български, издрани по краищата газети.","The waiter brought him coffee and some stained covers, in which several Bulgarian newspapers, frayed at the edges, were clipped."
08_bai_ganyo_in_switzerland_bul.csv,"— Чакай да видим какви новини има, какво става по света — каза бай Ганьо, като разгърна кориците и се задълбочи в политиката. Аз наблюдавах отстрана как той жадно, с наслаждение поглъщаше антрефилетата, усмихваше се и със светнали очи пущаше сегиз-тогиз по едно „браво!“ По едно време, препълнен, види се, с възхищение, обърна се към мене:","— Wait, let’s see what news there is, what’s going on in the world — said Bay Ganyo, as he unfolded the covers and plunged into politics. I watched from the side as he eagerly, with relish, devoured the short articles, smiled, and with shining eyes let out an occasional “bravo!” At one point, apparently overflowing with admiration, he turned to me:"
08_bai_ganyo_in_switzerland_bul.csv,"— Ех, че ги нацапали! Я слушай да ти прочета...","— Oh, how they’ve smeared them! Listen, let me read it to you..."
08_bai_ganyo_in_switzerland_bul.csv,"— Извинете, господин Балкански, поне тука искам да успокоя ушите си от тази политика — казах аз и станах от стола си, — сбогом!","— Excuse me, Mr. Balkanski, at least here I want to spare my ears from this politics — I said, and got up from my chair — goodbye!"
08_bai_ganyo_in_switzerland_bul.csv,"— Ама ти чуй само това: „Онази разбойническа сган от сводници, крадци и мръсници, които си въвират муцуните в нечистотиите...“ Чакайте, по-нататък е още по-хубаво!...","— But just listen to this: “That band of brigands, pimps, thieves, and scoundrels, who stick their snouts into filth...” Wait, it gets even better later on!..."
08_bai_ganyo_in_switzerland_bul.csv,"— Не, не! Сбогом, господин Балкански — извиках аз решително и излязох.","— No, no! Goodbye, Mr. Balkanski — I cried decisively and went out."
09_bai_ganyo_in_russia_bul.csv,"— Дравичката, господа, тъй хубаво разказва, че след него е трудно да ви задоволя с някой разказ. А пък право да ви кажа и аз зная някои работи за бай Ганя — обади се Васил. — От Москва, от Петербург!","— Dravichka, gentlemen, tells it so well that after him it is hard for me to satisfy you with any story. And to tell you the truth, I also know some things about Bay Ganyo — Vasil chimed in. — From Moscow, from Petersburg!"
09_bai_ganyo_in_russia_bul.csv,"— Я начевай по-скоро, стига си го усуквал! — отвърна му Дравичката.","— Start sooner, stop beating around the bush! — Dravichkata replied."
09_bai_ganyo_in_russia_bul.csv,— Думата „усуквал“ не ми се вижда извънредно поетическа — пошегува се Мато.,— The word “usukval” doesn’t seem particularly poetic to me — Mato joked.
09_bai_ganyo_in_russia_bul.csv,"— Мълчете бе, господа. Василе! Хайде бе, гълъбче, начевай!","— Be quiet, gentlemen. Vasile! Come on, little dove, begin!"
09_bai_ganyo_in_russia_bul.csv,"— По пътя към Петербург — почна Васил — спряхме на станцията във Вилно. Пътувахме другарски двоица — бай Ганьо и аз. Влязохме в бюфета. Бай Ганьо поиска аз да почерпя, понеже из пътя съм пушил от неговия тютюн. Поръчах пиво и закуска. Съдържателят на бюфета се вслуша в нашия разговор, позна, види се, че съм българин, и ни попита по руски: — Извинете, господа, мисля, че сте българи?","— On the road to Petersburg — began Vasil — we stopped at the station in Vilno. We were traveling as companions, the two of us — Bay Ganyo and I. We went into the buffet. Bay Ganyo insisted that I treat him, since along the way I had been smoking his tobacco. I ordered beer and a snack. The buffet keeper listened in on our conversation, apparently recognized that I was Bulgarian, and asked us in Russian:

— Excuse me, gentlemen, I think you are Bulgarians?"
09_bai_ganyo_in_russia_bul.csv,Отговорихме му утвърдително.,We answered him in the affirmative.
09_bai_ganyo_in_russia_bul.csv,"— Не знаете ли господина Димитрова, студента?","— Don’t you know Mr. Dimitrova, the student?"
09_bai_ganyo_in_russia_bul.csv,"— Аз не го познавам, ти познаваш ли го, бай Ганьо!","— I don’t know him; do you know him, Bay Ganyo?"
09_bai_ganyo_in_russia_bul.csv,"— Димитрова? Чакай... аха! Сещам се. Димитров, зная, познавам го. Едно отворено момче, зная го, как не!","— Dimitrova? Wait... ah! I remember. Dimitrov, I know him, I’m familiar with him. A very open-minded guy, I know him, of course!"
09_bai_ganyo_in_russia_bul.csv,— Не можете ли да ми кажете де е той сега? — попита гостилничарят.,— Can’t you tell me where he is now? — asked the innkeeper.
09_bai_ganyo_in_russia_bul.csv,"— Той е сега в Цариград — отговори бай Ганьо, — подир една неделя ще се венчава там. Ударил келепира!",— He is now in Constantinople — replied Bay Ganyo — in a week he will be getting married there. He’s struck gold!
09_bai_ganyo_in_russia_bul.csv,"— Ка-ак! — извика като гръмнат гостилничарят. — Ще се вен-ча-ва? Ами че той е венчан тука, господа!...","— Wha-at! — shouted the innkeeper as if struck by thunder. — Get ma-rried? Why, he was married here, gentlemen!..."
09_bai_ganyo_in_russia_bul.csv,"— Има хас. Гледай, ха, ха, ха! — изкикоти се от сърце бай Ганьо. Гостилничарят го изгледа зачудено.","— There’s a thought. Look, ha, ha, ha! — Bay Ganyo chuckled heartily. The innkeeper looked at him in astonishment."
09_bai_ganyo_in_russia_bul.csv,"— Ти не го знаеш него — продължи бай Ганьо, като се обърна към мене, — то е страшно отворено хлапе, туй, Димитров...","— You don’t know him — continued Bay Ganyo, turning to me — he’s a terribly sharp kid, that Dimitrov..."
09_bai_ganyo_in_russia_bul.csv,"Гостилничарят ни разказа следующето: „Пристигна един ден, господа, с железницата господин Димитров с едно глухонямо 13—14-годишно момченце. Аз познавах Димитрова от една година по-рано; той живя в нашия град, залюби една мома, венчаха се и заминаха за Москва ли, за Петербург ли — не зная. Като дойде тази година с глухонямото момче, каза ми, че туй момче имало у вас, в България, брат чиновник или офицерин — не помня, — който щял да му отпуща по сто франка ежемесечно, за да живее в един от петербургските институти за глухонеми. Понеже господин Димитров заминуваше за някой друг град — така поне той ми каза, — то ме помоли да прибера у дома момченцето, да го храня, да го гледам до пристигането му. Той ме увери, че ще се завърне след десетина дни. Съгласих се аз, прибрах нещастното дете и го гледах като свое. Изминаха десетина дена, мина месец, минаха два, от Димитрова глас се не чува. Искам да узная нещо от детето — то глухонямо, горкото, не може да ми разправи. Па, гледам, разтъжи се онуй дете. Писах аз в Петербург, в Москва — никой не се обади. На третия месец, господа, момченцето изчезна. Питахме, дирихме, на полиция заявявахме, телеграми дадохме по няколко направления — няма, пропадна бедното дете. Какво стана това дете, и досега не зная. Нека господин Димитров му тегли греха, аз ще тегля 100 рубли загуба... Та вий казвате, че той щял да се венчава идущата неделя? Боже мой, как е възможно подобно нещо? Ради бога, господа, съобщете това на вашето началство, предупредете тази нещастна мома, с която ще се венчава...“","The innkeeper told us the following: “One day, gentlemen, Mr. Dimitrov arrived by train with a deaf-mute boy of 13 or 14. I had known Dimitrov a year earlier; he had lived in our town, fallen in love with a girl, they got married, and left for Moscow or for Petersburg—I do not know. When he came this year with the deaf-mute boy, he told me that this boy had a brother in your country, in Bulgaria, a clerk or an officer—I do not remember—which brother was to send him one hundred francs every month so that he could live in one of the Petersburg institutes for the deaf-mute. Since Mr. Dimitrov was leaving for some other city—at least that is what he told me—he asked me to take the boy into my home, feed him, and look after him until his return. He assured me that he would come back in about ten days. I agreed, took in the unfortunate child, and cared for him as if he were my own. Ten days passed, then a month, then two, and no word came from Dimitrov. I wanted to learn something from the child—but he is deaf-mute, poor thing, and cannot tell me anything. Then I saw that the child became sad. I wrote to Petersburg, to Moscow—no one replied. In the third month, gentlemen, the boy disappeared. We asked, searched, reported it to the police, sent telegrams in several directions—nothing, the poor child was lost. What became of that child, I still do not know. Let Mr. Dimitrov bear the sin of it; I shall bear a loss of 100 rubles... And you say that he was to be married next Sunday? My God, how is such a thing possible? For God’s sake, gentlemen, report this to your superiors, warn that unfortunate girl whom he is to marry...”"
09_bai_ganyo_in_russia_bul.csv,"Аз обещах на гостилничаря, че щом стигна в Петербург, ще съобщя на един господин, който, уверен бях, немедленно ще телеграфира в Екзархията. Разплатих се. Качихме се в трена и потеглихме за Петербург.","I promised the innkeeper that as soon as I reached Petersburg, I would inform a gentleman who, I was sure, would immediately telegraph to the Exarchate. I settled the bill. We got on the train and set off for Petersburg."
09_bai_ganyo_in_russia_bul.csv,"— Много ти трябваше да се месиш — каза ми с укор бай Ганьо, — отде знаеш тукашната му жена каква е стока.","— You really needed to вмешваш — said Bay Ganyo reproachfully to me, — how do you know what sort of woman his wife here is."
09_bai_ganyo_in_russia_bul.csv,"Ний пътувахме в трети клас. Бай Ганьо зае две седалища и си легна да подремне. На следующата станция в нашия вагон влязоха още няколко пътника и трябваше да им се отстъпят лишните места, но бай Ганьо не е прост — той се преструва на заспал и хърка ли, хърка. Един великан немец, селянин, доближи с чанта в ръка до бай Ганя, почна да го буди, като го буташе леко по ботушите. Бай Ганьо се потайва и току пуща хрр... пуф... хрр... пуф... и като си закрил лицето от немеца, смига ми с око, санким „виж ме колко съм дявол“. „Нуу, ставай!“ — извика немецът и почна доста осезателно да мушка моя спътник. Хррр... пуфф!... „Ну, не притворяйся, чорт!“ — изръмжа немецът и с едно замахване смете нозете на бай Ганя, сгромоли го над дисагите му и седна при нас. Бай Ганьо се преструва на сепнат, разтри си очите и веднага, като че ни лук ял, ни лук мирисал, извади си табакерата и я предложи отворена на немеца: — Болгарский табак!","We were traveling third class. Bay Ganyo took two seats and lay down to doze. At the next station, several more passengers got into our carriage, and the extra seats had to be given up, but Bay Ganyo is no fool — he pretended to be asleep and snored, snored away. A giant German peasant came up to Bay Ganyo with a bag in his hand and began to wake him, nudging him gently on the boots. Bay Ganyo kept dodging and kept letting out hrr... puff... hrr... puff... and, covering his face from the German, winked at me, as if to say, “Look how clever I am.” “Now then, get up!” shouted the German and began to poke my companion quite noticeably. Hrrr... puff!... “Well, don’t pretend, devil!” growled the German, and with one sweep cleared Bay Ganyo’s legs, toppled him over his saddlebags, and sat down with us. Bay Ganyo pretended to be startled, rubbed his eyes, and immediately, as if nothing had happened, took out his snuffbox and offered it open to the German: — Bulgarian tobacco!"
09_bai_ganyo_in_russia_bul.csv,"— А-а, так значит, вы болгары! Очень приятно познакомиться — каза добродушно немецът и почна да си свива цигарка. — Вы в Питер едете. И я тоже. Вместе, значит.","— Ah, so you’re Bulgarians! Very pleased to meet you — said the German good-naturedly and began rolling himself a cigarette. — You’re going to Petersburg. I am too. Together, then."
09_bai_ganyo_in_russia_bul.csv,"Щом стигнахме в Петербург, побързах да изпълня обещанието си, дадено на гостилничаря във Вилно. Срещнах се с моя познайник, разправих му похождението на Димитрова. Той веднага телеграфира в Цариград и успя да спре предстоящата сватба. Той пък от своя страна ми разправи продължението на историята с глухонямото момче. Кога и как е било подучено да избяга от Вилно, не е известно, но един ден то пристигва в Петербург и тук дълго време е било жертва на най-низка експлоатация от страна на Димитрова, който не само че прибирал сумите, пращани от брата на нещастното момче, но и карал насила бедното дете да ходи от порта на порта при всичките по-влиятелни лица и известни филантропи в Петербург да проси пари. И не само в Петербург, но го е тикал често и до Кронщад, при известния светец на простолюдието Йоана Кронщадский...","As soon as we arrived in Petersburg, I hastened to fulfill the promise I had made to the innkeeper in Vilno. I met with my acquaintance and told him about Dimitrova’s conduct. He immediately telegraphed to Constantinople and managed to stop the impending wedding. In turn, he told me the rest of the story of the deaf-mute boy. When and how he was induced to flee from Vilno is not known, but one day he arrived in Petersburg, and there he was for a long time the victim of the basest exploitation on the part of Dimitrova, who not only pocketed the sums sent by the unfortunate boy’s brother, but also forcibly made the poor child go from door to door to all the more influential people and well-known philanthropists in Petersburg to beg for money. And not only in Petersburg, but he often sent him as far as Kronstadt, to the famous saint of the common people, John of Kronstadt..."
09_bai_ganyo_in_russia_bul.csv,"Аз, като нямах почти никакви средства за съществуване, принуден бях да живея в Дешовката, прибежище за крайно бедните студенти. Бай Ганьо най-енергически настояваше да дойде и той в Дешовката.","I, having almost no means of subsistence, was forced to live in Deshovkata, a refuge for extremely poor students. Bay Ganyo insisted most energetically that he too come to Deshovkata."
09_bai_ganyo_in_russia_bul.csv,"— А бе не може, бай Ганьо, това заведение е само за студенти.","— No, come on, Bay Ganyo, this place is only for students."
09_bai_ganyo_in_russia_bul.csv,"— Че какво, като е за студенти — убеждаваше ме бай Ганьо, — студентите не са ли хора като мене? Какво бива най-сетне един българин да приберат?","— So what, if it’s for students — old Ganyo kept persuading me — aren’t students people like me? What’s the harm, after all, in taking in one Bulgarian?"
09_bai_ganyo_in_russia_bul.csv,"— Но вий сте богат човек, бай Ганьо, вий можете да платите на хотел.","— But you are a rich man, Bay Ganyo, you can pay at the hotel."
09_bai_ganyo_in_russia_bul.csv,"— Ама че си бил прост човек — укоряваше ме бай Ганьо, — аз те мислех за по-хитър. А бе хей, българино, защо да си даваме паричките на московците? Набуташ ли келепир, дръж го с двете ръце, ами! Те отде ще знаят какъв ми е халът?","— What a simple fellow you are, — Bay Ganyo was reproaching me. — I thought you were smarter. Hey, Bulgarian, why should we give our money to the Muscovites? If you get a good deal, hold on to it with both hands! How would they know what my circumstances are?"
09_bai_ganyo_in_russia_bul.csv,"— Не може, бай Ганьо, ще протестират бедните студенти, ще ми се сърдят и може да ме изпъдят от общежитието.","— It can’t be done, Bay Ganyo, the poor students will protest, they’ll be angry with me, and they might even kick me out of the dormitory."
09_bai_ganyo_in_russia_bul.csv,"— Инат глава българска! — продължаваше бай Ганьо. — Ами че ти уста нямаш ли? Не ти ли сече толкова пипето да им речеш, че съм ти брат, че съм изпаднал човек; а бе то стига да речеш, че съм българин, ти нали ги знаеш русите какви са ахмаци!...","— Stubborn Bulgarian head! — continued Bay Ganyo. — Why, don’t you have a mouth? Isn’t your wits sharp enough to tell them that I’m your brother, that I’m a man fallen on hard times; well, all you have to do is say that I’m Bulgarian—you know what fools the Russians are!..."
09_bai_ganyo_in_russia_bul.csv,"— Не, не, не мога! — извиках аз решително и тръгнах към Дешовката.","— No, no, no, I can’t! — I cried out firmly and headed toward Deshovka."
09_bai_ganyo_in_russia_bul.csv,"— Ехе! Ти мислиш, че така лесно ще се откопчиш от мене! Чакай де! Какво си видял ти още! — мъмре бай Ганьо и върви подире ми. — Българин! И туй било българин! Няма за пет пари патриотизъм!... Чакай бе, човече, недей бърза толкова, че не мога да те стигна, дисагите ми тежат! Чакай бе, българино!...","— Hey! You think you’ll get rid of me that easily! Wait a minute! You haven’t seen anything yet! — grumbles Bay Ganyo and follows after me. — Bulgarian! And this was supposed to be a Bulgarian! Not a penny’s worth of patriotism!... Wait, man, don’t hurry so much, I can’t catch up with you, my saddlebags are heavy! Wait, Bulgarian!..."
09_bai_ganyo_in_russia_bul.csv,"В тази минута ний представлявахме, види се, доста любопитна картина, защото проходящите по тротоарите лица се обръщаха и ни изглеждаха внимателно. Бай Ганьо на десет крачки зад мене, нарамил дисагите, нанизани на бастона му, на другата ръка преметнал килимчето си, което издига сегиз-тогиз да си трие изпотеното си чело. Калпакът му едва се държи на темето. Крачи бай Ганьо подире ми и мъмре: „Чакай бе, човече божий, поемни поне килимчето, че ми откъсна ръката... Ти мислиш да се откачиш от мене! Не знаеш ти бай си Ганя какво е цвете!...“ Аз стъпвам като в паници и си смятам в ума как ще се явя с бай Ганя в Дешовката и как ще оправдая тази своеволна постъпка. Трябва да излъжа! Пък виждам, че да се откача от него, е немислимо! Най-сетне, нали е работата за няколко дена, по неволя примирих се с положението. А бай Ганьо върви ли, върви подире ми и все мъмре, но остави вече бабаитския език и почна в миньорен тон: „Я чувай, бай Василе, почакай малко бе, моля ти се бе, бай Василе, българи сме най-сетне...“","At that moment, we were, it seems, presenting a rather curious sight, because the people passing along the sidewalks turned around and looked at us attentively. Bay Ganyo, ten paces behind me, with the saddlebags slung over the stick he carried, and with his little rug thrown over the other arm, kept lifting it now and then to wipe the sweat from his forehead. His kalpak was barely holding on to the crown of his head. Bay Ganyo strides after me and grumbles: “Wait, man of God, at least take the rug, you’re tearing my arm off... You think you can shake me off! You don’t know what Bay Ganyo is like, what a flower he is!...” I step as if on plates and keep thinking how I am going to appear with Bay Ganyo in Deshovka and how I will justify this arbitrary act. I must lie! And yet I see that getting rid of him is unthinkable! In the end, since it was only for a few days, I resigned myself to the situation against my will. And Bay Ganyo goes on and on behind me, still grumbling, but he has already dropped the swaggering tone and begun in a plaintive voice: “Now listen, Bay Vasile, wait a little, please, Bay Vasile, after all, we’re Bulgarians...”"
09_bai_ganyo_in_russia_bul.csv,"И представете си, господа, в този момент аз съжалих бай Ганя! Вярвайте! Съзнавах, че постъпката му е безобразна, че той е отвратителен скъперник, егоист, лукав хитрец, лицемерен експлоататор, грубиян и простак до мозъка на костите... но съжалих го: в тънките вибрации на тона, с който той изговори последните думи, моето ухо схвана една нежна нотка, която се таила и се таи в сърцето на бай Ганя, но рядко — боже, колко рядко! — се появява... Не зная, може да ви се покаже смешно, неестествено, но ще ви кажа, господа, че в този момент аз инак погледнах на бай Ганя; като че някой ми внуши: „Недей презира този простичък, лукавичък, скъпичък нещастник, той е рожба на грубата среда, той е жертва на груби възпитатели; злото не се таи в него самия, а във влиянието на околната среда. Бай Ганьо е деятелен, разсъдлив, възприемчив — главно възприемчив! Постави го под влиянието на добър ръководител, и ти ще видиш какви подвиги е той в състояние да направи. Бай Ганьо е проявявал досега само животната си енергия, но в него се таи голям запас от потенциална духовна сила, която очаква само морален импулс, за да се превърне в жива сила...“","And imagine, gentlemen, at that moment I felt sorry for Bay Ganyo! Believe me! I was aware that his behavior was outrageous, that he was a disgusting miser, an egoist, a sly trickster, a hypocritical exploiter, a boor and a lout to the marrow of his bones... but I felt sorry for him: in the subtle vibrations of the tone in which he uttered the last words, my ear caught a tender note, one that had been hidden and still lies hidden in Bay Ganyo’s heart, but appears rarely — God, how rarely! — appears... I do not know, it may seem funny to you, unnatural, but I will tell you, gentlemen, that at that moment I looked at Bay Ganyo differently; as if someone suggested to me: “Do not despise this simple, sly little, dear little wretch; he is the offspring of a coarse environment, he is the victim of coarse educators; the evil does not lie in him himself, but in the influence of the surrounding world. Bay Ganyo is active, sensible, receptive — above all receptive! Put him under the influence of a good guide, and you will see what feats he is capable of. Bay Ganyo has so far shown only his animal energy, but in him there lies a great reserve of potential spiritual strength, which awaits only a moral impulse to turn into living force...”"
09_bai_ganyo_in_russia_bul.csv,"Пристигнахме в Дешовката. Повечето студенти не бяха се още завърнали от ваканцията, та имаше доста свободни места. Моето легло го запазил верният другар Кочо, албанец, бедняк във висша степен, който получаваше от Славянското общество по три рубли на месец за чай и захар; той беше постъпил в университета, следва там две години, но като се убеди, че не е за него работа, напусна го и постъпи в семинарията. Добър беше този Кочо, за приятеля си главата си даваше, но не дай боже да го раздразниш — в миг кипват всичките му арнаутски страсти, като побледнее, позеленее, очите му се налеят с кръв, цял звяр!... Като влязохме с бай Ганя в стаята, заварихме Коча в хоризонтално положение върху леглото: на туй легло трудно беше да се определи изведнъж кое е възглавница, кое постелка, кое завивка... Кочо скокна от кревата си с лекостта на пантера, прегърна ме, целуна ме, запозна се с бай Ганя и весел, засмян до уши от радост, размести ни да седнем кой на леглото, кой на сандък, като се извиняваше за малкия безпорядък в стаята. Сетне отвори вратата и нададе един арнаутски вик: „Ванька, поставь, голубчик, самовар!“ — „На что вам самовар, когда чаю и сахару нет!“ — обади се голубчикът от дъното на коридора. Кочо се хвана с две ръце за главата, прекрачи стаята, грабна си шапката и без да чува нашите молби да остане, че ние ще купим чай и захар, изтръгна се, извика „сейчас“ и изчезна... Чакаме ние с бай Ганя половин час, чакаме цял час — Кочо се не връща. Трябва да му се е случило нещо.","We arrived in Deshovka. Most of the students had not yet returned from vacation, so there were quite a few vacant places. My bed had been saved by the faithful comrade Kocho, an Albanian, a pauper in the highest degree, who received from the Slavic Society three rubles a month for tea and sugar; he had entered the university, studied there for two years, but when he became convinced that it was not the work for him, he left it and enrolled in the seminary. Good was this Kocho; for his friend he would give his head, but God forbid you should irritate him — in an instant all his Arnaut passions would flare up, and as he turned pale, grew green, his eyes filled with blood, a whole beast!... When Bay Ganyo and I entered the room, we found Kocho in a horizontal position on the bed: on that bed it was hard at first glance to tell what was pillow, what was mattress, what was blanket... Kocho sprang from his cot with the lightness of a panther, embraced me, kissed me, introduced himself to Bay Ganyo, and, cheerful, laughing from ear to ear with joy, rearranged us so that one sat on the bed, another on a trunk, apologizing for the little disorder in the room. Then he opened the door and let out an Arnaut shout: “Vanka, put the samovar on, my dear!” — “What do you need a samovar for when there’s no tea or sugar!” — replied the dear fellow from the end of the corridor. Kocho clutched his head with both hands, crossed the room, grabbed his hat, and, without hearing our pleas for him to stay, that we would buy tea and sugar, rushed out, shouted “right away,” and disappeared... Bay Ganyo and I waited half an hour, waited a whole hour — Kocho did not return. Something must have happened to him."
09_bai_ganyo_in_russia_bul.csv,"За да не губим хубавия ден, предложих на бай Ганя да излезем на разходка. „А бе чакай да почакаме, ще ни напои човека с чай“ — възрази бай Ганьо; не може той да изпусне келепира, отдето и да се явява. Но все пак аз настоях на своето. Натика бай Ганьо мускалите в пояса си и излязохме. Като наближавахме Аничкин мост, чуваме отдалече един зверски вик, размесен с най-отчаяни псувни и хули; излизаме на моста и какво да видим!... Кочо, разсвирепял като тигър, впил железните си пръсти в шията на един непознат господин, шапката на когото се валяше по камъните, навел му главата и се силеше да го хвърли от моста. Жертвата правеше всички усилия да се избави, но не беше тъй лесно да се изтръгне от ръцете на побеснелия арнаутин. „Шарлатан! — ревеше Кочо. — Подлец! Негодяй! Ты шпион, а не я, ты шпион, сукин сын! Я тебя убью, подлая тварь!“ Аз се спуснах да ги разтървам. Бай Ганьо извика подире ми: „Остави ги бе, що ти трябва беля на главата, нека си трошат главите; остави ги, ще те влачат за свидетел по участъците.“ Аз не послушах съветите на бай Ганя и тръгнах към арнаутина, който не преставаше да си дере гърлото и да изрига най-позорни епитети за своята жертва, която беше вече дотътрил до края на моста, и, стори ми се, още един миг — и непознатият ще полети с главата надолу в бистрите води на Фонтанка. „Шарлатан! Подлец!“ — ревеше Кочо и още по-силно впиваше костеливите си пръсти в дебелия врат на противника си.","To avoid wasting the lovely day, I suggested to Bay Ganyo that we go for a walk. “Wait a bit, let’s wait, the man will treat us to tea,” Bay Ganyo objected; he can never let a chance for profit slip by, no matter where it comes from. But still I insisted on my own. Bay Ganyo stuffed the muscals into his belt, and we went out.

As we were approaching Anichkov Bridge, we heard from afar a savage cry, mixed with the most desperate curses and abuse; we came out onto the bridge and what did we see!... Koco, raging like a tiger, had sunk his iron fingers into the neck of an unknown gentleman, whose hat was rolling on the stones; he had bent his head down and was trying to throw him off the bridge. The victim was making every effort to free himself, but it was not so easy to break away from the hands of the crazed Arnaut. “Charlatan! — Koco roared. — Scoundrel! Villain! Ты шпион, а не я, ты шпион, сукин сын! Я тебя убью, подлая тварь!” I rushed to separate them. Bay Ganyo shouted after me: “Leave them, man, why do you need trouble on your head, let them smash each other’s heads; leave them, they’ll drag you around the police stations as a witness.” I did not heed Bay Ganyo’s advice and went toward the Arnaut, who did not stop tearing his throat and spewing the most disgraceful epithets at his victim, whom he had already dragged to the edge of the bridge, and, it seemed to me, one more moment—and the unknown man would fly headfirst into the clear waters of the Fontanka. “Charlatan! Scoundrel!” Koco roared, and with even greater force dug his bony fingers into his opponent’s thick neck."
09_bai_ganyo_in_russia_bul.csv,"Когато аз бях вече на няколко крачки от тях, жертвата, стресната от предстоящата гибел, направи отчаяно движение, изтръгна се из ръцете на албанеца, грабна си моментално оваляната шапка и фукна да бяга. „Стой, шарлатан! Трус паршивый, мерзавец!“ Кочо грабна един камък и го запрати подире му. Непознатият дотърча до един трамвай, хопна се вътре и изчезна... Но арнаутинът не се успокойва: „Я тебя убью, подлый шарлатан!“ — продължаваше той да ръмжи, като показваше с юмрук в пространството, където изчезна врагът му. Аз повиках Коча по име, той се обърна и не ме позна!... В погледа му имаше нещо зверско, очите му блестяха, лицето му позеленяло и потъмняло, зъбите му тракаха като в най-силна треска, устните му конвулсивно трептяха и пропущаха едно глухо ръмжене. „В... в... б... р... р... Шаррлл... Сук... к... п... подлец... м. .. м... м... Шарлатан!“ — извика той още веднъж, като се обърна със заканване към невидимия враг. „Кочо, гълъбче, какво ти се случи, какъв е този господин?“ — попитах аз с приятелско съчувствие. Той си впери очите в мене и ме гледаше безсмислено и злобно и пак не ме позна!... „Я тебя убью, подлая тварь! Я тебе покажу, кто шпион!“ — ръмжеше Кочо и се заканваше на проходящия трамвай, като че във всякой трамвай седеше неговият враг.","When I was already a few steps away from them, the victim, startled by the impending doom, made a desperate move, tore himself from the Albanian’s hands, instantly grabbed his soiled hat, and took off running. “Stop, charlatan! Filthy scoundrel!” Kocho grabbed a stone and hurled it after him. The stranger ran up to a tram, jumped inside, and disappeared... But the Arnaut did not calm down: “I’ll kill you, you vile charlatan!” — he kept growling, shaking his fist at the space where his enemy had vanished. I called Kocho by name; he turned around and did not recognize me!... There was something beastly in his gaze, his eyes were shining, his face had turned green and dark, his teeth were chattering as in the fiercest fever, his lips were convulsively trembling and letting out a dull growl. “W... w... b... r... r... Sharrll... Suk... k... p... scoundrel... m... m... m... Charlatan!” — he shouted once more, turning threateningly toward the invisible enemy. “Kocho, my dove, what happened to you, who is this gentleman?” — I asked with friendly sympathy. He fixed his eyes on me and looked at me stupidly and maliciously, and still did not recognize me!... “I’ll kill you, you vile creature! I’ll show you who the spy is!” — Kocho growled and threatened the passing tram, as if his enemy were sitting in every tram."
09_bai_ganyo_in_russia_bul.csv,"„Кочо, моля ти се, кажи ми какво ти се е случило — умолявах аз разгневения до полуда приятел. — Кой беше този господин?“ Кочо ме изгледа още веднъж и извика: „Този е величайшия негодяй! Разбра ли? Ве-ли-чай-шия не-го-дяй!“ — и пак си извърна очите, и пак се залови да изрига проклятия. Аз почнах да се досещам,че моят приятел е жертва на някаква подлост, скроена от неговия враг, но каква именно, не разгадах и не бих могъл да разгадая. Туй, което ми разправи Кочо, бе до такава степен подло, щото и не може да бъде предмет на догадки.","“Kocho, please, I beg you, tell me what has happened to you,” I implored my friend, who was furious to the point of madness. “Who was that gentleman?”

Kocho looked at me once more and shouted: “That man is the greatest scoundrel! Do you understand? The grea-test scoun-drel!” — and again he turned away his eyes and again began to hurl curses.

I began to suspect that my friend was the victim of some vile trick devised by his enemy, but what exactly it was, I could not decipher, nor could I have deciphered it. What Kocho told me was so despicable that it could not even be a matter for conjecture."
09_bai_ganyo_in_russia_bul.csv,"Ето какво ни разправи Кочо, след като дойде малко на себе си: „Представете си, господа, като излязох от Дешовката, отидох в Славянското общество да си получа стипендията, за да мога да купя чай и захар да ви угостя. Ти знаеш, Василе, гълъбче, каква стипендия получавам аз! Три рубли на месец! Три нещастни рубли! И въобразете си, намерил се мерзавец, който да ми завижда и да се полакоми за това мое богатство. И кой? Ваш съотечественик! Поздравявам ви!... Аз ще му избия зъбите на този шарлатанин!... Представете си, господа, влизам аз при касиера, моля го да ми даде трите рубли, а той се обръща към мене с един сърдит тон и ми казва: — Как вам не совестно, молодой человек, Вы ученик и занимаетесь такими мерзкими делами!... — Какви „мерзки дела“; — извиках аз стреснат. — Ний имаме сведения — продължи той, — че вий сте шпионин на българското правителство. — Как?! Аз шпионин! — Да, ний имаме положителни сведения. Вашата стипендия е отнета и е дадена на брата на господин Асланова. — Ради бога, кой ви е дал тези сведения? — помолих аз през сълзите, които ме давеха от гняв. — Сам господин Асланов — отговори той спокойно. — „А-а-ах! Бесса-та-бесса“ — изкрещях аз като луд и изхвръкнах на улицата до Аничкиния мост... вий вече знаете!... Боже мой! Господа, можете ли да си въобразите нещо по-подло!... Шар-латан! Аз... аз... аз казах „бесса!“ и няма да забравя!...","Here is the English translation, preserving the Markdown structure and formatting:

> Here is what Kocho told us after he came to his senses a little: “Imagine, gentlemen, after I left Deshovka, I went to the Slavic Society to receive my scholarship, so that I could buy tea and sugar to treat you. You know, Vasile, my little dove, what kind of scholarship I receive! Three rubles a month! Three miserable rubles! And imagine, there turned out to be a scoundrel who envied me and coveted this wealth of mine. And who? Your compatriot! I congratulate you!... I will knock out the teeth of that charlatan!... Imagine, gentlemen, I go in to the cashier, ask him to give me the three rubles, and he turns to me in an angry tone and says:
>
> — How are you not ashamed, young man, you are a student and you are engaged in such vile deeds!...
>
> — What ‘vile deeds’?
>
> — I was startled.
>
> — We have information — he continued — that you are a spy for the Bulgarian government.
>
> — What?! Me, a spy!
>
> — Yes, we have positive information. Your scholarship has been withdrawn and given to Mr. Aslanov’s brother.
>
> — For God’s sake, who gave you this information? — I asked through the tears that were choking me with anger.
>
> — Mr. Aslanov himself — he replied calmly.
>
> — ‘A-ah! Bessa-ta-bessa’ — I shouted like a madman and flew out into the street by Anichkin Bridge... you already know!... My God! Gentlemen, can you imagine anything more despicable!... Charlatan! I... I... I said ‘bessa!’ and I will not forget it!...”"
09_bai_ganyo_in_russia_bul.csv,"Успокоихме криво-ляво Коча и влязохме с него в един трактир да пием чай. Тук се забавихме доста дълго, увлечени от разказите на албанеца за унизителните похождения на Асланова. Даже бай Ганьо не се реши да извика своето „браво!“ или „ашколсун!“, а, напротив, от време на време цъкаше с езика си, клатеше си зачудено главата и казваше: „Брей, хептен магаре бил този човек!“ Излязохме из трактира и тръгнахме по „Невски проспект“. Смесена публика от всичките части на света пълнеше тротоарите на блестящата улица, ний едва лавирахме между проходящите. По улицата се движеха в два реда всевъзможни файтони. Един от друг по-разкошните магазини мамеха очите на публиката. Бай Ганьо благоволи да изкаже мнение, че „най-сетне и Петербург не е съвсем долна работа“... Цял час се промъквахме между тълпата, доде стигнем до Нева. Щом излязохме на по-тихата „Английска Набережна“, не успяхме да направим и десет крачки, Кочо ме дръпна сепнато за ръкава и извика със задавен глас: — Ето го!","We somehow calmed Kocho down and went with him into a tavern to drink tea. Here we lingered quite a long time, absorbed in the Albanian’s stories about Aslanov’s humiliating escapades. Even Bay Ganyo did not dare to shout his “bravo!” or “ashkolsun!”; on the contrary, from time to time he clicked his tongue, shook his head in amazement, and said: “Well, this fellow was a complete donkey!” We came out of the tavern and set off along Nevsky Prospect. A mixed crowd from all parts of the world filled the sidewalks of the glittering street; we could barely weave our way among the passersby. All sorts of carriages moved along the street in two rows. One more splendid shop after another lured the public’s eyes. Bay Ganyo condescended to express the opinion that “at last, Petersburg is not entirely a bad place”... For a whole hour we pushed our way through the crowd until we reached the Neva. As soon as we came out onto the quieter English Embankment, we had not taken even ten steps when Kocho suddenly grabbed my sleeve and cried in a choked voice: — There he is!"
09_bai_ganyo_in_russia_bul.csv,— Кой?,— Who?
09_bai_ganyo_in_russia_bul.csv,— Шарлатанинът!,— The charlatan!
09_bai_ganyo_in_russia_bul.csv,— Кой шарлатанин?,— Which charlatan?
09_bai_ganyo_in_russia_bul.csv,— Величайшият! Стой! Да се скрием да не ни забележи! — измъмри той и ни повлече за ръкавите зад колоните на една порта. Бай Ганьо си подаде носа зад колоната и погледна по указаното от Коча направление.,— The greatest one! Stop! Let’s hide so he doesn’t notice us! — he muttered and pulled us by the sleeves behind the columns of a gate. Bay Ganyo poked his nose out from behind the column and looked in the direction indicated by Kocha.
09_bai_ganyo_in_russia_bul.csv,— Кого виждате? — пита Кочо.,— Who do you see? — asks Kocho.
09_bai_ganyo_in_russia_bul.csv,"— Виждам един човек — шепне тайнствено бай Ганьо. — А бе, Василе, я погледни, този човек прилича много на нашия Дондуков-Корсаков.","— I see a man — whispers Bay Ganyo mysteriously. — Hey, Vasile, look, this man looks very much like our Dondukov-Korsakov."
09_bai_ganyo_in_russia_bul.csv,"— Той е същият — отговаря Кочо, — още кого виждате?","— He is the same — Kocho replies, — who else do you see?"
09_bai_ganyo_in_russia_bul.csv,"— Виждам още двама души, коленичили пред Дондукова, я гледай! Ц... ц... ц... цалуват му ботушите, плачат, молят му се нещо, удрят се в гърдите, гледай! Ц... ц... ц... той иска да се откачи от тях, те не го оставят — един отсам, други оттам, прегърнали му нозете...","— I see two more people kneeling before Dondukova, look at that! Th... th... th... th... they’re kissing his boots, crying, begging him for something, beating their chests, look! Th... th... th... he wants to shake them off, but they won’t let him go — one on this side, the others on that, clutching his legs..."
09_bai_ganyo_in_russia_bul.csv,"— Я се вгледайте, не можете ли позна някой от тях? — диктува албанецът.","— Take a close look, can’t you recognize any of them? — dictated the Albanian."
09_bai_ganyo_in_russia_bul.csv,"— Не мога, как ще ги позная, те постоянно си тракат главите в ботушите му... Ха, чакай — каза бай Ганьо, — чакай!... Познах го! А бе той... истина! А бе той е онзи бе, дето щеше да го хвърлиш от моста... той е!","— I can’t, how am I supposed to recognize them, they keep banging their heads against his boots all the time... Ha, wait — said Bay Ganyo, — wait!... I recognized him! Why, it’s him... really! Why, he’s the one, the one you were going to throw off the bridge... it’s him!"
09_bai_ganyo_in_russia_bul.csv,— Той е същият... мерзавецът! Вий сега сте свидетели на една от неговите мизерни комедии! — изръмжа със стиснати зъби арнаутинът. — Хайде сега да се вмъкнем пак на „Невски проспект“.,"— He is the same... the scoundrel! You are now witnesses to one of his miserable comedies! — growled the Arnaut through clenched teeth. — Come on now, let’s slip back into “Nevsky Prospekt.”"
09_bai_ganyo_in_russia_bul.csv,— Чакай да видим края на сцената — заявих аз.,— Let’s wait and see the end of the scene — I said.
09_bai_ganyo_in_russia_bul.csv,"— Не е нужно — каза решително Кочо, — краят е известен: ще го държат за нозете и ще плачат, додето им даде няколко рубли или някоя рекомендация до друга жертва, или някое ходатайство... Тези негодници са в състояние да опозорят името на цяла нация...","— It’s not necessary — Kocho said firmly. — The ending is known: they’ll hold him by the legs and cry until he gives them a few rubles or some recommendation to another victim, or some petition... These scoundrels are capable of disgracing the name of an entire nation..."
09_bai_ganyo_in_russia_bul.csv,— Брей! Хептен магаре бил този чиляк — извика бай Ганю и зацъка с езика си.,"— Well, I’ll be! That fellow was a complete donkey — exclaimed Bay Ganyo, clicking his tongue."
09_bai_ganyo_in_russia_bul.csv,"— Е, защо спря бе, Василе, продължавай! — обади се един от компанията.","— Well, why did you stop, Vasile, keep going! — one of the group called out."
09_bai_ganyo_in_russia_bul.csv,— Разкажи за историята с Ермолова...,— Tell me about the story with Ermolova...
09_bai_ganyo_in_russia_bul.csv,"— Остави се, гнус ме е — заяви Васил.","— Leave it, I’m disgusted — said Vasil."
09_bai_ganyo_in_russia_bul.csv,— Или за княгиня Белозерская...,— Or for Princess Belozerskaya...
09_bai_ganyo_in_russia_bul.csv,"— Остави се, не мога вече!","— Leave me alone, I can’t take it anymore!"
09_bai_ganyo_in_russia_bul.csv,— Ами знаете ли историята на бай Ганя с шкембе-чорбасъ̀? — обажда се други.,"— Well, do you know the story of Bay Ganyo with the tripe soup? — another one chimed in."
09_bai_ganyo_in_russia_bul.csv,— Ами вий пък знаете ли нещо за бръснатите мустаки...,"— Well, do you know anything about shaved mustaches..."
09_bai_ganyo_in_russia_bul.csv,"— Стига, господа! Бай Ганьовите истории нямат свършване. Хайде да почнем вече втората част на вечеринката. Марк Аврелий изпей нещо бе, гълъбче! Или ти, Калина-Малина, изпей нещичко!... Хайде: „За-претни-и-и, Вело моме-е-е, бели ръкави....“","— Enough, gentlemen! The tales of Bay Ganyo never end. Come on, let’s begin the second part of the evening party already. Marcus Aurelius, sing something, will you, little dove! Or you, Kalina-Malina, sing something!... Come on: “Roll up, Velo girl, white sleeves....”"
09_bai_ganyo_in_russia_bul.csv,Почна се втората част на вечеринката... След полунощ се разотидохме.,"The second part of the evening began... After midnight, we dispersed."
09_bai_ganyo_in_russia_bul.csv,"Довиждане, бай Ганьо! Обикаляй Европа, разнасяй по всички краища произведението на нашата хубава Розова долина и... моля ти се бе, бай Ганьо, взирай се по-дълбочко в европейския живот, дано му видиш лицето, стига ти се е натрапвало туй пусто опаки!...","Goodbye, Bay Ganyo! Travel around Europe, carry to all corners the product of our beautiful Rose Valley, and... please, Bay Ganyo, look a little more deeply into European life, so that you may see its face, if only that cursed contrariness has not kept forcing itself upon you!..."
10_bai_ganyo_returns_from_europe_bul.csv,"— Чухте ли новината? — извика Марк Аврелий, щом отвори вратата и се втурна запъхтян в стаята.","— Did you hear the news? — cried Marcus Aurelius, as soon as he opened the door and rushed breathlessly into the room."
10_bai_ganyo_returns_from_europe_bul.csv,— Каква новина? — обадихме се всички.,— What news? — we all called out.
10_bai_ganyo_returns_from_europe_bul.csv,— Бай Ганьо се върнал от Европа!,— Bay Ganyo has returned from Europe!
10_bai_ganyo_returns_from_europe_bul.csv,— Не може да бъде!,— It can’t be!
10_bai_ganyo_returns_from_europe_bul.csv,"— Как „не може да бъде“ бе, господа, аз го видях, говорих с него... Първата му дума... ха-ха-ха!... Първата му дума: оплес... ха-ха-ха!... Оплескахме я, кай, ний нея... ха-ха-ха...","— How can it be “impossible,” gentlemen? I saw him, I spoke with him... His first word... ha-ha-ha!... His first word: oples... ha-ha-ha!... We messed it up, say, we did... ha-ha-ha..."
10_bai_ganyo_returns_from_europe_bul.csv,"— Стига си се кикотил бе — извика с нетърпение Арпакаша, — разказвай. Искаш ли чай?","— Stop giggling, man — Arpakasha cried impatiently, — tell me. Do you want tea?"
10_bai_ganyo_returns_from_europe_bul.csv,"— Арпакаш, дай да те цункам между очичките...","— Arpakash, let me kiss you between the eyes..."
10_bai_ganyo_returns_from_europe_bul.csv,"— Говедо! — изпусна с добродушна усмивка Арпакаш и подаде една чаша чай на Марк Аврелия, като го дръпна със свободната си ръка за къдравия мустак. — Оберговедо!","— Ox! — Arpakash let slip with a good-natured smile and handed a cup of tea to Mark Aurelius, while with his free hand he tugged at his curly mustache. — Chief ox!"
10_bai_ganyo_returns_from_europe_bul.csv,"— Капитан, не крути, пожалуйста, параход — пошегува се Марк Аврелий, отсръбна от чашата и ни разказа следното:","— Captain, don’t spin the steamboat, please — joked Marcus Aurelius, took a sip from the cup, and told us the following:"
10_bai_ganyo_returns_from_europe_bul.csv,"— Въобразете си, господа, какво щастие, преди няколко дена, на 22-й (Альоша, твойто любимо число), в неделя, отидохме с Герванича на Искърските ханчета, към Враждебна; заварихме там сума свят...","— Imagine, gentlemen, what happiness it was: a few days ago, on the 22nd (Alyosha, your favorite number), on Sunday, Gervanich and I went to the Iskar inns, toward Vrazhdebna; we found there a whole crowd of people..."
10_bai_ganyo_returns_from_europe_bul.csv,— Урвичците не бяха ли там?...,— Weren’t the Urvichites there?...
10_bai_ganyo_returns_from_europe_bul.csv,"— Не, не бяха, те бяха на техния Урвич... Недей ме прекъсва, Арпакаш... Сума свят имаше, повечето иностранци — немци, чехи — и ни един, ама положително ни един от тия вкаменени от апатия шопи... Само дядо Хаджи мина за чифлика си. Времето, както знаете, беше чудесно; ония ти ливади, ония ниви, оная прясна зеленина на гората, да не можеш да се надишаш... Чужденците дошли с целите си семейства, надомъкнали провизия, постилки, люлки за децата; насядали са сам-там като букети под сенките и си пируват хората. Да ти е драго да ги гледаш. И не да речеш някои заможни, охолни хора, не, а все еснаф, работен свят — тенекеджии, железари, дърводелци. Работи шест дни — седмия гуляй! А не кат вашите милости да се завирате из задимените кафенета с вашата проклета „бачка“...","— No, they weren’t there; they were at their Urvich... Don’t interrupt me, Arpakash... There was a whole crowd there, mostly foreigners — Germans, Czechs — and not a single one, absolutely not a single one of those apathetic, stone-like shopi... Only old Haji passed by on his way to his farm. The weather, as you know, was splendid; those meadows, those fields, that fresh green of the forest — you could hardly breathe enough of it... The foreigners had come with their whole families, lugging provisions, blankets, swings for the children; they had sat here and there like bouquets under the shade and were feasting away. It was a pleasure to look at them. And don’t think they were some wealthy, affluent people, no — all of them were townsfolk, working people — tinsmiths, ironworkers, carpenters. Work six days — feast on the seventh! And not like your lordships, sneaking into smoky cafés with your damned “bachka”..."
10_bai_ganyo_returns_from_europe_bul.csv,"— Марк Аврелий! Тебе ли чувам, гълъбче? Иван Златоуст, дай да те цункам!...","— Marcus Aurelius! Is that you I hear, little dove? John Chrysostom, let me give you a kiss!..."
10_bai_ganyo_returns_from_europe_bul.csv,"— Млъкни, Арпакаш, недей ме прекъсва...","— Shut up, Arpakash, don’t interrupt me..."
10_bai_ganyo_returns_from_europe_bul.csv,"— Хей, Амонасро, не прекъсвай човека — обади се Мойше.","— Hey, Amonasro, don’t interrupt the man — Moyshe called out."
10_bai_ganyo_returns_from_europe_bul.csv,"— Ама наистина бе, господа — продължава шегата си Арпакаша с маслен поглед, — кажете, не е ли сладък Марк Аврелий особено като изговаря тази хубава думица „бачка“, туй че цяла музика...","— But really, gentlemen — Arpakasha continues his joke with a greasy look — tell me, isn’t Marcus Aurelius especially sweet when he pronounces that lovely little word “bachka,” that it’s like an entire piece of music..."
10_bai_ganyo_returns_from_europe_bul.csv,"— Ще млъкнеш ли ти, Амонасро Етиопский?...","— Will you be quiet, Amonasro the Ethiopian?..."
10_bai_ganyo_returns_from_europe_bul.csv,"— И не забелязахте ли, господа, каква бездънна омраза питае нашият сладчайши Марк Аврелий към тази бачка.","— And did you not notice, gentlemen, what bottomless hatred our sweetest Marcus Aurelius bears toward this fellow?"
10_bai_ganyo_returns_from_europe_bul.csv,"— Слушай, Амонасро, млъкни или ще накарам Мойше да ти налее цяла чаша коняк в гърлото.","— Listen, Amonasro, shut up or I’ll have Moyshe pour a whole glass of cognac down your throat."
10_bai_ganyo_returns_from_europe_bul.csv,"— Но ка-кви зев-зе-ци наш-ти, кат видели ба-ба с га-щи, всич-ки-те го по-ди-гра-ли и мо-ма-та му не да-ли, таааа-ра-ра-бум-бие, та-рара бум...","— But what kind of jokers ours are, when they saw the old man in trousers, they all made fun of him and did not give him his girl, taaaa-ra-ra-bum-bie, ta-ra-ra bum..."
10_bai_ganyo_returns_from_europe_bul.csv,"— Ти си луд, Арпакаш, ей богу, луд си — каза с лек укор Марк Аврелий, — постой малко мирен, моля ти се...","— You’re mad, Arpakash, by God, you’re mad — said Marcus Aurelius with a slight reproach. — Be still for a moment, I beg you..."
10_bai_ganyo_returns_from_europe_bul.csv,"— Артък веке, Арпакаш! — обади се Ожилката.","— Enough already, Arpakash! — said Ozhilkata."
10_bai_ganyo_returns_from_europe_bul.csv,"— И ти ли, Ожилка, и ти ли, Бруте! Я запей ти „Снощи си минах край Севлиево.“","— You too, Ozhilka, you too, Brutus! Now sing “Last night I passed by Sevlievo.”"
10_bai_ganyo_returns_from_europe_bul.csv,— Долу Арпакаша! — извика Мойше и след него цялата компания зарева „долу!“ и накараха най-сетне етиопския цар да млъкне.,"— Down with Arpakash! — shouted Moyshe, and after him the whole company roared “down with him!” and finally made the Ethiopian king fall silent."
10_bai_ganyo_returns_from_europe_bul.csv,Марк Аврелий продължи:,Marcus Aurelius continued:
10_bai_ganyo_returns_from_europe_bul.csv,"— Не, наистина, господа, то е печално явление тази триклета „бачка“, тя ни е вкаменила, тя ни е покрила мозъка с плесен и паяжина. Ами че, моля ви се, аз зная някои приятели, които цели десет години — десет години! — господа, това не е шега — не са престанали да гният в задимените кьошета на „Панаха“ с карти в ръка, а пред носа им цъфти тази хубава, тази живописна градска градина, от дъха и прохладата на която те не умеят да се ползуват; а пък вън от София, в околностите, какви чудни места! Седим в кафенетата и въздишаме за Швейцария, а пък стига ни само малко волица, и Швейцария, българска Швейцария е пред нас — Витоша, Рила, Родопите! Най-последният бедняк-чужденец от живущите в София се е насладил от величествения вид от Черния връх на Витоша, а я ми кажете, има ли един — един, божичко! — шоп, който да се е качил на Витоша! Ний знаем примери между работниците италианци, които са напущали тука готова работа само защото им омръзва еднообразието и с риск тръгват да странствуват, за да видят свят, а пък, от друга страна, има примери, като, да речем, овчаринът на Драгалевския манастир, който цял живот е гледал от височините града София, гледал го е години преди Освобождението, гледал е неговото разрушаване, обновяването и разширението му, продължава и досега да се взира, седнал под сянката на ореха, в неговия по-бляскав изглед и до ден днешен той няма воля да слезе от гората да полюбопитствува, да види отблизо тази във всяко отношение интересна трансформация на столицата!... Но аз оправдавам този своеобразен философ и даже, правичката да ви кажа, завиждам на това дете на природата! Ами какво да кажа за мнозина от нашите заможни граждани, които се душат цял живот в праха, миризмите и миазмите на софийските стари улици, гледат цял живот хубавата драгалевска горица и не са имали волята да станат, да идат там и да се насладят от нейния дъх и прохлада, от омайния шум на пенливия поток и от славеите...","— No, truly, gentlemen, it is a sad phenomenon, this accursed “work”; it has turned us to stone, it has covered our brains with mold and cobwebs. Why, I know some friends who for a whole ten years — ten years! — gentlemen, this is no joke — have not stopped rotting in the smoky corners of the “Panaha” with cards in hand, while right before their noses blooms this beautiful, this picturesque city garden, whose breath and coolness they do not know how to enjoy; and outside Sofia, in the surroundings, what marvelous places! We sit in the cafés and sigh for Switzerland, and yet all it takes is a little will, and Switzerland — Bulgarian Switzerland — is before us: Vitosha, Rila, the Rhodopes! The very poorest foreigner living in Sofia has enjoyed the majestic view from Black Peak on Vitosha, and tell me, is there one — one, by God! — Shop who has climbed Vitosha! We know examples among the Italian workers who have left ready work here simply because they grow tired of monotony and, at risk, set out wandering to see the world; and on the other hand, there are examples such as, say, the shepherd of the Dragalevtsi Monastery, who has spent his whole life looking at the city of Sofia from the heights, has looked at it for years before the Liberation, has watched its destruction, renewal, and expansion, and continues to this day to gaze, seated in the shade of the walnut tree, at its more splendid appearance, and even now he has no will to come down from the forest to satisfy his curiosity, to see up close this in every respect interesting transformation of the capital!... But I excuse this peculiar philosopher and even, to tell you the truth, I envy this child of nature! And what shall I say about many of our well-to-do citizens, who choke all their lives in the dust, smells, and miasmas of Sofia’s old streets, who spend their whole lives looking at the lovely Dragalevtsi grove and have not had the will to get up, go there, and enjoy its breath and coolness, the enchanting murmur of the foaming stream, and the nightingales..."
10_bai_ganyo_returns_from_europe_bul.csv,"— Брей, че ти си бил цял поет бе, Марк Аврелий, я гледай!... Ама я ми кажи ти защо ни приказваш тия бабини деветини; нали уж за бай Ганя разправяш?","— Well, so you’ve turned out to be quite the poet, Marcus Aurelius, just look at you!... But tell me, why are you telling us all this old wives’ nonsense; weren’t you supposed to be talking about Bay Ganyo?"
10_bai_ganyo_returns_from_europe_bul.csv,"— Затуй ти приказвам „бабини деветини“, защото просто яд ме е, като гледам каква апатия ни е вдървила... Да речете, че ний не отбираме от природни хубости — не; не можем да не отбираме, защото това е естествено чувство — говедото и то отбира; но работата е, че сме сковани от възточна неподвижност. Ако те хвана, Арпакаш, за яката и те потътра към Урвичкия манастир, ти, щом те наведа зад Кокаленския баир над искърската бездна и чуеш таинствения говор на извилистата запенена река, ти ще почнеш да цъкаш с езика си и ще извикаш, непременно ще извикаш: „Брей, че то цяла Швейцария, я гледай, че тя била хубава нашата България и ний, глупци, да не знаем това, а киснем по празниците в кафенетата.“ Но щом се върнеш в София и дъхнеш от задушената й атмосфера, ти пак ще паднеш в летаргия, пак ще те вкамени апатията, додето не те потътре друг за яката.","— That’s why I’m telling you “old wives’ tales,” because I’m simply angry when I see what kind of apathy has stiffened us... You may say that we don’t appreciate natural beauties — no; we cannot help appreciating them, because that is a natural feeling — even cattle appreciate them; but the thing is that we are paralyzed by Eastern immobility. If I grab you, Arpakash, by the collar and drag you toward the Urvich Monastery, once I lead you behind Kokalenski Hill above the Iskar abyss and you hear the mysterious murmur of the winding foaming river, you will start clicking your tongue and you will cry out, you absolutely will cry out: “Good heavens, it’s all Switzerland, look how beautiful our Bulgaria is, and we fools don’t know it, while we loaf away the holidays in cafés.” But as soon as you return to Sofia and breathe in its stifling atmosphere, you will fall back into lethargy, apathy will turn you to stone again, until someone else drags you by the collar."
10_bai_ganyo_returns_from_europe_bul.csv,"Сега — за бай Ганя. Ний с Герванича цял ден сновахме из гората, търкаляхме се по тревата между дърветата, ядохме, пихме, зяпахме веселите групи на чужденците, които с душа и тяло бяха се предали на веселба; устроили бяха разни игри, пееха, тичаха, скачаха — да им завиждаш! Надвечер, след една вкусна закуска, влязохме с Герванича в ханчето да пием кафе. По едно време откъм Орханийското шосе зачуха се звънци и след малко сред един облак прах зададе се файтон с пътници. Слезе от колата един пътник, слезе втори и зад гърба на файтонджията се зачу гласът на третия: „Бай Михале, че поемни дисагите; гледай да не ги блъснеш някъде, да не строшиш мускалите, зере няма с какво да се отсрамим пред... оногова.“","Now — about Bay Ganyo. Gervanich and I spent the whole day roaming through the forest, rolling in the grass between the trees, eating, drinking, and watching the merry groups of foreigners who had given themselves over in body and soul to fun; they had arranged all sorts of games, sang, ran, jumped — you’d envy them! Toward evening, after a tasty snack, Gervanich and I went into the little inn to drink coffee. After a while, from the Orkhaniye highway, we heard bells, and shortly afterward, amid a cloud of dust, a carriage with passengers appeared. One passenger got out of the carriage, then a second, and behind the coachman’s back the voice of the third was heard: “Uncle Michale, take the saddlebags; be careful not to bump them somewhere, so you don’t break the flasks, for we have nothing to show ourselves with before... that one.”"
10_bai_ganyo_returns_from_europe_bul.csv,"И след тия думи скочи от колата... бай Ганьо. Същият бай Ганьо, както си го знаете, преди да тръгне за Европа; с тая разлика само, че си турил вратовръзка и освен това сега има импозантна външност и чувство на собствено достойнство и преимущество пред окръжающите. Човекът врял и кипял из Европа, Европа му станала като таквоз... като нищо. Дръпна си той левия мустак, поизкашля се в шепа и изгледа в полукръг с един поглед, с какъвто нашите полицейски изглеждат арестантите, групите на веселящите се чужденци и като хвърли око и заклати глава на своите невежи спътници, като че искаше да им каже: „Живи да ви оплача“, въздъхна дълбоко и многозначително произнесе: „Ех, Пра̀тер, Пра̀тер!“","And after those words, out of the carriage sprang... Bay Ganyo. The very same Bay Ganyo, as you know him, before he set off for Europe; with only this difference, that he had put on a necktie and, besides, now had an imposing appearance and a sense of his own dignity and superiority over those around him. The man had been through and through Europe; Europe had become to him like such-and-such... like nothing at all. He tugged at his left mustache, coughed into his hand, and cast a semicircular glance with the same look with which our policemen regard arrestees, the groups of merry foreigners, and, after giving a look and shaking his head at his ignorant companions, as though he wanted to say to them, “I pity you while you’re alive,” he sighed deeply and meaningfully exclaimed: “Ah, Prater, Prater!”"
10_bai_ganyo_returns_from_europe_bul.csv,"— Какво каза, твоя милост, не можах да дочуя — обади се нареченият бай Михал.","— What did you say, your grace? I couldn’t quite catch it — said the man called Uncle Mihal."
10_bai_ganyo_returns_from_europe_bul.csv,"— Живи да ви оплача аз вас — произнесе състрадателно бай Ганьо. — Ех, Пра̀тер, Пра̀тер!... Минавало ли ви е през ума какво нещо е туй Пратера! Ама отде ще ви мине през ума. А да взема да ви разправям — не можете го разбра.","— May I live to mourn you all — said Bay Ganyo compassionately. — Ah, Prater, Prater!... Has it ever crossed your mind what a thing this Prater is! But how could it cross your mind? And if I were to start telling you about it — you wouldn’t be able to understand it."
10_bai_ganyo_returns_from_europe_bul.csv,"И за да покаже на своите прости другари кои са в състояние да го разберат, той се приближи към една от веселящите се групи, при която се търкаляха няколко изцедени бурета от бира, и като изобрази една ироническа усмивка, показа с очи към горицата и изрече: „Дас ист булгарише Пра̀тер, ха-ха-ха!...“","And in order to show his simple companions, those who were capable of understanding him, he approached one of the merry groups, beside which several emptied beer barrels were rolling about, and, with an ironic smile, pointed with his eyes toward the little grove and said: “Das ist bulgarische Prater, ha-ha-ha!...”"
10_bai_ganyo_returns_from_europe_bul.csv,"Цялата група, с весело замъглени от пивото очи, изгледа отдолу-нагоре нашия ""немец"" и един от компанията, без да се вслушва в бай Ганьовото ироническо изречение, подаде му една чаша изветряло вино с думите: — Просим вас, гòсподин, искàате пиво?","The whole group, with eyes cheerfully blurred by the beer, looked our “German” up and down, and one of the company, without paying heed to Bay Ganyo’s ironic remark, handed him a glass of stale wine, saying: — We beg you, sir, would you like some beer?"
10_bai_ganyo_returns_from_europe_bul.csv,"""И тези не ме разбират"" — помисли си бай Ганьо и като се върна при другарите си, прибави: „Нарязали се като... казаци.“","“Even these don’t understand me,” thought Bay Ganyo, and when he returned to his companions, he added: “They got drunk like... Cossacks.”"
10_bai_ganyo_returns_from_europe_bul.csv,"След туй компанията влезе в кръчмата и насяда близо до нас. Аз бях гърбом към тях и бай Ганьо не можа да ме познае, а че не ме позна, това се видя от думите, които той пусна за наша сметка: „И тези трябва да са се насвяткали. Немска стока!“","After that, the company entered the tavern and sat down near us. I was with my back to them, and Bay Ganyo could not recognize me; and that he did not recognize me was clear from the words he let slip at our expense: “These too must have gotten drunk. German goods!”"
10_bai_ganyo_returns_from_europe_bul.csv,Слугата се приближи към пътниците и почна да изтрива масата:,The servant approached the travelers and began to wipe the table:
10_bai_ganyo_returns_from_europe_bul.csv,— Не искате ли нещо? — попита той.,— Don’t you want something? — he asked.
10_bai_ganyo_returns_from_europe_bul.csv,"— Не щем, ний си имаме. Ама, хайде, нейсе, дай една вода и едно огънче: налей прясна вода — поръча бай Ганьо.","— We don’t want any; we have our own. But, all right, never mind, give us some water and a little fire: pour some fresh water — ordered Bay Ganyo."
10_bai_ganyo_returns_from_europe_bul.csv,"Между пътниците се почна един таинствен сериозен разговор, от който не всички думи долетяваха до нас.","Among the passengers, a mysterious, serious conversation began, from which not all the words reached us."
10_bai_ganyo_returns_from_europe_bul.csv,"— Тази вечер надали ще видим големеца, късно ще бъде — шепнеше бай Ганьо, — ще му пратим армаганите и ще му сторим хабер за утре; па той ще ни нареди кога да идем при княза.",— We probably won’t see the big man tonight; it will be late — whispered Bay Ganyo. — We’ll send him the gifts and let him know for tomorrow; then he’ll tell us when to go to the prince.
10_bai_ganyo_returns_from_europe_bul.csv,— Ами за княза нещо армаганец? — попита предпазливо бай Михал.,"— Well, something as a gift for the prince? — asked Bay Mihal cautiously."
10_bai_ganyo_returns_from_europe_bul.csv,"— Не трябва — отговаря авторитетно бай Ганьо, — тука всичко е големеца; замажеш ли му очите — тръгни по бели гащи. Ний ще му дадем туй, дето ни го написа адвокатина, да го прочете и ако има нещо да поправи — негова работа! Пред княза да се държите, брей, да не се уплаши някой. Вие мене гледайте какво правя. Като кажа, както ни казаха да кажем: „Ваше Царско Височество, сакън да не му приемете оставката, зере Задунайская губерния“, и вий подир мене: „Сакън, Ваше Царско Височество!“","— No need — replies Bay Ganyo authoritatively. — Here everything is about the big shot; if you blind him with flattery, you can go around in your white drawers. We’ll give him what the lawyer wrote for us to read, and if there’s anything to correct — that’s his business! Behave yourselves before the prince, hey, so no one gets scared. Watch what I do. When I say, as they told us to say: “Your Imperial Highness, for heaven’s sake, do not accept his resignation, because of the Zadneprian province,” and you after me: “For heaven’s sake, Your Imperial Highness!”"
10_bai_ganyo_returns_from_europe_bul.csv,"— Хелбетя, друго какво ще речем — покорно отговаря бай Михал.","— “Helbetya, what else shall we say?” — old Mihal replies humbly."
10_bai_ganyo_returns_from_europe_bul.csv,"— А бе ти, Михале, малко на ботуш миришеш, че кой те знай? Опичай си акъла! — предупредява наставнически бай Ганьо.","— Hey, Mihal, you smell a bit like boots, and who knows you? Use your head! — бай Ганьо warns in a patronizing tone."
10_bai_ganyo_returns_from_europe_bul.csv,"— Кой? Аз ли? — оправдава се бай Михал. — Не думай така, братко, ще чуй някой. И стените имат уши. Аз като чуя името ""казак"", треска ме хваща.","— Who? Me? — old Mihal excuses himself. — Don’t say that, brother, someone might hear. Even walls have ears. When I hear the name “Cossack,” I get the shivers."
10_bai_ganyo_returns_from_europe_bul.csv,"— Треска те хваща, а? — шепнеше тихо, с подмигване бай Ганьо. — А като дойдоха русите, кой обра говедата по турските села, а? Откога имаш ти тези богатства, а? Кажи де!","— Fever’s got you, eh? — whispered Baï Ganyo softly, with a wink. — And when the Russians came, who looted the cattle from the Turkish villages, eh? Since when have you had all these riches, eh? Come on, say it!"
10_bai_ganyo_returns_from_europe_bul.csv,"— Ама че и ти бе, бай Ганьо, правичката да си говорим — шепне бай Михал, — нали от руско време ти останаха водениците. Кажи, не е ли тъй?","— But come now, Bay Ganyo, let us speak plainly — whispers Bay Michal — the mills were left to you from Russian times. Tell me, isn’t that so?"
10_bai_ganyo_returns_from_europe_bul.csv,"— Хайде, хайде, то с тебе не може човек дума да прохортува. То било, каквото било. Сега не е тъй. Сега Задунайская губерния, разбираш ли?","— Come, come, one can’t even have a proper chat with you. What’s done is done. It’s not like that now. Now it’s the Zadneprovskaya Governorate, do you understand?"
10_bai_ganyo_returns_from_europe_bul.csv,— А бе как да не разбирам! — каза бай Михал и дяволски подмигна на другарите си.,— How could I not understand! — said old Mihal and devilishly winked at his companions.
10_bai_ganyo_returns_from_europe_bul.csv,"И тримата се изсмяха в шепа, за да не ги чуе някой.",And all three of them laughed into their hands so that no one would hear them.
10_bai_ganyo_returns_from_europe_bul.csv,"— Брей, опичайте си акъла, вардете се, че ако ви чуе някой — отиваме на гюрултия... Хей, момче, какъв е онзи вестник там? „Свобода“ ли? — обърна се бай Ганьо към слугата.","— Well, use your heads and be careful, because if someone hears you, we’re in for a racket... Hey, boy, what’s that newspaper over there? Is it *Svoboda*? — Bay Ganyo turned to the servant."
10_bai_ganyo_returns_from_europe_bul.csv,"— „Свободно слово“, господине.","— “Free speech,” sir."
10_bai_ganyo_returns_from_europe_bul.csv,"— Ех, че ми се иска да попрочета — шепне на другарите си бай Ганьо, — ама ме е страх, дявол да го вземе. Ще чуе големеца — па иди се оправяй сетне.","— Ah, how I’d like to do a bit of reading — Bay Ganyo whispers to his companions — but I’m afraid, the devil take it. The big shot will hear — and then go sort it out afterward."
10_bai_ganyo_returns_from_europe_bul.csv,"Но тъкмо в този момент произлезе една сцена, която накара пътниците да се вдървят на местата си. Едно пет-шестгодишно момченце пристъпваше лениво около прага на кръчмата и си пееше някакви импровизации и, види се, под впечатлението на тридневното софийско непрекъснато „долу“ в мотива на „Шуми Марица“ остави същинския текст и захласнато в песнята си, употребяваше следующите втълпени в мозъка му думи: „До-лу-лу, до-лу, до-лу-лу, до-лу, до-о-лу, до-о-лу, до-лу Стамболов!“ Дружен смях на веселящите се групи прекъсна импровизацията на детето, което, възбудено от неочаквания успех, отново, с по-силен глас, почти с крясък, продължи песента си и вместо, ма-арш,ма-арш! — викаше „до-о, до-о, долу Стамболов, до-до-до-доолу, долу Стамболов“. Този път освен дружния смях зачуха се ръкопляскания и викове „браво“, „долу“, „долу блудникът“, „долу тиранинът“ от една компания младежи, които се връщаха от разходка.","But just at that moment a scene occurred that made the passengers freeze in their seats. A little boy of five or six was lazily pacing about the threshold of the inn and singing some improvisations, and, apparently under the impression of the three-day-long Sofia refrain of “down” in the tune of “Shumi Maritsa,” he abandoned the actual text and, carried away in song, used the following words, implanted in his mind: “Do-lu-lu, do-lu, do-lu-lu, do-lu, do-o-lu, do-o-lu, do-lu Stambolov!” A hearty laugh from the merry groups interrupted the child’s improvisation, and he, excited by the unexpected success, again, in a louder voice, almost shouting, continued his song and instead of “ma-arsh, ma-arsh!” was crying “do-o, do-o, down with Stambolov, do-do-do-doown, down with Stambolov.” This time, besides the hearty laughter, there were also applause and shouts of “bravo,” “down,” “down with the libertine,” “down with the tyrant” from a group of young men returning from a walk."
10_bai_ganyo_returns_from_europe_bul.csv,Аз се обърнах към масата на тримата пътници.,I turned toward the table of the three travelers.
10_bai_ganyo_returns_from_europe_bul.csv,"Бай Ганьо и неговите другари се превърнали в статуи. С разтворени уста, с облещени неподвижно очи, лицата им изобразяваха такава печална смес от страх и учудване, щото не ми оставаше освен да съжалявам, че нямах фотографически апарат... Пръв се свести бай Ганьо, обърна очи към манифестантите и веднага трепна, като че поразен от електрически ток: един конен полицейски стражар минуваше по шосето и чуваше тези ужасни викове и вместо да извади шашката си и като хала с бесен вик да я развърти около главите на тези нечувани бунтовници, на тези черни души, на тези разбойници и предатели, той изглеждаше спокойно, с добродушна усмивка на лицето... Ако в този момент беше избухнал вулкан на Витоша, едва ли би слисал нашите пътници повече, отколкото тази сцена...","Bai Ganyo and his companions had turned into statues. With mouths agape and eyes staring fixedly, their faces expressed such a sorrowful mixture of fear and amazement that I had no choice but to regret not having a camera... Bai Ganyo was the first to come to his senses; he turned his eyes toward the demonstrators and immediately shuddered as if struck by an electric current: a mounted police officer was passing along the road and could hear those terrible shouts, and instead of drawing his sabre and, like a whirlwind, swinging it with a furious cry around the heads of those unheard-of rebels, those black souls, those bandits and traitors, he appeared calm, with a good-natured smile on his face... If a volcano had erupted on Vitosha at that moment, it would hardly have stunned our travelers more than this scene..."
10_bai_ganyo_returns_from_europe_bul.csv,"— Оплескахме я ний нея! — изговори с отчаяна въздишка бай Ганьо. — А бе, бай Михале, я иди, моля ти се, около тезгяха, та надзърни в „Свободно слово“, виж там дано разбереш каква е тази работа...","— We’ve really messed it up! — said Bay Ganyo with a desperate sigh. — Well, Bay Mihal, please go around the counter and take a look in *Svobodno Slovo*; see if you can figure out what this is all about..."
10_bai_ganyo_returns_from_europe_bul.csv,"— Хубава работа, ами ти защо не отидеш? Я да ти видя куража! — отговаря бай Михал.","— Nice work, then why don’t you go? Let me see your courage! — replies old Mihal."
10_bai_ganyo_returns_from_europe_bul.csv,"— Ей, че си прост! Какво бива най-сетне да надзърнеш; мини край тезгяха, уж че гледаш ракията, подсвирквай си така, па с едно око, тъйцък, виж... да няма ново минис... Има хас!...","— Hey, how stupid you are! At least finally take a peek; pass by the counter, as if you’re looking at the brandy, whistle casually, and with one eye, like this, look... so there won’t be another minis... As if! ..."
10_bai_ganyo_returns_from_europe_bul.csv,— Невъзможно нещо... Опичай си акъла!...,— Impossible thing... Come to your senses!...
10_bai_ganyo_returns_from_europe_bul.csv,"— Ами не видя ли стражарина?... А бе я чакай, мечка страх, мен не страх — ще погледна вестника, па майната му!","— Well, didn’t you see the policeman?... Ah, wait a minute, it’s the bear that’s afraid, not me — I’ll take a look at the newspaper, and to hell with it!"
10_bai_ganyo_returns_from_europe_bul.csv,"И бай Ганьо стана от мястото си, засвири със зъбите си „Зелен листец“ и като се озърташе уж разсеяно, правеше орлов кръг към тезгяха; доближи се, хвана за гърлото една бутилка с коняк и престорен, че чете етикета й, така си изкриви надясно очите, щото човек насреща му би видял само белтъците им, и погледът му падна върху сгънатата газета, от която се виждаше само заглавието „Свободно слово“. Той си потътра дясната ръка и като усили „Зелен листец“, за да заглуши шума на вестника, разтвори едната му част и с ужасно изкривени надясно очи прочете: „Известия от Двореца. Днес... се представи на Н. Ц. Височество президент-министърът и министърът на вътрешните дела г. д-р К. Стоил...“ — Нещо се пресече в гърлото на бай Ганьо; той се изкашля; облиза си мигом засъхналите устни и метна изкривено око по-надолу и прочете с големи заглавни букви: „Падна Стамбол...“, и сърцето на Ганя падна в ботушите му, той изтърва бутилката с коняка и за да заглади произведения шум, почна силно да кашля... Обърна се бай Ганьо към другарите си и изрече многозначително. — Беше!","And Bay Ganyo rose from his seat, whistled “Green Leaflet” through his teeth, and, glancing about as if absent-mindedly, made an eagle-like circle toward the counter; he drew near, seized a bottle of cognac by the neck, and, pretending to read its label, twisted his eyes so far to the right that a person facing him would have seen only the whites of them, and his gaze fell upon the folded newspaper, from which only the title “Free Word” could be seen. He moved his right hand along and, while intensifying “Green Leaflet” to drown out the rustling of the newspaper, opened one part of it and, with his eyes horribly twisted to the right, read: “News from the Palace. Today... was received by His Imperial Highness the president-minister and the minister of internal affairs Mr. Dr. K. Stoil...” — Something caught in Bay Ganyo’s throat; he coughed; instantly licked his dried lips and cast a twisted eye farther down and read in large capital letters: “Stambol has fallen...”, and Ganya’s heart sank into his boots, he dropped the bottle of cognac and, in order to smooth over the noise made, began coughing loudly... Bay Ganyo turned to his companions and said meaningfully: — It was!"
10_bai_ganyo_returns_from_europe_bul.csv,"— Хаир сюле, бай Ганьо! — обади се бай Михал.","— Good luck, Bay Ganyo! — said Bay Michal."
10_bai_ganyo_returns_from_europe_bul.csv,"— Свърши се тя! — допълни бай Ганьо и като се приближи при масата, пошепна тихо на другарите си: — Стамболов ефенди боклатмъш! Стоилов сега...","— It’s over for her! — added Bay Ganyo, and, approaching the table, whispered softly to his companions: — Stambolov effendi boklatmush! Stoilov now..."
10_bai_ganyo_returns_from_europe_bul.csv,"— Не може да бъде бе, що думаш! Във вестника ли?...","— It can’t be, can it, what do you think! In the newspaper?..."
10_bai_ganyo_returns_from_europe_bul.csv,— Разбира се!,— Of course!
10_bai_ganyo_returns_from_europe_bul.csv,— А бе да не е някоя уйдурма?,— Could it be some kind of scam?
10_bai_ganyo_returns_from_europe_bul.csv,"— Каква ти уйдурма! — извика с глас бай Ганьо и като събра всичкия си кураж, затропа по масата и се провикна: — Хей, момче, я дай тука „Свободно слово“...","— What a trick! — cried out Bay Ganyo, and, gathering all his courage, he thumped on the table and shouted: — Hey, boy, bring over “Svobodno Slovo” here..."
10_bai_ganyo_returns_from_europe_bul.csv,Другарите неволно си снишиха главите и почнаха да се озъртат плахо.,The comrades involuntarily lowered their heads and began to look around timidly.
10_bai_ganyo_returns_from_europe_bul.csv,"Момчето донесе вестника и го подаде случайно на бай Михаля, но той, като че му подадоха нажежено желязо, отдръпна си ръката и показа с очи към бай Ганя. Бай Ганьо взе газетата и то се знай, пообърна се да види какво има, какво няма в кръчмата, па най-сетне откъде ще се вземе толкова кураж у бай Ганя! Ама все пак куражлия! Разгърна „Свободно слово“ и почна: „Падна Стамб...“","The boy brought the newspaper and handed it by chance to Bay Mihal, but he, as if they had handed him a piece of red-hot iron, drew back his hand and pointed with his eyes toward Bay Ganyo. Bay Ganyo took the paper and, of course, turned around to see what there was and what there wasn’t in the tavern, and at last—where would Bay Ganyo get so much courage! But still, a brave fellow! He unfolded “Free Word” and began: “Stamb... has fallen”"
10_bai_ganyo_returns_from_europe_bul.csv,"Закашля се бай Ганьо, закашляха се още по-силно другарите му. Бай Михал изкриви окото си към вестника да види дали чете право неговият смел другар и се увери, че няма грешка... Наведе глава към вестника и третият другар и прочете и... треска го втресе, и свят му се зави. Колко ли негови дела и делца, дрямали с години под прокурорското сукно, ще измъкнат на бял свят тия две думици...","Bai Ganyo coughed, and his companions coughed even more loudly. Bai Mikhal squinted toward the newspaper to see whether his brave comrade was reading correctly, and he made sure there was no mistake... The third companion also bent his head toward the newspaper and read, and... a fever shook him, and his head began to spin. How many of his deeds and little deeds, slumbering for years beneath the prosecutor’s cloth, would those two little words drag out into the light of day..."
10_bai_ganyo_returns_from_europe_bul.csv,"С гушене, с шепнене, с кашляне иззобаха уводната статия и като назърнаха сам-там из вестника, узнаха и се убедиха най-сетне, че работата е свършена.","With whispering, with murmuring, with coughing, they devoured the editorial, and as they peered here and there through the newspaper, they finally learned and became convinced that the matter was settled."
10_bai_ganyo_returns_from_europe_bul.csv,"— Оплескахме я ний нея! Ами сега? Сега е късно вече да молим да не му се приема оставката. Хай дявол да го вземе. Е, Михале, какво мълчиш, кажи какво да се прави? — пита бай Ганьо.","— We’ve really messed this up! Well, what now? It’s too late now to ask that his resignation not be accepted. Damn it all. Well, Mihal, why are you silent? Say what should be done? — asks Bay Ganyo."
10_bai_ganyo_returns_from_europe_bul.csv,"— Кажи, твоя милост; аз съм тъй слисан, като че ме е стоварил някой с бухалка по кратуната — отговаря отчаяно бай Михал.","— Tell me, your grace; I am so stunned, as if someone had whacked me on the head with a club — replies poor Mihal in despair."
10_bai_ganyo_returns_from_europe_bul.csv,"— Ами ти бе, Гуньо, какво мълчиш? Кажи и ти някоя дума. Какво да правим сега, а?","— Well, Guno, why are you silent? Say a word too. What are we to do now, huh?"
10_bai_ganyo_returns_from_europe_bul.csv,"— Е, че зная ли аз. . . Каквото речеш, твоя милост — мъмли убитият духом Гуньо.","— Well, do I know? . . . Whatever you say, your grace — muttered Guno, broken in spirit."
10_bai_ganyo_returns_from_europe_bul.csv,"— Ами че ти ум нямаш ли бе, серсем! Все аз ли ще ви оправям — вика почти просълзен от отчаяние бай Ганьо, — нейсе, хайде и тоя път да ви науча... Знаете ли какво?","— Well, don’t you have any sense, you fool! Must I always be the one to sort you out? — cries Bay Ganyo, almost in tears from despair. — Oh well, come on, I’ll teach you this time too... Do you know what?"
10_bai_ganyo_returns_from_europe_bul.csv,"По този въпрос бай Ганьо се позамисли намръщено, почеса се, дето го не сърби, поизкашля се еднъж-дваж в шепа, бръкна в джеба на редингота си, извади една хартия, сгъната на четири, и я подаде на бай Гуня.","On this matter, Bay Ganyo frowned in thought, scratched where it did not itch, coughed once or twice into his hand, reached into the pocket of his frock coat, took out a piece of paper folded in four, and handed it to Bay Gunya."
10_bai_ganyo_returns_from_europe_bul.csv,"— Я прочети още веднъж тая пущина, та после ще ви кажа какво ще правим.","— Read that thing once more, and then I’ll tell you what we’ll do."
10_bai_ganyo_returns_from_europe_bul.csv,"— Ами защо, ваша милост, не я прочетеш?","— Well then, why, your grace, don’t you read it?"
10_bai_ganyo_returns_from_europe_bul.csv,"— Ама, Гуньо, каздърма бени! Ти знаеш защо не я чета, на тебе по̀ ти иде отръки да четеш онези папищашки думи...","— But, Ganyo, the kazdarma is here! You know why I don’t read it; you’re more adept than I am at reading those papish words..."
10_bai_ganyo_returns_from_europe_bul.csv,"Гуньо разгърна хартията и прочете горе-долу следното: „Ваше Царско Височество! Небесни гръмове се посипаха върху нещастните ни глави! Петвековното ни робство е приятен сън в сравнение с грозния удар, който Северният враг ни нанася чрез оставката на нашия — о! има ли думи! — най-гениален вожд, този Цицерон, този Нютон на българския небосклон! O tempora, o mores! „Не, Ваше Царско Височество! Ний още вярваме в здравия смисъл на доблестния български народ и очакваме, че той няма да се раздели с човека, който е олицетворение на неговите стремления и идеали, на всичко честно, благородно, целомъдрено, прогресивно, либерално! Ний няма да повярваме, че Ваше Царско Височество ще поверите властта в ръцете на ония развратни предатели, на ония невежи и невъзпитани нищожества, които денонощно се, стремят да подкопаят основите на нашия държавен строй и да хвърлят нашето мило отечество под миризливия ботуш на казака.","Gunyo unfolded the paper and read roughly the following:

“Your Royal Highness! Heavenly thunderbolts have fallen upon our unfortunate heads! Our five-hundred-year slavery is a pleasant dream compared with the terrible blow the Northern Enemy is striking us with through the resignation of our — oh! are there words! — most brilliant leader, this Cicero, this Newton of the Bulgarian firmament! O tempora, o mores!

“No, Your Royal Highness! We still believe in the sound judgment of the valiant Bulgarian people and expect that they will not part with the man who is the embodiment of their aspirations and ideals, of everything honest, noble, chaste, progressive, liberal! We shall not believe that Your Royal Highness will entrust power into the hands of those depraved traitors, those ignorant and uncultured nonentities, who day and night strive to undermine the foundations of our state order and to throw our dear fatherland under the stinking boot of the Cossack."
10_bai_ganyo_returns_from_europe_bul.csv,"Ваше Царско Височество! Timeo Danaos et dona ferentes! Горната резолюция се прие от 11 000 най-видни граждани и се упълномощиха Ганьо Балкански, Михал Михалев и Гуньо Килипирчиков да я поднесат пред стъпките на Ваше Царско Височество. Ураа!“","Your Imperial Highness! *Timeo Danaos et dona ferentes!* The above resolution was adopted by 11,000 of the most distinguished citizens, and Ganyo Balkanski, Mihal Mihalev, and Gunyo Kilipirchikov were authorized to present it at the feet of Your Imperial Highness. Hurrah!"
10_bai_ganyo_returns_from_europe_bul.csv,"— Ей, че сме калпав народ! — казва с клатене на глава и с цъкане бай Ганьо. — Като бъде за лъжата, дъртите цигани са нищо пред нас. Че хич дотам бива ли? 11 000 най-видни граждани! Ха-ха-ха! Махни хилядите, колко остава?","— Hey, what a lousy people we are! — says Bay Ganyo, shaking his head and clicking his tongue. — When it comes to lying, the old gypsies are nothing compared to us. Can it really get that far? 11,000 of the most prominent citizens! Ha-ha-ha! Take away the thousands, how much is left?"
10_bai_ganyo_returns_from_europe_bul.csv,— Единадесет души — отговаря Михал.,— Eleven people — replies Michal.
10_bai_ganyo_returns_from_europe_bul.csv,— Толкоз ли бяха?,— Were there that many?
10_bai_ganyo_returns_from_europe_bul.csv,"— Е, толкоз, бай Ганьо, правото — право. Аз нали ходих със стражар да ги събирам.","— Well, that’s that, Bay Ganyo, right is right. Didn’t I go with a policeman to collect them?"
10_bai_ganyo_returns_from_europe_bul.csv,"— Калпав народ!... Сега знаете ли какво? За връщане назад не може и дума да става. Ти, Гуньо, си едно парче адвокатин. Я се запретни, моля ти се, па дай тука всички заедно да изкалъпим един друг адрес, за новия... Не, аз имам хартия. Па дано не узнаят, че сме дошли да молим за онзи хубостник, че ни е спукана работата. Особено твойта работа, Гуньо... Ако дойде други прокурор.","— What a lousy lot of people!... Now do you know what? There can be no question of turning back. You, Gunyo, are quite a lawyer yourself. So roll up your sleeves, please, and let’s all together knock up another address for the new one... No, I have paper. And let’s hope they don’t find out that we came to plead for that handsome fellow, or we’re done for. Especially your business, Gunyo... If another prosecutor comes."
10_bai_ganyo_returns_from_europe_bul.csv,"Гуньо се поизкашля... — Дай хартията и калема — каза той тревожно. — Вий гледайте, аз ще пиша.","Gunyo coughed a little... — Give me the paper and the pen — he said anxiously. — You watch, I’ll write."
10_bai_ganyo_returns_from_europe_bul.csv,"И той почна да пише: ""Ваше Царско Височество! Небесни гръмове се посипаха върху нашите нещастни глави!...","And he began to write: ""Your Imperial Highness! Heavenly thunderbolts have rained down upon our unfortunate heads!..."""
10_bai_ganyo_returns_from_europe_bul.csv,— Сега трябва да го напишем наопаки. Как да го напишем?... Чакайте... Одобрявате ли така: „Небесата се отвориха и посипаха благодат върху нашето отечество.“,— Now we have to write it backwards. How should we write it?... Wait... Do you approve this: “The heavens opened and showered grace upon our fatherland.”
10_bai_ganyo_returns_from_europe_bul.csv,"— Само отечество много просто излиза — заявява бай Ганьо, тури „нашето мило отечество“.","— It simply comes out as “fatherland” — says Bay Ganyo, putting in “our dear fatherland.”"
10_bai_ganyo_returns_from_europe_bul.csv,"— И аз мисля, че без мило не чини — казва бай Михал.",— And I also think that without affection it’s not worth much — says old Mihal.
10_bai_ganyo_returns_from_europe_bul.csv,"— Добре, турих мило. По-нататък: „Петвековното ни робство е приятен сън в сравнение с грозния удар“... Сега наопаки: „Освобождението ни от петвековното ни робство е нищо в сравнение с бляскавото събитие, което разруши веригите на грозния тиранин.“ Съгласни ли сте?","— All right, I’ve put in “милo.” Next: “Our five-century bondage is a pleasant dream compared to the ugly blow”... Now the reverse: “Our liberation from our five-century bondage is nothing compared to the brilliant event that shattered the chains of the ugly tyrant.” Do you agree?"
10_bai_ganyo_returns_from_europe_bul.csv,"— Да беше прибавил още „изчадие на пъкъла“ — заявява бай Ганьо. — Ама нейсе, по-сетне.","— You might as well have added “spawn of hell” — says Bay Ganyo. — But never mind, later on."
10_bai_ganyo_returns_from_europe_bul.csv,"— ...„който Северният враг ни нанася чрез оставката на нашия — о! има ли думи! — най-гениалния вожд, този Цицерон, този Нютон на българския небосклон.“","— ...“which the Northern enemy inflicts on us through the resignation of our — oh! are there words for it! — most brilliant leader, this Cicero, this Newton of the Bulgarian firmament.”"
10_bai_ganyo_returns_from_europe_bul.csv,"— Сега туй как да го обърнем?... Чакайте... Ето как: „И което се дължи единствено на Ваше Царско Височество, всемилостивейши баща и татко, като приехте оставката на този — о! има ли думи — най-грозен мъчител, този Калигула, този Тамерлан на българския небосклон.“","— Now how are we to turn this around?... Wait... Here’s how: “And what is due solely to Your Royal Highness, most gracious father and papa, as you accepted the resignation of this — oh! are there words for it — most hideous tormentor, this Caligula, this Tamerlane of the Bulgarian firmament.”"
10_bai_ganyo_returns_from_europe_bul.csv,"— Браво бе, Гуньо! — извика с възторжено блеснали очи бай Ганьо.","— Bravo, Ganyo! — exclaimed Bay Ganyo with eyes shining with delight."
10_bai_ganyo_returns_from_europe_bul.csv,— Че ти как го мислиш Гуня? — ласкае Михал.,"— How do you mean it, Gunya? — Michal flatters."
10_bai_ganyo_returns_from_europe_bul.csv,"— „O tempora, o mores!“... Туй може да си остане. То, дето и да го туриш, все си е на мястото... „Не, Ваше Царско Височество!“... Да турим: „Да, Ваше Царско Височество!... Ний още вярваме в здравия смисъл на доблестния български народ и очакваме, че той няма да се раздели с человека...“ Сега вместо „няма да се раздели“ ще турим „и ще изтрие от лицето на земята“, а вместо „человека“ ще турим „свирепия звяр“.","— “O tempora, o mores!”... That can stay. It’s one of those things that, wherever you put it, it still fits... “No, Your Imperial Highness!”... Let’s put: “Yes, Your Imperial Highness!... We still believe in the sound sense of the valiant Bulgarian people and expect that they will not part with man...” Now instead of “will not part with” we will put “and will wipe off the face of the earth,” and instead of “man” we will put “the ferocious beast.”"
10_bai_ganyo_returns_from_europe_bul.csv,"— Не, по-добре тури „бясното чудовище“ — поправя бай Ганьо.","— No, better put “the raging monster,” — Bay Ganyo corrects."
10_bai_ganyo_returns_from_europe_bul.csv,— Аз пък мисля да турим „Геена огненная“ — каза Михал.,"— I, for my part, think we should put “Gehenna of Fire,” said Michal."
10_bai_ganyo_returns_from_europe_bul.csv,"— Ех, че го набута! Ха-ха-ха! Че отде-накъде „Геена огненная?“ По-добре да турим „мръсния кръволок“ — казва Гуньо.","— Well, that’s a bold one! Ha-ha-ha! Why on earth “Gehenna of fire”? Better put “the filthy bloodsucker,” says Gunyo."
10_bai_ganyo_returns_from_europe_bul.csv,"— Ха, видя ли сега! Аферим! — одобрява бай Ганьо.","— Ha, did you see that now! Bravo! — approves Bay Ganyo."
10_bai_ganyo_returns_from_europe_bul.csv,"— ...„който е олицетворение на неговите стремления и идеали — на всичко честно, благородно, целомъдрено, прогресивно, либерално!“ Сега да обърнем наопаки... „който е олицетворение на народното нещастие!... на всичко безчестно, вагабонтско, развратно, мракобесно и тиранско!“ По-нататък: „Ний няма да повярваме, че Ваше Царско Височество ще поверите властта в ръцете на ония развратни предатели, на ония невежи и невъзпитани нищожества...“ Как да го обърнем сега?... Стойте! Дойде ми на ума! Ето как: „Позволете ни, Ваше Царско Височество, да се считаме честити и да изразим нашите най-безпределно верноподанически чувства, задето поверихте властта в ръцете на ония благородни патриоти, на тия образовани и възпитани държавни мъже... които денонощно се стремят да под-копаят основите на нашия държавен строй.“","— ...“who is the embodiment of his aspirations and ideals — of everything honest, noble, chaste, progressive, liberal!” Now let us turn it upside down... “who is the embodiment of the people’s misfortune!... of everything dishonorable, vagabond, depraved, obscurantist, and tyrannical!” Further on: “We shall not believe that Your Royal Highness will entrust power into the hands of those depraved traitors, of those ignorant and uncultured nonentities...” How shall we turn it now?... Wait! It has just occurred to me! Here is how: “Allow us, Your Royal Highness, to consider ourselves fortunate and to express our most boundlessly loyal sentiments, because you have entrusted power into the hands of those noble patriots, of those educated and cultivated statesmen... who day and night strive to undermine the foundations of our state order.”"
10_bai_ganyo_returns_from_europe_bul.csv,— Как така! Имаш грешка! — каза стреснато бай Ганьо.,— How so! You’ve made a mistake! — said Bay Ganyo in alarm.
10_bai_ganyo_returns_from_europe_bul.csv,"— Сега ще го обърнем наопаки, така вместо „да подкопаят“ ще турим „да закрепят“. „И да хвърлят нашето мило отечество под миризливия ботуш на казака.“","— Now we’ll turn it upside down, so instead of “to undermine” we’ll put “to strengthen.” “And to throw our dear fatherland under the stinking boot of the Cossack.”"
10_bai_ganyo_returns_from_europe_bul.csv,"— Хайде сега да видим — казва бай Ганьо. — Сега е зорът! Не знаем, дявол да го вземе, сегашните как ще я подкарат с Московията. Да знай човек, че искат да се мирят — лесна работа, може сума неща да напишем: „Цар освободител; цар покровител; едноутробни братя; немските келяви чифути“ и прочее; ама не знаем какъв вятър ще повее... Добре: „братя славяни, ами ако и днешните са против славяните, па току виж... хоп! — бай Ганьо предател! Не, знаете ли какво? По-добре онуй там за „миризливия ботуш“ да го изхвърлим...","— Let’s see now — says Bay Ganyo. — Now’s the critical moment! We don’t know, damn it, how the present ones will handle things with Muscovy. If one knew they wanted peace — easy enough, we could write a whole lot of things: “Tsar liberator; tsar protector; brothers of one womb; the German lousy Jews,” and so on; but we don’t know what wind will blow... Fine: “Slavic brothers,” but what if today’s ones are against the Slavs, and then before you know it... hop! — Bay Ganyo the traitor! No, do you know what? Better throw out that bit about the “stinking boot”..."
10_bai_ganyo_returns_from_europe_bul.csv,"— Е, ами какво да турим!...","— Well, what are we to put in there!..."
10_bai_ganyo_returns_from_europe_bul.csv,"— Сто-ой! Недей бърза! Ще помислим... Знаете ли какво? Сега ний, като не знаем още какъв вятър вее, да турим и тъй, и тъй, па те нека го тълкуват, както им уйдиса. Да турим така... „И да се прегърнем братски хем с русите, хем с немците... Тю! Да ги порази господ!...“","— Sto-oy! Don’t rush! Let’s think... You know what? Since we still don’t know which way the wind is blowing, let’s put it one way and another, and let them interpret it however they like. Let’s put it like this... “And let us embrace fraternally both the Russians and the Germans... Pah! May God strike them down!”"
10_bai_ganyo_returns_from_europe_bul.csv,"— Не, хич не уйдисва така! Какво е това „хем-хем“? Пред княз така ли се говори! — заявява адвокатствуващият Гуньо.","— No, that won’t do at all! What is this “hem-hem”? Is that how one speaks before a prince! — declares the lawyerly Gunyо."
10_bai_ganyo_returns_from_europe_bul.csv,"— Ами как се говори бе, келеш! Ти мене ли ще ме учиш! — пламна бай Ганьо. — Ти знаеш ли кой съм аз? Ти знаеш ли, че аз цяла Европа съм изходил? Не съм като тебе дърво! Ти знаеш ли, че туй Иречек-Миречек ей тъй — зяпнали са ме слушали, като им заприказвам. Мен англичани, мен американци ихтибар са ми правили в Дрезден... че ти ли на ум ще ме учиш?... Ти знаеш ли, че аз...","— Well, how do you speak, you brat! Are you going to teach me! — Bay Ganyo flared up. — Do you know who I am? Do you know that I’ve traveled all over Europe? I’m not a blockhead like you! Do you know that this Irechek-Mirechek — just like that — they stood there with their mouths open listening when I started talking to them. Englishmen, Americans have shown me respect in Dresden... and you are going to teach me what to think?... Do you know that I..."
10_bai_ganyo_returns_from_europe_bul.csv,"— Зная бе, бай Ганьо, как да не зная — оправдава се стреснатият Гуньо.","— I know, Bay Ganyo, how could I not know — the startled Ganyo excuses himself."
10_bai_ganyo_returns_from_europe_bul.csv,"— Е, ами като знаеш, какво там таквозинаке... Нейсе, пиши там, както знаеш...","— Well, if you know, what’s that there, sort of thing... Anyway, write it there as you know..."
10_bai_ganyo_returns_from_europe_bul.csv,"— Да напишем така: „...и да ни турят, ако не по-горе, то поне наред с великите европейски сили“...","— Let us write it like this: “...and to place us, if not above, then at least alongside the great European powers”..."
10_bai_ganyo_returns_from_europe_bul.csv,"— Нейсе, съгласен съм — одобрява бай Ганьо.","— Well then, I agree — approves Bay Ganyo."
10_bai_ganyo_returns_from_europe_bul.csv,"— ...„с великите европейски сили, като ни възвърнат към величието на Аспаруха и Крума.“","— ...“with the great European powers, restoring us to the greatness of Asparuh and Krum.”"
10_bai_ganyo_returns_from_europe_bul.csv,— Съгласен съм. Добре.,— I agree. Okay.
10_bai_ganyo_returns_from_europe_bul.csv,"— Сега по-нататък: „Ваше Царско Височество, Timeo danaos et dona ferentes!“ ...Вместо него най-добре е да турим: „Vox populi, vox dei.“ Съгласни ли сте?","— Now, moving on: “Your Imperial Highness, Timeo danaos et dona ferentes!” ...Instead of it, it would be best to put: “Vox populi, vox dei.” Do you agree?"
10_bai_ganyo_returns_from_europe_bul.csv,"— Най-сетне, нейсе, тури го. То не е съвсем българско, ама като трябва, какво ще му правим! — съгласява се бай Ганьо.","— At last, at last, put it there. It’s not quite Bulgarian, but if it has to be, what can we do! — agrees Bay Ganyo."
10_bai_ganyo_returns_from_europe_bul.csv,"— ...„Горнята резолюция се прие от 11 хиляди най-видни граждани и се упълномощиха Ганьо Балкански...“ и прочее, туй може да си остане цяло докрай.","— ...“The above resolution was adopted by 11,000 of the most prominent citizens, and Ganyo Balkanski was authorized...” and so on; this can remain intact to the very end."
10_bai_ganyo_returns_from_europe_bul.csv,"— Да ги оставим ли само 11 хиляди души, или да покачим за хатъра на новите още една-две хиляди? Да им подмажем колата?","— Should we leave them with only 11 thousand people, or should we increase it by another one or two thousand for the sake of the newcomers? Should we grease the wheels for them?"
10_bai_ganyo_returns_from_europe_bul.csv,"— Доста са, бай Ганьо. В нашия град кьораво и кьопаво да събереш, надали ще излязат 11 000, ама хайде, нейсе, за хатър нали е!","— Quite a lot, Bay Ganyo. In our town, even if you gather the blind and the lame, you’d hardly get 11,000, but come on, never mind, it’s for the sake of goodwill, after all!"
10_bai_ganyo_returns_from_europe_bul.csv,"— Съгласен съм... Ами туйнаке... наместо Ганьо Балкански не е ли по-салтанатлия да турим „господин Ганьо“ и прочее? Да види княза, че не сме някоя долна работа хора, а?","— I agree... Well then... instead of Ganyo Balkanski, wouldn’t it be more dignified to put “Mr. Ganyo” and so on? So that the prince can see we’re not some lowly sort of people, eh?"
10_bai_ganyo_returns_from_europe_bul.csv,— И аз тъй ще кажа — обажда се Михал.,— And I will say the same — says Mihal.
10_bai_ganyo_returns_from_europe_bul.csv,"— Ефендилер, късно стана. Хайде да ходим! — извика файтонджията турчин от прага на кръчмата. Пътниците заминаха за София.","— Gentlemen, it’s getting late. Come on, let’s go! — shouted the Turkish cabman from the threshold of the tavern. The passengers set off for Sofia."
10_bai_ganyo_returns_from_europe_bul.csv,"На другия ден, господа, прочетох в един от местните вестници, че пред големите капии се е представила депутация от г. П., състояща от Ганьо Балкански и прочее, да благодари за освобождението от тиранския режим.","The next day, gentlemen, I read in one of the local newspapers that before the great gates there had appeared a delegation from Mr. P., consisting of Ganyo Balkanski and others, to express thanks for the liberation from the tyrannical regime."
10_bai_ganyo_returns_from_europe_bul.csv,"След два дена в този вестник прочетох телеграма от същия град, подписана от името на „хиляди“ граждани, с която уведомяваха големците, че бай Ганю и другарите му били самозвана депутация и че същинските народни избраници са тръгнали вече за столицата да благодарят...","Two days later, in that newspaper, I read a telegram from the same city, signed on behalf of “thousands” of citizens, informing the dignitaries that Bay Ganyo and his companions were a self-appointed delegation and that the true народни representatives had already set off for the capital to express their gratitude..."
10_bai_ganyo_returns_from_europe_bul.csv,"Аз знаех хотела, в който спира бай Ганьо, и се упътих към него. Не исках да изказвам негодувание за подлата му постъпка не защото всяко негодувание е бледно, за да я похули; но желаех да направя един опит — дали е възможно да накарам тази нещастна рожба на обстоятелствата да съзнае всичкия ужас на своята постъпка.","I knew the hotel where Bay Ganyo was staying, and I headed there. I did not want to express indignation at his vile deed, not because any indignation would be too faint to condemn it; but I wished to make an attempt—to see whether it was possible to make this unhappy creature of circumstance realize the full horror of his action."
10_bai_ganyo_returns_from_europe_bul.csv,"На таблата в хотела прочетох в коя стая е бай Ганьо и се изкачих по стълбите. Почуках на вратата, никой не се обади. Натиснах дръжката и вратата се отвори. Стаята празна. Заминали. Върху масата съгледах един къс хартия, на която беше написано с бай Ганьовски почерк: ""До редакцията на в. „Свободно слово“. Последното название зачеркнато и вместо него написано „Свобода“. По-нататък: „Потайностите на Стамболова“ — и това зачеркнато и вместо него написано „Анархия“. Ясно се виждаше, че авторът на писмото дълго време се е колебал кой път да хване, защото на много редове се забелязваха зачеркнати думи, заменени със съвършено противоположни тям по смисълта. Написано например „патриоти“ е зачеркнато, а отгоре му написано „пладнешки хайдути“ — и това зачеркнато, и пак написано „патриоти“. Цялото писмо беше задраскано накръст с дебели черти, дръпнати от сърдита ръка, защото за втората черта не хванало мастило, топнато още веднъж перото в мастилото и дотеглена двойно по-дебела черта... Под зачеркнатите редове стояха следните думи: „На маймуни ни обърнахте, да ви вземе дявола с маскари...“","On the hotel board I read which room Bay Ganyo was in and went up the stairs. I knocked on the door, but no one answered. I pressed the handle and the door opened. The room was empty. They had gone. On the table I noticed a scrap of paper, on which was written in Bay Ganyo’s handwriting: “To the editorial office of the newspaper ‘Svobodno Slovo.’” The last title was crossed out and replaced with “Svoboda.” Further on: “The Secrets of Stambolov” — and this too was crossed out and replaced with “Anarchy.” It was clearly visible that the author of the letter had long been hesitating which path to take, because on many lines crossed-out words could be seen, replaced by others with a meaning completely opposite to them. For example, “patriots” was written and crossed out, and above it “daylight highwaymen” was written — and this too was crossed out, and again “patriots” was written. The whole letter was crossed out with thick strokes drawn by an angry hand, because the second stroke had not taken the ink; the pen was dipped once more into the ink and a doubly thicker stroke was drawn... Beneath the crossed-out lines stood the following words: “You’ve turned us into monkeys, may the devil take you, you scoundrels...”"
11_bai_ganyo_does_elections_bul.csv,"— Не ми дрънкайте много-много, аз ви казвам, че трябва да изберем правителствени! — извика бай Ганьо и удари силно по масата.","— Don’t rattle on at me too much, I’m telling you that we must choose government men! — cried Bay Ganyo and struck the table hard."
11_bai_ganyo_does_elections_bul.csv,"— А бе как ще изберем правителствени, откъде ще изкопаем избиратели? Ами че ти бе, бай Ганьо, нали си; уж либерал — осмели се да възрази Бочоолу.","— But how are we going to elect government officials, where are we going to dig up voters from? Why, you, Bay Ganyo, aren’t you one yourself; supposedly a liberal — Bochooğlu dared to object."
11_bai_ganyo_does_elections_bul.csv,"— Кой ти каза, че съм либерал! — попита строго бай Ганьо.",— Who told you I was a liberal! — asked Bay Ganyo sternly.
11_bai_ganyo_does_elections_bul.csv,"— Как кой ми каза? Ами че не помниш ли колко консерватори си пердашил, колко си ги псувал, как да не си либерал? Не знаеш ли — ти сам каза, — че даже на Иречека си се хвалил, че си либерал? — възразяваше Бочоолу.","— Who told me? Well, don’t you remember how many conservatives you thrashed, how much you cursed them, how could you not be a liberal? Don’t you know — you yourself said so — that you even boasted to Irechek that you were a liberal? — Bochooğlu objected."
11_bai_ganyo_does_elections_bul.csv,"— Ей че си прост! — отговаря със снизходителна усмивка бай Ганьо. — Че какво, като съм казал на Иречека, дума дупка прави ли! А бе, ахмако, че аз, един Иречек ако не метна, кого ще метна?","— How stupid you are! — replies Bay Ganyo with a condescending smile. — So what if I told Jireček? Does a word make a hole? Come on, fool, if I don’t throw a Jireček, who am I supposed to throw?"
11_bai_ganyo_does_elections_bul.csv,"— Имаш право, твоя милост! Бочоолу, налягай си парцалите, недей го опява! — обади се Гочоолу. — И аз съм консерватор.","— You’re right, your honor! Bochoolu, lie low and don’t start lamenting him! — Gochoolu chimed in. — I’m a conservative too."
11_bai_ganyo_does_elections_bul.csv,"— Ами че аз на гроб камък ли съм! Аз съм пък хептен консерватор — изтърси Дочоолу, — я стани и ти бе, Бочоолу, един консерватор, че да ги пипнем онези, да не могат да мръднат.","— Well, am I a tombstone or what! I’m downright a conservative — blurted Dochoolu. — You too, Bachoolu, become a conservative, so that we can get hold of those fellows and make sure they can’t move."
11_bai_ganyo_does_elections_bul.csv,"— Добре, ама не зная управителят с кои ще бъде — отговаря Бочоолу.","— Well, but I don’t know who the manager will be with — replies Bochoolu."
11_bai_ganyo_does_elections_bul.csv,"— Управителят ли? С нашите, разбира се — съобщава бай Ганьо, — и околийският е с нашите. Постоянната комисия не е законна, ама кой ще му дири законност, тя е наша. Бюрото е наше. Градският съвет е наш. Кметът малко шава, ама ще му отрежем куйрука. Общинските съвети по селата не са утвърдени нарочно, разбирате ли? Ако бъдат с нас — ще ги утвърдим, ако не — на дяволите. Пак ти казвам — колкото за управителя, нямай грижа, той е наш.","— The governor? He’s with us, of course — Bay Ganyo reports, — and the district chief is with us too. The standing commission isn’t legal, but who’s going to bother about legality? It’s ours. The bureau is ours. The city council is ours. The mayor is a little restless, but we’ll cut off his tail. The municipal councils in the villages haven’t been approved on purpose, you understand? If they’re with us — we’ll approve them; if not — to hell with them. I’m telling you again — as for the governor, don’t worry, he’s ours."
11_bai_ganyo_does_elections_bul.csv,— Ами хамалите? — любопитствува Бочоолу.,— And what about the porters? — Bacho Oolu inquired curiously.
11_bai_ganyo_does_elections_bul.csv,"— И хамалите са наши, и циганите, и Данко Харсъзина е наш...","— The porters are ours, the gypsies are ours, and Danko the Rogue is ours..."
11_bai_ganyo_does_elections_bul.csv,— Ами че той нали беше затворен за кражба? — учудва се Бочоолу.,— But wasn’t he imprisoned for theft? — Bochoolu wonders.
11_bai_ganyo_does_elections_bul.csv,"— Е-хе, ти патки пасеш. Пуснахме го ний него. Нали той ни спечели хамалите. Отишъл при тях онзи ден, събрал ги, че като им скръцнал със зъби, те замръзнали по местата си, като им изръмжал: „Зъбите ви ще разкъртя, ако не изберете бай Ганя!“ — и хамалите кандисали. Пазарил ги Данко по два лева на човек и срещу изборите цяла нощ ядене-пиене.","— Eh-heh, you’re really clueless. We put him up to it ourselves. After all, he won us the porters. The other day he went to them, gathered them together, and when he snapped at them, they froze in their tracks; then he growled: “I’ll knock your teeth out if you don’t vote for Bay Ganyo!” — and the porters gave in. Danko bargained with them for two leva per man and, in return for the election, a whole night of food and drink."
11_bai_ganyo_does_elections_bul.csv,"— Страшен хайдучага, брей!","— What a fearsome bandit, indeed!"
11_bai_ganyo_does_elections_bul.csv,"— И за колко мислиш! За 50 лева. Ходил при онези да иска 100 лева, те го изпъдили, нахокали го. Ще го видиш сега в неделя — кокалите им ще смаже! — казва самодоволно бай Ганьо.","— And how much do you think! For 50 leva. He went to those people to ask for 100 leva, and they drove him away, scolded him. You’ll see him now on Sunday — he’ll crush their bones! — says Bay Ganyo smugly."
11_bai_ganyo_does_elections_bul.csv,"— Бочоолу, я иди повикай Гуня Адвокатина да дойде тука да ни напише едно възвание, кажи му: „Бай Ганьо те вика.“","— Bochoolu, go and call Gunya Advokatina to come here and write us a proclamation; tell him: “Bay Ganyo is calling you.”"
11_bai_ganyo_does_elections_bul.csv,"Щом Бочоолу излезе, бай Ганьо си сниши главата и с един таинствен глас се обърна към другарите си: — Мълчете си! Това диване до самия ден на изборите ще го лъжем, че ще го направим депутат, ще напишем колкото за лице няколко бюлетини с неговото име, а другите бюлетини ще ги напишат писарите в Градския съвет и от Окръжното управление. Сега чувайте ме: министърът иска аз непременно да бъда депутат. Ти, Гочоолу, искаш ли?","As soon as Bochoolu went out, Bay Ganyo lowered his head and, in a mysterious voice, turned to his companions:

— Keep quiet! We’ll keep lying to this savage right up to the day of the elections, telling him we’ll make him a deputy; we’ll write out just enough ballots with his name on them to make a show, and the other ballots will be written by the clerks in the City Council and from the District Administration. Now listen to me: the minister wants me to be a deputy no matter what. You, Gochoolu, do you want it?"
11_bai_ganyo_does_elections_bul.csv,"— Е, че иска ми се, бай Ганьо — отговаря Гочоолу.","— Well, I’d like to, Bay Ganyo — Gochoolu replies."
11_bai_ganyo_does_elections_bul.csv,— Че и мен ми се иска — обажда се Дочоолу.,— I’d like that too — Dochoolu says.
11_bai_ganyo_does_elections_bul.csv,"— А бе иска ти се тебе, ама, право да ти кажа, хептен си се омаскарил пред хората. Защо ти трябваше да излизаш толкова налице; кой кряскаше по мегданите: „Да живей великият патриот!“, „Долу гнусният тиранин!“, „На бесилката Климента“, „Да живее Климент!“;","— Well, you’d like that, but, to tell you the truth, you’ve completely disgraced yourself in front of people. Why did you have to make yourself so visible; who was shouting in the squares: “Long live the great patriot!”, “Down with the vile tyrant!”, “To the gallows with Klimenta”, “Long live Kliment!”;"
11_bai_ganyo_does_elections_bul.csv,"— Ами че нали все заедно бяхме бе, бай Ганьо, защо си кривиш душата?","— But weren’t we always together, Bay Ganyo, why are you twisting the truth?"
11_bai_ganyo_does_elections_bul.csv,"— Заедно, ама нашето излизане все шито-крито. Най-сетне, нейсе, като искаш толкова — добре, ще те избера. Туй, че селяните те мразят и чергите си им продал с твоя пусти фаисчилък...","— Together, but our going out is always kept hush-hush. At last, well then, since you want it so much — all right, I’ll choose you. The fact that the peasants hate you and that you sold their rugs for your damned vanity..."
11_bai_ganyo_does_elections_bul.csv,"— Колкото за туй, недей приказва, бай Ганьо, нали зная и ти каква си стока — дума предпазливо Дочоолу.","— As for that, don’t talk, Bay Ganyo; I know what sort of goods you are too — says Dochoolu cautiously."
11_bai_ganyo_does_elections_bul.csv,"Бай Ганьо е готов да кипне, но в това време влиза Гуньо Адвокатина. Бай Ганьо му разправя като какво трябва да бъде възванието. Гуньо сяда до масата, зема перото и се задълбочава в мисли. По поръчка на бай Ганя слугата донася едно шише мастика. Гочоолу, Дочоолу и бай Ганю пият, Гуньо пише. След половин час е готово следующето:","Bai Ganyo is ready to boil over, but at that moment Gunyo the Lawyer comes in. Bai Ganyo tells him what the appeal should be like. Gunyo sits down at the table, takes up the pen, and sinks into thought. At Bai Ganyo’s request, the servant brings a bottle of mastika. Gochoolu, Dochoolu, and Bai Ganyo drink; Gunyo writes. After half an hour, the following is ready:"
11_bai_ganyo_does_elections_bul.csv,ВЪЗВАНИЕ КЪМ ИЗБИРАTЕЛИTЕ НА НАШАТА ОКОЛИЯ,**APPEAL TO THE VOTERS OF OUR DISTRICT**
11_bai_ganyo_does_elections_bul.csv,"Пред вид на голямата важност и значение, което предстоящите избори за народни представители имат за настоящето и бъдещето на нашето отечество, нашите граждани, на брой повече от 700 души, събрахме се днес в двора на училището в Парцал махлеси и като обсъдихме въпроса по кандидатурите на лицата за представители, останахме съгласни и единодушно решихме да препоръчаме на г. г. избирателите от нашата околия за народни представители съгражданите си:","In view of the great importance and significance that the forthcoming elections for народни representatives have for the present and future of our fatherland, we, our citizens, more than 700 in number, gathered today in the schoolyard in Parcal Mahlesi and, having discussed the matter of the candidacies of the persons for representatives, remained in agreement and unanimously decided to recommend to the gentlemen voters of our district for народни representatives our fellow citizens:"
11_bai_ganyo_does_elections_bul.csv,"Ганьо Балкански, търговец, известен в цяла България.","Ganyo Balkanski, a merchant known throughout Bulgaria."
11_bai_ganyo_does_elections_bul.csv,"Филю Гочоолу, търговец с капитал.","Filyu Gochoolu, a merchant with capital."
11_bai_ganyo_does_elections_bul.csv,"Танас Дочоолу, търговец с винена индустрия.","Tanás Dochoolu, a merchant in the wine industry."
11_bai_ganyo_does_elections_bul.csv,"Именно същите тия лица, които и комитетът на Народната партия беше ви препоръчал с възванието си от 27 август на миналий месец.",It was precisely those same persons whom the committee of the People’s Party had also recommended to you in its appeal of August 27 of last month.
11_bai_ganyo_does_elections_bul.csv,"Като обявяваме това наше единодушно решение на останалите г. г. избиратели от града и околията ни, които имат присърце доброто на Отечеството, материално подобрение на земеделеца, облекчение положението на данъкоплатеца, с една дума, интересите на нашата околия, приканваме ги да гласоподават в избора на 11-й того за горните трима наши съграждани, в които имаме пълно доверие, че те с достойнство ще представят страната ни в Народното събрание.","By announcing this our unanimous decision to the other gentlemen electors from the town and our district, who have at heart the good of the Fatherland, the material improvement of the farmer, the easing of the taxpayer’s lot, in a word, the interests of our district, we invite them to cast their votes in the election on the 11th of this month for the above-mentioned three fellow citizens of ours, in whom we have full confidence that they will worthily represent our region in the National Assembly."
11_bai_ganyo_does_elections_bul.csv,"Г. г. Избиратели,","Dear voters,"
11_bai_ganyo_does_elections_bul.csv,"Представена ви е вече от няколко граждани една листа с имената на Никола Търновалията, Лулчо Докторов и Иваница Граматиков, лица не от Нашата среда, лица чужди за Нас, които нямат и не могат да имат Нашето доверие. Може би ще се явят и други, които да ви убеждават да гласувате за техни кандидати. Съветваме ви, г. г. избиратели, да не се мамите на хубавите им думи, и не се вдавайте на техните ласкания, и не вярвайте на разни пръскани от тях слухове и измислици за някакви си окръжни телеграми и прочее. Никола Търновалията е родом от гр. Търново и затова той от инат за бълхата изгаря юргана. Лулчо Докторов е цял-целеничък Задунайская Губерния, а Иваница Граматиков никой не го познава и nota bene, той е руски възпитаник, следователно предател на нашето мило Отечество.","You have already been presented by several citizens with a list containing the names of Nikola Tarnovaliyata, Lulcho Doktorov, and Ivanitsa Gramatikov—persons not from our circle, persons foreign to us, who do not have and cannot have our trust. Perhaps others will also appear to persuade you to vote for their candidates. We advise you, gentlemen voters, not to be deceived by their fine words, and not to yield to their flattery, and not to believe various rumors and fabrications spread by them about some district telegrams and the like. Nikola Tarnovaliyata is originally from the town of Tarnovo and therefore, out of stubbornness, he burns the blanket for the sake of the flea. Lulcho Doktorov is entirely and wholly from the Trans-Danubian Province, and Ivanitsa Gramatikov is known by no one and, nota bene, he is a Russian-educated man, therefore a traitor to our dear Fatherland."
11_bai_ganyo_does_elections_bul.csv,"Г. г. Избиратели,","Mr./Ms. Voters,"
11_bai_ganyo_does_elections_bul.csv,"Ний сме убедени, че горните лица, т. е. долните:","We are convinced that the above-mentioned persons, that is, the following:"
11_bai_ganyo_does_elections_bul.csv,"Ганю Балкански,","Ganyu Balkanski,"
11_bai_ganyo_does_elections_bul.csv,"Филю Гочоолу,","Filyu Gochoolu,"
11_bai_ganyo_does_elections_bul.csv,"Танас Дочоолу,","Tanass Dochoolu,"
11_bai_ganyo_does_elections_bul.csv,"които имат пълна преданост и коленопреклонна вярност към ПРЕСТОЛА И ДИНАСТИЯТА НА НЕГОВО ЦАРСКО ВИСОЧЕСТВО ЛЮБИМИЙ НИ КНЯЗ ФЕРДИНАНД I-Й и които вярно ще поддържат днешното ни патриотическо правителство воглаве със сегашния президент-министър, ще спечелят вашето доверие.","those who have complete devotion and kneeling loyalty to THE THRONE AND DYNASTY OF HIS ROYAL HIGHNESS OUR BELOVED PRINCE FERDINAND I and who will faithfully support our present patriotic government headed by the current president-minister, will win your trust."
11_bai_ganyo_does_elections_bul.csv,"— Браво бе, Гуньо — провикна се бай Ганьо, — ти си бил цял Бисмарк.","— Bravo, Ganyo — cried Bay Ganyo, — you turned out to be a whole Bismarck."
11_bai_ganyo_does_elections_bul.csv,— Че ти за прост ли ме мислиш? — обажда се самодоволно Гуньо.,— Do you think I’m stupid? — Ganyo interjects smugly.
11_bai_ganyo_does_elections_bul.csv,"— Сега иди и дай това в печатницата да го напечатат с едри букви, ей таквиз!","— Now go and take this to the print shop so they can print it in large letters, like these!"
11_bai_ganyo_does_elections_bul.csv,— Ами пари?,"— Well, money?"
11_bai_ganyo_does_elections_bul.csv,"— Няма пари, ти му кажи тъй да го напечата, ако не, кажи му, че ще речем на Градския съвет и на другите канцеларии да не си печатат книжата у него. Разбра ли? Хайде сега — командува бай Ганьо.","— There’s no money; tell him to print it like that. If not, tell him that we’ll say to the City Council and the other offices not to have their papers printed with him. Do you understand? Come now — orders Bay Ganyo."
11_bai_ganyo_does_elections_bul.csv,"— Вий знаете ли — продължава бай Ганьо, — онези подали телеграма до министъра да му се оплачат, че управителят тръгнал по селата да агитира.",— Do you know — continues Bay Ganyo — those who sent a telegram to the minister to complain that the governor had gone around the villages to agitate.
11_bai_ganyo_does_elections_bul.csv,— Диванета! — обажда се Гочоолу.,— Savages! — Gochoolu calls out.
11_bai_ganyo_does_elections_bul.csv,— Ама какви! — допълня Дочоолу.,— But what! — adds Dochoolu.
11_bai_ganyo_does_elections_bul.csv,"— Министра чева не е света Богородичка, да ги послуша хемен така! Отговорил им: изборите са свободни, ха-ха-ха!...","— The minister’s wife is not the Holy Virgin; let her listen to them just like that! He replied to them: the elections are free, ha-ha-ha!..."
11_bai_ganyo_does_elections_bul.csv,— Ха-ха-ха! — кикотят се Гочоолу и Дочоолу.,— Ha-ha-ha! — giggle Gochoolu and Dochoolu.
11_bai_ganyo_does_elections_bul.csv,"— Страшен дявол, да го вземе мътната. Свобода ли? На̀-а свобода! Ще видят те в неделя една свобода, че ще я помнят до живот. Хеле Граматиков! Той, горкия, не е виждал още наши избори. Да му излязат насреща ония ми ти влася, ония ми ти цигани с кръвясали очи, изпъкнали два пръста навън, ония пресипнали гърла, ония ми ти пояси до гуша; да му се облещят насреща, па да иде онзи глиган, Данко Харсъзина, отзаде му, па да извика само: „Дръжте го!“","— Terrible devil, may the devil take him. Freedom, is it? Freedom, indeed! They’ll see a freedom on Sunday that they’ll remember for the rest of their lives. Especially Gramatikov! Poor fellow, he hasn’t seen our elections yet. Let those fellows of mine, those gypsies with bloodshot eyes, with two fingers sticking out, those hoarse throats, those belts up to their necks, confront him; let them glare at him, and then let that boar, Danko Harsuzina, come up behind him and shout only: “Hold him!”"
11_bai_ganyo_does_elections_bul.csv,— Ха-ха-ха! — кикотят се Гочоолу и Дочоолу със светнали от удоволствие очи.,"— Ha-ha-ha! — Gochoolu and Dochoolu giggle, their eyes shining with delight."
11_bai_ganyo_does_elections_bul.csv,"— Ли-бе-ра-ли! Кос-тен-ту-ция! Нa-а, костентуция! Те все се надяват на „окръжната телеграма“. Проглушили са ушите на хората с тази окръжна телеграма. Току я четат, току я сочат на света. Че се смяхме вчера с управителя в кафенето. Той, колкото за лице, накарал да напечатат тая пуста телеграма, разпратил я по кафенетата. Вчера седим с него в кафенето, гледаме онези, като си навели главите над една маса, като че овци пладнуват, четат ли, четат телеграмата, радват се, чуваме, шушнат си: „Свободни! Изборите свободни! Полицията няма да се меси!“ А ний с управителя кис-кис-кис! Аз го погледвам с едно око и му казвам на смях: „Ний сме сигур!“ Той като се закикоти и хоп — една мастика. Той се потупа по джеба — демек онова писмо, за свободата на изборите, смигне с око и каже: „Ний не сме сигур“, и кис-кис-кис! Хоп! Друга мастика... На-а-рязахме се богато!... Че като доде и Данко Харсъзина, че и други, и други, че като се затворихме в кафенето, че като викнах на цигуларите: хъ̀ сега! Изпокъсаха си кордите!... Мастиката му не е добра на Георгя, па и мезето калпаво; не вземе да направи краставички, ами дава кисела бамя!... Уф! Боли ме глава от вчера. Гочоолу, я налей още по една мастика.","— Li-be-ra-ls! Con-sti-tu-tion! Nn-aa, consti-tution! They’re always hoping for the “circular telegram.” They’ve deafened people’s ears with this circular telegram. They keep reading it, keep showing it to everyone. Why, yesterday we were laughing with the governor in the café. Just for appearances’ sake, he had that blasted telegram printed and sent around to the cafés. Yesterday we were sitting with him in the café, watching those fellows with their heads bent over one table, like sheep at noon, reading and reading the telegram, rejoicing, we could hear them whispering: “Free! The elections are free! The police won’t interfere!” And the governor and I were hee-hee-hee! I looked at him out of the corner of my eye and said jokingly: “We’re sure!” He burst out laughing and hop — another mastika. He patted his pocket — meaning that letter about the freedom of the elections — winked and said: “We’re not sure,” and hee-hee-hee! Hop! Another mastika... We got nicely plastered!... Then Dancho the Rascal came too, and others, and others, and we shut ourselves up in the café, and I shouted to the fiddlers: now then! They snapped their strings!... George’s mastika isn’t any good, and the meze is lousy too; instead of making pickles, he serves sour okra!... Ugh! My head’s been aching since yesterday. Gochoulu, pour me another mastika."
11_bai_ganyo_does_elections_bul.csv,— За махмурлук!,— For a hangover!
11_bai_ganyo_does_elections_bul.csv,"— Остави се, че и довечера пак трябва да се пие. От тази вечер трябва да наредим хората по кръчмите.","— Never mind that, we have to drink again tonight. From this evening we must arrange the men in the taverns."
11_bai_ganyo_does_elections_bul.csv,"— Не е ли рано, бай Ганьо? — обажда се Дочоолу.","— Isn’t it too early, Bay Ganyo? — Dochoolu chimed in."
11_bai_ganyo_does_elections_bul.csv,"— Не е рано то, утре е събота, остава да пият 36 часа. Не е рано! Тамам! Па най-сетне няма хемен все да пият. Ще се изреждат. Едни ще пият 5—6 часа, ще си почиват, други ще почнат. Наред, наред! Като се съберат веднъж, няма да се разотиват. Там ще пият, там ще ядат, там ще спят! Разбрахте ли?","— It’s not too early; tomorrow is Saturday, and there are still 36 hours left to drink. It’s not too early! Perfect! And at last there won’t be any need to keep drinking all the time. They’ll take turns. Some will drink for 5–6 hours, then rest, and others will start. One after another, one after another! Once they get together, they won’t be going home. They’ll drink there, eat there, sleep there! Do you understand?"
11_bai_ganyo_does_elections_bul.csv,"— Знаем ний, за пръв път ли правим избори! — обажда се Гочоолу.",— We know this; is it the first time we’re holding elections! — Gochoolu chimed in.
11_bai_ganyo_does_elections_bul.csv,"— Ти, Гочоолу, като минеш край Арнаутина, кажи му да приготви за тази вечер 300 оки хляб и да ги прати — 100 оки в Циганската махала при Топачоолу, 100 оки в Парцал махлеси в Гоговата кръчма и 100 оки долу, при хамалите. Ти, Дочоолу, замини край тези кръчми и кажи да почнат вече да дават от тази вечер вино, ракия. Повече ракия да им дава, чу ли? Па да им кажеш да не надписват много, че ги земват дяволите. По-онази година за нищо и никакво 2000 лева ни оскубаха, маскарите! Кажи им да си опичат ума, зере Градският съвет е наш! Замини и покрай касапите, кажи им, колкото имат мардалък, дроб, черва, кокали, нека ги съберат в един-два коша, че ще ги пратим по кръчмите да сварят на нашите по един казан чорба. Довечера управителят и околийският ще се завърнат от селата, аз ще ги зема с мене да пообиколим другите кръчми и кафенетата. Ще съберем от всичките канцеларии да пишат бюлетини; ще ги караме цяла нощ да пишат. Аз избрах хартия, таквази сивичка, жълтичка. Нашите бюлетини ще ги сгъваме като муски...","— You, Gochoolu, when you pass by Arnautina, tell him to prepare 300 okas of bread for this evening and send them — 100 okas to the Gypsy quarter at Topachoolu’s, 100 okas to Parcal Mahlesi at Gogov’s tavern, and 100 okas down below, to the porters. You, Dochoolu, go by these taverns and tell them to start serving wine and rakia from this evening. Give them more rakia, do you hear? And tell them not to overcharge too much, or the devil will take them. Last year, for nothing at all, they fleeced us out of 2,000 leva, the scoundrels! Tell them to use their heads, because the City Council is ours! Go also past the butchers and tell them, whatever offal, liver, intestines, bones they have, let them gather it into one or two baskets, because we’ll send it to the taverns to boil up a pot of soup for our people. Tonight the governor and the district chief will return from the villages; I’ll take them with me to go around the other taverns and cafés. We’ll gather people from all the offices to write ballots; we’ll make them write all night. I picked out the paper, that grayish, yellowish kind. We’ll fold our ballots like amulets..."
11_bai_ganyo_does_elections_bul.csv,— Юч-кюшелии — пояснява Дочоолу.,— Yuch-kyushelii — explains Dochoolu.
11_bai_ganyo_does_elections_bul.csv,"— Юч-кюшелии. Па трябва да пипнем няколко техни бюлетини, да видим каква им е хартията и как ги сгъват, та да накарам писарите да напишат 1000—2000 бюлетини на тяхна хартия с наши имена.","— Yuch-kyushelii. But we need to get our hands on a few of their ballots, to see what kind of paper they use and how they fold them, so I can have the clerks write 1,000–2,000 ballots on their paper with our names."
11_bai_ganyo_does_elections_bul.csv,"— Страшен си дявол, бай Ганьо, изучил си ги тия пущини на пръсти! — казва с благоговение Гочоолу.","— You’re a devil of a fellow, Bay Ganyo, you’ve got those things down to a fine art! — says Gochoolu with reverence."
11_bai_ganyo_does_elections_bul.csv,"— Хубава работа! Защо съм Ганьо Балкански, ако няма да зная и този занаят. Ти, господине мой, тури ме в която щеш околия и ми кажи когото щеш да ти избера. Едно магаре тури за кандидат, и магарето ще ти избера, майка му стара! Само дай ми околийския с жандармите и ми дай 1000—2000 лева. Да ти събера аз тебе, приятелю мой, ония ми ти синковци от кол, от въже, тъй 40—50 прангаджии и да ги наредя в две-три кръчми по краищата, да им подложа по ведро на глава, па да им извикам: „Хъ̀ бакалъм! Да живее България!“ Хе-е! Тука ли си, Пенке ле!... Като накървят ония ми ти изпъкнали очи, като почнат да вадят от поясите ония ми ти ножове, да ги бучат по масите, като дигнат една олелия с ония ми ти прегракнали, дрезгави гласове — страх да те побие! Па земи, че поведи през нощта тази страхотия през сред града... Опозиция ли?... Дяволът не може да ти излезе насреща! Прекарай ги край къщата на някой противник... Мале мила! Като разтворят ония ми ти гърла!... От един сахат място да ги чуеш, мравки ще запъплят под кожата ти, като на таралеж ще ти настръхнат косите!... Па свикай селските кметове и писари, па им светни с очи, па им скръцни със зъби, па им посочи тия синковци... Избиратели ли?... — И сянката им няма да видиш! Като ти кацнат от всяко село по 12 души общински съветници с кметовете барабар, като събереш чиновниците и писарите, постави по краищата жандарми да връщат другите селяни, окръжи бюрото с тия 40—50 катили, направи някоя шашарма, наблъскай в кутиите няколко снопа бюлетини и ето ти тебе магарето народен представител, ха-ха-ха!","— Good work! Why am I Gancho Balkanski if I won’t know this trade too. You, sir, put me in whatever district you like and tell me whom you want me to elect. Put a donkey up as a candidate, and I’ll elect the donkey, damn its mother! Just give me the district chief with the gendarmes and give me 1,000–2,000 leva. Let me gather for you, my friend, those sons of bitches from the stake and the rope, some 40–50 ruffians, and line them up in two or three taverns at the edges, put a bucket over each of their heads, and then shout to them: “Hup bakalam! Long live Bulgaria!” Heh-heh! Are you there, Penka!... When those bulging eyes of mine turn bloodshot, when they start pulling those knives from their belts and stabbing them into the tables, when they raise such a din with those hoarse, rasping voices—you’d be scared stiff! Then take them and lead this horror through the middle of town at night... Opposition, is it?... The devil himself couldn’t stand in your way! Take them past the house of some opponent... Oh, dear me! When those throats open up!... You’d hear them from a mile away, ants would start crawling under your skin, and your hair would stand on end like a hedgehog’s!... Then summon the village mayors and clerks, flash your eyes at them, grind your teeth at them, and point them to those sons of bitches... Voters, are they?... — You won’t even see their shadow! When 12 municipal councilors from each village come flocking in, along with the mayors, when you gather the officials and clerks, place gendarmes at the edges to turn back the other peasants, surround the polling station with those 40–50 cutthroats, make some kind of racket, stuff a few bundles of ballots into the boxes, and there you have it—the donkey as a народен представител, ha-ha-ha!"
11_bai_ganyo_does_elections_bul.csv,"— Ха-ха-ха — отзоваха се Гочоолу и Дочоолу, — браво бе, бай Ганьо!","— Ha-ha-ha — responded Gochoolu and Dochoolu, — bravo, Bay Ganyo!"
11_bai_ganyo_does_elections_bul.csv,"— Тъй, ама само полицията не стига, трябва и бюрото да е твое — допълня Гочоолу.","— So, yes, but the police alone isn’t enough; the bureau must also be yours — adds Gochoolu."
11_bai_ganyo_does_elections_bul.csv,"— И аз тъй мисля — придружава Дочоолу. — То е сега наше, ама казвам санким... Наистина бе, бай Ганьо, я разправи, моля ти се, как скопосахте това бюро?","— I think so too — Dochoolu chimed in. — It’s ours now, but I mean, you know... Really, Bay Ganyo, do tell me, please, how did you manage to get that bureau?"
11_bai_ganyo_does_elections_bul.csv,"— Как ли? — отзовава се със самодоволна усмивка бай Ганьо. — Твърде просто! Нали избрахме окръжен съвет? Осем излязоха техни, четворица — наши. Накарахме да касират четворицата от техните, по-главните... Ама ще речете, че се дигнала гюрултия. Майната му! Додето я оправят — изборите ще свършат. Останахме четири техни и четири наши. Ама от техните оставихме само фукарите. Събрахме се да избираме постоянна комисия. Едного от техните разсилният не можа да го намери — сещате ли се?","— How? — replies Bay Ganyo with a self-satisfied smile. — Very simply! Didn’t we elect a district council? Eight of theirs got in, four of ours. We had the four of theirs, the more important ones, annulled... But you’ll say there was an uproar. To hell with it! By the time they sort it out, the elections will be over. That left four of theirs and four of ours. But from theirs we left only the paupers. We gathered to elect a permanent commission. The messenger couldn’t find one of theirs — do you see?"
11_bai_ganyo_does_elections_bul.csv,— Ц... ц... ц...! — цъка Дочоолу. — Какъв ти Бисмарк! Бисмарк не може ти обърна чехлите!,— Tsk... tsk... tsk...! — clicks Dochoolu. — What Bismarck! Bismarck couldn’t even turn your slippers inside out!
11_bai_ganyo_does_elections_bul.csv,"— Чакай де, какво си видял ти още? Па най-после само немците ли имат Бисмарк?... Нейсе: останахме, ефендим, трима техни, наши четворица, болшинство! Е, разбира се, нямаме жълто на гагата — комисията излезе цяла наша. Остави това, ами получиха се повече гласове за нашите, защото на двама от техните бяхме обещали поотделно, че ще ги изберем за член-секретари, и те, ахмаците, гласуват ли, гласуват за нашите... ха-ха-ха! Сега ходят из улиците като афионлии. Хеле единия от тях, влиятелен, дженабетина, по селата ний го зехме да агитира с нас, като му обещахме да го изберем за секретар, и той, диването, зе, че си напусна службата... Остави питомното, та гони дивото. Ахмак!... Дочоолу, я налей още по една мастика.","— Wait a minute, what else have you seen? After all, are only the Germans the ones who have a Bismarck?... Well then: we were left, effendi, with three of theirs and four of ours, a majority! Of course, we don’t have a yellow beak — the committee turned out entirely ours. Never mind that, but more votes were cast for our side because we had separately promised two of theirs that we would elect them as secretary-members, and those fools kept voting, voting for ours... ha-ha-ha! Now they’re walking the streets like opium addicts. Especially one of them, an influential gentleman, we got him to campaign with us in the villages by promising to elect him secretary, and he, the wild one, went and quit his job... He left the tame for the wild. Fool!... Docheolu, pour me another mastika."
11_bai_ganyo_does_elections_bul.csv,"Бай Ганьо процеди мастиката през мустаците си, избърса се с дланта, засука „тия пущини“ и продължи:","Bay Ganyo strained the mastika through his mustache, wiped himself with the palm of his hand, twirled “those damned things,” and continued:"
11_bai_ganyo_does_elections_bul.csv,"— Сега да ви кажа как се избира бюро за изборите. Това става по жребий. Председателят на съда го тегли. Тъй се казва „по жребий“, ама аз мога да ти избера, когото искам. И твърде лесно: ако пуснеш билетчетата в чаша, да могат отвън да се виждат, трябва да драснеш с мастило по една чертичка на пълните билетчета; ако ли пък са в кутия, трябва да вземеш по-дълбока кутия, да не се виждат отстрана билетчетата и ще наредиш пълните от една страна, празните — от друга. След туй остава ти само да пошушнеш на председателя, че „работата му е спукана“ и затова „да си отваря очите“... Извикат: Иван, Стоян, Първан! Трябва ли ти Първан? — земи пълно билетче. Не ти ли трябва Първан — земи празно билетче. Сиреч председателят тегли жребия...","— Now let me tell you how a bureau for the elections is chosen. It is done by lot. The chairman of the court draws it. That is why it is called “by lot,” but I can choose whoever I want for you. And very easily: if you put the ballots in a glass so they can be seen from the outside, you need to draw a little line with ink on the filled ballots; if they are in a box, you need to take a deeper box so the ballots cannot be seen from the side, and you will arrange the filled ones on one side and the empty ones on the other. After that, all that remains is to whisper to the chairman that “his business is ruined” and therefore he should “keep his eyes open”... They call out: Ivan, Stoyan, Parvan! Do you need Parvan? — take a filled ballot. Don’t you need Parvan? — take an empty ballot. In other words, the chairman draws the lot..."
11_bai_ganyo_does_elections_bul.csv,— Пустия му бай Ганьо! И онези простаци намерили с кого да се борят. Тежко им — произнесе Гочоолу.,— Damn that Bay Ganyo! And those fools found someone to fight with. They’re in for it — said Gochoolu.
11_bai_ganyo_does_elections_bul.csv,— И с тази глава да не станеш досега министър! — учудва се Дочоолу.,"— And with that head, you still haven’t become a minister by now! — Dochoolu wonders."
11_bai_ganyo_does_elections_bul.csv,"— Нейсе, запуши я! — дума скромно бай Ганьо. — Нали ги знаеш българите!...","— Well then, shut it! — says Bay Ganyo modestly. — You know the Bulgarians!..."
11_bai_ganyo_does_elections_bul.csv,"На възток едва-едва се сипва зора и разсява бледна светлина във вътрешността на Гоговата кръчма в Парцал махлеси. Около трийсет отбор юнаци са натъркаляни по масите, по земята, върху столове; хъркане, като че трийсет тигъра са се сдавили, се чува от улицата и тревожи слуха на полицейския стражарин. От време на време някой от тия юнаци се повдига с полузатворени очи, прекрачва през труповете, набарва с ръце стомната и жадно гаси алкохолния огън, който спича стомаха му, гърлото, устата и напуканите устни; настъпаните от него в тъмницата мъртъвци се пробуждат и сипят псувни и клетви с пресипнали, засъхнали гърла. Смрад! Геенски смрад изпущат техните дихания и тровят и без туй отровения въздух в кръчмата, напоена от изпаренията на тази маса мрачни герои.","At dawn, the east is only just beginning to brighten, and a pale light is spreading through the interior of Gogov’s tavern in Partzal Mahlesi. Around thirty sturdy fellows are sprawled over the tables, on the floor, and on the chairs; snoring, as if thirty tigers were locked in a struggle, can be heard from the street and disturbs the police watchman’s hearing. From time to time one of these fellows stirs, half-opening his eyes, steps over the corpses, gropes for the jug with his hands, and thirstily quenches the alcoholic fire that scorches his stomach, throat, mouth, and cracked lips; the dead men trampled by him in the dungeon awaken and pour out curses and oaths in hoarse, dried-up throats. Stench! A hellish stench their breaths emit, poisoning even the already poisoned air in the tavern, saturated by the vapors of this mass of gloomy heroes."
11_bai_ganyo_does_elections_bul.csv,Гочоолу и Дочоолу са будни вече и пият кафе в Келеш Хасановото кафене. Време е вече да се разбудят спящите лагери на избирателната войска. Ето ги вече пред Гоговата кръчма. Отварят вратите и една вълна удушлив смрад ги отблъсква назад.,"Gochoolu and Dochoolu are already awake and drinking coffee in Kelesh Hasanov’s café. It is already time for the sleeping camps of the electoral army to be roused. Here they are now in front of Gogo’s tavern. They open the doors, and a wave of stifling stench drives them back."
11_bai_ganyo_does_elections_bul.csv,— Пфуу! Да ги земе дявола! — вика със задавен глас Гочоолу и си запушва носа.,— Phew! Damn them all! — Gochoolu cries in a choked voice and pinches his nose.
11_bai_ganyo_does_elections_bul.csv,"— Чесън ли са яли, кой знай! — процежда с кисела гримаса Дочоолу и си запушва също носа.","— Did they eat garlic, who knows! — Dochoolu mutters through a sour grimace and also pinches his nose shut."
11_bai_ganyo_does_elections_bul.csv,През отворените врата нахлува чист въздух в кръчмата и дава възможност на не дотам чувствителната двоица да проникне вътре.,"Through the open door, fresh air rushes into the tavern, allowing the not-so-sensitive pair to get inside."
11_bai_ganyo_does_elections_bul.csv,"— Още ли спите бе, говеда. Ставайте скоро! — командува авторитетно Гочоолу и почва с крака да разритва пияната команда.","— Are you still sleeping, you cattle? Get up at once! — commands Gochoolu authoritatively and begins to kick the drunken squad with his feet."
11_bai_ganyo_does_elections_bul.csv,"— Гого, дай им по една ракия да си отворят очите — допълня Дочоолу.","— Gogo, give them each a shot of rakia so they can open their eyes — adds Dochoolu."
11_bai_ganyo_does_elections_bul.csv,"Гого става лениво от леглото си, Протяга се, прозява се, дръгне се по изпотените места и почва неохотно да рови между шишетата и чашите. Ракията, наляна, той поднася на непробудените юнаци.","Gogo lazily gets out of his bed, stretches, yawns, scratches the sweaty spots, and reluctantly starts rummaging among the bottles and glasses. He pours the rakia and brings it to the still-sleeping heroes."
11_bai_ganyo_does_elections_bul.csv,"— Ставай бе, магаре, на, плюскай! Стига се прозява като куче. Я си виж очите — като циреи изпъкнали! Хайде гълтай!","— Get up, donkey, come on, eat! Stop yawning like a dog. Look at your eyes — bulging like boils! Come on, swallow!"
11_bai_ganyo_does_elections_bul.csv,"С такива любезности, подпомогнати и с енергически ритници, Гого обхожда вдървените от пиянство гости и им поднася ракия, за да ги свести. Сам-там по някой ще изръмжи в протест на Гоговите ритници, друг ще облещи насреща му свирепи, накървавени очи, а някой даже ще направи опит да рипне и хване дръжката на рибарския нож, забоден на пояса му. Тези страшни движения вливат възторг в душите на Гочоолу и Дочоолу. Те си шепнат:","With such courtesies, aided also by energetic kicks, Gogo goes around the guests, stiffened by drunkenness, and offers them rakia to bring them to their senses. Now and then someone will growl in protest at Gogo’s kicks, another will glare at him with fierce, bloodshot eyes, and someone may even try to leap up and grab the handle of the fisherman’s knife stuck in his belt. These terrifying movements fill the souls of Gochoolu and Dochoolu with delight. They whisper to each other:"
11_bai_ganyo_does_elections_bul.csv,"— Дочоолу, я виж онзи мъжага там, в кьошето, с превързаното око, познаваш ли го?","— Down there, look at that big fellow over there, in the corner, with the bandaged eye—do you know him?"
11_bai_ganyo_does_elections_bul.csv,"— Как да не го познавам — Петреску, дето удави баща си в блатото! Знам го! Пази боже да му се паднеш на зъба! Видиш ли какъв е нож затъкнал! Ами ти познаваш ли оногова там, под тезгяха?","— How could I not know him — Petrescu, the one who drowned his father in the swamp! I know him! God forbid you should fall into his clutches! Do you see what kind of knife he has tucked in there! And do you know that one over there, under the counter?"
11_bai_ganyo_does_elections_bul.csv,"— Онзи дебелия, дето си превързва раната на крака ли?","— The fat one, the one who’s bandaging the wound on his leg?"
11_bai_ganyo_does_elections_bul.csv,"— Не, другия, с раздраните уста.","— No, the other one, with the torn lips."
11_bai_ganyo_does_elections_bul.csv,"— Не ми иде на ум... Ха, чакай, не беше ли то на Серсем Пеца копелето, дето обра черквата?","— I can’t think of it... Ha, wait, wasn’t it that bastard of Sersem Petsa who robbed the church?"
11_bai_ganyo_does_elections_bul.csv,"— Не е. Серсем Пециното е онова там, дето лежи до хайдук Бонча, а пък туй е на Данко Харсъзина внуче. Бай Ганьо го прати тука да следи тези хаймани да не би да ги подлъжат   д р у г и т е.   Страшен хайдучага! Нали той открадна онази вечер един сноп от   т е х н и т е   бюлетини.","— No. Sersem Pecinoto is that one over there, the one lying next to the hajduk Boncha, and this here is the grandson of Danko the Harsoozin. Bay Ganyo sent him here to keep an eye on these loafers so that the others might not lead them astray. Terrible bandit! Didn’t he steal a sheaf of their ballots the other evening."
11_bai_ganyo_does_elections_bul.csv,— Браво!,— Bravo!
11_bai_ganyo_does_elections_bul.csv,"— Ти знаеш ли за какво го отредихме него? Като нахълтаме около бюрото, ако би че дойдат от техните, туй хлапе ще хване Никола Търновалията за яката и ще почне да вика: „Дръжте го! Тоз попържа княза! Княза псува, дръжте го!“ Тогаз Петреску и Данко Харсъзина ще грабнат Никола и ще го изхвърлят навън. Полицията ще го поемне и — в дранголника. Техните ще искат да го отърват, ний — насреща им. Ще стане сблъскване. Ще нахлуй полицията и ще ги разгони като пилци. То е наредено.","— Do you know what we assigned him for? When we rush around the desk, if theirs should come, this kid will grab Nikola Tŭrnovaliyata by the collar and start shouting: “Hold him! This one is cursing the prince! The prince is being insulted, hold him!” Then Petresku and Danko Harsŭzina will seize Nikola and throw him outside. The police will take him and — into the lockup. Their side will want to rescue him, and we’ll be there against them. There’ll be a clash. The police will storm in and scatter them like chickens. It’s all arranged."
11_bai_ganyo_does_elections_bul.csv,— Ами Лулча и Граматикова кой ще ги пипне?,"— Well, who’s going to touch Lulcha and Gramatikova?"
11_bai_ganyo_does_elections_bul.csv,— Че ти тях за хора ли ги смяташ? Един Топачоолу да им се облещи насреща — ще изфирясат.,— Do you take them for people? If just one Topachoolu were to glare at them head-on — they’d freak out.
11_bai_ganyo_does_elections_bul.csv,"Такъв разговор водят Гочоолу и Дочоолу, като наблюдават с възторг ленивото пробуждане на тези трийсет от кол, от въже събрани тъмни личности, на които днес предстои задачата да сплашат, да изгонят, да всеят ужас и трепет около изборното място и да накарат и без туй сплашеният българин да се откаже от своето едвам съзнато право да упражнява свободната си воля в управление на държавата. Такъв разговор водят Гочоолу и Дочоолу, като гледат тези трийсет страшни фигури, обезобразени, подпухнали, с изпъкнали кръвясали очи, изранени, издраскани, с широки пояси, с ножове на поясите, със свирепост на лицата, с престъпни конвулсии в движенията, гледат ги те и предвкушават сладостта на избирателната победа.","Such a conversation is being held by Gochoolu and Dochoolu as they watch with delight the sluggish awakening of these thirty dark figures, gathered from the stake and the rope, who today are to be tasked with frightening, driving away, sowing terror and dread around the polling place, and making the already frightened Bulgarian renounce his barely conscious right to exercise his free will in the governance of the state. Such a conversation is being held by Gochoolu and Dochoolu as they look at these thirty terrible figures, disfigured, swollen, with protruding bloodshot eyes, wounded, scratched, with wide sashes, with knives at their belts, with ferocity on their faces, with criminal convulsions in their movements; they look at them and anticipate the sweetness of electoral victory."
11_bai_ganyo_does_elections_bul.csv,"Всички наемници бяха вече на крак, когато откъм циганската махала се зачу музика... Музика! Да описвам ли тази музика, която цяла нощ се е подвизавала в кръчмата на Топачоолу, пред която самият кръчмар се е кълчил и пял: „Вангелито чевре шило, на чеврето съгрешило, я гръмни, боже, удари ме и по-скоро прибери ме.“ Да описвам ли на крака заспалия цигулар с цигулка, лениво опряна едва ли не на корема му? Да ви казвам ли за кларнетиста, който или съвсем не свири, или пък като бесен ще надуе кларнето, ще надуе лицето си, ще изпъкнат жилите на шията му, ще изпъкнат кръвясалите му очи и струва ти се, че още малко напън, и една страшна епилепсия ще смае слушателите? Не, няма да ви описвам музиката, защото мисля за достатъчно да ви кажа само, че тези музиканти бяха а̀ la бай Ганьо.","All the mercenaries were already on their feet when music was heard from the Gypsy quarter... Music! Shall I describe this music, which had spent the whole night performing in Topachoğlu’s tavern, in front of which the tavern keeper himself had been writhing and singing: “Vangelito chevre shilo, on the chevre he sinned, strike me, O God, strike me and take me away sooner.” Shall I describe the violinist, asleep on his feet, with the violin lazily resting almost on his belly? Shall I tell you about the clarinetist, who either does not play at all, or else, like a madman, blows the clarinet, puffs out his face, the veins in his neck bulge, his bloodshot eyes bulge, and it seems to you that with just a little more effort, a terrible epileptic fit will astound the listeners? No, I will not describe the music, because I think it is enough to tell you only that these musicians were à la Bay Ganyo."
11_bai_ganyo_does_elections_bul.csv,"Музиката свиреше Печенежкия марш... Всред прекъсваните звукове един див, един смесен рев разцепи въздуха. Цял облак птички плашливо напуснаха дърветата и стрехите на Парцал махлеси. Ако една войска от гладни лъвове би имала насреща си войска от раздразнени тигрове и при един сигнал би се впуснали тия войски една срещу друга, ревът, който ще разкърти бойното поле, би бил подобен на дивия рев, който сега изплаши обитателите на циганската махала и Парцал махлеси. Това беше едно „ура“ от наемниците, събрани от Данко Харсъзина. Ето ги, показват се откъм завоя на улицата и се изсипват на площада.","The music was playing the Pecheneg March... Amid the broken sounds, a wild, a mixed roar split the air. A whole cloud of little birds fearfully left the trees and the eaves of Parcal Mahlesi. If an army of hungry lions were to face an army of enraged tigers, and at a signal those armies were to hurl themselves one against the other, the roar that would shake the battlefield would be like the wild roar that now frightened the inhabitants of the gypsy quarter and Parcal Mahlesi. It was a “hurrah” from the mercenaries gathered by Danko Harsuzina. There they are, appearing from around the bend in the street and pouring into the square."
11_bai_ganyo_does_elections_bul.csv,"Музиката напред, зад музиката циганите и хамалите. Начело, дигнат на ръце, със засукани мустаци, с накривена шапка... кой мислите? — Сам бай ви Ганьо Балкански. Даже и при този тържествен момент бай Ганьо не се забравя: той държи ръцете в джебовете си: „Хелбетя, ще бръкне някой хайдучага — отиде кесията. Нали си знам стоката.“ Едно второ „ура“, в състояние да събуди и мъртвите, оглуши ушите на Гоговата тайфа, която се изтърси от кръчмата на мегдана и отговори с една канонада: „Да живее бай Ганьо!“","The music came first, behind the music the Gypsies and the porters. At the head, carried aloft on hands, with twisted mustaches, with a tilted hat... who do you think? — None other than our own Bay Ganyo Balkanski. Even at this solemn moment, Bay Ganyo does not forget himself: he keeps his hands in his pockets: “Damn it, some robber will stick a hand in — and there goes the wallet. I know my goods.” A second “hurrah,” enough to wake the dead, deafened the ears of Gogov’s gang, which had spilled out of the tavern onto the square and answered with a cannonade: “Long live Bay Ganyo!”"
11_bai_ganyo_does_elections_bul.csv,"— Добрутро, момчета — извика снизходително сияющият бай Ганьо.","— Good morning, boys — called out the beaming Bay Ganyo condescendingly."
11_bai_ganyo_does_elections_bul.csv,"Една попара от трийсет пресипнали ""добро утро"" се отзова на неговия поздрав.",A jumble of thirty hoarse “good mornings” answered his greeting.
11_bai_ganyo_does_elections_bul.csv,"— Кураж, момчета, силата е с нас — ободрява бай Ганьо с тона на Наполеона пред Аустерлиц. — Я чувай ти, Данково унуче, ти помниш ли какво ти казах: като видиш зор, хвани Търновалията за яката, па викай: „Княза попържа.“ Разбра ли?","— Courage, boys, the strength is with us — encourages Bay Ganyo in the tone of Napoleon before Austerlitz. — Listen here, Dancho’s grandson, do you remember what I told you: when you’re in trouble, grab the Tarnovalian by the collar and shout, “The prince is cursing.” Got it?"
11_bai_ganyo_does_elections_bul.csv,"— Знам аз — обажда се весело от строя Данковото унуче. — А пък ти, Данко, и ти, Петреску...","— I know — Danko’s grandson calls out cheerfully from the line. — And you, Danko, and you, Petrescu..."
11_bai_ganyo_does_elections_bul.csv,— Знаем ний... с главата надолу — каза Петреску с пълно съзнание важността на задачата си.,"— We know... upside down — said Petrescu, fully aware of the importance of his task."
11_bai_ganyo_does_elections_bul.csv,"— Браво! Ами я чувай, Петреску, аз искам от тебе още един мурафет: като се сбийте с избирателите, ти ръгни с ножа само двама-трима, колкото да ги сандърдисаш, па земи, че хвърли ножа настрана, па земи, че си съдери ризата на гърдите, па подир земи, че си разкървави кожата, разбра ли? Па вземи, че си нацапай лицето с кръв, разбра ли? Па подир туй земи да викаш, че гражданите искали да те заколят, защото си викал: „Да живей княза“, разбра ли?","— Bravo! Well then, listen, Petrescu, I want one more trick from you: when you get into a fight with the voters, you stab only two or three of them with the knife, just enough to stun them, then you throw the knife aside, then you tear your shirt on your chest, then you scratch your skin until it bleeds, do you understand? Then smear your face with blood, do you understand? Then start shouting that the citizens wanted to slaughter you because you shouted: “Long live the prince,” do you understand?"
11_bai_ganyo_does_elections_bul.csv,"— Разбрах, ама ще ми дадеш още пет лева за кан-парасъ.","— I understand, but will you give me another five leva for kan-paras?"
11_bai_ganyo_does_elections_bul.csv,"— За пари — лесно, ти само направи, каквото ти думам — успокоява го бай Ганьо.","— For money — easy, you just do what I tell you — calms Bay Ganyo."
11_bai_ganyo_does_elections_bul.csv,"Изпратените на рекогносцировка от циганската махала към избирателното място разведчици Адамчо Кокошарина, Спиро Копоя и Топал Мустафа пристигнаха бързешката на площада и съобщиха на бай Ганя, че около три хиляди селяни през разни пътища пристигнали в града и хората на Търновалията им раздали бюлетини. „Околийският каза да бързате, че работата е спукана.“","The scouts sent on reconnaissance from the gypsy quarter toward the polling place, Adamcho Kokosharina, Spiro Kopoya, and Topal Mustafa, arrived hurriedly at the square and reported to Bay Ganyo that about three thousand peasants had come into the town by various roads, and the people of Tarnovaliya had handed out ballots to them. “The district chief said to hurry, because the game is up.”"
11_bai_ganyo_does_elections_bul.csv,"— Да го вземат дяволите твоя околийски! — изкрещя бай Ганьо. — За какъв бяс го назначихме началник, ако не може едни селяни да сандърдиса. Началник! Краставици! Той знае само да закача селянките. Дурак! Защо не е пратил жандарми по краищата? Наплюскал се е магарето, че забравил какво трябва да върши. Тичай скоро да му речеш да сбере конните жандарми и да ги пусне в кариер през сред града, разбра ли? През сред града, като хала да хвърчат, чу ли? Па и ний оттука да му теглим едно „ура“, та да видим кой селянин ще ни излезе насреща. Тичай скоро!","— Damn your district chief! — shouted Bay Ganyo. — What the hell did we appoint him chief for if he can’t even rough up a few peasants? Chief! Cucumbers! All he knows is how to flirt with the peasant women. Fool! Why didn’t he send gendarmes to the outskirts? The donkey’s stuffed himself so full he’s forgotten what he’s supposed to do. Run quickly and tell him to gather the mounted gendarmes and send them galloping through the middle of town, do you understand? Through the middle of town, flying like a storm, hear me? And we’ll shout “hurrah” from here, just to see which peasant will dare come out against us. Run quickly!"
11_bai_ganyo_does_elections_bul.csv,"— Гого, дай тука ракия — командува бай Ганьо. — Плюскайте, мама му стара, аз плащам. Цигуларите защо мълчат? Чалънъз бе, ченгенелер! Надуй кларнето бе, какво ме зяпаш като говедо? Хъ̀ така! И-и-их-ха-ха!","— Gogo, give me the rakia here — commands Bay Ganyo. — Eat, damn it, I’m paying. Why are the fiddlers silent? Chalnuz, damn it, chengeneler! Blow the clarinet, damn it, why are you staring at me like a cow? Hah, that’s it! Y-y-y-hee-ha-ha!"
11_bai_ganyo_does_elections_bul.csv,"— Данко, раздай сега на всекиго по един сноп бюлетини! Хайде сега, момчета, напред. Кураж! Да живее Негово Царско Височество, урааа!...","— Danko, hand out one bundle of ballots to each person now! Come on now, boys, forward. Courage! Long live His Royal Highness, hurraa!..."
11_bai_ganyo_does_elections_bul.csv,— Ураааа!...,— Hooray!...
11_bai_ganyo_does_elections_bul.csv,И тръгнаха... избирателите!,And they set off... the voters!
11_bai_ganyo_does_elections_bul.csv,"Иваница Граматиков, кандидатът на опозицията, се събуди в шест часа сутринта. Облече се, пи си кафето и излезе на високата веранда пред къщата. Слънцето, едва-що изгряло, отражаваше се в купола на църквата и в обърнатите към изток прозорци. Тържествующа изглеждаше цялата природа. Всъщност природата си оставаше също тъй равнодушна, каквато си е винаги, а тържествующа бе само душата на кандидата.","Ivantsa Gramatikov, the opposition candidate, woke up at six in the morning. He dressed, drank his coffee, and went out onto the high veranda in front of the house. The sun, just risen, was reflected in the church dome and in the windows facing east. The whole of nature seemed triumphant. In fact, nature remained just as indifferent as it always is, and it was only the candidate’s soul that was triumphant."
11_bai_ganyo_does_elections_bul.csv,"Млад, образован, малко идеалист, повече мечтател, с любов в сърцето, с вяра в доброто, с надежда на бъдещето, той не беше още кален в действителността, в живота. Безгрижен до самозабравяне, непоправим оптимист, привикнал на всичко да гледа от добрата му страна, той беше доверчив до наивност, до глупост.","Young, educated, a little idealistic, more of a dreamer, with love in his heart, with faith in goodness, with hope for the future, he was not yet hardened by reality, by life. Carefree to the point of self-forgetfulness, an incorrigible optimist, accustomed to looking at everything from its good side, he was trusting to the point of naivety, to the point of foolishness."
11_bai_ganyo_does_elections_bul.csv,"Няколко приятели му предложиха кандидатурата за народен представител; едно събрание от граждани прие съчувствено тая кандидатура и Граматиков помисли, че всичко е вече свършено, и плувна в мечти за предстоящата деятелност в Народното събрание. Рукна по България мед и масло. Но някои други подробности, някои предшествующи избора приготовителни действия на неговите приятели, действия, непредвидени в избирателния закон, като че хвърляха сегиз-тогиз сянка върху неговите сладки мечти. Защо трябваше сега той да излага своята програма пред избирателите, като че не можеше и да се мине и без това. Защо трябваше да изпитва толкова неловки минути, да отговаря, да обещава съдействие за удовлетворение на нужди, интересующи може би само запитвачите. Той като че беше поверил целия свой интелект на окръжающия го щаб приятели! Те му казаха, че трябва да държи реч, и той държа реч. Те му казваха, че трябва да приеме селските кметове и да им говори любезно, и той приемаше в къщата си кметовете и писарите и им говореше тъй любезно, щото селяните си навеждаха очите и едва ли го разбираха. Те си изказваха нуждите, той държеше бележки и чистосърдечно казваше кое може да се удовлетвори, кое не за крайно неудоволствие на селяните, привикнали да им се обещават златни гори. Той трябваше да участвува в събранията на видните граждани, в които събрания се определяха и разпределяха агитаторите за селата и за градските махали. Гражданите спорят, шумят, той седи настрана и мълчи, като че това не се касае до него. Тази глупава пасивност го тревожи, той отвори уста да каже нещо, да възрази, но някой от щаба ще го хване за ръката и ще му каже с бащински покровителствен тон: „Ти мълчи, стой си настрана, ти още не разбираш тия работи.“ И той млъкваше покорно и се вслушваше в солидните и самоуверени разговори на почтените граждани. „Нима̀ винаги така стават изборите — мисли той — или това може би сега почва, от новата епоха.“ Той побутва едного от спорещите и му шепне на ухото: „Моля ви се, винаги ли така стават изборите?“ Спорещият, залисан в друг разговор, погледва го като през мъгла и му каже засмян, наставнически: „Остави сега това друг път; ти не разбираш от тия работи, стой си настрана: работата е наред.“","Several friends proposed him as a candidate for народен representative; a gathering of citizens received this candidacy sympathetically, and Gramatikov thought that everything was already settled, and he drifted into dreams of the forthcoming activity in the National Assembly. Honey and butter flowed through Bulgaria. But certain other details, certain preparatory actions by his friends before the election, actions not foreseen in the electoral law, seemed from time to time to cast a shadow over his sweet dreams. Why did he now have to present his program to the voters, as if it could not be done without that? Why did he have to endure so many awkward moments, to answer, to promise support for the satisfaction of needs that perhaps concerned only the questioners? It was as if he had entrusted his entire intellect to the surrounding staff of friends! They told him that he had to make a speech, and he made a speech. They told him that he had to receive the village mayors and speak to them kindly, and he received the mayors and clerks in his house and spoke to them so kindly that the peasants lowered their eyes and could hardly understand him. They stated their needs, he took notes, and candidly said what could be satisfied and what could not, to the peasants’ extreme displeasure, for they were used to being promised golden mountains. He had to take part in the meetings of the prominent citizens, at which meetings the agitators for the villages and the city neighborhoods were assigned and distributed. The citizens argued and made noise, while he sat aside and was silent, as if this did not concern him. This foolish passivity troubled him; he opened his mouth to say something, to object, but someone from the staff would seize him by the hand and say in a fatherly, patronizing tone: “You keep quiet, stay aside, you still don’t understand these things.” And he would obediently fall silent and listen to the solid, self-assured conversations of the respectable citizens. “Is it always like this that elections are held,” he thinks, “or is this perhaps starting now, in the new era?” He nudges one of the disputants and whispers in his ear: “Please tell me, are elections always held like this?” The disputant, absorbed in another conversation, looks at him as through a fog and says with a smile, in a lecturing tone: “Leave that for another time; you don’t understand these things, stay aside: everything is in order.”"
11_bai_ganyo_does_elections_bul.csv,"Работата е наред! Граматиков се свикна с мисълта, че работата е наред. Дето седне, дето стане, с когото и да се срещне, търговец било, занаятчия, селянин, все туй чуваше — че работата била наред, — иде ли в кафенето, наобиколят го приятели и бързат да му съобщават сведения от града и от селата: „О, добрутро, господин Иваница, как сте? Артък сега работата е наред.“ „О, господин Иваница, беше! Цялата околия от джеба да ти я извадя. Гледай си кефа! Работата е вече хептен наред!“ Иде ли вечер на разходка в градската градина, из всичките алеи го срещат приятели и отдалеч му правят знакове с ръце — демек беше, работата е наред...","**Everything is fine!**

Gramatikov had grown used to the thought that everything was fine. Wherever he sat, wherever he stood, whoever he met—merchant, craftsman, peasant—he kept hearing the same thing: that everything was fine. If he went to the café, friends would gather around him and hurry to bring him news from the town and the villages:

“Ah, good morning, Mr. Ivanitsa, how are you? Well, now everything is fine.”

“Oh, Mr. Ivanitsa, it was! I could pull the whole district out of my pocket. Just enjoy yourself! Everything is absolutely fine now!”

If he went for an evening walk in the city garden, friends would meet him along all the alleys and wave to him from afar—meaning, it was fine, everything was fine..."
11_bai_ganyo_does_elections_bul.csv,"Работата наред! Но една случка, на която той биде очевидец в навечерието на изборите, му даде да разбере, че има една разлика между изборите, начертани в избирателния закон, и изборите в действителност. Тая случка със следните думи му припомни в едно писмо един негов приятел: „Законност, ред, свобода, сполуката наша... Помниш ли, помниш ли? — Джумбуш! Помниш ли нашествието на хуните в кафенето вечерта пред изборите. Помниш ли онзи „български гражданин“ с руската шапка на тила, с голите гърди, бос, със скъсани колене? Ами оногози с червените очи, по риза, гологлав, с голямата чомага в ръка? Ами влаха вън пред вратата, който в доблестното „упоение“ от патриотизъм, в дълбокото съзнание на своите свободни граждански права и длъжности, зрял, тоест узрял вече в политическа мъдрост, едвам стоеше на краката си? Помниш ли как от гърди, надути от най-благородните и човеколюбиви идеи, достойни да направят щастлив един цял мир, с език задебелял от напъна на неизразимите и възвишени мисли, които вълнуваха мозъка му, помниш ли го как декламираше за свобода и народни права, че като му извика един по-стар гражданин, който излязваше от кафенето, свободата и народните права се закачиха на гърлото му, както се закачиха и нейде в благородната душа на неговия морален съпартизанин и шеф? И тази сган, тази утайка от тинята на един див, бестиален, лишен от всяко образование и отхрана граждански слой, готова за всяка бруталност, за която аз не можех даже да помисля, че съществува в самодоволния от своята „цивилизованост“ и „европейщина“ наш град, тази безпринципна тълпа, водима от разнородни ней игноранти и безхарактерности, които нито начала имат, нито могат да имат; и тази сган, казвам, има своите представители в Народното събрание, а хилядите избиратели...“","The work was going along well! But one incident, which he witnessed on the eve of the elections, made him realize that there is a difference between the elections as outlined in the electoral law and elections in reality. A friend of his reminded him of this incident in a letter with the following words: “Legality, order, freedom, our success... Do you remember, do you remember? — A jolly good time! Do you remember the invasion of the Huns in the café on the evening before the elections. Do you remember that ‘Bulgarian citizen’ with the Russian cap on the back of his head, bare-chested, barefoot, with torn knees? And what about that one with the red eyes, in his shirt, bareheaded, with the big club in his hand? And what about the Wallachian outside the door, who in the valiant ‘intoxication’ of patriotism, in the deep awareness of his free civic rights and duties, mature, that is, already ripened in political wisdom, could barely stand on his feet? Do you remember how, with chests swollen by the noblest and most humane ideas, worthy of making an entire world happy, with a tongue thickened by the strain of ineffable and sublime thoughts that stirred his brain, do you remember how he declaimed about freedom and народ rights, so that when an older citizen, who was coming out of the café, shouted at him, freedom and народ rights stuck in his throat, just as they got stuck somewhere in the noble soul of his moral fellow partisan and chief? And this rabble, this sediment from the mud of a wild, bestial civic stratum, deprived of all education and upbringing, ready for any brutality, which I could not even imagine existed in our city, so self-satisfied in its ‘civilization’ and ‘Europeanism’; this unprincipled mob, led by its various ignoramuses and men without character, who have no principles and cannot have any; and this rabble, I say, has its representatives in the National Assembly, while the thousands of voters...”"
11_bai_ganyo_does_elections_bul.csv,"И тъй, в неделя, в деня на изборите, около седем часа сутринта Граматиков стоеше на високата веранда на къщата и с лекост, с радост поимаше утринната прохлада. Избирателният закон, оживен в неговите мечти, рисуваше му последователно разните моменти на един конституционен избор. Градският часовник, като възвести половинка с два удара на камбаната, пресече сладките мечти на кандидата и му напомни, че е време да се тръгне към избирателното място. Той се облече, взе си бастончето, но спомни, че е запретено да влиза при изборите с каквото и било оръдие, остави си бастона и тръгна... Улиците почти пусти; народът беше се вече свлякъл към училищния двор. На площада пред църквата една група приятели го посрещна с дружески приветствия:","And so, on Sunday, election day, around seven o’clock in the morning, Gramatikov was standing on the high veranda of the house and, with ease and delight, was taking in the morning coolness. The electoral law, enlivened in his dreams, was sequentially painting for him the various moments of a constitutional election. The city clock, announcing the half hour with two strokes of the bell, cut short the candidate’s sweet dreams and reminded him that it was time to set off for the polling place. He dressed, took his cane, but then remembered that it was forbidden to enter the election with any kind of weapon, left his cane behind, and set off... The streets were almost empty; the people had already drifted down to the schoolyard. In the square before the church, a group of friends greeted him with friendly salutations:"
11_bai_ganyo_does_elections_bul.csv,"— О, господин Иваница, добрутро. Видяхме ли ги?","— Oh, Mr. Ivanitsa, good morning. Did we see them?"
11_bai_ganyo_does_elections_bul.csv,— Кого?,— Who?
11_bai_ganyo_does_elections_bul.csv,— Избирателите. Само селяни три хиляди. Раздадохме им вече бюлетини. Работата наред. Хайде сега в училището.,"— The voters. Only peasants, three thousand. We have already handed out the ballots to them. Everything is in order. Come on, now to the school."
11_bai_ganyo_does_elections_bul.csv,"Завиха през една тясна крива уличка и изпъкнаха около избирателното място. Наистина, цяла маса граждани и селяни мирно и тихо бръмчаха в двора и прилежащата улица. Агитаторите сновяха между тях и полуявно, полутайно раздаваха бюлетини на новопристигналите. Сам-там се чуваха възгласи, че цели години наред не са се явявали на избор.","They turned down a narrow winding little street and emerged near the polling place. Indeed, a whole crowd of townspeople and peasants was buzzing peacefully and quietly in the yard and the adjoining street. The agitators were moving among them and, half openly, half secretly, handing out ballots to the newly arrived. Here and there, cries could be heard that for years on end they had not shown up for elections."
11_bai_ganyo_does_elections_bul.csv,"— Бре, дявол да го вземе, от осем години днес се явявам на избор.","— Damn it, for the first time in eight years I’m standing for election today."
11_bai_ganyo_does_elections_bul.csv,— Че и аз така.,— Me too.
11_bai_ganyo_does_elections_bul.csv,— И аз също.,— Me too.
11_bai_ganyo_does_elections_bul.csv,Такива самопризнания се чуваха отвред.,Such admissions were heard from all sides.
11_bai_ganyo_does_elections_bul.csv,"Бюрото беше вече настанено в салона на училището. Някои избиратели, както и един от кандидатите на опозицията, се навъртаха около бюрото. Изборът почна. На Граматиков се видя странно туй обстоятелство, че в съседния с училището двор, а също и в дворовете на срещната страна на улицата пъплеха множество силно въоръжени жандарми, между които сновяха двама пристави и им шепнеха някакви инструкции. „Ами нали е запретено от избирателния закон да има въоръжена сила в съседство с избирателното място! Странно!“","The polling board was already seated in the school hall. Some voters, as well as one of the opposition candidates, were milling around the board. The voting began. Gramatikov found it strange that in the yard next to the school, as well as in the yards on the opposite side of the street, there were many heavily armed gendarmes crawling about, among whom two bailiffs were moving back and forth, whispering some instructions to them. “Why, isn’t it forbidden by the election law to have an armed force in the vicinity of the polling place? Strange!”"
11_bai_ganyo_does_elections_bul.csv,"Но не остана много място за учудване... Пред очите на Граматикова се почна, завъртя се, зашумя, забуча една такава хала от ужаси и насилия, щото той се вцепени, като треснат от гръмотевица. Ето какво се случи: неуспял още да се свести от странното впечатление, което му направи съседството на въоръжена сила около избирателното място — той видя, че при един от полицейските пристави дотърча Адамчо Кокошкарина и запъхтян, захлестен, пошепна му смутено нещо на ухото. Приставът повика един жандарм, каза му няколко думи и го изпрати. След минута се яви околийският началник. Адамчо му пошепна нещо. Околийският даде някакви заповеди на приставите; те се разтичаха и не мина много — из съседните къщи почнаха да изпъкват жандарми, които водеха след себе си коне. Яхнаха конете, околийският начело, с извадена шашка, изкомандува „напред!“ и двадесет души конни жандарми, въоръжени до зъби, се втурнаха из тясната улица, задръстена с избиратели, втурнаха се и почнаха да разкъртват с гърдите на конете живата стена. Вик, крясък, олелия, протести, команда, шашки; лъснали на слънцето, вълни от хора забушуваха назад-напред, конете се врязаха без ред в тълпата, живата стена се цепеше да им даде място; нови вълни от задните редове нахлуваха и отблъсваха със своята маса жандармите... Но оръжието надви, поколеба се живата стена. Турците избиратели почнаха един по един да изфирясват: „Не ме лязъм бана даяк еме.“ Селяните почнаха да се споглеждат. Жандармите успяха да отблъснат по-голямата част от избирателите на едно значително разстояние.","But there was not much room left for surprise... Before Gramatikov’s eyes, such a storm of horrors and violence began, whirled, roared, and rumbled that he stood petrified, as if struck by lightning. Here is what happened: not yet having recovered from the strange impression made on him by the presence of armed force around the polling place, he saw Adamcho Kokoshkarina rush up to one of the police officers and, out of breath and flustered, whisper something confusedly in his ear. The officer called a gendarme, said a few words to him, and sent him off. A minute later the district chief appeared. Adamcho whispered something to him. The district chief gave some orders to the officers; they scattered, and before long gendarmes began to emerge from the neighboring houses, leading horses behind them. They mounted the horses, the district chief at their head, with drawn sabre, shouted “Forward!” and twenty mounted gendarmes, armed to the teeth, charged down the narrow street clogged with voters, charged and began to break through the living wall with their horses’ chests. Shouts, cries, uproar, protests, commands, sabres; flashing in the sun, waves of people surged back and forth, the horses plunged blindly into the crowd, the living wall split apart to make room for them; new waves from the rear ranks poured in and pushed back the gendarmes with their mass... But force prevailed, and the living wall wavered. The Turkish voters began to disappear one by one: “Ne me lyazym bana dayak eme.” The peasants began to exchange glances. The gendarmes managed to push the majority of the voters back to a considerable distance."
11_bai_ganyo_does_elections_bul.csv,"Другата, съвсем малка част остана в училищния двор. Тук бяха Търновалията и Граматиков. От противоположната страна на улицата писъкът на един кларнет почна да реже въздуха, зачуха се цигулки, зачу се шум на приближающа тълпа и една дива гръмотевица разкърти околността. Ето ги: цигуларите, зад тях с молния в очите бай Ганьо Балкански, ето Гочоолу и Дочоолу, ето Петреску, внучето на Данка Харсъзина, Спиро Копоя, Топал Мустафа, ето циганите, рибарите, ето сам Данко Харсъзина... — Да живее почитаемото правителство, ураа! — извика с тънък глас Данковото внуче.","The other, quite small part remained in the schoolyard. Here were Tŭrnovaliya and Gramatikov. From the opposite side of the street, the shriek of a clarinet began to cut through the air, violins were heard, the noise of an approaching crowd was heard, and a wild thunderclap shattered the surroundings. There they are: the violinists, behind them, with lightning in his eyes, Bay Ganyo Balkanski, there are Gochoolu and Dochoolu, there is Petrescu, Danka Harsŭzina’s grandson, Spiro Kopoya, Topal Mustafa, there are the Gypsies, the fishermen, there is old Danko Harsŭzina himself...

— Long live the honorable government, hurrah! — cried Danka’s grandson in a thin voice."
11_bai_ganyo_does_elections_bul.csv,— Ура... ра... раааа! — изрева стоустата страшна тълпа.,"— Hurrah... ra... raaaa! — roared the hundred-mouthed, fearsome crowd."
11_bai_ganyo_does_elections_bul.csv,"Тръпки побиха Граматикова. Мина му през ума 1876 година, възкръснаха пред него башибозушките орди; името на Фазлъ̀ паша се спря на устните му.",Shivers ran through Gramatikova. The year 1876 flashed through his mind; the bashi-bazouk hordes rose before him; the name of Fazlı Pasha came to his lips.
11_bai_ganyo_does_elections_bul.csv,"Дивата орда от пияни изверги нахлу в двора на училището. Боже! Колко грубост, колко арогантност, колко тъпа свирепост в тези изпъкнали кръвясали очи, в тези бабаитски движения, в тези провокаторски погледи!... Бай Ганьо, съпровождан от свитата си, която грубо му отваряше път, възлезе по стълбите и се вмъкна в училищния салон, при бюрото. Зачу се през прозорците един шум, едно глухо ръмжене и изтласкан от нахлулата вълна, на стълбите се появи Никола Търновалията. Веднага към него се устреми като хищна птица Данковото внуче и като го сграбчи за яката, почна с пресипнал глас да си дере гърлото: „Дръжте го, той псува княза, княза попържа, дръжте го!“ Петреску и Данко Харсъзина не закъсняха. Двамата като вълци го сдавиха, емнаха го на ръце и го смъкнаха по стълбата. Бай Ганьо се вмъкна в салона, взе от председателя на бюрото някаква записка, подаде я на Данковото внуче, което се промуши между тълпата, вмъкна се в съседния двор и след една минута, когато в двора нахълтаха пеши и конни жандарми, те завариха бай Ганьовата армия притисната в едно кьоше от възмутените избиратели, които бяха останали в двора. Петреску с разкървавени гърди, със зацапани с кръв ръце и лице ревеше като най-невинен младенец. Той беше сръгал вече двама-трима избиратели и овреме успя да изпълни програмата — да се разкървави, да се покачи на един куп камъни и колкото му държи глас, да викана помощ: „Убиха ме, господин началник, щяха да ме убият, аз викам да живей княза, а те ме ръгат с ножове!“","The wild horde of drunken monsters burst into the schoolyard. Good God! What coarseness, what arrogance, what stupid ferocity in those bulging bloodshot eyes, in those bully-boy movements, in those provocateur’s looks!... Bay Ganyo, accompanied by his retinue, which roughly cleared a path for him, ascended the stairs and slipped into the school hall, to the desk. Through the windows there arose a noise, a dull growl, and, pushed by the surging wave, Nikola Tarnovaliya appeared on the stairs. At once Danko’s grandson darted toward him like a bird of prey and, seizing him by the collar, began to tear his throat with a hoarse voice: “Hold him, he’s cursing the prince, he’s cursing the prince, hold him!” Petresku and Danko the Rascal were not long in coming. The two of them, like wolves, throttled him, grabbed him up in their arms, and dragged him down the stairs. Bay Ganyo slipped into the hall, took some note from the chairman of the bureau, handed it to Danko’s grandson, who wormed his way through the crowd, slipped into the neighboring yard, and after a minute, when the gendarmes on foot and on horseback burst into the yard, they found Bay Ganyo’s army pinned into a corner by the indignant voters who had remained in the yard. Petresku, with bloodied chest, with hands and face smeared with blood, roared like the most innocent infant. He had already jabbed two or three voters and in time managed to carry out the program—to get himself bloodied, climb onto a pile of stones, and, at the top of his voice, cry for help: “They killed me, Mr. chief, they were going to kill me; I’m shouting long live the prince, and they’re stabbing me with knives!”"
11_bai_ganyo_does_elections_bul.csv,"Полицията почна своята роля... „Шашки вън!“... Зазвънтяха шашките, заплющяха камшици. Зачуха се протести, заглушиха ги псувни. Полицията, спомогната от бай Ганьовата армия, задигна Никола Търновалията, задигна по-видните му другари; разфучаха се конните жандарми и изметоха двора.","The police began its role... “Sabers out!”... The sabers rang, the whips cracked. Protests were heard, but they were drowned out by curses. The police, aided by Bay Ganyo’s army, seized Nikola Tarnovaliya and his more prominent comrades; the mounted gendarmes charged about and swept the yard clean."
11_bai_ganyo_does_elections_bul.csv,"И Граматиков, увлечен от течението на масата, намери се на улицата. Той беше като поразен от молния! В ушите му звънтяха думите на бай Ганя, който от върха на стълбите викаше: „И ний сме били малко-много в Европа и знаем тия пущини, изборите. Аз в Белгия съм бил...“","And Gramatikov, swept along by the flow of the crowd, found himself in the street. He was as if struck by lightning! In his ears rang the words of Bay Ganyo, who, from the top of the stairs, was shouting: “We too have been a little in Europe, and we know these things, elections. I have been to Belgium...”"
11_bai_ganyo_does_elections_bul.csv,"В ушите му звънтяха и думите на дяда Добри. Бедният дядо Добри! Изтласкан на улицата, ударен силно в главата, просълзен от болест ли, от гняв ли, от жалост ли, той току се обаждаше, горкият, с пресечен глас: „А бе, господин началник... ами че нали уж... туйнака, нали щяха да бъдат уж свободни... таквозинка...“ Бедният дядо Добри!...","His ears were still ringing with Grandpa Dobri’s words. Poor Grandpa Dobri! Pushed out into the street, struck hard on the head, tears in his eyes—whether from illness, from anger, or from pity, he kept speaking up, the poor man, in a broken voice: “Well, sir chief... but didn’t they say... you know... weren’t they supposed to be free... that sort of thing...” Poor Grandpa Dobri!..."
11_bai_ganyo_does_elections_bul.csv,След няколко дена Граматиков прочете в един от столичните вестници следующата телеграма:,"A few days later, Gramatikov read the following telegram in one of the capital’s newspapers:"
11_bai_ganyo_does_elections_bul.csv,"„София. Министър-президенту. Изборите се извършиха при абсолютна тишина и порядък. Избрани: Ганьо Балкански, Фильо Гочоолу и Танас Дочоолу, всички наши. Опозиционните кандидати се провалиха позорно. Щом се появиха избирателите с музика начело, шайката им се разбяга. Целият град тържествува. Да живее Негово Царско Височество. Ганьо Балкански“","“Sofia. To the Prime Minister. The elections were conducted in absolute silence and order. Elected: Ganyo Balkanski, Filyo Gochoolu, and Tanas Dochoolu, all of them ours. The opposition candidates failed disgracefully. As soon as the voters appeared with music at their head, their gang scattered. The whole city is celebrating. Long live His Royal Highness. Ganyo Balkanski”"
11_bai_ganyo_does_elections_bul.csv,"Писмото до Граматиков, за което по-горе споменахме, се свършваше с тези думи: „А народът какво ще каже, какво ще прави? Любопитен въпрос! Ти ми казваше едно време, че вярваш още в българския народ. Хайде де! Не се подигравай! В кого вярваш ти? В това ли рабско племе, което търпи всичко това? Виж го изобразен в представителите му.“","The letter to Gramatikov, which we mentioned above, ended with these words: “And what will the people say, what will they do? A curious question! You used to tell me that you still believe in the Bulgarian people. Come on then! Don’t mock me! In whom do you believe? In this slave-like tribe that endures all this? Look at it as portrayed in its representatives.”"
11_bai_ganyo_does_elections_bul.csv,"Народа, в когото ти вярваш, е роб, казвам ти, роб; робуването е за него блаженство, тиранията благодеяние, роболепието геройство, презрителното хъркане отгоре — музика! И пак този народ е клет и нещастен, трижд нещастен! Бит от съдбата, осъден да страда и да тегли за други, мъчен от неприятели, а още повече от приятели и спасители, той нямаше нито една твърда точка, на която да спре погледа си, една дръжка, на която да се ослони, той е изгубил вярата в себе си и в съдбата си и е станал тъй „практичен“ и трезвен, трезвен до безчувственост. Без помощ, без съвет, съкрушен и разкъсан външно и вътрешно, ето го на, една печална, от бури разсипана останка от стари времена...","The people in whom you believe are slaves, I tell you, slaves; for them, servitude is bliss, tyranny is a blessing, servility is heroism, and the contemptuous snoring from above is music! And yet this people is wretched and unhappy, thrice unhappy! Beaten by fate, condemned to suffer and toil for others, tormented by enemies, and even more by friends and saviors, it had not a single firm point on which to rest its gaze, not a single handle to lean on; it has lost faith in itself and in its destiny and has become so “practical” and sober, sober to the point of insensibility. Without help, without counsel, shattered and torn apart outwardly and inwardly, there it is: a sad remnant of old times, scattered by storms..."
11_bai_ganyo_does_elections_bul.csv,"Има ли кой да го съживи, да го повлече подире си? — Идеали? — Суета, вятър!...","Is there anyone who can revive it, to draw it after him? — Ideals? — Vanity, wind!..."
12_bai_ganyo_the_journalist_bul.csv,"Оркестърът свиреше румънската „Дойна“. По-право казано, свиреше само Анчето, с флейта соло, а другите приглашаха. Ний слушахме от вътрешния салон. Ама, ще речете, кои са тези ний? Кои ли? Известно е кои: Сенаторът, Отело, Стувенчо и аз. Пред нас стърчеше едно дълго шише бяло Chateau Sandrovo и друго Giesshuebler. Безгрижно разположени около масата, с папироски в уста, ний ловяхме фиоритурите на „Дойна“ и бяхме се предали на приятно far niente. Утре е неделя — няма работа, може да поседим и по-късничко. Музиката сносна, слечинките хубавички, ний — попревтасали ергени. Тамам!","The orchestra was playing the Romanian “Doina.” More precisely, only Ancheto was playing, with a flute solo, while the others accompanied her. We were listening from the inner salon. But, you may ask, who are these “we”? Who indeed? It is well known who: the Senator, Othello, Stuvencho, and I. In front of us stood a long bottle of white Chateau Sandrovo and another of Giesshuebler. Carefree, seated around the table, with cigarettes in our mouths, we caught the flourishes of the “Doina” and had surrendered ourselves to pleasant *far niente*. Tomorrow is Sunday—no work, so we can stay a little later. The music is decent, the girls are pretty, and we—somewhat overripe bachelors. Just right!"
12_bai_ganyo_the_journalist_bul.csv,"Седим си така и по едно време флейтата задразни ухото ми с няколко фалшиви ноти, същевременно и целият оркестър сфалшиви. В този същия миг Стувенчо се изсмя и извика: „Пустият му Отело! Страшен зевзек! Я го вижте!...“ Обръщаме се веднага двамата със Сенатора и какво да видим! Дявол Отело! Отде му идат на ум тия комедии. Той станал, без да го забележим, поискал едно парче лимон и като привлякъл с някои знакове флейтистката, без да го забележат други, почнал да я дразни, да й прави оскомина с лимоновия сок. Е, хелбетя, младо момиче, дощяло й се киселичко, напълнили се устата й със слюнки, свили й се устните — иди подир туй, че свири на флейта! Смях...","We were sitting there like that when, all of a sudden, the flute irritated my ear with a few false notes, and at the same time the whole orchestra went off-key as well. In that very moment, Stuvencho burst out laughing and cried: “That damned Othello! What a joker! Just look at him!...”

We both turned at once with the Senator, and what did we see? The devil Othello! Where do such antics come to him from? He had stood up without our noticing, asked for a piece of lemon, and, having beckoned the flutist over with a few signs, without the others noticing, had begun to tease her, to make her mouth pucker with the lemon juice. Well, what can you do—she was a young girl, she got a craving for something sour, her mouth filled with saliva, her lips puckered—try playing the flute after that! Laughter..."
12_bai_ganyo_the_journalist_bul.csv,"Музиката престана. От улицата се зачу крясъкът на едно хлапе: „Но-ви ве-стни-ци Народно величие-е!“ Какво Народно величие? Има си хас! Заразени със смях от комедията с лимона, ний отново прихнахме да се смеем. В този момент ето че и Гедрос довтаса.","The music stopped. From the street came the cry of a little boy: “Ne-ws-pa-pers! Peo-ple’s greatness!” What people’s greatness? As if! Infected with laughter from the lemon comedy, we burst out laughing again. At that moment, Gedros also came rushing in."
12_bai_ganyo_the_journalist_bul.csv,"— О, Гедрос, здрасти! Сядай! Винце искаш ли?","— Oh, Gedros, hi! Sit down! Would you like some wine?"
12_bai_ganyo_the_journalist_bul.csv,"— О, Отело, здрасти, здрасти, пиленце. Я си обърши носленцето — занежничи вечно веселият Гедрос.","— Oh, Othello, hi, hi, little chick. Wipe your little nose — cooed the ever-cheerful Gedros."
12_bai_ganyo_the_journalist_bul.csv,"— Гедрос, какъв е този вестник, сега викаха из улицата?","— Gedros, what is this newspaper they were shouting about in the street just now?"
12_bai_ganyo_the_journalist_bul.csv,— Как! Мигар вий не знаете за вестника на бай Ганя Балкански?,— What! Don’t you know about Bay Ganyo Balkanski’s newspaper?
12_bai_ganyo_the_journalist_bul.csv,— Зевзек!,— Wisecracker!
12_bai_ganyo_the_journalist_bul.csv,"— Сериозно ви казвам. Ганьо Балкански, редактор-стопанин на вестник „Народно величие“. А-а, то е цяла история. Мигар не знаете?","— I’m serious. Ganyo Balkanski, editor-proprietor of the newspaper “Narodno Velichie.” Ah, it’s quite a story. Don’t you know?"
12_bai_ganyo_the_journalist_bul.csv,— А бе ти сериозно ли говориш?,— Are you serious?
12_bai_ganyo_the_journalist_bul.csv,"— Сериозно бе, брате. Чакайте да ви разкажа. Днес ми разправиха тази история подробно и аз ще ви я предам тъй, като че съм бил там.","— Seriously, bro. Wait till I tell you. Today they told me this story in detail, and I’ll pass it on to you as if I had been there."
12_bai_ganyo_the_journalist_bul.csv,Разпоредихме се да затворят вратата на вътрешния салон и Гедрос почна. Ето какво ни разказа той:,"We ordered the door of the inner salon to be closed, and Gedros began. Here is what he told us:"
12_bai_ganyo_the_journalist_bul.csv,"У бай Ганя свикано събрание. Събрали се: сам стопанинът, Гочоолу, Дочоолу и Данко Харсъзина, и разсъждават — като какво предприятие да заловят, за да се възползуват най-изгодно от положението.","At Bay Ganyo’s place, a meeting had been called. Those gathered were: the host himself, Gochoolu, Dochoolu, and Danko the Rogue, and they were deliberating—what kind of enterprise they should take up in order to make the most advantageous use of the situation."
12_bai_ganyo_the_journalist_bul.csv,"— Трябва и ние да клъвнем по нещо — казва бай Ганьо, — току-тъй на сухо патриотизъм — бошлаф. Я ми кажете вий сега, както стоят работите, като откъде може да се удари най-добър келепир? Ти, Гочоолу, какво ще речеш?","— We, too, need to peck at something, — says Bay Ganyo, — patriotism all on its own, dry like that — boshlaff. Now tell me, as things stand, where can the best profit be made? You, Gochoolu, what do you say?"
12_bai_ganyo_the_journalist_bul.csv,"— Аз ли? Да ти кажа правичката, бай Ганьо, аз пак си оставам на мойта мисъл: да отворим един руски трактир.","— Me? To tell you the truth, Bay Ganyo, I still stick to my own idea: let’s open a Russian tavern."
12_bai_ganyo_the_journalist_bul.csv,— Какво?!,— What?!
12_bai_ganyo_the_journalist_bul.csv,— Един руски трактир да отворим — отговаря сериозно и решително Гочоолу.,— Let’s open a Russian tavern — Gochoolu replies seriously and decisively.
12_bai_ganyo_the_journalist_bul.csv,— А бе че ти — как? Пак ли обърна с Матушката? — чуди се бай Ганьо.,"— Well, you — how? Did you get mixed up with the Matushka again? — wonders Bay Ganyo."
12_bai_ganyo_the_journalist_bul.csv,"— Ама ела да се разберем, не е работата тук за Матушката, работата е — какъв вятър вей...","— But come, let’s sort this out; this isn’t about Mother Russia here, the issue is — what wind is blowing..."
12_bai_ganyo_the_journalist_bul.csv,— Де? В главата ти?,— Where? In your head?
12_bai_ganyo_the_journalist_bul.csv,"— В България. Ахмак е този, който не се възползува. Сега му е времето — един трактир. Аз съм шетал из Московията, поотбирам що-годе. Един трактир с две отделения — дворянско и мужицко.",— In Bulgaria. An ahmak is the one who does not take advantage. Now is the time — a tavern. I have wandered through Muscovy; I understand a thing or two. A tavern with two sections — one for the gentry and one for the peasants.
12_bai_ganyo_the_journalist_bul.csv,— Че у нас де ще намериш мужици! — пита в недоумение бай Ганьо.,— Where on earth would you find men like that here! — asks Bay Ganyo in bewilderment.
12_bai_ganyo_the_journalist_bul.csv,"— Е па, най-после всички дворяни ли сме бе, бай Ганьо?","— Well then, are we all nobles at last, eh, Bay Ganyo?"
12_bai_ganyo_the_journalist_bul.csv,"— Хубаво, по-нататък?","— Good, what next?"
12_bai_ganyo_the_journalist_bul.csv,"— По-нататък: ще му изтърсим една музика, орган — ти трябва да си виждал, бай Ганьо?","— Next: we’ll blast him with some music, an organ — you must have seen one, Bay Ganyo?"
12_bai_ganyo_the_journalist_bul.csv,"— Аз ако не видя, кой ще види — отговаря надменно господин Балкански.","— If I don’t see it, who will? — replies Mr. Balkanski haughtily."
12_bai_ganyo_the_journalist_bul.csv,"— Имаш право. Един орган и, разбира се, чай. Ще напазарим десетина хлапета, ама да не бъдат чернооки, да изглеждат като русначета; ще им нахлуем по едни ботуши, по една червена риза, па ще ги подстрижем по казашки — ето ти тебе цял трактир! Ще докараме руски вестници, водка закуски, па тегли отгоре и един надпис — „Руский трактир“, — па си накриви шапката. А?","— You’re right. One accordion and, of course, tea. We’ll buy a dozen kids, but they mustn’t be dark-eyed; they should look like little Russians; we’ll shove them into some boots, put red shirts on them, and then cut their hair Cossack-style — there you have a whole tavern! We’ll bring in Russian newspapers, vodka, snacks, and then hang a sign over it — “Russian Tavern” — and tilt your hat jauntily. Eh?"
12_bai_ganyo_the_journalist_bul.csv,"— Не одобрявам! — извика тържествено Дочоолу. — Не одобрявам! Ако е работата да ударим келепир от вятъра, дето е повял, то най-добре ще бъде да отворим една фабрика за квас...","— I do not approve! — cried Dochoolu solemnly. — I do not approve! If the business is to make a profit from the wind that has blown, then the best thing will be to open a factory for kvass..."
12_bai_ganyo_the_journalist_bul.csv,— Ударихме кьоравото! — изсмя се Данко Харсъзина. — Ти фурна ли искаш да отваряш?,— We’ve hit the jackpot! — Danko Harsazina laughed. — Do you want to open a bakery?
12_bai_ganyo_the_journalist_bul.csv,"— Не бе, брате — за руски квас ми е думата. То е едно таквоз... като туйнака, крушевица го кажи, боза го кажи...","— No, brother — I mean Russian kvass. It’s one of those things... like that, call it pear drink, call it boza..."
12_bai_ganyo_the_journalist_bul.csv,— Хубава работа! Бозаджии ще ставаме сега — обижда се Харсъзина.,"— Nice work! So now we’re going to become boza sellers — Harsazina says, offended."
12_bai_ganyo_the_journalist_bul.csv,"— Не бе, кардаш, не е работата за питието — името е важно; да речем само: „руски квас“! — ще се изпотрепат да тичат. Не си ли чул френците какво правят сега. Пара̀ удариха, пара̀ — нѐ шега!","— No, kardeš, it’s not about the drink — the name is what matters; let’s just say: “Russian kvass”! — they’ll kill themselves running for it. Haven’t you heard what the French are doing now? They’ve hit on a money-making trick, a real one — no joke!"
12_bai_ganyo_the_journalist_bul.csv,— Бошлаф. Аз не ща квас — заяви недоволен Данко.,"— Nonsense. I don’t want any yeast — said Danko, displeased."
12_bai_ganyo_the_journalist_bul.csv,— Ами какво искаш — пита го сърдито Дочоолу. — Я кажи да видим?,"— Well, what do you want? — Docheolu asks him angrily. — Go on, tell us so we can see?"
12_bai_ganyo_the_journalist_bul.csv,— Да основем една банка! — изтърсва Данко Харсъзина.,— Let’s found a bank! — blurted out Danko Harsazina.
12_bai_ganyo_the_journalist_bul.csv,— Ти си дурак!,— You are a fool!
12_bai_ganyo_the_journalist_bul.csv,— Защо?,— Why?
12_bai_ganyo_the_journalist_bul.csv,— Оставете кавгите настрана — вмесва се бай Ганьо.,— Leave the quarrels aside — interjects Bay Ganyo.
12_bai_ganyo_the_journalist_bul.csv,— Защо да съм дурак! — продължава разгневен Данко и стреля кръвнишки погледи към Дочоолу.,— Why should I be a fool! — Dancho continues angrily and shoots murderous glances at Dochoolu.
12_bai_ganyo_the_journalist_bul.csv,"— Е, млъкни сега, седни си. Кажи, какво имаш да кажеш, за банката.","— Well, now be quiet, sit down. Tell me, what do you have to say about the bank?"
12_bai_ganyo_the_journalist_bul.csv,"— Ама нека каже бе, джанъм, защо да съм дурак?","— But let him say it, janum, why would I be a fool?"
12_bai_ganyo_the_journalist_bul.csv,"— Банка ще ми основава! Туй чева не е попара да я изсърбаш — ръмжи под мустак Дочоолу, смутен от погледите и застрашителния тон на Данка. — Попара ли е туй — банка!","— A bank is going to set me up! This thing isn’t popara for you to slurp up — mutters Docholuu under his breath, unsettled by Danka’s looks and threatening tone. — Is this popara — a bank!"
12_bai_ganyo_the_journalist_bul.csv,— Попара е зер! — реве Харсъзина.,— Popara is great! — roared Harsazina.
12_bai_ganyo_the_journalist_bul.csv,— Как така попара? Отде-накъде да е попара — зъби се Дочоолу.,— How come “popara”? Why on earth should it be “popara”? — Dochoolu bared his teeth.
12_bai_ganyo_the_journalist_bul.csv,"— Млъкнете бе, хора. Затуй ли сме се събрали — успокоява ги бай Ганьо. — Дочоолу, седни на мястото си.","— Be quiet, people. Is that why we’ve gathered here? — Bay Ganyo calms them down. — Dochoolu, sit down in your place."
12_bai_ganyo_the_journalist_bul.csv,— Ама отде-накъде да бъде попара?,— But why on earth should it be popara?
12_bai_ganyo_the_journalist_bul.csv,"От дума на дума работата кабардисала; Данко Харсъзина, както го знаете, налита на бой, па и Дочоолу не си поплюва — ще се изтрепят, хеле бай Ганьо отсам-оттатък — успокоил ги.","Word by word, the matter had come to a boil; Danko the Rascal, as you know him, is ready to start a fight, and Dochoolu is no slouch either — they’ll kill each other, especially with Bay Ganyo on this side and that — he calmed them down."
12_bai_ganyo_the_journalist_bul.csv,"Данко си сядва на мястото и почва да излага своя план за основаванието на една банка. „Работата е лесна — ще издадем за пет-десет милиона акции, ще приберем парата, на тогоз назаем, на оногоз назаем, разбира се, с добра лихва, на търговци, на общини, па ако се намери правителството натясно — и нему някой и други милион. Ами! Ще речем да напишат един устав, половината кяр за нас, половината за акционерите. Башка — акции ще си задържим, пари я вложим, я не. Ти, бай Ганьо, си влиятелен човек, ще се изкашляш на две три капии и свършено!“","Danko sits down in his place and begins laying out his plan for founding a bank. “The job is easy — we’ll issue five to ten million shares, pocket the money, lend it to this one, lend it to that one, of course at a good interest rate, to merchants, to municipalities, and if the government ever finds itself in a tight spot — we’ll lend it a million or two as well. Why not! Let’s say they draw up some bylaws, half the profit for us, half for the shareholders. On top of that — we’ll keep some shares for ourselves, whether we invest any money or not. You, Bay Ganyo, are an influential man, you’ll just cough at two or three gates and it’s done!”"
12_bai_ganyo_the_journalist_bul.csv,"— Не е за твоите уста лъжица тая работа, има от тебе по-ербап хора, нека те я измътят, па ний ще си проврем гагите — заявява наставнически бай Ганьо.","— This job is not a spoon for your mouth; there are more capable people than you, let them hatch it out, and then we’ll poke our beaks in — declares Uncle Ganyo in a patronizing tone."
12_bai_ganyo_the_journalist_bul.csv,Гочоолу и Дочоолу клатят одобрително главите си.,Gochoolu and Dochoolu nod their heads approvingly.
12_bai_ganyo_the_journalist_bul.csv,"— Чакайте аз да ви кажа сега какво съм намислил — извиква авторитетно бай Ганьо и става прав. — Знаете ли с какво? Нито с трактир ще прокопсаме, нито банка ще уредим като хората, а пък твоя руски квас, Дочоолу, хептен проста работа, ами да ви кажа ли аз вам какво?","— Wait, let me tell you now what I’ve got in mind — cries out Bay Ganyo authoritatively and stands up. — Do you know with what? Neither with a tavern will we get anywhere, nor will we set up a proper bank, and your Russian kvass, Dochoolu, is downright a simple matter; so shall I tell you what?"
12_bai_ganyo_the_journalist_bul.csv,"Гочоолу, Дочоолу и Харсъзина са превърнати в слух и нетърпение.","Gochoolu, Dochoolu, and Harsuzina are turned into rumor and impatience."
12_bai_ganyo_the_journalist_bul.csv,— Да ви кажа ли вам какво? А?,— Shall I tell you what? Huh?
12_bai_ganyo_the_journalist_bul.csv,"— Е, кажи де, стига си мълчал — продумва нервозно Данко.","— Well, say it then, stop keeping silent — Danko says nervously."
12_bai_ganyo_the_journalist_bul.csv,— Шш! Бързата кучка слепи ги ражда. Да ви кажа ли? А? Господа! Вестник да  издаваме! — изтърсва бай Ганьо и на лицето му изгрява тържество.,"— Shh! The quick bitch gives birth to blind puppies. Shall I tell you? Huh? Gentlemen! Let us publish a newspaper! — blurts out Bay Ganyo, and triumph shines on his face."
12_bai_ganyo_the_journalist_bul.csv,"Ако някое морско чудовище се вмъкнеше в онзи момент в стаята на нашите събеседници, то едва ли би могло да увеличи поражающето впечатление, което произведоха последните думи на бай Ганя. В първата минута като вцепенени, в следующата — Гочоолу, Дочоолу и Данко Харсъзина почнаха да се споглеждат плахо-плахо, като че се питаха: „Да не е изхвръкнала, не дай боже, някоя чивия на бай Ганя?“ Не иде ни да се засмееш, ни да го съжалиш. Ще кипне. Еле Гочоолу най-сетне, страх не страх, решава се отдалече да му загатне:","If some sea monster had slipped into the room of our interlocutors at that moment, it could hardly have intensified the overwhelming impression produced by Bay Ganyo’s last words. For the first minute they stood as if petrified; in the next—Gochoolu, Dochoolu, and Danko Harsuzina began to exchange timid, furtive glances, as though asking themselves: “Could it be, God forbid, that some screw in Bay Ganyo’s head has flown out?” One could neither laugh nor pity him. He would flare up. At last Gochoolu, fear or no fear, decided to hint at it to him from a distance:"
12_bai_ganyo_the_journalist_bul.csv,"— Твоя милост, бай Ганьо, обичаш сегиз-тогиз, хе-хе, да прощаваш, искам да кажа, обичаш... туйнака... зевзеклиците, та думата ми е, хе-хе...","— Your Grace, Bay Ganyo, you sometimes, he-he, pardon me, I mean, you like... that is... practical jokes, so what I’m saying is, he-he..."
12_bai_ganyo_the_journalist_bul.csv,— Какво?,— What?
12_bai_ganyo_the_journalist_bul.csv,"— Не бе, бай Ганю, аз само така рекох да... таквозинака... А бе, твоя милост, нещо вестник... сериозно ли?","— No, Bay Ganyo, I only said that just to... sort of... Ah, your grace, something about a newspaper... is it serious?"
12_bai_ganyo_the_journalist_bul.csv,"— Как тъй „сериозно ли“? Ами че как инак? Разбира се, че сериозно! Че голям мурафет ли е един вестник да се издава? Тури си едно перде на очите (па и няма нужда), па псувай наляво и надясно. Ами как!","— What do you mean, “seriously”? Why, how else? Of course seriously! Is it such a big trick to publish a newspaper? Put a blindfold over your eyes (though there’s no need), and then curse left and right. Why, of course!"
12_bai_ganyo_the_journalist_bul.csv,"— Е, като бъде тъй, аз съм съгласен — заявява Данко Харсъзина.","— Well, if that’s how it is, I agree — says Danko Harsuzina."
12_bai_ganyo_the_journalist_bul.csv,"— Тъй, ами как! Ще викаме Гуня Адвокатина, той е майстор на уводните статии, па ний — кое дописки, кое антрефилета, кое телеграми. Нали е работа да омаскарим тогоз-оногоз — за туй нещо не се иска кой знае каква философия. Данко, я се запусни, моля ти се, до писалището, та повикай тука Гуня Адвокатина.","— Why, of course! We’ll call Gunya the Lawyer; he’s a master of leading articles, and we’ll handle the rest — some news items, some brief notes, some telegrams. After all, if the job is to smear this one or that one, that doesn’t require any great philosophy. Danko, do run down to the office, please, and call Gunya the Lawyer here."
12_bai_ganyo_the_journalist_bul.csv,"— Тоз хайдучага видите ли го? — каза бай Ганьо, след като излиза Данко Харсъзина. — За псувни като бъде — остави го! Ще те изпсува тъй, че бъбрека ще те смъдне. Мати-маскара направя човека. Ама било право, било криво, и окото му не мига. Страшен вагабонтин!","— Do you see that brigand? — said Bay Ganyo after Danko Harsuzina had left. — If it comes to cursing, leave him alone! He’ll curse you so badly your kidney will sting. He’ll make a complete fool of a man. But whether right or wrong, his eye doesn’t even blink. A fearsome vagabond!"
12_bai_ganyo_the_journalist_bul.csv,"Гочоолу и Дочоолу не може да се каже, че са били възхитени от тия качества на Данка Харсъзина; не може да се каже също, че в тяхното представление за вестникарството Данко се явяваше подходящ редактор. У тях все се съхраняваха възпоминания от друго време и от турско време, когато печатното слово все пак мътеше водата им, но не изригаше тая лава от адски хули и проклятия. Но бурята на диви страсти, бушующа в течение на цял ред години, но деморализующето влияние на деморализуваната преса, но грубият всепоглъщающ материализъм, но възможността за леко обогатяване при едно приспиване на съвестта по примера на ръководящите елементи — всички тия явления са покрили с такъв дебел слой техните по-чисти чувства, щото е нужно една цяла, не по-малко дълголетна и нова в същността си епоха да разкопава този слой от мерзости, додето изпъкнат като остатъци от минало величие тия заровени чисти чувства.","Gochoolu and Dochoolu could not be said to have been delighted by these qualities of Danka Harsuzina; nor could it be said that, in their conception of journalism, Danko appeared to be a suitable editor. They still retained memories of another time, and of Turkish times, when the printed word did indeed stir their waters, but did not spew forth that lava of infernal abuse and curses. But the storm of wild passions raging over the course of a whole series of years, the demoralizing influence of a demoralized press, the crude, all-devouring materialism, the possibility of easy enrichment through a lulling of conscience in the example of the leading elements—all these phenomena have covered their purer feelings with such a thick layer that it will take an entire epoch, no less long-lived and new in essence, to dig away this layer of abominations until those buried pure feelings emerge like remnants of former greatness."
12_bai_ganyo_the_journalist_bul.csv,"И сега, когато бай Ганьо им излага плана си за издаването на вестник, за неговото направление и за лицата, които ще вземат участие — Гочоолу и Дочоолу усещат, че нещо ги смъдва в един затънтен край на техните сърца, сещат те, че има нещо опак в тая работа, има нещо таквоз, което не трябва да бъде; но върху тежкия слой, който притиска към дъното тия чисти чувства, бай Ганьо прибавя нов пласт и ги задушава. Той сладкодумно, с увлечение, със страст им излага материалните изгоди, които ще се получат от тяхното предприятие. А по-убедителни аргументи не са нужни за Гочоолу и Дочоолу.","And now, when Bay Ganyo lays out his plan for publishing a newspaper, its direction, and the people who will take part—Gochoolu and Dochoolu feel something stinging in a remote corner of their hearts; they sense that there is something crooked in this business, something that ought not to be. But over the heavy layer that presses these pure feelings down to the bottom, Bay Ganyo adds a new layer and smothers them. In a sweet-tongued, enthusiastic, passionate way, he sets forth the material advantages that will result from their enterprise. And no more convincing arguments are needed for Gochoolu and Dochoolu."
12_bai_ganyo_the_journalist_bul.csv,"Вратата се отварят и на прага се показва Гуньо Адвокатина със своята лисича остра муцунка, след него влиза Данко Харсъзина.","The door opens, and on the threshold appears Gunyo the Lawyer, with his sharp fox-like muzzle; behind him enters Danko the Rogue."
12_bai_ganyo_the_journalist_bul.csv,"— Гуньо бе, ти какво ще речеш? — обръща се приятелски бай Ганьо. — Ний искаме да издаваме един вестник, а?","— Ganyo, what do you say? — says Bay Ganyo in a friendly manner. — We want to publish a newspaper, eh?"
12_bai_ganyo_the_journalist_bul.csv,"— Защо не, да издаваме. Кьораво има ли? — пита Гуньо с подмигване и с бързо шаване на пръстите си.","— Why not, let’s issue them. Is there any chance of going blind? — asks Gunyo with a wink and a quick twitch of his fingers."
12_bai_ganyo_the_journalist_bul.csv,— Ти си гледай кефа.,— You just enjoy yourself.
12_bai_ganyo_the_journalist_bul.csv,— Ама има ли?,— But is there?
12_bai_ganyo_the_journalist_bul.csv,"— Има, има, гледай си кефа.","— There is, there is, enjoy yourself."
12_bai_ganyo_the_journalist_bul.csv,"— Добре. Какъв вестник да издаваме — за правителството ли, или опозиция? Казвай скоро, че ме чакат клиенти.","— Fine. What newspaper are we going to publish — for the government or for the opposition? Say it quickly, because clients are waiting for me."
12_bai_ganyo_the_journalist_bul.csv,"— Сега там е цаката — дали правителствен, дали опозиция? Не знам, дявола да го вземе, колко ще изтраят днешните.","— Now that’s the catch — whether government or opposition? I don’t know, the devil take it, how long will today’s lot last."
12_bai_ganyo_the_journalist_bul.csv,"— Казвай скоро, че ме чакат клиенти.","— Say it quickly, because clients are waiting for me."
12_bai_ganyo_the_journalist_bul.csv,"— Знаеш ли какво, Гуньо? — съображава бай Ганьо, без да обръща внимание на думите на адвокатина. — Аз мисля сега засега да я караме с правителството...","— You know what, Gunyo? — Bay Ganyo reasoned, paying no attention to the lawyer’s words. — I think for now we should go along with the government..."
12_bai_ganyo_the_journalist_bul.csv,"— Тъй, тъй, най-добре с правителството — бързат да заявят Гочоолу и Дочоолу.","— Yes, yes, best with the government — Gochoolu and Dochoolu hasten to declare."
12_bai_ganyo_the_journalist_bul.csv,"Бай Ганьо ги изглежда сърдито, задето му пресичат думата, и продължава: — ...Па сетне, като подушим, че им се разклатят краката, да им ритнем едно текме и с новите пак на власт, а?","Bai Ganyo looks at them angrily for cutting him off, and continues:

— ...And then, once we sniff out that their legs are starting to give way, we give them a good kick and get the new ones back in power, eh?"
12_bai_ganyo_the_journalist_bul.csv,— Става. Обещаха ли ви нещичко?,— Fine. Did they promise you anything?
12_bai_ganyo_the_journalist_bul.csv,"— То се знай, без него не може.","— Of course, without it, it can’t be done."
12_bai_ganyo_the_journalist_bul.csv,"— Като е тъй, да почнем — решава Гуньо Адвокатина и тук се захваща един разговор за начина, по който ще издават вестника, и за един вид направление, което ще следва техният орган по известни въпроси. Взема се решение да се съобразяват с времето и с обстоятелствата, па и с келепира, ако е „рекъл господ“. За Русия „ще пущаме по едно: нашата освободителка,   братския руски народ, да живей Царя Освободителя (бог да го прости), ама инак, като видим зор, ще си караме пак старата „3адунайская губерния“.   За Македония ще се поумълчаваме, знаеш, не иде някак си, времето не помага. Австрия кое, туй-онуй, тройствен съюз — хич не уйдисва...","— Since that’s how it is, let’s begin — decides Gunyo Advokatina, and here they get into a discussion about the way they will publish the newspaper, and about a certain line that their organ will follow on particular issues. It is decided that they should be guided by the times and the circumstances, and by profit too, if “God wills it.” For Russia, “we’ll print something like: our liberator, the brotherly Russian people, long live the Tsar Liberator (may God rest his soul), but otherwise, if things get rough, we’ll go back to the old ‘Danubian Province.’ For Macedonia, we’ll keep quiet, you know, it somehow doesn’t fit; the times aren’t favorable. As for Austria, this and that, the Triple Alliance — it doesn’t suit us at all...”"
12_bai_ganyo_the_journalist_bul.csv,"— Ами с младежите, с младежите какво ще правим? — обажда се Гочоолу. — И те почнаха да шават!","— Well, what are we going to do with the young men, with the young men? — Gochoolu chimed in. — They’ve started to stir around too!"
12_bai_ganyo_the_journalist_bul.csv,"— Ще ги залъгваме, какво ще правиш, белалии хлапета, по някой път и шапка даже ще им клатиш, време таквоз дошло, няма какво да се стори — дума с въздишка бай Ганю.","— We’ll fool them, what else can you do, you silly youngsters; sometimes you’ll even have to tip your hat to them — such times have come, there’s nothing to be done — said Bay Ganyo with a sigh."
12_bai_ganyo_the_journalist_bul.csv,"— Няма какво да се стори ли?! — ръмжи Данко Харсъзина и очите му тъмнеят. — Пуста сопа неокастрена! Аз да ги пипна тях, че...","— Is there nothing to be done?! — growls Danko Harsazina, and his eyes darken. — Damn untrimmed stick! If I get my hands on them, then..."
12_bai_ganyo_the_journalist_bul.csv,"— Стой мирно, Данко...","— Stand still, Danko..."
12_bai_ganyo_the_journalist_bul.csv,— П... п-п-ррах и пепел...,— P... p-p-rrash and ash...
12_bai_ganyo_the_journalist_bul.csv,"— Остави ги сега, недей! Седни си на мястото. Има време.","— Leave them now, don’t! Sit down in your place. There’s time."
12_bai_ganyo_the_journalist_bul.csv,"— Хайде по-скоро, бай Ганьо, че клиенти ме чакат — извиква нетърпеливо Гуньо Адвокатина.","— Come on, quicker, Bay Ganyo, clients are waiting for me — calls out Gunyo the Lawyer impatiently."
12_bai_ganyo_the_journalist_bul.csv,"— Я чувай, Гуньо, знаеш ли... (холан, остави се с твоите пусти клиенти!)... знаеш ли какво? Ти седни тази вечер, па напиши една уводна статия. Тегли му едно верноподаничество, че сам княза да се слиса. Тури му там: Ваши смирени чада, Наш баща и татко, в праха на Августейшите Ви нозе, нареди ги там като броеница, ти знаеш как. Па помени и за народа една-две думи, както му е реда. Разбра ли ме? Така. Па сетне тегли един калай на опозицията. Кажи там: Онези предатели, онези...","— Listen, Gunyo, do you know... (oh, leave me alone with your damned clients!)... do you know what? You sit down this evening and write an editorial. Give it a good dose of loyal submission, so that even the prince himself will be astonished. Put in there: Your humble children, Our father and daddy, in the dust of Your August Feet, arrange them there like a rosary, you know how. And mention the people too, one or two words, as is proper. Do you understand me? Good. And then give the opposition a good coating of tin. Say there: Those traitors, those..."
12_bai_ganyo_the_journalist_bul.csv,"— Предатели остаря вече, да турим мерзавци — поправя Гуньо.",— “Traitors” is old-fashioned already; let’s put “scoundrels” — Ganyo corrects.
12_bai_ganyo_the_journalist_bul.csv,"— Е добре, тури мерзавци. Па да не забравиш да туриш и фаталния за българския народ. Дявол да я вземе, много ми се харесва тази дума „фаталния“! Като кажа така фф... ф... фаталния, сякаш че ффащам някого за гушата... Страшно ми се харесва!","— All right, put in “scoundrels.” And don’t forget to add “fatal for the Bulgarian people” too. Damn it, I really like that word “fatal”! When I say it like that, fff... f... fatal, it’s as if I’m grabbing someone by the throat... I like it terribly!"
12_bai_ganyo_the_journalist_bul.csv,"— А пък мен най ми харесва, като напопържам някого — изтърси чистосърдечно Данко Харсъзина, — отлеква ми н’ам как на душата!","— And as for me, I like it best when I give someone a good cussing — blurted out Danko the Rascal quite candidly — it lifts my spirits like you wouldn’t believe!"
12_bai_ganyo_the_journalist_bul.csv,"— Ашколсун бе, Харсъз, да живейш! — провиква се възхитен бай Ганьо и потупва Данка по рамото. — Работата е опечена. Ти, Гуньо, ще напишеш, както рекох, уводната статия, тъй ли? А вий, Гочоолу, и ти, Дочоолу, някои дописки, някои телеграми да изкалъпите.","— Bravo, be, Harsuz, long live you! — exclaims the delighted Bay Ganyo and pats Danka on the shoulder. — The job is done. You, Gunyo, will write, as I said, the leading article, right? And you, Gochoolu, and you, Dochoolu, some news items, some telegrams to knock together."
12_bai_ganyo_the_journalist_bul.csv,"— Че какви телеграми, какви дописки? — запитват в недоумение двоицата.","— What telegrams, what dispatches? — the two ask in bewilderment."
12_bai_ganyo_the_journalist_bul.csv,"— Какви ли? Всякакви. Не виждате ли другите вестници? Пишете там: Ваше Царско Височество, народа ликува коленопреклонно и едногласно моли Всевишния... и прочее; наблъскайте там, каквото ви дойде на ума. Кажете там: Българският народ е дал хиляди доказателства,че когато се коснат до правата му, всички до един стават на крак... и... таквозинака... със сълзи на очите... и тъй нататък. Най-сетне какво ще ми дращете много-много; напсувайте опозицията, па вер селям. Ами! Какво ще седнем сега да се лигавим с разни философии. И кой ще те разбере! Нали е работата да замажем очи — карай колата. Не е ли тъй?","— What kind? Any kind. Don’t you see the other newspapers? Write there: Your Royal Highness, the people rejoice on bended knee and unanimously beseech the Almighty... and so on; stuff in there whatever comes to mind. Say there: The Bulgarian people have given thousands of proofs that when their rights are touched, they all rise to their feet as one... and... that sort of thing... with tears in their eyes... and so forth. After all, why should you scribble on and on; curse the opposition, and that’s that. Well! Why should we sit here now and get all sentimental with various philosophies. And who’s going to understand you anyway! Isn’t the point to throw dust in people’s eyes — just keep the cart rolling. Isn’t that so?"
12_bai_ganyo_the_journalist_bul.csv,"— Е, хайде сбогом, че ме чакат клиенти — измъмра Гуньо Адвокатина и си взе шапката.","— Well, goodbye then, I’ve got clients waiting for me — muttered Gunyo the Lawyer, and took his hat."
12_bai_ganyo_the_journalist_bul.csv,"— Чакат те тебе дяволите... Нейсе. Хайде, сбогом. Па чувай, Гуньо, утре рано уводната да бъде готова. Много здраве!","— The devils are waiting for you... Well then. Come on, goodbye. And listen, Gunyо, have the introductory piece ready early tomorrow. Best regards!"
12_bai_ganyo_the_journalist_bul.csv,"Гуньо се упътва към вратата. След него стават Гочоолу и Дочоолу, на които бай Ганьо дава нужните инструкции.","Gunyo heads toward the door. After him, Gochoolu and Dochoolu stand up, to whom Bay Ganyo gives the necessary instructions."
12_bai_ganyo_the_journalist_bul.csv,"— Чувайте бе, господа, че най-важното сме забравили — извика бай Ганьо подире им, — ами че как ще кръстим нашия вестник?","— Listen, gentlemen, we’ve forgotten the most important thing — Bay Ganyo shouted after them — what are we going to call our newspaper?"
12_bai_ganyo_the_journalist_bul.csv,"— Добре, кайш бе, бай Ганю, ама че сме... такива! — отзовават се Гочоолу и Дочоолу.","— All right, then, Bay Ganyo, but we are... such people! — reply Gochoolu and Dochoolu."
12_bai_ganyo_the_journalist_bul.csv,"— Туй е един сериозен въпрос — казва Гуньо Адвокатина — и знаете ли защо е сериозен? Защото онези дяволи взели всичките хубави имена, не оставили за нас. Ама все ще се намерят. Аз мисля, най си е на мястото да кръстим нашия вестник   „Справедливост“, па ще прибавим в скоби едно фин дю сийекъл. (б. а. - края на века, фр.)","— This is a serious matter — says Gunyo the Lawyer — and do you know why it is serious? Because those devils took all the good names and left none for us. But we’ll still find one. I think the most fitting thing is to name our newspaper **“Justice”**, and then add in parentheses a fine *fin du siècle*. (note by the author — “end of the century,” Fr.)"
12_bai_ganyo_the_journalist_bul.csv,— Какво?,— What?
12_bai_ganyo_the_journalist_bul.csv,"— Тя е французка дума, вий не я разбирате.",— It is a French word; you do not understand it.
12_bai_ganyo_the_journalist_bul.csv,"— Не щеме ний французки; латински, ако можеш, тури нещо, колкото за адет.","— We don’t want French; if you can, put something in Latin, just for the sake of custom."
12_bai_ganyo_the_journalist_bul.csv,— Да му теглим едно Tempora mutantur?...,— Shall we give him a “Tempora mutantur”?...
12_bai_ganyo_the_journalist_bul.csv,"— Тегли му, ако си е на място. Ти, Гочоолу, на какво си мнение? — обръща се бай Ганьо.","— Pull it if it’s in place. You, Gochoolu, what’s your opinion? — says Bay Ganyo, turning to him."
12_bai_ganyo_the_journalist_bul.csv,"— „Справедливост“ е хубава дума, ама чини ми се, че „Народна мъдрост“ ще бъде още по-хубава — отговаря Гочоолу.","— “Justice” is a nice word, but it seems to me that “Folk Wisdom” would be even nicer — replies Gochoolu."
12_bai_ganyo_the_journalist_bul.csv,"— Не съм съгласен — обажда се Дочоолу, — туй име много попско изглежда, по-добре „Българска гордост“ да го наречем.",— I don’t agree — Dochoolu calls out — that name sounds too priestly; it would be better to call it “Bulgarian Pride.”
12_bai_ganyo_the_journalist_bul.csv,"— Ами ти, Харсъз, какво ще речеш?","— Well, Harzuz, what do you say?"
12_bai_ganyo_the_journalist_bul.csv,"— Аз ли? Че знам ли аз? Да му изтърсим една „Народна храброст“, па да става, каквото ще. Ще турим за отговорен редактор Саръ-Чизмели Мехмедаа, а?","— Me? Do I know? Let’s just slap on a “People’s Courage,” and let happen whatever will happen. We’ll put Sarı-Çizmeli Mehmedaa as the responsible editor, huh?"
12_bai_ganyo_the_journalist_bul.csv,"— Всичко бошлаф. Да ви кажа ли аз вам? — заявява авторитетно бай Ганьо. — Нашия вестник ще кръстим или „България за нас“, или „Народно величие“. Изберете си едно от двете.",— It’s all boshlaff. Shall I tell you? — says Bay Ganyo authoritatively. — We’ll name our newspaper either “Bulgaria for Us” or “National Grandeur.” Choose one of the two.
12_bai_ganyo_the_journalist_bul.csv,"— „Народно величие“! Съгласен! „Народно величие“! Тъй, тъй, да живей!","— “People’s Grandeur”! Agreed! “People’s Grandeur”! Yes, yes, long live!"
12_bai_ganyo_the_journalist_bul.csv,"— Е сбогом, бай Ганьо.","— Goodbye, Bay Ganyo."
12_bai_ganyo_the_journalist_bul.csv,— Сбогом.,— Goodbye.
12_bai_ganyo_the_journalist_bul.csv,"Гочоолу, Дочоолу и Гуньо Адвокатина излизат.","Gochoolu, Dochoolu, and Gunyо the Lawyer come out."
12_bai_ganyo_the_journalist_bul.csv,"— Ти, Данко, остани, ний с тебе ще пишем антрефилета.","— You, Danko, stay; you and I will write leader articles."
12_bai_ganyo_the_journalist_bul.csv,"— Добре. Заръчай сега да донесат мастика и мезе и да почнем работата. Па да не домъкнат пак кисела бамя, гледай там някое мезе по-като хората — тук вестник има да се пише, не е шега.","— Good. Order them now to bring mastika and a meze, and let’s get to work. And make sure they don’t drag in sour okra again; see to it that the meze is something more decent—there’s a newspaper to be written here, this is no joke."
12_bai_ganyo_the_journalist_bul.csv,"Донесоха мастика и мезе. Ама ще попита бай Манолчо, какво мезе? То не е важно, важното е, че бай Ганьо и Данко Харсъзина се запретнаха да ръководят общественото мнение.","They brought mastika and a meze. But Uncle Manolcho will ask, what meze? That is not important; what matters is that Bay Ganyo and Danko the Rogue rolled up their sleeves to steer public opinion."
12_bai_ganyo_the_journalist_bul.csv,"— Данко бе, нашия комшия страшно ми се пери, учен бил, честен бил и н’ам какви дивотии. Да му теглим ли един калай?","— Danko, our neighbor is really showing off to me, saying he’s educated, honest, and all sorts of nonsense. Should we give him a good beating?"
12_bai_ganyo_the_journalist_bul.csv,"— Калай не, ами със земята барабар го направваме — заявява специалистът на псувните.","— Not with tin, but we’ll make it together with the earth — declares the specialist in curses."
12_bai_ganyo_the_journalist_bul.csv,"И почва се писането... „Научаваме се, че...“ — пише бай Ганьо и излага върху един лист бяла хартия такива черни хули срещу своя съсед, за каквито не само че не се е „научавал“ някой път, но нито насън му са минавали.","And then the writing begins... “We learn that...” — writes Bay Ganyo and sets down on a sheet of white paper such black slanders against his neighbor as he has not only never “learned” at any time, but which have never even crossed his mind in a dream."
12_bai_ganyo_the_journalist_bul.csv,"Пише бай Ганьо, пише и зачерква, той е все недоволен от ядовитостта на своите стрели: крадец е за него нежна думица, той я зачерква и пише хайдук, но тая дума е станала обикновена, бай Ганьо добавя пладнешки и я съединява с едно фатален. Съседът, жена му, децата му, родът му — излизат под перото на бай Ганя феноменални изверги... Той чете своето произведение на Данка Харсъзина. Данко, със светнали от мастиката очи, поощрява с въодушевление майстора на антрефилетата.","Bai Ganyo writes, writes and crosses out; he is always dissatisfied with the venom of his arrows: “thief” is too gentle a word for him, so he crosses it out and writes “haiduk,” but that word has become commonplace, so Bai Ganyo adds “broad daylight” and joins it with “fatal.” His neighbor, his wife, his children, his kin — all come out from under Bai Ganyo’s pen as phenomenal monsters... He reads his work to Danka Harsazina. Danko, with eyes shining from the mastika, enthusiastically encourages the master of the brief satirical notes."
12_bai_ganyo_the_journalist_bul.csv,"— Карай, карай, карай! Блъскай, майка му стара, пред нищо недей се спира, пред нищо! Блъскаай! — гърми Данко Харсъзина, като че командува някое артилерийско сражение...","— Drive, drive, drive! Ram it, damn it, don’t stop for anything, for anything! Ram it! — Danko Harsuzina thunders, as if he were commanding some artillery battle..."
12_bai_ganyo_the_journalist_bul.csv,"— Ето, господа, как се е основал органът на бай Ганя — завършва разказа си Гедрос.","— Here, gentlemen, is how Bay Ganyo’s organ came to be founded — Gedros concludes his story."
12_bai_ganyo_the_journalist_bul.csv,Ние отворихме отново вратата на вътрешния салон и оркестърът гръмна чудния марш от Вагнеровия „Танхойзер“.,"We opened the door to the inner salon again, and the orchestra burst into the wonderful march from Wagner’s *Tannhäuser*."
12_bai_ganyo_the_journalist_bul.csv,"Прощавай, снизходителний читателю! Ти ще срещнеш в тази книжка някои цинични думи и сцени, аз не можах да ги избягна; ако ти можеш да изобразиш бай Ганя без цинизми — заповядай!","Forgive me, indulgent reader! You will encounter in this little book some cynical words and scenes; I could not avoid them. If you can depict Bay Ganyo without cynicism—by all means, go ahead!"
12_bai_ganyo_the_journalist_bul.csv,"Прощавай и ти, бай Ганьо! Бог ми е свидетел, че винаги добри чувства са ме въодушевявали при описването на твоите истории. Ни чувство на злобно порицание, ни презрение, нито лекомислен смях не са ръководили моето перо. И аз съм чадо на своето време и известни отделни събития може би неволно са ме отклонявали от строгата обективност, но аз се старах да възпроизведа есенцията на печалната действителност. Твоите братя, вярвам, не са такива, какъвто си изобразен ти, бай Ганьо, но те са засега на втори и трети план; те едва сега почват да заявяват за своето съществуване, а пък ти, ти си налице, твоят дух лети и обгръща целия обществен строй и дава свой отпечатък и на политика, и на партии, и на печат. Аз питая в себе си вяра, че ще дойде един ден, когато ти, след като прочетеш тази книжка, ще се позамислиш, ще въздъхнеш и ще речеш: Европейци сме ний, ама все не сме дотам!...","Farewell to you too, Bay Ganyo! God is my witness that I have always been inspired by good feelings in describing your stories. Neither a sense of malicious reproach, nor contempt, nor frivolous laughter has guided my pen. I too am a child of my time, and certain individual events may perhaps have involuntarily diverted me from strict objectivity, but I have tried to reproduce the essence of the sorrowful reality. Your brothers, I believe, are not such as you are portrayed, Bay Ganyo, but for now they are in the second and third plan; they are only now beginning to declare their existence, whereas you—you are here, your spirit flies and envelops the entire social order and leaves its imprint on politics, on parties, and on the press. I cherish within myself the belief that one day will come when you, after reading this little book, will reflect a little, will sigh, and will say: We are Europeans, but we are still not quite there!..."
12_bai_ganyo_the_journalist_bul.csv,"Прощавай, не е за чудо пак да се срещнем.","Forgive me, it’s no wonder we meet again."
12_bai_ganyo_the_journalist_bul.csv,"София, 17 март 1895 г.","Sofia, 17 March 1895."
13_bai_ganyo_at_the_palace_bul.csv,"— Оо! Бай Ганьо, Христос возкресе! Беше ли в двореца на разговявката?","— Oh! Bay Ganyo, Christ is risen! Were you at the palace for the Easter feast?"
13_bai_ganyo_at_the_palace_bul.csv,"— Кой, аз ли? Ами че аз ако не бъда, кой ще бъде — отговаря ми бай Ганьо и като си засуква левия мустак, удря ми едно лукаво око, тоест: „Доде има ахмак свят, бай ти Ганьо изпуска ли келепиря.“","— Me, you mean? Why, if I don’t do it, who will? — replies Bay Ganyo to me, and, twirling his left mustache, gives me a sly wink, that is: “As long as there are fools in the world, your Uncle Ganyo won’t let a profit slip by.”"
13_bai_ganyo_at_the_palace_bul.csv,"— Е, как минахте? Беше ли весело?","— So, how did it go? Was it fun?"
13_bai_ganyo_at_the_palace_bul.csv,"— А бе кой ти гледа весело, келепир имаше богат! Нарязах се като... таквозинака... Знайш, страстна неделя, постих, постих, издувах се с този пусти фасул, па и армея отгоре, изгладнял бях като тахтаба. В събота троха не турих в уста. Па взели, че турили разговявката в два часа през нощта... Доде стоях на черква, като че триста пиявици ми смучеха в корема. Плюйш, плюйш и плюнка не остана. Речеш да запушиш — не върви, горчи ти в устата... Казаха „Христос воскресе“ — часът дванайсет, как се чака до два часа! Казах на домашните си да идат да си отговяват самички, па влязох в „Червен рак“. Там, брате мой, пълно с хора като мене — цилиндри, еполети, ордени. И те чакат да удари два часа. Седнах до една дълга маса, гледам, няколко бекяри отговяват. Наредили оная ми ти маса със закуски, прасета, па и варненско вино отгоре — да ти прикапе на стомаха. Като погледнах само кожицата на прасенцето, щеше да ми изхвръкне акъла. Е, какво, биваше да попитам тези бекяри: „Какво ядете там бе! Прасе ли? Браво! Я... таквозинака... малко с кожичка...“ — и щяха да ми дадат хората. Ама на. Срамежлив съм си от малък... (Я си дай табакерата, ти пушиш хубав тютюн, Ивановият хич не го бива, на махорка мирише...) Замляскали ония ми ти бекяри, доядя ме да ги гледам, па си обърнах очите на друга страна. Рекох да плюя, че де слюнка! Слепили ми се червата. Помислих да си заръчам едно пиво, па възгечтисах. Затуй ли гладувах, то се казва, два дена... Уж се обърнах да не гледам онези, па те, като че нарочно, да ги вземе дявола, все дъвчат и все прасето хвалят. Идеше ми, знаеш, да стана, че да им грабна от устата туй пусто прасе... Да мога да се наведа, да си понатисна така стомаха — не се сеща толкова глада, ама не мога да се наведа. Фракът ми тесен, ще се разцъфти на гърба. Хай, да го вземе мътната! Па и яката колосана твърдо, че като ми застъргала шията като трион... Притъмня ми на очите. Излязох от Рака, запътих се къде двореца. Не иде да влезеш рано. Аз имам един гавазин приятел, хем добър приятел, даже ако питаш, малко и роднина ми се пада, ама все не уйдисва. Па и да влезеш рано, все едно, няма да ти подложат веднага трапеза. Обикалях, обикалях около портите, заболяха ме краката. Еле по едно време дррр... един пайтон, подир малко дррр... друг пайтон. Влязоха в двореца, слава богу! Позасуках си мустаките, изкашлях се и хайде подир тях. Влязох вътре, гледам, гавазите, конвоят, наредени вече. Едно бръснато момче се спусна да ми съблича палтото, аз му измъмрах едно: „Извинете, господине, гледай си там работата“, и не му дадох да ме съблича. То се засрами и отиде да съблича други. Как ще му дам да ме съблича бе, брате? Ръкавите на палтото ми, сиреч не ръкавите, ами астарът отвътре изпокъсал се като... таквоз. Нейсе. Качих се аз горе, ама преди да се кача, хвърлих едно око в долните стаи — трапезите наредени чиста работа. Събра се свят. Почакахме и тука малко и излезе княза с княгинята. Този път те по християнски бяха хасъл стопанин и стопанка. Раздадоха ни по едно яйце...","— Well, who’s looking cheerful? There was profit in it, and plenty of it! I got myself cut up like... what’s-his-name... You know, on Passion Sunday I fasted, fasted, stuffed myself with that cursed bean stew, and on top of that army rations too; I was hungry as a wolf. On Saturday I didn’t put a crumb in my mouth. Then they went and set the Easter meal for two in the morning... While I was standing in church, it felt as if three hundred leeches were sucking at my belly. I spat and spat, and there wasn’t a drop of spit left. I’d try to light up — no use, it just tasted bitter in my mouth... They said, “Christ is risen” — it was twelve o’clock; how are you supposed to wait till two! I told my family to go and break the fast on their own, and I went into the “Red Crab.” There, my brother, it was full of people like me — top hats, epaulettes, orders. And they too were waiting for two o’clock to strike. I sat down at a long table and saw a few bachelors breaking the fast. They’d laid out that table of mine with all sorts of breakfast things, roast pig, and Varna wine on top of it — enough to make your stomach drip. Just looking at the piglet’s skin made my head spin. Well then, I should have asked those bachelors: “What are you eating there, eh? A pig? Bravo! Come on... what’s-his-name... a little bit with the skin...” — and the people would have given me some. But no. I’ve been shy since I was little... (Do pass me your tobacco case; you smoke good tobacco, Ivanov’s is no good at all, it smells like makhorka...) Those bachelors were smacking their lips, and I was sick of watching them, so I turned my eyes away. I thought I’d spit, but where was there any saliva! My insides were glued together. I thought of ordering a beer, but I felt sick. Was that what I’d been starving for, for two whole days... I turned away so as not to look at them, and they, as if on purpose, the devil take them, just kept chewing and praising the pig. I felt like getting up and snatching that cursed pig right out of their mouths... If only I could bend over and press my stomach a bit like that — hunger wouldn’t be so noticeable, but I can’t bend over. My frock coat is too tight; it’ll split open across the back. Ah, let the devil take it! And the collar was starched so stiff that it scraped my neck like a saw... My eyes went dark. I left the Crab and headed for the palace. You can’t go in early. I have a gendarme friend there, a good friend too, and if you ask me, he’s sort of a relative as well, but he never quite comes through. And even if you do go in early, it’s still no use — they won’t set the table for you right away. I wandered around the gates, wandered and wandered, and my legs started to ache. Then at last, drrr... one carriage, and a little later drrr... another carriage. They went into the palace, thank God! I twirled my moustache, coughed, and went after them. I went inside and saw the gendarmes, the escort, already lined up. A shaved-headed boy rushed up to take my coat off, and I muttered at him: “Excuse me, sir, mind your own business,” and I didn’t let him take it off. He got embarrassed and went to undress others. How could I let him take my coat off, brother? The sleeves of my coat, that is, not the sleeves, but the lining inside, were torn to pieces like... what’s-his-name. Anyway. I went upstairs, but before going up I cast an eye into the lower rooms — the tables were laid out, everything spotless. A crowd gathered. We waited a little here too, and then the prince and princess came out. This time they were, in a Christian way, truly host and hostess. They handed each of us an egg..."
13_bai_ganyo_at_the_palace_bul.csv,— Ръка целувахте ли пак?,— Did you kiss a hand again?
13_bai_ganyo_at_the_palace_bul.csv,"— Е, хелбетя... А бе аз за такваз трапеза и сто ръце би целунал. Нейсе. Мина се и туй митарство, че като се урнахме, брате мой, из стълбите надолу... Ако щеш, вярвай, ако щеш, не, аз през три стъпала се мятах, щях да се блъсна в огледалото, ама не оставих да ме превари никой. Докопах хайвера, че като задълбах лъжицата, ако е било по-малко от половин кило — грях да ми е на душата. Оная ти риба майонез, ония ми ти закуски, имената им не зная, че като зинаха ония ми ти уста... Остави се!... Ядох, ядох, тъпках... и досега се чудя как не ми се пръсна стомаха. Ами пиене... Кога съм си отишъл, как съм си отишъл — заколи ме, не помня... Уфф!... Още ме боли главата от туй пусто шампанско... Че остави това, ами като взех, че си наблъсках джебовете с пасти, па те меки, да ги вземе дявола, че като се размазаха из джеба ми... Е, хайде сбогом.","— Well, hell’s bells... Why, for a feast like that I’d have kissed a hundred hands. Anyway. That ordeal too passed, for when we tumbled, my brother, down the stairs... Believe it or not, I was leaping three steps at a time; I was about to smash into the mirror, but I didn’t let anyone get ahead of me. I grabbed the caviar, and when I dug in with the spoon, if there was less than half a kilo of it — may it be a sin on my soul. That fish mayonnaise of yours, those little appetizers of mine, I don’t even know their names, for when those mouths of mine opened wide... Never mind!... I ate, I ate, I stuffed myself... and even now I wonder how my stomach didn’t burst. And the drinking... When I left, how I left — cut me open, I don’t remember... Uff!... My head still hurts from that damned champagne... And that’s not all — when I went and stuffed my pockets with pastries, and they were soft too, the devil take them, and they got all squashed in my pocket... Well, goodbye then."
13_bai_ganyo_at_the_palace_bul.csv,"— Сбогом, бай Ганьо.","— Goodbye, Bay Ganyo."
13_bai_ganyo_at_the_palace_bul.csv,"София, 5 априлий 1895 г.","Sofia, April 5, 1895."
14_bai_ganyo_in_the_delegation_bul.csv,"Е, не можеше ли сега без него, ама де-де! Не беше ли санким съвсем достатъчно да свършат работата само официалните делегати, ами трябваше и бай Ганьо да си въвира гагата. Мигар, ония, официалните, не бяха в състояние да покажат пред външния свят какво значи българин и български патриотизъм. Ами че такива характери като човека с окладистой русской бородой, или пък оня, който е похож на французика очень бойко и плавно говорит по французски, или най-сетне известный болгарский дипломат малко ли бяха? Даже ако питате, само последният им стигаше на русите. Человекът, когото руската преса нарича болгарский дипломат, е всъщност филибелийски сапунджия. Какво значи прогресивна нация! Когато българските сапунджии минават в Русия за дипломати, представете си пък какво ще стане да се яви пред Матушката един български хасъл дипломат, а? Колкото и да си скромен, не можеш да не се гордееш! Наистина, справедливостта го изисква да признаеш, че и французите малко позаприличват на нас: техният Феликс Фор от кожарин стана президент на Републиката, па и римляните имат подобен случай: Цинцината помните ли? Но ний ще надминем и едните, и другите. Опитайте се например да се изправите насред чаршията със завързани очи: аз ви уверявам, че първият българин, когото вий хванете и попитате: „Желаеш ли да станеш български княз?“ — без да се колебае една минута, ще ти отговори утвърдително; може би само ще ти тури условие подаръците и бакшишите, които раздава, да се изплащат не от платата му, а от хазната...","Well, couldn’t it have been without him this time, too, but there you are! Wasn’t it quite enough, after all, for the official delegates alone to do the job, and yet Bay Ganyo had to poke his beak in as well. Surely those official ones were perfectly capable of showing the outside world what a Bulgarian and Bulgarian patriotism mean. Why, weren’t such characters as the man with the thick Russian beard, or the one who looks like a little Frenchman and speaks French very briskly and fluently, or, finally, the famous Bulgarian diplomat, enough? In fact, if you ask me, the Russians would have been satisfied with the last one alone. The man whom the Russian press calls a Bulgarian diplomat is in fact a soap-maker from Plovdiv. What a progressive nation! When Bulgarian soap-makers pass in Russia for diplomats, just imagine what would happen if a genuine Bulgarian diplomat were to appear before Mother Russia, eh? However modest you may be, you cannot help being proud! Indeed, fairness requires you to admit that the French are a little like us too: their Félix Faure rose from a leatherworker to become President of the Republic, and the Romans have a similar case as well: do you remember Cincinnatus? But we shall surpass both them and the others. Try, for example, standing in the middle of the bazaar with your eyes blindfolded: I assure you that the first Bulgarian you catch and ask, “Do you wish to become the Bulgarian prince?” — without hesitating for a minute, he will answer yes; perhaps he will only stipulate that the gifts and tips he hands out are to be paid not from his salary, but from the treasury..."
14_bai_ganyo_in_the_delegation_bul.csv,"За бай Ганя е приказката... Та това де, не можеше ли, рекох, да се мине без него? Защо трябваше и той да представлява българският народ? Ама ще речете, че той не е официален делегат. Все едно. Щом ходят да го интервюират кореспонденти от важни вестници и неговите думи като оракулско предсказание се разнасят чрез печата по целия свят — иди сетне доказвай, че чрез бай Ганьовите уста не глаголи народът български...","It’s all about Bay Ganyo... So then, couldn’t it have been done without him, I said? Why did he have to represent the Bulgarian people too? But you’ll say he isn’t an official delegate. It’s all the same. Once correspondents from important newspapers go to interview him, and his words, like an oracle’s prophecy, are spread through the press all over the world—then go ahead and try to prove afterward that it is not the Bulgarian people speaking through Bay Ganyo’s mouth..."
14_bai_ganyo_in_the_delegation_bul.csv,"Но аз, непоправим оптимист, мисля си, че съдбата е преплела бай Ганя в тази мисия само и само за да запази депутацията своя настоящи български национален характер, защото, както щете, но окладистая русская борода, французик дипломат — не звучат български. А че бай Ганьо е държал високо и с достолепие знамето на българския патриотизъм, това ще види всякой ясно от следующото интервю. (Няма защо да поменуваме, че първият господин, облечен във фрак, който влезе в стаята на бай Ганя и пред когото бай Ганьо успя да излее своите братски чувства, беше не кореспондент, а келнер от гостинницата. Малко недоразумение, но какво да чиниш? Накипели в гърдите искрени чувства, замъглили се очите от умилителни сълзи — твърде е естествено да стане грешка.)","But I, an incurable optimist, think that fate intertwined Bay Ganyo in this mission solely in order to preserve the deputation’s present Bulgarian national character, because, like it or not, a thick Russian beard, a French diplomat — these do not sound Bulgarian. And that Bay Ganyo held high and with dignity the banner of Bulgarian patriotism, everyone will clearly see from the following interview. (There is no need to mention that the first gentleman, dressed in a frock coat, who entered Bay Ganyo’s room and before whom Bay Ganyo managed to pour out his brotherly feelings, was not a correspondent, but a waiter from the hotel. A small misunderstanding, but what can one do? With sincere feelings boiling in the chest, eyes clouded by touching tears — it is quite natural to make a mistake.)"
14_bai_ganyo_in_the_delegation_bul.csv,"Влиза кореспондент. Бай Ганьо беше ли си приготвил нарязан лук, не беше ли — не зная, но мога положително да утвърдя, че очите му се просълзиха:","A correspondent enters. Whether Bay Ganyo had prepared some chopped onions for himself or not — I do not know, but I can positively affirm that his eyes welled up with tears:"
14_bai_ganyo_in_the_delegation_bul.csv,"— О-о, здрасти, братушка, здрасти. Девет години, братушка, девет! Не е ден, не са два, девет години — и заплака бай Ганьо.","— Oh, hello, brother, hello. Nine years, brother, nine! Not a day, not two, nine years — and old Ganyo burst into tears."
14_bai_ganyo_in_the_delegation_bul.csv,"Всеки би помислил твърде естествено, че братската среща след дълга печална раздяла препълнува с нежни чувства гърдите на бай Ганя и избитъкът на тия чувства се лее във вид на умилни сълзи; но какво беше учудването на кореспондента, когато видя, че моментално лицето на събеседника му се проясни, и чу от устата му следующите думи, изказани като че крадешком, с едно подмигване:","Everyone would naturally think that the fraternal meeting after a long and sorrowful separation would fill Bay Ganyo’s breast with tender feelings, and that the overflow of those feelings would flow in the form of touching tears; but what was the correspondent’s astonishment when he saw that at once his interlocutor’s face brightened, and heard the following words from his mouth, spoken as though in secret, with a wink:"
14_bai_ganyo_in_the_delegation_bul.csv,"— Ама да знайш какъв венец сме яптърдисали, здраве му кажи — чиста работа! Не тъй бакър, сребро — ами чисто злато. И знайш ли колко струва? Как ти мислиш, братушка?... На мен да поднесат русите например, санким де, такъв венец, и краката им ще цалувам — какво хортуваш, не е шега, злато! Хем чисто злато, не така...","— But you should know what kind of wreath we’ve made, just say it’s a beauty — pure work! Not copper, silver — but pure gold. And do you know how much it costs? What do you think, brother?... If the Russians were to present me, for example, so to speak, with such a wreath, I’d kiss their feet — what are you talking about, it’s no joke, gold! And pure gold too, not just like that..."
14_bai_ganyo_in_the_delegation_bul.csv,"— Ами у вас там движение някакво македонско се начнало — отклонява разговора кореспондентът. — Намирате ли, че това движение е своевременно?","— Well, there in your place some kind of Macedonian movement has started — the correspondent steers the conversation away. — Do you find that this movement is timely?"
14_bai_ganyo_in_the_delegation_bul.csv,"— Движение ли? Какво движение?! — учудва се бай Ганьо, като че за пръв път чува за таквоз нещо. — Я недей се кахъри! Никакво движение няма... Чапкънска работа! Хайдучаги! Хич за въстание време ли е сега? И какво искат тия хаймани — не мога да разбера. Твоя милост, знайш ли какво? Не зная дали знайш — има един ферман от 1870 година за шестима владици в Македония — трима са дали, още трима ще дадат, па ще си седнат всички на задника! Това им е зора!","— Movement? What movement?! — Bay Ganyo wonders, as if hearing of such a thing for the first time. — Don’t worry yourself! There’s no movement at all... A scoundrel’s business! Outlaws! Is this any time for an uprising? And what do those loafers want — I can’t make it out. Your Grace, do you know what? I don’t know whether you know — there’s a firman from 1870 about six bishops in Macedonia — they’ve already given three, they’ll give three more, and then they’ll all sit down on their backsides! That’s their whole concern!"
14_bai_ganyo_in_the_delegation_bul.csv,— Ами Берлинския договор?,— What about the Treaty of Berlin?
14_bai_ganyo_in_the_delegation_bul.csv,— А бе я ги запуши тез... За друго да си приказваме. Я ми кажи ти мене Драгана Цанкова познаваш ли?,"— Come on, shut those up... Let’s talk about something else. Tell me, do you know Dragana Tsankova?"
14_bai_ganyo_in_the_delegation_bul.csv,"— Да, мисля, че доста добре го познавам.","— Yes, I think I know him quite well."
14_bai_ganyo_in_the_delegation_bul.csv,— Е? — и бай Ганьо усили въпроса с едно двусмислено шаване на пръстите си. — Как ти се види тоз чиляк?,— Well? — and Bay Ganyo emphasized the question with an ambiguous twitch of his fingers. — What do you make of this fellow?
14_bai_ganyo_in_the_delegation_bul.csv,"— Мисля, че е един добър патриот.",— I think he is a good patriot.
14_bai_ganyo_in_the_delegation_bul.csv,"Бай Ганьо се засмя неестествено и си заклати главата: — Па-три-от ли? Е-хе-е, да го зна-еш каква ми е сто-ка! Че той помислил ли е един ден за свойто отечество. Той гледа да настани само себе си и зетя си. Такъв си е от малък, нали го зная. За патриоти ако питаш, ний сме хасъл патриоти. Хубаво ме гледай! На мене не двесте — сто и петдесет рубли ми вържете на месец, че да видиш ти какво прави бай ти Ганьо... Че как ме хесапиш, твоя милост! Туй не е Абисиния...","Bai Ganyo laughed unnaturally and shook his head:

— Pa-tri-ot? Eh-heh-heh, if you only knew what a fellow he is! Has he ever thought for a single day about his fatherland? He is only trying to provide for himself and his son-in-law. He has been like that since he was little, I know him well enough. If you ask about patriots, we are real patriots. Look at me well! Don’t tie up two hundred—one hundred and fifty rubles a month for me, and you’ll see what your Uncle Ganyo can do... And how are you calculating me, your grace! This isn’t Abyssinia..."
14_bai_ganyo_in_the_delegation_bul.csv,"— Обядвали ли сте, господин Балкански?","— Have you had lunch, Mr. Balkanski?"
14_bai_ganyo_in_the_delegation_bul.csv,"— Защо питаш? Да не ме поканиш я на обед, я?... Аз приемам. Славяне не сме ли?","— Why do you ask? Are you going to invite me to lunch, or what?... I accept. Aren’t we Slavs?"
14_bai_ganyo_in_the_delegation_bul.csv,Интервюто се прекъсна.,The interview was interrupted.
14_bai_ganyo_in_the_delegation_bul.csv,"София, 1 юли 1895 год.","Sofia, July 1, 1895."
15_bai_ganyo_in_the_opposition_bul.csv,"Господине редакторе,","Mr. Editor,"
15_bai_ganyo_in_the_opposition_bul.csv,"Един господин, като ме знае, че съм приятел с   о н о г о в а,   дето събира материали за бай Ганя, предаде ми приложеното тук писмо, да му го връча. Това писмо е толкова оригинално и характеристично, щото не ще бъде зле да го напечатате във в. Знаме като подлистник Как е попаднало писмото в ръцете на господина — не ми е известно.","A gentleman, knowing that I am a friend of **that one**, who is collecting materials for Bay Ganyo, handed me the enclosed letter to deliver to him. This letter is so original and characteristic that it would not be a bad idea to print it in the newspaper *Zname* as a supplement. How the letter came into the gentleman’s hands — I do not know."
15_bai_ganyo_in_the_opposition_bul.csv,"София, 30 октомврий 1895 г.","Sofia, October 30, 1895."
15_bai_ganyo_in_the_opposition_bul.csv,Щастливец,Lucky one
15_bai_ganyo_in_the_opposition_bul.csv,До господина редактора на в. „Не му е времето“.,To the editor of the newspaper “Not the Time.”
15_bai_ganyo_in_the_opposition_bul.csv,"А бе, кьорпе, защо си ме набедил във вестник „Не му е времето“, че съм бил уж опозиция, а? Толкова ли ти стига ума? Хич бай ти Ганьо опозиция става ли бе, момче? Или ти какво си рекъл: чакай да сме по-малко, че да делим по-множко. Не си прост ти, знам те аз тебе. Ама пак си прост, да ти кажа правичката. Сиреч, не си прост, ами малко аджамия падаш. За тия работи ти бачка си питай. Ти вчера, казва се, докопа кокала, а бачо ти от девет годинки насам го е заглозгал и няма ниет да го изпуща докрай време. Па знайш ли, момче, да ти кажа чистичката: има и за тебе, има и за мене. На родната да е жива. Аз като идех още за София, като депутация да молим онзи обесник да не си дава оставката, още тогава — помниш ли, на Враждебските ханчета? — още тогава разбрах, че не си е келепир да бъдеш опозиция. Ама, ще речеш, защо? Защо ли? Твърде просто: защото ще стоиш зад метлата, а хората ще си плетат кошничката. И какви хора! Все отбор-отбор юнаци, все учени, изпраксани. Напрежните наши бяха хептен дива работа. Крадяха гьоз-гьоре, насила, аджамийски, па си позволяваха и чапкънлъци, докундисваха на честта кое жени, кое моми, кое... А, момче, тъй ли е? И най-сетне влетяха с двата крака в капана. Виж, днешните наши не са тъй. За чапкънлък няма ги. Тоест — как да ти кажа — не че ги няма, ами кой ще се качи по Джендемтепе, по Небеттепе, кой ще ръшне по хамамите да разпитва какво е ставало. Па и кому влиза в работа. А колкото за алъш-вериш, бива си ги. Правото — право! Хем тъй си подкараха работата, щото, срам не срам,ще ти се призная, брате, и аз се слисах. Ашколсун, кьопоолар! Гледай какво нещо било туй науката. С таквиз хора да имаш работа — разбирам. Напрежните наши бяха я подкарали на акънтия, бре трепаха, бре бесиха, бре стреляха, съсипали бяха орталъка. И защо? — За вятъра. А днес видиш ли? Само по изборите не ти дават да шавнеш, а за друго — свобода! Викай, попържай, давай си зор, колкото щеш — никой нищо не ти казва. И защо ще бутат опозицията — тя нека си дига гюрултия, кой я слуша. Нашите си сучат мустака, па им се подсмиват. Властта в ръцете им — не искат да знаят. И сега, когато толкова железници ще се правят, толкова дружества ще се калъпят, толкова пристанища ще се строят, ти тамам сега си му намерил времето да ме набедяваш, че съм бил уж опозиция. Недей прави тъй бе, братко. Дотам ли ти беше достлука? Завиждаш ли ми, или какво? Че санким ти по-малко ли кьораво си ударил от мене. Я си направи сметката, ти от колко места получаваш. А пък аз — какво? Гледам си търговийката, и туйто. Па най-сетне нали знаеш, че тия работи със съгласие стават. Ако ми помогнеш да вляза и аз в някое предприятие по-тлъстичко, мигар мислиш, че няма да ти се отсрамя? Зная си аз как му е реда. Па не стига другото, ами си взел, дяволе, че си извъртял писмото тъй, щото, като го чете челяк, ще помисли даже, че съм против Особата. Аз ли? За толкова ли верен човек ме имаш ти мене? Нали си дадохме уж дума, че не му е времето. Разбирам да не беше властта в ръцете ни, да подсмърчахме отстрана — тогава хелбетя ще ти причерней и ще караш наред, с Особата барабар. Ама сега, когато сме допипали кокала с две ръце и когато тамам му е времето да се осигурим за стари години, да взема аз да кажа някоя права дума за Особата? Не е ахмак бай ти Ганьо, той знае кога му е времето да се вика „да живей“! Едно да живей — хоп едно предприятие. Па когато му дойде времето — знаем и башка тюрлия да викаме. Тъй върви света. Ако не друго, барем тая философия сме я проумяли до дъно, пущината.","Ah, you blockhead, why have you denounced me in the newspaper **“Not Yet Time”** as if I were supposedly in the opposition, huh? Is that all the sense you’ve got? Does old Bay Ganyo even become opposition, boy? Or what did you think: let’s wait until there are fewer of us so we can divide up more. You’re not stupid, I know you. But you’re still stupid, to tell you the plain truth. That is to say, you’re not stupid, just a bit green. For these matters, ask your foreman. You, so to speak, got hold of the bone yesterday, while your uncle has been gnawing at it for nine years now and has no intention of letting go before the time comes. And do you know, boy, let me tell you straight: there’s enough for you, there’s enough for me. Long live the homeland. When I was still going to Sofia, as part of a delegation to beg that hanged man not to resign, even then — do you remember, at the Vrazhdebna inns? — even then I understood that being in the opposition was no profitable business. But, you’ll say, why? Why indeed? Very simple: because you’ll be left standing behind the broom while others weave their little baskets. And what people! All top-notch heroes, all educated, polished fellows. Our earlier ones were downright wild. They stole openly, by force, like amateurs, and even allowed themselves some roguery, compromising honor with women, girls, and... Ah, boy, isn’t that so? And in the end they fell into the trap with both feet. Look, our present ones are not like that. They’re not into roguery. That is — how should I put it — not that there aren’t any, but who’s going to climb up to Dzhendemtepe, to Nebettepe, who’s going to rummage through the baths asking what happened. And besides, who cares. As for business dealings, they’re good at it. The truth is the truth! They got things going in such a way that, shame or no shame, I’ll admit to you, brother, I was astonished too. Bravo, you scoundrels! Just look what a thing science is. To have dealings with such people — I understand that. Our earlier ones had taken the road of slaughter, brother, they were killing, hanging, shooting, they had ruined the whole place. And why? — For nothing. And today, look? They only won’t let you move around during elections, but otherwise — freedom! Shout, curse, strain yourself as much as you like — nobody says a word. And why would they push the opposition around — let it make all the noise it wants, who listens to it. Our people just twirl their mustaches and smirk. Power is in their hands — they don’t care to know anything else. And now, when so many railways are to be built, so many companies formed, so many ports constructed, you’ve found just the right time to denounce me as if I were supposedly in the opposition. Don’t do that, brother. Was that all our friendship was worth to you? Are you jealous of me, or what? Because, as if, haven’t you struck your share of gold too. Just do the math — how many places do you get money from? And me — what? I mind my little trade, and that’s that. And after all, you know these things happen by agreement. If you help me get into some juicier enterprise too, do you think I won’t repay the favor? I know how things are done. And not only that, but you, devil that you are, have twisted the letter in such a way that when someone reads it, they’ll even think I’m against **the Person**. Me? Do you take me for such a loyal man? Didn’t we give our word, supposedly, that it’s not yet time? I’d understand if power weren’t in our hands, if we were sniffling from the sidelines — then the devil would blacken your eye and you’d go along with the rest, together with the Person. But now, when we’ve got the bone in both hands and when it’s exactly time to secure ourselves for old age, should I go and say some plain word about the Person? Old Bay Ganyo is no fool; he knows when it’s time to shout “long live!” One “long live” — and hop, one enterprise. And when the time comes — we know how to shout something else too. That’s how the world goes. If nothing else, at least we’ve understood that philosophy to the bottom, the blasted thing."
15_bai_ganyo_in_the_opposition_bul.csv,"Момче бе, нашите дали не са я попрекалили с ломчаните? Чувам: ранени, убити! Брей, да си опичаме ума, зере... на оногова ръцете отрязаха, да не би да му дойде времето наопаки...","Boy, have our people perhaps gone a bit too far with the Lomchans? I hear: wounded, killed! Well, we’d better keep our wits about us, indeed... they cut off that one’s hands, so that his time might not come around the wrong way..."
15_bai_ganyo_in_the_opposition_bul.csv,Хайде стига засега. Да живей Негово Царско Височество!,Enough for now. Long live His Royal Highness!
15_bai_ganyo_in_the_opposition_bul.csv,"Виждаш ли как викам да живей, пък ти си взел да казваш, че съм бил против. Завиждаш ми, да те вземе дявола. Знайш си ти, че ако вземем да се надвикваме, не се знай кой кого ще надвика. Па и за почитание ако дойде думата, аз пак не се давам. Ти ще цалунеш ръка, аз — двете ръце; ти ще цалунеш скута, аз — краката; ти ще цалунеш на друго място, аз — на още по-друго място. Че ти с мен ли ще се надпреваряш бе, кьорпе?","Do you see how I’m shouting “long live,” and yet you’ve gone and said that I was against it. You’re jealous of me, may the devil take you. You know well that if we start shouting over one another, it’s not known who will shout louder. And if the matter of respect comes up, I still won’t give in. You’ll kiss a hand, I’ll kiss both hands; you’ll kiss a lap, I’ll kiss the feet; you’ll kiss in one place, I’ll kiss in an even more different place. So are you going to compete with me, you blind fool?"
15_bai_ganyo_in_the_opposition_bul.csv,Ганьо Балкански,Ganyo Balkanski
16_the_temperance_society_bul.csv,"Таки Бираджията още спеше, макар че слънчевите лъчи отдавна бяха пронизали замъглените от нечистота прозорци на неговата душна стаица; лъчите осветиха постепенно нозете му, пропълзяха към благоутробието му, лъснаха засъхналата и напукана от вътрешния огън долна устна, устремиха се в отворените му уста и проникнаха до гърлото, от което се къртеха вълните на едно смущающе ухото хъркане. Тъкмо в туй време пощенският раздавач почука трикратно на вратата. Но Такевото ухо разбира ли ти от такива нежни сигнали. Да беше делник - иди-доди, ами то се случило празник. Насрещу празник, вие знаете, човек се поотпуща повечко: с тогоз се чукне, с оногоз се чукне, па току виж, че се поначукал. И с бай Таки се случи същото: той от желание да препоръча бирата си беше се коджа понаквасил. Думата ми е санким, да не ви е чудно, че пощенският раздавач повтори почукването на вратата, па като не се обади никой, той нанесе такива бездушни удари върху нищо невиновната врата, щото, ако би цял казан бира да бе посетила стомаха на бай Такя, той пак щеше да се събуди. И се събуди. Отвори си очите, замижа срещу слънцето и с един глас, достоен за гърлото, от което излезе, той попита: — Кой там? — Поща - отговори раздавачът, влезе в стаята, прекрачи до леглото, подаде едно писмо и побърза да се избави от задушената атмосфера на непроветрената спалня. Бай Таки се поизкашля, както си му е реда, поотри си очите и разгърна писмото. Покана!","Taki the Beer-Seller was still asleep, although the sun’s rays had long since pierced the filthy, dimmed windows of his stuffy little room; the rays gradually lit up his feet, crept toward his belly, gleamed on his dried and cracked lower lip, scorched by the inner fire, rushed into his open mouth, and penetrated to the throat from which the waves of a disturbing snore were breaking forth. It was precisely at that time that the postal carrier knocked three times on the door. But does Taki’s ear understand such gentle signals? If it had been a weekday, that would be one thing, but it happened to be a holiday. On a holiday, you know, a person loosens up a bit more: he clinks glasses with one, then with another, and before you know it, he’s had a bit too much. And the same thing happened to Uncle Taki: out of a desire to recommend his beer, he had quite soaked himself. What I mean is, so you won’t be surprised, that when the postal carrier repeated the knocking on the door, and no one answered, he delivered such merciless blows upon the entirely innocent door that even if a whole cauldron of beer had visited Uncle Taki’s stomach, he would still have woken up. And he did wake up. He opened his eyes, squinted against the sun, and in a voice worthy of the throat from which it came, he asked:

— Who’s there?

— Mail — replied the carrier, entered the room, stepped over to the bed, handed him a letter, and hastened to escape the stifling atmosphere of the unventilated bedroom.

Uncle Taki coughed a little, as was proper, rubbed his eyes, and unfolded the letter.

An invitation!"
16_the_temperance_society_bul.csv,"„Почитаемий Господине, умолявате се да заповядате утре, неделя, в 5 часа след пладне, в склада „Сухиндолски вина“, гдето ще се обсъжда въпроса за основаването на едно въздържателно дружество.","“Honourable Sir, you are respectfully requested to come tomorrow, Sunday, at 5 o’clock in the afternoon, to the “Suhindol Wines” warehouse, where the question of founding a temperance society will be discussed."
16_the_temperance_society_bul.csv,"С почитание: За инициаторите Танас Дочоолу, кръчмар“","With respect: For the initiators, Tanas Dochoolu, tavern keeper"""
16_the_temperance_society_bul.csv,"Боже мой! Колко навреме се получи тази покана. За съхналото гърло и попуканите устни на бай Такя бяха в този момент такива агитатори в полза на въздържанието, щото той с възторг усвои благородната идея и оставаше само да настъпи петият час след пладне, за да се обяви най-горещ защитник на въздържанието. През деня бай Таки пи вода. (Криво да стоим, право да говорим - изпи си той две чашки винце, ама то тъй се казва.) Пет часа ударил-неударил, бай Таки прекрачи прага на обширния склад „Сухиндолски вина“.","My God! How timely this invitation had come. For old Taki’s parched throat and cracked lips, there were at that moment such advocates of temperance that he enthusiastically embraced the noble idea, and all that remained was for the fifth hour after noon to strike so that he could declare himself the most ardent defender of temperance. During the day, old Taki drank water. (To be honest, to speak straight, he did drink two little glasses of wine, but that’s just how it is said.) Whether five o’clock had struck or not, old Taki crossed the threshold of the spacious warehouse “Suhindol Wines.”"
16_the_temperance_society_bul.csv,"— Тук ли е бай Танас? - попита той момчето, което стърчеше зад тезгяха.",— Is Uncle Tanas here? — he asked the boy who was standing behind the counter.
16_the_temperance_society_bul.csv,"— Заповядайте, тука са, в стаичката - отговори почтително момчето и пристъпи, та му отвори вратицата.","— Please come in, they’re here, in the little room — the boy replied respectfully and stepped aside to open the little door for him."
16_the_temperance_society_bul.csv,"Стопанинът, Танас Дочоолу, посрещна любезно своя събрат и го покани да заеме място. Солидно и мълчаливо седяха покрай стените няколко граждани, които ги въодушевяваше и привличаше тук благородната идея на бъдещото дружество. Бай Таки поздрави всичките и пак се възстанови тишина, нарушавана само от скромни покашляния. Виждаше се явно, че събравшите се очакват някое лице, без което не се решаваха да отворят заседанието. Не се мина много време, външните врата се отвориха. Дочоолу се спусна да види дали не ще иде желаният гост, но веднага се върна с недоволен вид. В стаята се изтърси съвсем неочаквано Данко Харсъзина. „Ударихме кьоравото!“ - пошепна бай Танас на бай Такя. То се види, че не това бе очакваното лице. Данко отвори уста да каже нещо - Данковият разговор какъв ще бъде: да напсува някого; но никой не изяви охота да го слуша и той млъкна. Минаха още няколко минути и (слава богу!) момчето се втурна стремглаво в стаята и извика като уплашено: „Иде! Иде!“","The host, Tanas Dochoolu, greeted his fellow man kindly and invited him to take a seat. Several citizens sat solidly and silently along the walls, inspired and drawn here by the noble idea of the future society. Bai Taki greeted them all, and silence was restored again, broken only by modest coughs. It was clearly visible that those gathered were expecting someone, without whom they did not dare to open the meeting.

Not much time passed before the outer door opened. Dochoolu hurried out to see whether the desired guest was coming, but immediately returned with a dissatisfied look. Into the room, quite unexpectedly, burst Danko Harsuzina. “We’ve struck gold!” whispered Bai Tanas to Bai Takya. It was obvious that this was not the expected person.

Danko opened his mouth to say something—Danko’s kind of talk would be to curse someone—but no one showed any desire to listen to him, and he fell silent. A few more minutes passed, and (thank God!) the boy rushed headlong into the room and cried out in alarm: “He’s coming! He’s coming!”"
16_the_temperance_society_bul.csv,"Всички наставаха. Външните врата се отвориха и на прага се показа във всичкото си величие, в оригинал, общият наш приятел бай Ганьо Балкански.","Everyone stood up. The outer door opened, and on the threshold appeared, in all his grandeur, in the flesh, our mutual friend Bay Ganyo Balkanski."
16_the_temperance_society_bul.csv,"— О-о! Да живей! - извика въодушевено многоочакваният гост, без да определи кое „да живей“, но и без пояснение всички разбраха, че това се отнася до бъдещото дружество.","— Oh! Long live it! — exclaimed the long-awaited guest enthusiastically, without specifying what exactly should “live,” but without any explanation everyone understood that this referred to the future society."
16_the_temperance_society_bul.csv,"— Да живей! - отзова се събраната група и почнаха да се изреждат да стискат ръка на бай Ганя. Данко Харсъзина, винаги по-малко деликатен, позволи си (представете си!) да потупа бай Ганя по врата, но господин Балкански го стрелна така с очите си, щото Данко си сви опашката и се сгуши в едно кьоше. „Не му вържи кусур, бай Ганьо - пошепна стопанинът, - нали го знаеш. Данко си е все Данко - сарахошин.“","— Long live! — responded the gathered group, and they began taking turns shaking hands with Bay Ganyo. Danko Harsuzina, always less delicate, even dared (imagine!) to pat Bay Ganyo on the neck, but Mr. Balkanski shot him such a look that Danko tucked his tail between his legs and huddled into a corner. “Don’t hold it against him, Bay Ganyo,” the host whispered, “you know what he’s like. Danko is always Danko — a roughneck.”"
16_the_temperance_society_bul.csv,"Отвори се заседанието. Ех, господа, де да сте имали щастието да попаднете в това събрание! Като зинаха ония ми ти бай Ганьови уста, че то човек ли говори, славей ли пей... Той ли няма да те убеди, бай Ганьо ли? А бе не за дружество, ами може да те убеди да повярваш, че твой баща е Мусала и Витоша е твоя майка... Остави се. Убедиха се всички, че тамам сега му е времето да се основе въздържателно дружество; само Данко Харсъзина - да се чудиш и маеш - цял Тома Неверний. Бре и тъй говориха, и инак говориха - йок, той си седи в кьошето и току се подсмива под мустак и пуща по някоя скептическа думица. „Време е вече да... таквозинака - ораторствува Дочоолу, - да основем... туйканака... разбираш ли, едно дружество...“ А Данко пуща едно „нейсе“. „Пиянството, почитаеми господа - нанизва бай Таки, - се отразява зле на работата ни, на здравето ни, на поколението...“ „Бошлаф!“ - шепне Данко и се подсмива под мустак. Но и без петел съмва! Няма сега за един Данко да напуснем възвишената идея. Оставиха Данка да си суче мустака и се заеха с конституиране на дружеството. Решиха да кръстят дружеството „Въздържание“, да помолят даскала да им напише един устав. Даскалът, ще не ще, трябва да напише устава, защото, ако питате, той пръв пусна фитиля за това дружество. Засега инициаторите се ограничиха да изберат, както се практикува от памтивека, едно настоятелство. Избраха: бай Ганьо, разбира се, председател, Танас Дочоолу, като хазяин, подпредседател, а бай Таки - касиер. Готово! Де се е чуло-видяло избор да стане, че да няма черпня. Не може. Така си е било, така си е и тъй ще отиде. Подпредседателят, като стопанин, пръв се отсрами - повика момчето и му пошепна: „От старото две кила скоро!“ Донесоха виното. Че вино, вино ли е туй, сухиндолското - кристал, да го вземе дявола!...","The meeting opened. Ah, gentlemen, if only you had had the good fortune to attend that gathering! As soon as those dear old Bay Ganyo mouths opened, was it a man speaking or a nightingale singing... Who wouldn’t convince you, Bay Ganyo? Why, not just about a society—he could even convince you to believe that your father is Musala and Vitosha is your mother... Never mind. Everyone was convinced that this was exactly the right time to found a temperance society; only Danko the Rascal—would you believe it—was a complete doubting Thomas. Well, they talked to him this way and that way—no use, he just sat in the corner, kept smirking under his mustache, and tossed out some skeptical remark now and then. “It is time already to... er, well, you know,” Dochoolu orated, “to found... this and that... you understand, a society...” And Danko let out a “so be it.” “Drunkenness, esteemed gentlemen,” Bay Taki went on, “has a bad effect on our work, our health, our offspring...” “Nonsense!” Danko whispered and smirked under his mustache. But even without a rooster, dawn breaks! There was no way they would abandon the lofty idea because of one Danko. They left Danko to twirl his mustache and got down to constituting the society. They decided to name the society “Temperance” and to ask the schoolmaster to write them a charter. The schoolmaster, whether he liked it or not, had to write the charter, because, if you ask me, he was the first to light the fuse for this society. For the time being, the initiators limited themselves to electing, as has been the custom since time immemorial, an executive committee. They elected: Bay Ganyo, of course, as chairman; Tanas Dochoolu, as the landlord, vice-chairman; and Bay Taki as treasurer. Done! Never has it been heard or seen for an election to take place without a treat. It can’t be done. That’s how it has always been, that’s how it is, and that’s how it will go on. The vice-chairman, as host, was the first to make amends—he called the boy and whispered to him: “Two kilos of the old stuff, quick!” The wine was brought. But wine—was that wine, that wine from Sukhindol? Crystal clear, the devil take it!..."
16_the_temperance_society_bul.csv,"— Е, ха наздраве, да е хайрлия!","— Well then, cheers, may it be auspicious!"
16_the_temperance_society_bul.csv,"— Да живей председателя, ура!","— Long live the chairman, hooray!"
16_the_temperance_society_bul.csv,"— Благодаря, да живей Негово Царско Височество и почитаемото правителство!","— Thank you, long live His Royal Highness and the esteemed government!"
16_the_temperance_society_bul.csv,— Ураа!,— Hooray!
16_the_temperance_society_bul.csv,— Долу пиянството!...,— Down with drunkenness!...
16_the_temperance_society_bul.csv,Отсрами се и бай Ганьо. Отсрами се и бай Таки. И повториха... и потретиха... и тъй нататък до настъпването на нощта...,And Uncle Ganyo was shamed. And Uncle Taki was shamed. And they repeated it... and repeated it again... and so on until nightfall...
16_the_temperance_society_bul.csv,"Беше вече тъмно, когато аз вървях с другаря си по улица „Чиста работа“. Като минувахме покрай склада Сухиндолски вина, един необикновен шум, изходящ отвътре, обърна нашето внимание и възбуди любопитството ни. Влязохме в склада и през прозорчето на вътрешната стая ето каква картина лъсна пред нас: повечето от събраните хъркаха, натъркаляни без ред по столовете, бай Таки, кръстосал ръце върху благоутробието си, сумтеше тежко с увиснала глава и полуотворени очи; един тънък, дълъг господин, с изтъркан сюртук и със сини очила, обръщаше се към всичките посоки и викаше в пространството: „Аз съм против машините, кой каквото ще да казва, но аз съм против машините.“ Дочоолу седеше при масата, момчето му държеше свещ и той записваше с трепетна ръка сметката в тефтера. Бай Ганю удряше с всичката си сила по масата и с озверен поглед крещеше: „Аз ли? Аз ще им докажа, аз ще им дам да разберат кой е бай ти Ганьо...“ А Данко Харсъзина, въодушевен от този енергичен тон, беше се оцъклил срещу бай Ганя и като че го питаше с очи: „Я кажи бе, бай Ганьо, кажи бе, брате, кого да хвана за гушата, кого да изритам из вратата навън?...""","It was already dark when I was walking with my companion along “Clean Work” Street. As we passed by the Suhindol Wines warehouse, an unusual noise coming from inside drew our attention and aroused our curiosity. We went into the warehouse, and through the little window of the inner room this is the scene that flashed before us: most of those gathered were snoring, sprawled in no order on the chairs; old Taki, with his arms crossed over his paunch, was snorting heavily, his head drooping and his eyes half-open; a thin, tall gentleman, in a worn frock coat and blue glasses, was turning in all directions and shouting into space: “I am against machines, whatever anyone may say, but I am against machines.” Dochoolu was sitting at the table, his boy holding a candle, and with a trembling hand he was writing the bill in the notebook. Bay Ganyo was pounding the table with all his might and, with a savage look, shouting: “Me? I’ll prove it to them, I’ll make them understand who old Ganyo is...” And Danko Harsuzina, inspired by this energetic tone, had bulged his eyes at Bay Ganyo and seemed to be asking him with his eyes: “Well, say it then, Bay Ganyo, say it, brother, whom should I grab by the throat, whom should I kick out the door?...”"
16_the_temperance_society_bul.csv,Момчето излезе със свещта.,The boy went out with the candle.
16_the_temperance_society_bul.csv,"— Момче бе, каква е тази компания? - попита другарят ми.","— Boy, what company is this? - my companion asked."
16_the_temperance_society_bul.csv,— Дружество против пиянството - отговори момчето.,— Society against drunkenness — replied the boy.
16_the_temperance_society_bul.csv,"Ако съществуваха премии за най-безгрижен смях до захласване, то аз и моят другар щяхме да получим в този момент първа премия.","If there were prizes for the most carefree laughter to the point of ecstasy, then my companion and I would have won first prize at that moment."
16_the_temperance_society_bul.csv,"София, 12 май 1895 г.","Sofia, May 12, 1895."
17_letter_from_bai_ganyo_to_konstantin_velichkov_bul.csv,Бай Величков!,Uncle Velichkov!
17_letter_from_bai_ganyo_to_konstantin_velichkov_bul.csv,"Аферим бе, бай Величков! Виж, тъй те харесвам. Защо да мамим младото поколение, нека си открием картите. Идеали! Бошлаф! Личното наше земно доволство - ето идеала, който трябва да преследваме. Аз се радвам, че ти постигна вече тази истина. И заслужава ли този подъл народ да се трепим за него! Доде бяхме по-млади, иди-дойди; ами сега - станали сме по на четирийсет лазарника хора, трябва да помислим вече за себе си. Аман от сухоежбина! Хеле пък ти, завалия, хептен се измъчи из тия стамболски сокаци, из тия италиански... това не беше ли цял подвиг? Като видя, че се разбесня Стамболов, ти взе, че си обра крушите от България, заряза тия роби, нека си плуят в робството. Те са научени. Ти не си научен да теглиш и като всеки кавалер постара се да офейкаш. Какво не ти пати главата в това пусто Халки - и за цярове по някой път не ти стигаха пари. Бобчев и Маджаров се умълчаваха. Стига вече подвизи. Па знаеш ли какво - я вземи, че зарежи и твоята пуста поезия. То бива, ама когато в кесията вятър вее, а пък сега, слава богу, понаредихме се. Те ще почнат сега, разни хлапетии, разни социалистчета, идеалистчета, да те джавкат, ама хич окото да ти не мига! Прави си оглушки, па си гледай кефа, па хем си гледай кефа, хем им се подсмивай на акъла. То се знай. Те защо ще те джавкат? Мигар за някоя твоя измяна, за измама, от разочарование? Йоо! От завист? Разбира се! Без съмнение! Без съмнение от завист! И то защо? Просто затуй, че техните кости смазаха, техните гърла се драха, а пък ти (страшен си дявол, да те вземе мътната!) току се изтърси наготово на най-топлото място. Е, видя ли сега! Кандиса ли? Не ти ли казвах аз тебе, че на тоз свят най-хубавото нещо е да ти е топличко? Туй борба обществена, идеали и не знам какви глупости - всичкото е бошлаф! Ето сега, като си подложиш на края на месеца торбичката, че като ти наринат хиляда и петстотин левчаги... Хубаво нещо, дявол да го вземе! Дръж се сега! Докопа ли кокала - дръж! Хич недей му мисли от чия кожа се дерат тия левчаги... Тупай брашнения чувал, майка му стара! Тупай! Той пуща...","“Aferim, old man Velichkov! Look, that’s how I like you. Why should we deceive the young generation? Let’s lay our cards on the table. Ideals! Nonsense! Our own personal earthly satisfaction—that is the ideal we should pursue. I’m glad you’ve already arrived at this truth. And does this vile people deserve us to wear ourselves out for them? While we were younger, that was one thing; but now—we’re men of over forty, we should think about ourselves. Enough of dry bread! Especially you, poor soul, you’ve really suffered in those Istanbul alleys, in those Italian... wasn’t that a whole feat? When you saw Stambolov go berserk, you picked up and left Bulgaria, abandoned those slaves—let them spit in slavery. They’re used to it. You’re not used to suffering, and like any gentleman you did your best to run away. What didn’t your head go through in that cursed Halki—and sometimes even for medicine you didn’t have enough money. Bobchev and Madzharov fell silent. Enough of feats already. And do you know what—go ahead and give up that cursed poetry of yours too. It’s all right, but only when the wind is blowing through your purse; and now, thank God, we’ve more or less settled ourselves. They’ll start now—various brats, various little socialists, little idealists—to bark at you, but don’t let your eye even blink! Pretend not to hear them, look after your pleasure, and while you’re at it, enjoy yourself and sneer at their brains. It’s obvious. Why would they bark at you? Surely because of some betrayal of yours, some fraud, out of disappointment? No! Out of envy? Of course! Without a doubt! Without a doubt, out of envy! And why? Simply because their bones were crushed, their throats were torn, while you (you’re a terrible devil, may the devil take you!) just happened to land ready-made in the warmest place. Well, do you see now? Have you come around? Didn’t I tell you that in this world the best thing is to be warm? This struggle for society, ideals, and I don’t know what nonsense—all of it is rubbish! Just now, when you put your little bag down at the end of the month and they heap fifteen hundred leva on you... A fine thing, damn it! Hold on now! Once you’ve got the bone—hold it! Don’t even think about whose skin those leva were flayed from... Beat the flour sack, damn it! Beat it! It’s letting out...”"
17_letter_from_bai_ganyo_to_konstantin_velichkov_bul.csv,"Ама ти можеш да се чудиш защо ти пиша това писмо. Пиша ти го, за да те похваля за онзиденшната ти реч в Народното събрание. Браво бе, Кочо! Е, право да ти кажа, просълзих се от радост. Малко остана да дойда при теб и да те цалуна пред всичките депутати. Ама ще почнат да ми тропат с крака, да възражават... Сещаш ли се за коя реч? Как да не се сещаш? Цял свят говори за нея. Ама имаш право бе, Кочо! Хич толкова хиляди избиратели да не вземат да разкъсат двайсет души жандарми и петдесет души пияна шайка. Голяма работа! Жандармите щяха да разстрелят най-много стотина избиратели! Е, та голяма работа ли е? Всичко на всичко щяха да се почернят около двеста къщи. Да речем, на другата неделя ще дойде войска и тя да разстреля, да избие най-много, най-много триста души. Колко къщи сирачета - петстотин къщи! Хепидже маслахат!...","But you may wonder why I am writing this letter to you. I am writing it to praise you for your speech the other day in the National Assembly. Well done, Kocho! Honestly, I was moved to tears with joy. I almost came to you and kissed you in front of all the deputies. But then they would start stamping their feet at me, objecting...

Do you remember which speech I mean? How could you not remember? The whole world is talking about it. But you are right, Kocho! What’s the big deal if so many thousands of voters don’t go and tear apart twenty gendarmes and fifty drunken thugs? No big deal! The gendarmes would have shot at most a hundred voters! So what, is that such a big deal? All in all, only about two hundred houses would have been blackened. Let’s say that next Sunday the army comes and shoots, kills at most, at most three hundred people. How many orphaned houses would there be — five hundred houses! Happy holidays!..."
17_letter_from_bai_ganyo_to_konstantin_velichkov_bul.csv,"Ами те, диванетата, взели да укротяват тълпата, косъм да не падне! Как да не се възмущаваш?... Благодарение на такива мекушави диванета ти цели осем години чака в Халки... Да им пишеш толкова стихотворения за звездите и за въздишките, а те да те карат да чакаш осем години. Осем години! Срам за българския народ. Поне сто хиляди души избиратели от цяла България да бяха отишли под куршумите, ти можеше много по-рано да заемеш днешното си топло място. Ама калпав народ! Страхливци! За кой бяс е тази законност и свобода, ако не се изтребят барем хиляда избиратели?... Дръж се, драги Кочо, тъй те харесвам. Дръж по-често такива речи, за да вдъхнеш по-голямо доверие на големите капии... па си гледай кефа! Че щяло младото поколение да негодува, че щял народът да се вълнува - хич окото ти да не мига! Народът! Народът е стадо, като му завъртиш сопата... Па най-сетне аз ли ще те уча на тия работи!...","Well, those softies have started trying to calm the crowd, so that not a hair on anyone’s head should fall! How can one not be outraged?... Thanks to such spineless softies, you had to wait a full eight years in Halki... To write them so many poems about the stars and about sighs, and for them to make you wait eight years. Eight years! A disgrace to the Bulgarian people. If only at least a hundred thousand voters from all over Bulgaria had gone under the bullets, you could have taken your present warm place much sooner. But what a lousy people! Cowards! What the hell is this legality and freedom for, if not even a thousand voters are to be exterminated?... Hold on, dear Kocho, I like you that way. Give such speeches more often, so as to inspire greater confidence in the big bosses... and then just enjoy yourself! So what if the young generation is going to grumble, so what if the people are going to be stirred up—don’t even blink! The people! The people are a herd; just swing the club at them... And after all, am I the one to teach you these things!..."
17_letter_from_bai_ganyo_to_konstantin_velichkov_bul.csv,"Аз най-много се радвам, че именно ти прибърза да държиш тази реч, не можа никой да те изпревари. Артък и сега ако не си им вдъхнал доверие, повече къде!... Всичките чорбаджии те хвалят! Аферим, казват, Кочо стана наш човек, дойде му най-сетне ума в главата. Опичай си сега ума, дръж този път, па се не бой!... Ама все гледай брей, Кочо, тури някоя пара настрана, зере не се знай - свят като цвят!","I am most glad that it was you who hurried to deliver this speech; no one could get ahead of you. And now, if you have not inspired them with trust, where else could you!... All the notables are praising you! “Bravo,” they say, “Kocho has become one of us; at last, sense has come into his head.” So keep your wits about you now, hold on this time, and don’t be afraid!... But still, mind you, Kocho, put some money aside, for one never knows—life is a flower!"
17_letter_from_bai_ganyo_to_konstantin_velichkov_bul.csv,"Кочо, като прочетеш това писмо - съдери го, да не падне в ръцете на оногози, дето беше ме описал как пътувам по Европа, че пак ще ме изтипари някъде. Чух го онзи ден, говореше на едного: „Брей, язък, хич не очаквах тия думи от нашя Величков“... - па я го слушам и му се чудя на ума. Вятър го вей... Кочо бе, защо издавате още този пусти „Прогрес“? Зарежи го! Аслъ и името му таквоз хлапашко, не прилича вече като на теб солиден човек. Па ако толкова те сърби за писане - пиши си, ама най на място ще бъде да наречеш вестника   „Не му е времето“ и нашите партизани да се наричат тогава немуевремисти.","Kocho, when you read this letter, tear it up so it doesn’t fall into the hands of that fellow who once described me traveling around Europe, because he’ll print me somewhere again. I heard him the other day speaking to someone: “Well, what a pity, I really didn’t expect those words from our Velichkov...” — and I listened to him and wondered at his mind. The wind blows him about... Kocho, why are you still publishing that damned “Progress”? Give it up! And besides, even its name is so childish; it no longer suits a solid man like you. And if you’re itching to write so much, then write away, but it would be most fitting to call the newspaper “It’s Not the Time,” and for our partisans to call themselves, then, not-the-time-ists."
17_letter_from_bai_ganyo_to_konstantin_velichkov_bul.csv,Донесох в дисагите си няколко мускала. Не можеш ли да изкалъпиш някое законче да се попръскват обществените сгради с гюлово масло?,I brought a few small perfume bottles in my saddlebags. Can’t you whip up some little law so that public buildings can be sprinkled with rose oil?
17_letter_from_bai_ganyo_to_konstantin_velichkov_bul.csv,"София, 29 октомври 1894 г.","Sofia, 29 October 1894."
17_letter_from_bai_ganyo_to_konstantin_velichkov_bul.csv,Твой Ганьо Балкански,Your Gancho Balkanski
18_from_the_correspondence_of_bai_ganyo_balkanski_bul.csv,I,I
18_from_the_correspondence_of_bai_ganyo_balkanski_bul.csv,"Почитаемий г. Балкански,","Honorable Mr. Balkanski,"
18_from_the_correspondence_of_bai_ganyo_balkanski_bul.csv,"Може да сте ме вече забравили, но аз ще Ви наумя някои обстоятелства и вярвам, че ще си припомните кой съм. Помните ли, като пътувахте по Европа, бяхте се отбили и в Прага и всичките българи-студенти се отнесоха тъй хладно към Вас, даже Иречек, само аз бях единственият, който Ви поканих у дома си и пренощувахте няколко дена. Помните ли, като ме заварихте с дъщерята на хазяйката? А помните ли, като останахте сами, как Ви гощавали и сте им пели „Нощ е ужасна“? Аз съм същия, Бодков, свърших вече висшето си образование и се завърнах в отечеството си. Понеже нямам между познатите си друго влиятелно лице освен вас, обръщам се с молба към Вас и Ви моля да помолите някоя от редакциите на някой правителствен вестник да напечата приложената тук дописка, от която изпращам копие и за Вас, ако би в случай да се загуби в редакцията. Аз вярвам, че тази дописка е достатъчна, за да си състави правителството понятие за моите идеи; аз даже съм в състояние да напиша много повече от това, ако стане нужда. Аз съм свършил по философията, господин Балкански! Освен това имам към Вас една молба: баща ми е предприемач и сега му бракуват за петдесет хиляди лева обуща, та ще Ви моля да походатайствувате да му ги приемат, както приеха от същия материал на един евреин. Това патриотично ли е?","You may already have forgotten me, but I will remind you of some circumstances, and I believe you will remember who I am. Do you remember when you were traveling through Europe, you also stopped in Prague, and all the Bulgarian students treated you so coldly, even Jireček, while I alone was the only one who invited you to my home and you stayed overnight for several days? Do you remember when you found me with the landlady’s daughter? And do you remember when you were left alone, how they entertained you and you sang to them “Night Is Terrible”? I am the same one, Bodkov; I have now completed my higher education and have returned to my homeland. Since among my acquaintances I have no other influential person besides you, I turn to you with a request and ask you to ask one of the editorial offices of some government newspaper to print the enclosed article, of which I am also sending you a copy, in case it gets lost at the editorial office. I believe that this article is sufficient for the government to form an idea of my views; I am even capable of writing much more than this, if necessary. I have graduated in philosophy, Mr. Balkanski! In addition, I have one request of you: my father is a contractor, and now they are rejecting fifty thousand leva worth of shoes from him, so I will ask you to intercede so that they accept them, just as they accepted from the same material from a Jew. Is that patriotic?"
18_from_the_correspondence_of_bai_ganyo_balkanski_bul.csv,"Да не помислите, че аз пиша дописката си да угодя на правителството. Съвсем не. Бракуването на обущата няма нищо общо с дописката и най-сетне трябва да знаете, че аз не съм человек, който търгува със своите убеждения.","Do not think that I am writing my article to please the government. Not at all. The discarding of the shoes has nothing to do with the article, and at last you should know that I am not a man who trades in his convictions."
18_from_the_correspondence_of_bai_ganyo_balkanski_bul.csv,Приемете уверение в моето отлично към Вас почитание.,Please accept the assurance of my highest esteem.
18_from_the_correspondence_of_bai_ganyo_balkanski_bul.csv,Ваш Бодков,Your Bodkov
18_from_the_correspondence_of_bai_ganyo_balkanski_bul.csv,"P. S. Редакцията може да измени моята дописка, както намери за добре, аз не съм претенциозен човек.",P. S. The editorial staff may alter my contribution as they see fit; I am not a pretentious person.
18_from_the_correspondence_of_bai_ganyo_balkanski_bul.csv,Същий,Same
18_from_the_correspondence_of_bai_ganyo_balkanski_bul.csv,P. P. S. Обущата са бракувани преди три дена.,P. P. S. The shoes were discarded three days ago.
18_from_the_correspondence_of_bai_ganyo_balkanski_bul.csv,Същий,Same
18_from_the_correspondence_of_bai_ganyo_balkanski_bul.csv,"Ето и дописката, за която се поменува в горното писмо:",Here is the article referred to in the above letter:
18_from_the_correspondence_of_bai_ganyo_balkanski_bul.csv,Копие,Copy
18_from_the_correspondence_of_bai_ganyo_balkanski_bul.csv,Писмо до редакцията,Letter to the Editor
18_from_the_correspondence_of_bai_ganyo_balkanski_bul.csv,"Господин редакторе,","Mr. Editor,"
18_from_the_correspondence_of_bai_ganyo_balkanski_bul.csv,"Кръвта ми леденее в жилите, мозъкът ми се сковава към черепа, сърцето ми престава да бие и аз с трепет на душата си взивавам към почитаемото Правителство и го моля да отговори, ще има ли край неговото търпение спрямо разрушителната разюзданост на опозиционната преса? Народът иска да знае (смело мога да утвърдя това) кога ще се пречупят светотатствените пръсти на опозицията, които се осмеляват да докосват - о, ужас! - до Девствената и Свещена Особа на нашия общ Баща, залогът на нашето щастие и благоденствие. Вместо безропотно благоговейно преклонение пред светлото олицетворение на нашата независимост, вместо коленопреклонна готовност към удовлетворение на Височайшите похоти и желания у нас се явяват българи (изроди на българския народ), които се осмеляват да приписват на недосегаемата Особа человечески слабости!!!... Туй е повече от предателство на отечествените интереси. Това е небивал в историята разврат! Даже намериха се такива разбойници на перото, които въстанаха и се постараха да спрат и да осквернят най-голямата добродетел на нашите общини, дето подаряват общински гори, острови и градини на своя Височайши Любимец. Величието на трона е същевременно величие на народа и вместо да се гордеем, че общините ни доказват нагледно своята любов към Короната и Династията, вместо да ликуваме, че нашето доскоро диво отечество се покрива с разкошни дворци и вили, намират се българи - въобразете си, българи! - които и след това не са доволни! Такива недоволници сеят разврат в обществото и българският народ трябва с отвращение да гледа на тях. Те са причината за нравствения упадък на нашето общество и за туй недоверие, което се вселява между правителството и обществото и тъй зле влияе на народния поминък. От това недоверие страдат частните интереси на най-почитаните и добросъвестни търговци, както е случаят с нашия достоуважаем гражданин NN, комуто тия дни са бракували по недоразумение за 50 000 лв. обуща от най-хубав материал. И тъй, Правителството трябва да вземе мерки да се запушат веднъж завинаги устата на опозицията. Това е най-горещото желание на българския народ.","My blood runs cold in my veins, my brain stiffens against my skull, my heart ceases to beat, and with a tremor of my soul I appeal to the honorable Government and beg it to answer: will there be an end to its patience toward the destructive unbridledness of the opposition press? The people want to know (I can boldly affirm this) when the sacrilegious fingers of the opposition, which dare to touch — oh, horror! — the Virgin and Sacred Person of our common Father, the pledge of our happiness and prosperity, will be broken. Instead of a meek, reverent bow before the bright embodiment of our independence, instead of a kneeling readiness to satisfy the Highest lusts and desires, there appear among us Bulgarians (monstrosities of the Bulgarian people) who dare to ascribe human weaknesses to the untouchable Person!!!... This is more than treason to the interests of the fatherland. This is debauchery unprecedented in history! There were even such ruffians of the pen who rose up and tried to stop and defile the greatest virtue of our municipalities, where they donate municipal forests, islands, and gardens to their Highest Favorite. The greatness of the throne is at the same time the greatness of the people, and instead of being proud that our municipalities visibly demonstrate their love for the Crown and the Dynasty, instead of rejoicing that our until recently wild fatherland is being covered with splendid palaces and villas, there are Bulgarians — imagine it, Bulgarians! — who are still not satisfied after all this! Such malcontents sow debauchery in society, and the Bulgarian people must look upon them with disgust. They are the cause of the moral decline of our society and of that distrust which is instilled between the government and society and so badly affects the people’s livelihood. This distrust harms the private interests of the most respected and conscientious merchants, as is the case with our most esteemed citizen NN, whose shoes made of the finest material were these days rejected by mistake for 50,000 leva. And so, the Government must take measures to shut the mouth of the opposition once and for all. This is the most fervent desire of the Bulgarian people."
18_from_the_correspondence_of_bai_ganyo_balkanski_bul.csv,X. У.,X. U.
18_from_the_correspondence_of_bai_ganyo_balkanski_bul.csv,"Господин редакторе,","Mr. Editor,"
18_from_the_correspondence_of_bai_ganyo_balkanski_bul.csv,"Аз Ви обещавам занапред да Ви пиша, колкото искате такива дописки против опозицията, само ще Ви моля името да остане инкогнито за публиката. Аз съм свършил по философията.",I promise you henceforth to write as many such articles against the opposition as you wish; I will only ask that my name remain incognito to the public. I have finished with philosophy.
18_from_the_correspondence_of_bai_ganyo_balkanski_bul.csv,С особно почитание:,With special respect:
18_from_the_correspondence_of_bai_ganyo_balkanski_bul.csv,Бодков,Bodkov
18_from_the_correspondence_of_bai_ganyo_balkanski_bul.csv,II,II
18_from_the_correspondence_of_bai_ganyo_balkanski_bul.csv,"Господине Бодков,","Mr. Bodkov,"
18_from_the_correspondence_of_bai_ganyo_balkanski_bul.csv,"Дохажда ми на ум кой бяхте Ваша милост, ка'ще да не помня, помня и тебе, помня и годеницата Ви и майка й беше зарарсъз, нали ги учих да готвят кое туйцък-онуйцък и на пиано свирехме, много добре помня. Ти си изпекъл занаята, както те виждам аз тебе, туй философията, както се види, не била само за ахмаци хора да изкарва. А за обущата, дето пишеш, малко сте сгрешили, тая работа не става с дописка, видиш ли, че на евреина, дето казваш, приели обущата, приели ги зер, защото той знае де Аврам копае корени, развържи си и ти кесията. Писмото ти прочетох от край до край и проумях за какво ти е зора, ама да бъдеш предприемач, и то не е за всяка уста лъжица, не прилича на философия и трябва сам да се сещаш от кого зависи да ти приемат обущата, на баща ти тоест. А дето казваш за династията, нейсе, карай да върви, модата му е такваз, най-сетне, дума дупка не прави.","It comes to my mind who you were, Your Grace—though I may not remember, I do remember you, and I remember your fiancée too, and her mother was a **zaraarsuz**, wasn’t she? I taught them how to cook this and that, and we even played the piano; I remember it very well. You have mastered the trade, as I see it, you there; this philosophy, it seems, was not meant only to bring out fools. And as for the shoes you write about, you have made a small mistake: that matter does not get settled with a note. You see, the Jew you mention had his shoes accepted—indeed they did accept them—because he knows where Abraham digs roots, so you too should loosen your purse strings. I read your letter from beginning to end and understood what you are so anxious about, but to be an entrepreneur is not a spoonful for every mouth; it is not like philosophy, and you must yourself guess on whom it depends whether your shoes are accepted—on your father, that is. And as for what you say about the dynasty, well, let it be, let it go on; that is the fashion nowadays, after all, and words do not make a hole."
18_from_the_correspondence_of_bai_ganyo_balkanski_bul.csv,Поздравявам Ви,Congratulations to you
18_from_the_correspondence_of_bai_ganyo_balkanski_bul.csv,Ваш Ганьо Балкански,Your Ganyo Balkanski
18_from_the_correspondence_of_bai_ganyo_balkanski_bul.csv,III,III
18_from_the_correspondence_of_bai_ganyo_balkanski_bul.csv,Многоуважаемий господин Ганьо!,Most esteemed Mr. Ganyo!
18_from_the_correspondence_of_bai_ganyo_balkanski_bul.csv,"Обръщам се към Вас, Вие сте народен представител и молим занапред да не се повтарят подобни работи, дето да ходи цял полк из гората и да лаят като кучета и господа офицерите да бият зайци, защото ний не сме пратени да се учим да лаем, а да пазим своето отечество и съвсем уморени, капнали, сълзи ти текат от очите, изгладнял, а те те карат насила да лаеш, хем хубаво да бъде, като копой, инак бой, че не си знаял като ловджийско куче да лаеш, и убиха само пет (5) заека. Добре, че не нараниха някой войник, защото пак ще яде бой, че не се е вардил. Освен това назначиха ме вестовой и аз пера гащичките на детето и на пайтона също аз. Това е едно срамотно нещо и молим да издадете закон и като нямам повече какво да ви пиша, оставам. Скъсайте писмото.","I am addressing you; you are a народен representative, and we ask that in the future such things not be repeated, where an entire regiment has to go through the forest and bark like dogs, and the gentlemen officers beat hares, because we were not sent to learn how to bark, but to defend our fatherland, and completely exhausted, worn out, tears running from your eyes, hungry, and they force you to bark, and it must be done well, like a hound; otherwise, you get beaten for not knowing how to bark like a hunting dog, and they killed only five (5) hares. It is good that they did not injure some soldier, because he would again get beaten for not having guarded himself. Besides that, they assigned me as an orderly, and I wash the child’s little trousers and the python’s as well, I do too. This is a shameful thing, and we ask you to enact a law, and since I have nothing more to write to you, I remain. Tear up the letter."
18_from_the_correspondence_of_bai_ganyo_balkanski_bul.csv,Ваш покорен,Your obedient servant
18_from_the_correspondence_of_bai_ganyo_balkanski_bul.csv,"Тръпко Тръпков, младши войник.","Trapko Trapkov, junior soldier."
18_from_the_correspondence_of_bai_ganyo_balkanski_bul.csv,IV,IV
18_from_the_correspondence_of_bai_ganyo_balkanski_bul.csv,"Господин Тръпко,","Mr. Trŭpko,"
18_from_the_correspondence_of_bai_ganyo_balkanski_bul.csv,"Ти не си ли на Тръпко Комитата син, познавам баща ти. Дето казваш, че ви карали да лаете на зайци из гората, чух го и аз, ама търпение-спасение, дето рекъл оня, против ръжен се не рита. Най-сетне под турците сме търпели цял живот, какво бива да търпим под българи по две годинки, не е голяма работа, а за гащичките не е добро за един мъж, тя е женска работа, но какво да правиш, пери гащичките, па си обръщай главата настрана, политиката така го изисква. Нали ги знаеш какви са, ама ти току мигай, па търпи и поздрави баща си, да не забравиш. Търпение, друго няма, тия работи с търпение се оправят, а не с гюрултия. Покорна глава, нали знаеш, сабя е не сече.","Aren’t you Trъпko Komitata’s son? I know your father. As for what you say—that they made you bark at rabbits in the forest—I heard that too, but patience brings salvation, as the saying goes; one shouldn’t kick against the pricks. After all, we endured the Turks our whole lives; what’s the big deal about enduring Bulgarians for two years? It’s no great matter. And as for the little underpants, that’s not good for a man; it’s women’s work. But what can you do—wash the underpants and turn your head away; politics requires it that way. You know what they’re like, but you just keep blinking and endure, and send your father my regards, don’t forget. Patience, nothing else—these things are sorted out with patience, not with uproar. A submissive head, you know, the sword does not cut it."
18_from_the_correspondence_of_bai_ganyo_balkanski_bul.csv,Ваш доброжелател,Your well-wisher
18_from_the_correspondence_of_bai_ganyo_balkanski_bul.csv,Ганьо Балкански,Ganyo Balkanski
18_from_the_correspondence_of_bai_ganyo_balkanski_bul.csv,V,V
18_from_the_correspondence_of_bai_ganyo_balkanski_bul.csv,"Любезний вуйчо Ганьо,","Dear Uncle Ganyo,"
18_from_the_correspondence_of_bai_ganyo_balkanski_bul.csv,"Аз искам да заведа тая година наша Рада на учение в странство, па да не станат разноски, моля ти се да подействуваш там пред големците да ме командироват за нещо, да изуча някои въпроси или за някаква агитация: може например да изуча въпроса да се прокара нашият шаяк за белгийската войска или да изуча в Швейцария етнографията на куцовласите, или нещо подобно. Те, като искат, могат да измислят деветдесет и девет командировки. Аз съм съгласен и с три наполеона дневни. Отговори ми колкото е възможно по-скоро.","I want to send our Rada abroad to study this year, but so that there won’t be any expenses, I beg you to act there before the bigwigs so that they may send me on some assignment, to study certain questions or for some agitation: for example, I could study the question of getting our homespun cloth introduced for the Belgian army, or study in Switzerland the ethnography of the Vlachs, or something similar. If they want, they can invent ninety-nine assignments. I am also agreeable to three napoleons a day. Reply to me as soon as possible."
18_from_the_correspondence_of_bai_ganyo_balkanski_bul.csv,Твой верен съмишленик и роднина,Your loyal ally and relative
18_from_the_correspondence_of_bai_ganyo_balkanski_bul.csv,Васил,Vasil
18_from_the_correspondence_of_bai_ganyo_balkanski_bul.csv,"P. S. И ти няма да останеш без полза от тази командировка. Ако те питат за образованието ми, кажи им, че макар да нямам диплома, ама аз съм много чел и все едно, че съм с висше образование.","P. S. And you won’t be left without benefit from this business trip either. If they ask you about my education, tell them that although I don’t have a diploma, I have read a great deal, and it’s as if I have a higher education."
18_from_the_correspondence_of_bai_ganyo_balkanski_bul.csv,Същий,Same
18_from_the_correspondence_of_bai_ganyo_balkanski_bul.csv,"На това писмо не можах да намеря отговор в бай Ганьовия тефтер, но в плика намерих черновка от следващата телеграма:","I could not find an answer to this letter in Bay Ganyo’s notebook, but in the envelope I found a draft of the following telegram:"
18_from_the_correspondence_of_bai_ganyo_balkanski_bul.csv,Бърза,Quick
18_from_the_correspondence_of_bai_ganyo_balkanski_bul.csv,Жеравна,Zheravna
18_from_the_correspondence_of_bai_ganyo_balkanski_bul.csv,Васил Мангов,Vasil Mangov
18_from_the_correspondence_of_bai_ganyo_balkanski_bul.csv,"Много си закъснял, Василе, други, по-учен от тебе е вече командирован по тия работи.","You’re very late, Vasile; someone else, more educated than you, has already been assigned to these matters."
18_from_the_correspondence_of_bai_ganyo_balkanski_bul.csv,Балкански,Balkan
18_from_the_correspondence_of_bai_ganyo_balkanski_bul.csv,VI,VI
18_from_the_correspondence_of_bai_ganyo_balkanski_bul.csv,"Достoуважаемий чичо Ганьо,","Most esteemed Uncle Ganyo,"
18_from_the_correspondence_of_bai_ganyo_balkanski_bul.csv,"Человек предполага, а бог разполага: всички планове, които кроихме за моето бъдеще, са разбити на пух и прах. Моята кариера е окончателно съсипана. Аз съм изгонен от училището и съм обречен на тригодишно робство в арестантските роти и причината на всичко туй е пустото българско правописание: в последно време излезе една нова мода, чуждите думи и имена да сме ги пишели тъй, както се били уж изговаряли, напр. да не пишем  министр, а да пишем министър, да не пишем ансамбл, а да пишем ансамбъл,   да не пишем Бокл, а да сме пишели Бокъл, защото това било уж по-свойствено на българския език, като че ли свойството на нашия език е да се приближава непременно към афганистанския. Ний се възпротивихме на нашите учени наставници и те ни обявиха за бунтовници. Навръх Рождество на Исуса Христа, Спасителя на човечеството, под конно-жандармски конвой нас, пеши неволни туристи, подкараха по снежните друмове на майка България и ний крачим, крачим от етап на етап, спим по участъците, посрещат ни пристави, изпращат ни жандарми, а накъде ни водят, и ний сами не знаем. Казват, че за възтържествуване на българското правописание намерили за полезно да ни възпитават по три годинки в арестантските роти. Кой знай! Може и туй чудо да стане. Докаран съм сега тука, във вашия град, и това писмо го пиша от арестантската стая. Ако обичате, елате да се видим и да доведете някой доктор, защото не зная от път ли,от студ ли тия дни почнах да плюя кръв.","Man proposes, but God disposes: all the plans we had made for my future have been shattered to dust. My career is utterly ruined. I have been expelled from school and am doomed to three years of servitude in the convict companies, and the cause of it all is that cursed Bulgarian orthography: lately a new fashion has appeared, namely that foreign words and names should be written as they are supposedly pronounced, for example, not to write *minister*, but *ministar*, not to write *ensemble*, but *ansambal*, not to write *Bokl*, but to write *Bokal*, because this was supposedly more in keeping with the Bulgarian language, as if the property of our language were necessarily to draw near to Afghan. We opposed our learned instructors, and they declared us rebels. On the very day of the Nativity of Jesus Christ, the Savior of mankind, under a mounted gendarme escort, we, footsore unwilling tourists, were driven along the snowy roads of Mother Bulgaria, and we march, march from stage to stage, sleep at the stations, clerks receive us, gendarmes send us off, and where they are taking us, we ourselves do not know. They say that, in order to make Bulgarian orthography triumph, they have found it useful to educate us for three years in the convict companies. Who knows! Perhaps this miracle too will come to pass. I have now been brought here, to your town, and I am writing this letter from the detention room. If you please, come so that we may see each other, and bring a doctor, because I do not know whether it is from the journey or from the cold, but these days I have begun to cough up blood."
18_from_the_correspondence_of_bai_ganyo_balkanski_bul.csv,Твой племянник,Your nephew
18_from_the_correspondence_of_bai_ganyo_balkanski_bul.csv,Стойко,Stoiko
18_from_the_correspondence_of_bai_ganyo_balkanski_bul.csv,"P. S. Чувал съм, чичо, че турците имали обичай за големите празници, като Коледа и Великден, да пускат на свобода под поръчителство християните арестанти да се видят с ближните си и да прекарат божиите празници. Вярно ли е това, чичо?","P. S. I have heard, uncle, that the Turks had a custom on the great holidays, such as Christmas and Easter, to release Christian prisoners on bail so that they could see their loved ones and spend the holy days. Is that true, uncle?"
18_from_the_correspondence_of_bai_ganyo_balkanski_bul.csv,Същий,Same
18_from_the_correspondence_of_bai_ganyo_balkanski_bul.csv,"Любезно внуче Стойко,","Dear grandson Stoyko,"
18_from_the_correspondence_of_bai_ganyo_balkanski_bul.csv,"Каквото си търсил, чичовото, таквоз си и намерил. Кой ти е крив? Аз се чудя как не са ви дръпнали и по един бой отгоре. Разбира се. Ний тука на орехи ли играем, или царство управяме. Каква е тази слободия? Какво ми дрънкаш ти на мене за турците, че биле по-милостиви. Не са те милостиви, ами са ахмаци. Ако бяха умни, нямаше да си дават другиму царството. Ако питаш, мене ми е драго биля, че най-сетне са ви пипнали, както трябва. Плуй сега из участъците и казармите, да ти дойде ума в главата, да помниш кога си вирил глава. Аз не можах от твоето писмо да разбера каква е била причината, пишеш ми за н`ам какъв си   Бòкъл - Мòкъл, ама аз не ти вярвам, макар и да не разбирам от граматика. Кой знай каква пакост сте направили. Аз нямам време да ходя по участъците да се компромитирвам пред големците, че се срещам с бунтовници. Колко пъти съм те поучавал, че покорна глава сабя не я сече. Не си ме слушал - троши си сега главата. Каквото си търсил, чичовото, таквоз си и намерил.","Whatever you were looking for, uncle’s boy, that’s what you found. Who’s to blame? I wonder how they didn’t give you a beating on top of that as well. Of course. Are we playing with walnuts here, or governing a kingdom? What kind of freedom is this? What are you telling me about the Turks, that they were more merciful? They are not merciful, but fools. If they were smart, they wouldn’t give their kingdom to someone else. If you ask me, I’m glad, indeed, that at last they’ve got hold of you properly. Go now and wander through the police stations and barracks until you come to your senses, so you’ll remember when you were sticking your head up. I couldn’t understand from your letter what the reason was; you write to me about some Bokol-Mokol, but I don’t believe you, even though I don’t understand grammar. Who knows what mischief you’ve done again. I don’t have time to go around the police stations and compromise myself before the great men by meeting with rebels. How many times have I taught you that a bowed head is not cut by a sword. You didn’t listen to me — now break your own head. Whatever you were looking for, uncle’s boy, that’s what you found."
18_from_the_correspondence_of_bai_ganyo_balkanski_bul.csv,Твой доброжелател,Your well-wisher
18_from_the_correspondence_of_bai_ganyo_balkanski_bul.csv,Ганьо Балкански,Ganyo Balkanski
