Source File,Content
01_deputy_economy_minister.csv,Deputy Economy Minister: ADB highlights Georgia's favourable business climate and infrastructure ambitions as growth forecast upgraded
01_deputy_economy_minister.csv,"“The Asian Development Bank (ADB) has published its Asian Economic Outlook report, highlighting Georgia’s strong economic growth of 7.5% in 2025. For 2026, against a backdrop of ongoing regional conflicts, the ADB projects growth of 5.5 per cent, an improvement of 0.5 percentage points on the previous forecast,” Vakhtang Tsintsadze, Deputy Minister of Economy and Sustainable Development, has stated."
01_deputy_economy_minister.csv,"The Deputy Minister noted that the report draws particular attention to Georgia’s current account deficit, having fallen to a record low, alongside international reserves reaching a record high."
01_deputy_economy_minister.csv,"For 2026, the ADB expects average inflation in Georgia to stand at 3.8 per cent, reducing the previous year’s figure."
01_deputy_economy_minister.csv,"“The Asian Development Bank also emphasises that Georgia is striving to establish itself as a trade, logistics, and transport hub. In this regard, the report highlights a series of reforms facilitating improvements to customs procedures and related processes. The Bank further underscores Georgia’s infrastructure achievements, both in port development and rail connectivity,” said Vakhtang Tsintsadze."
01_deputy_economy_minister.csv,"According to the Deputy Minister, the ADB report singles out Georgia’s attractive business environment for particular praise, drawing attention to the country’s free trade agreements, as well as the mechanisms in place to safeguard investors’ interests, all of which, taken together, serve to strengthen the confidence of both domestic and international investors and enhance Georgia’s appeal as an investment destination."
02_georgia_to_recognise.csv,Georgia to recognise pre-2010 diplomas under legislative reform
02_georgia_to_recognise.csv,"“The Georgian government will submit legislative amendments to parliament that will resolve longstanding diploma recognition issues, affecting thousands of citizens who graduated before 2010,” Givi Mikanadze, Georgia’s Minister of Education, Science and Youth, announced."
02_georgia_to_recognise.csv,"According to the Minister, the amendments will place four-year full-time and five-year part-time degrees on an equal footing."
02_georgia_to_recognise.csv,"The changes will affect students who enrolled under an accredited programme but completed their studies after the institution lost its accredited status, as well as citizens who were admitted to universities before those institutions had obtained the requisite licence."
02_georgia_to_recognise.csv,"“We had a situation where our citizens completed a four-year programme, studied exactly the same number of subjects, and received exactly the same qualification as those on a five-year part-time course. Under the previous legislation, a five-year degree was considered equivalent to a Master’s qualification, whereas a four-year degree was recognised solely as a Bachelor’s. Under the new amendments, those who complete a four-year programme will receive a diploma equivalent to a Master’s degree, significantly broadening their employment prospects in their chosen fields."
02_georgia_to_recognise.csv,"“Before 2010, before a unified system was established, there was no registry in the education sector to keep students properly informed. There have been instances where certain universities, not yet accredited, failed to disclose this information to prospective students and proceeded to enrol them regardless. When the time came to issue diplomas, graduates found themselves unable to have those documents recognised."
02_georgia_to_recognise.csv,"Furthermore, some higher education institutions held authorisation for a limited period, only to lose it mid-course, again, without informing their students, who subsequently faced the same difficulties."
02_georgia_to_recognise.csv,"These legislative amendments will finally end the long, difficult process our citizens have endured to get diploma recognition, eliminating court appearances, appeals, and the significant time and effort they have invested. All of that will be consigned to history, and the diplomas of thousands of our citizens will at last be recognised,” said Givi Mikanadze."
03_good_friday.csv,Good Friday at Holy Trinity Cathedral in pictures
03_good_friday.csv,"Today is Good Friday, the most solemn day of Holy Week. The Orthodox Church commemorates the crucifixion of Jesus Christ, His descent from the Cross, and His burial."
03_good_friday.csv,"The Locum Tenens of the Patriarchal Throne, Metropolitan Shio, is conducting the Royal Hours, Vespers, and the Rite of the Descent from the Cross at the Patriarchal Cathedral of the Holy Trinity."
03_good_friday.csv,"No Divine Liturgy is celebrated on Good Friday, for according to the Gospel, the Lord offered Himself as a sacrifice for the redemption of humanity from sin. In its place, the Royal Hours are observed, during which the Passion narrative is read from the Gospels."
04_metropolitan_shio.csv,"Metropolitan Shio: If our desire is true and sincere, the Lord will come in His grace and cleanse us"
04_metropolitan_shio.csv,"“The Lord awaits the moment when we compel our souls, burdened and wounded by sin, to turn towards Him and seek salvation and mercy. Our correction, our inner transformation, is possible only through God. It is not within our own power to achieve it,” declared the Locum Tenens of the Patriarchal Throne, Metropolitan Shio of Senaki and Chkhorotsku (Mujiri), in his homily at the Holy Trinity Cathedral, where the Vespers of the Descent from the Cross had been performed shortly before."
04_metropolitan_shio.csv,"In the words of Metropolitan Shio, “if our desire is genuine, strong, and earnest, the Lord will assuredly come in His grace, correct us, and cleanse us.”"
04_metropolitan_shio.csv,"“Through the glorious and ancient liturgy of our Church, composed by the great holy Fathers, celebrated hymnographers, the finest poets, thinkers, and wise men, we are granted not merely to learn of the events surrounding the Lord Jesus Christ from the Gospel, but to become participants in those events through the act of worship itself. And so today we have brought forth the holy Descent from the Cross, and each one of us is a participant in this mystery."
04_metropolitan_shio.csv,"Those gathered here, those who are gathered, are not those who, a short while ago, cried out: Crucify Him, crucify Him. We are those who say to the Lord: Forgive us, O Lord. The Church teaches us that through our sins we crucify the Lord again and again. He came to this earth, took on flesh, suffered, and died to free us from the bondage of sin, from the burden of sin."
04_metropolitan_shio.csv,"Who was the first person whom the Lord set free from that burden? One of the crucified thieves, the wise thief, who was so moved by the sufferings of the innocent Saviour that he confessed his own sins and, from the Cross, turned to the Saviour in repentance. And it is precisely this that the Lord awaits from us: that we should compel our souls, burdened and wounded by sin, to turn to God and seek salvation and mercy."
04_metropolitan_shio.csv,"Many of us, some for years on end, try independently to set something right within our souls, within our lives, without God, by our own strength alone. It is a futile endeavour. It is nothing but a proud and foolish attempt, for our correction, our inner transformation, is possible only through God. It is not within our own power. We may, perhaps, alter our outward behaviour in some small measure, but to change inwardly is beyond our reach, as the Lord Himself says: Without Me, ye can do nothing."
04_metropolitan_shio.csv,"Dear brothers and sisters, the Lord desires our correction and our cleansing. Let me remind you: a sick man once came to Him and said, Lord, if Thou wilt, Thou canst make me clean. And what did the Lord answer? I will. Be thou clean. This is the Lord’s desire. The will of man and the will of God met as one, and that man was healed."
04_metropolitan_shio.csv,"So it is that the Lord desires our correction and our cleansing even more than we desire it ourselves. If our desire is true, strong, and earnest, and we turn to the Lord and seek His help, He will assuredly come in His grace, correct us, and cleanse us. God bless you and give you strength. Let us pray to the Lord that He grant us the strength and the help to walk in the way of truth and light, and together with Christ. Amen,” said Metropolitan Shio."
05_people_power.csv,People's Power's Khundadze: Peace fosters economic development; Georgia is heading in right direction with improvisational policy
05_people_power.csv,"“Peace is the sole indispensable condition for economic development,” declared MP Dimitri Khundadze, Secretary-General of People’s Power."
05_people_power.csv,"Speaking about Georgia’s role as a key player along the Middle Corridor, Khundadze argued that the country’s continued economic growth is what will preserve its standing as a regional leader."
05_people_power.csv,"This, he maintained, is only achievable in conditions of peace, for war and development are simply incompatible."
05_people_power.csv,"“Peace is an absolute prerequisite for making full use of the country’s transit potential. Just a few days ago, when tensions in the Middle East escalated sharply, Georgian airspace was the only corridor on the transport and aviation map operating at full capacity. That is a small but telling illustration of the broader point I am making: peace is the foundation upon which our transit function rests."
05_people_power.csv,"How can a country join sanctions when doing so yields no result whatsoever, not even for those demanding them? Can anyone seriously envisage Georgian sanctions bringing the Russian economy to its knees? Our opponents advocate for active measures to improve living standards, including higher pensions, higher wages, more jobs, and a flourishing tourism sector, among others. They even put figures to it. Representatives of Gakharia’s party have tabled a proposal for a minimum wage of 1,050 lari. Lelo is calling for pensions to be raised to 1,000 lari. And all of this, supposedly, against a backdrop of sanctions? In wartime, such things are simply unthinkable."
05_people_power.csv,"These are cynically noble-sounding declarations. Some have even let slip that they would sooner see bombs raining down on Georgia than see peace endure here. Development and war are irreconcilable. Georgia, with its pragmatic, some might say improvised, policy, is heading in the right direction."
05_people_power.csv,"By way of comparison: in Ukraine today, nobody is thinking about raising pensions or building schools and nurseries. There is only one thought in Ukraine: how to keep this or that family member alive. More than ten million people have already been displaced. The economy is in ruins."
05_people_power.csv,"Meanwhile, in Georgia, tourism revenue has increased over the past year, rising from 4.4 billion in 2024 to 4.7 billion in 2025. Investment is growing. The national economy has expanded towards the 100 billion mark. This is precisely where the opportunity lies: to develop infrastructure, attract investment, and welcome ever greater numbers of visitors. From that foundation, it becomes possible to raise pensions more swiftly and create jobs at a greater pace; some 40,000 new positions have been added in recent times alone."
05_people_power.csv,"I am not claiming that everything is perfect. What I am saying is that in this extraordinarily difficult period, and through this policy, we have not merely preserved peace and averted war, we have managed, across every front, to be in a better position than we were yesterday. But that is not enough. We want better still,” said Dimitri Khundadze."
06_tbilisi_offers_free_metro.csv,Tbilisi offers free metro and bus travel over Easter
06_tbilisi_offers_free_metro.csv,"Tbilisi City Hall announced that Tbilisi Metro will run until 04:00 on April 12, with travel free of charge between 23:00 on April 11 and 04:00 on April 12 in celebration of Easter."
06_tbilisi_offers_free_metro.csv,"Furthermore, the city authorities have introduced nine temporary bus routes for April 12 and 13."
06_tbilisi_offers_free_metro.csv,"“Buses will run from 08:00 to 20:00, serving the cemeteries of Mukhатgverdi, Vashlijvari, Kukia, New Kukia, Makhata, Saburtalo, Ghrmаghele, Veli, and Varketili."
06_tbilisi_offers_free_metro.csv,"Services will depart from the following metro stations: Marjanishvili, Delisi, Sarajishvili, and the area adjacent to Varketili station, as well as from the upper exit of Didube station, Station Square (opposite Tbilisi Central), Besarion Chichinadze Street (opposite Building No. 25), and Varketili Third Massif, at the junction of Shuamta and Abashvili Streets."
06_tbilisi_offers_free_metro.csv,"Travel on all of these routes will be entirely free of charge for both days,” the City Hall statement confirmed."
07_trailers_and_semi-trailers.csv,Trailers and semi-trailers are banned on Nakerala Pass and Sachkhere-Uzunta-Shkmeri-Zudali road due to snow
07_trailers_and_semi-trailers.csv,"Due to snowfall, the movement of trailers and semi-trailers is temporarily prohibited on the section of the Kutaisi (Motsameta)-Tkibuli-Ambrolauri national road between kilometres 39 and 60 (Nakerala Pass), as well as on the Sachkhere (Sareki)-Uzunta-Shkmeri-Zudali road."
07_trailers_and_semi-trailers.csv,"According to the Roads Department of the Ministry of Infrastructure of Georgia, the movement of other types of vehicles remains unrestricted."
08_vehicle_movement.csv,Vehicle movement on Gudauri (Post)-Kobi section is prohibited amid high avalanche risk
08_vehicle_movement.csv,The Roads Department of Georgia’s Ministry of Infrastructure has announced a restriction on vehicle movement along the Gudauri (Post)-Kobi section of the Mtskheta-Stepantsminda-Larsi highway.
08_vehicle_movement.csv,"According to the Roads Department, the avalanche danger level is currently high on this stretch of the route."
08_vehicle_movement.csv,"“Based on information from the Roads Department of the Ministry of Infrastructure of Georgia and the National Environmental Agency (NEA), the avalanche risk on the Gudauri (Post)-Kobi section of the internationally significant Mtskheta-Stepantsminda-Larsi highway is deemed high, and all types of vehicle movement are therefore temporarily prohibited on this section."
08_vehicle_movement.csv,"The National Environmental Agency has confirmed that vehicle traffic on the Mleta-Gudauri section will continue to operate non-stop,” the statement reads."
09_vespers_of_the_descent.csv,Vespers of the Descent from the Cross observed at Holy Trinity Cathedral
09_vespers_of_the_descent.csv,The traditional Vespers of the Descent from the Cross have been performed at the Holy Trinity Patriarchal Cathedral. The service symbolically re-enacts the burial and lamentation of the crucified Jesus Christ.
09_vespers_of_the_descent.csv,"The Locum Tenens of the Patriarchal Throne, Metropolitan Shio of Senaki and Chkhorotsku (Mujiri), together with fellow bishops, conducted the vespers."
09_vespers_of_the_descent.csv,"Today is Good Friday, the most solemn day of Holy Week. The Orthodox Church commemorates the crucifixion of Jesus Christ, His descent from the Cross, and His burial."
09_vespers_of_the_descent.csv,"No Divine Liturgy is celebrated on Good Friday, for according to the Gospel, the Lord offered Himself as a sacrifice for the redemption of humanity from sin. In its place, the Royal Hours are observed, during which the Passion narrative is read from the Gospels."
09_vespers_of_the_descent.csv,"The faithful mark the day by dyeing eggs red and baking Easter breads, for according to the Gospel, the crucifixion of Jesus Christ took place during the Jewish Passover."
10_water_polo.csv,Water Polo: Georgia beats Turkey and takes stride towards World Cup #1TVSPORT
10_water_polo.csv,The Georgian national water polo team faced Turkey in the round of 16 of the World Cup qualifiers and won 19–12. It was a thoroughly deserved act of revenge for their defeat by the same side in the group stage.
10_water_polo.csv,"The victory sends Georgia through to the quarter-finals, where their opponents will be determined in due course, the winner of the Canada–Ukraine tie. To secure a place at the World Cup, Georgia must win two more matches: the quarter-final and the semi-final, with berths at the tournament awarded to both finalists."
10_water_polo.csv,The 2026 Water Polo World Cup takes place in Australia from July 22 to 26.
01_ge_Irakli_Kobakhidze.csv,"Irakli Kobakhidze: Just like the Prime Minister, the State Minister will also be fully supported by the Government Administration’s resources; there is nothing to mock here, although the opposition still speculates - this is their nature and it is not interesting (28.04.2026, 16:30)"
01_ge_Irakli_Kobakhidze.csv,"“Just like the Prime Minister and the Vice Prime Minister, the State Minister for Coordination of Law Enforcement Agencies will also be fully served by the resources of the Government Administration. As you can see, there is nothing to ridicule here, although the opposition still manages to spread speculation - this is their nature and it is not interesting,” Prime Minister Irakli Kobakhidze told journalists."
01_ge_Irakli_Kobakhidze.csv,"According to him, the purpose of creating the new structural unit is to further strgethen the law enforcement system."
01_ge_Irakli_Kobakhidze.csv,"“These changes were aimed at strgethening the law enforcement system even further. A new link has been created - a coordination link. Mamuka Mdinaradze had already been performing this function before, but from a specific agency. That was the factual situation. We decided to formalize what already existed, which was the correct approach. In reality, the structures will remain independent - namely, the Ministry of Internal Affairs, the State Security Service, and the Special State Protection Service - and overall coordination will be ensured. The position of State Minister is designed for this purpose and will further strgethen the fight against crime and the maintenance of public order. As you know, over the past year we have implemented fundamental changes in all directions,” Kobakhidze said."
01_ge_Irakli_Kobakhidze.csv,"He also responded to a question about comparisons between former head of the State Security Service, Grigol Liluashvili, who is currently in detention, and Mamuka Mdinaradze, stating that “the processes developed differently then, and will develop differently now.”"
01_ge_Irakli_Kobakhidze.csv,"“The situation is radically different, and the context is entirely different. Mamuka Mdinaradze is an exceptionally successful member of our team. His work in the State Security Service was particularly successful, including in combating corruption and terrorist crimes. He implemented very important systemic changes. This is a different background, and accordingly, future developments will also be different,” Kobakhidze said."
01_ge_Irakli_Kobakhidze.csv,"Parliament is considering, under an accelerated procedure, a draft law introducing the position of State Minister for Coordination of Law Enforcement Agencies within the Government of Georgia. According to the draft, the Government Administration will provide material, technical, and organizational support for the new State Minister."
01_ge_Irakli_Kobakhidze.csv,"According to Government Parliamentary Secretary Vakhtang Bachiashvili, the State Minister’s powers will be specified in a government decree, and the minister will be based in the Government Administration building."
02_ge_Giorgi_Sharashidze.csv,"Giorgi Sharashidze: What vice premiership or state minister position are we talking about, when he won’t even be given a proper office, won’t have an apparatus, and won’t even have a secretary? I would advise Mdinaradze not to obsess over the office and to work remotely instead (28.04.2026, 12:20)"
02_ge_Giorgi_Sharashidze.csv,"Speaking about the creation of the State Minister position for coordinating law enforcement bodies, “For Georgia” party MP Giorgi Sharashidze said: “What vice premiership or state minister role are we even talking about, when Mamuka Mdinaradze won’t be given a proper office, won’t have an apparatus, and won’t even have a secretary? I would advise him not to fixate too much on the office and to work remotely from home instead."
02_ge_Giorgi_Sharashidze.csv,"The planned changes have nothing to do with solving the problems of our citizens or addressing Georgia’s security challgees. This is yet another manifestation of informal governance. ‘Georgian Dream’ and the 89 MPs sitting in parliament have no role other than to justify decisions made by Ivanishvili, which are not even discussed with them."
02_ge_Giorgi_Sharashidze.csv,"If coordination is so important, then the head of the State Security Service would not be replaced within six months. The position is set for a six-year term for a reason - that provision in the law is not accidental. Yet we see that in the past year alone, two heads of the State Security Service have already been changed. This points to an unstable environment and informal governance. A person was granted a general’s rank in the morning and by the evening was reassigned as a coordinator - what kind of expectations can we have from such a situation?"
02_ge_Giorgi_Sharashidze.csv,"As for the term ‘coordinator,’ it was introduced by ‘Georgian Dream’ itself. Yesterday, when one of our leaders, Giga Parulava, mentioned during a Legal Committee session that this was essentially a coordinator role, it triggered irritation - his wording and tone were criticized. This term was introduced by them, and if they now find it offensive, they should explain where it came from. So when we say that appointing a ‘general coordinator’ will change nothing except temporarily satisfying him and moving him toward retirement, that is the reality,” Sharashidze said."
02_ge_Giorgi_Sharashidze.csv,"For context, parliament is considering an expedited draft law introducing the position of State Minister for the Coordination of Law Enforcement Bodies within the government structure."
02_ge_Giorgi_Sharashidze.csv,"According to the draft, the Government Administration will provide material, technical, and organizational support for the new State Minister."
02_ge_Giorgi_Sharashidze.csv,"Government parliamentary secretary Vakhtang Bachiashvili stated that the minister’s powers will be specified in a government resolution, outlining both routine and strategic responsibilities."
02_ge_Giorgi_Sharashidze.csv,Mamuka Mdinaradze is expected to be appointed to the position of State Minister for the Coordination of Law Enforcement Bodies.
03_ge_Mariam_Kvrivishvili.csv,"Mariam Kvrivishvili - We have signed an updated version of the Free Trade Agreement with China, which will further strgethen and consolidate trade and economic relations between the two countries (25.04.2026, 11:27)"
03_ge_Mariam_Kvrivishvili.csv,"The visit to the People's Republic of China ended with successful results, which will positively affect the further development of economic ties between Georgia and China, - said Mariam Kvrivishvili, Minister of Economy and Sustainable Development of Georgia."
03_ge_Mariam_Kvrivishvili.csv,"According to the Minister, high-level meetings were held with representatives of the Chinese state and private sectors within the framework of the visit. Mariam Kvrivishvili placed special emphasis on the meeting held at the National Reform and Development Commission of China, during which the parties agreed to establish a dialogue mechanism between Georgia and China to attract investments, which will facilitate the implementation of investments from China."
03_ge_Mariam_Kvrivishvili.csv,"""Together with the Minister of Commerce, I signed an updated version of the Free Trade Agreement, which will further strgethen and consolidate trade and economic relations between the two countries. In addition, we made a very important decision to create an intergovernmental format that will ensure the attraction of the largest investments, as well as support for the involvement of Chinese companies in strategic projects,"" - said Mariam Kvrivishvili."
03_ge_Mariam_Kvrivishvili.csv,"The Minister also drew attention to the meeting with the leaders of the China Eastern Airlines, at which a decision was made to launch direct flights from Shanghai to Tbilisi from July 15. As Mariam Kvrivishvili noted, the Shanghai direction, as well as the Chinese tourist market in general, is strategic for Georgia, and direct air traffic will contribute to both the growth of tourist flows and the arrival of visitors with purchasing power in the country."
03_ge_Mariam_Kvrivishvili.csv,"""This decision will strgethen people-to-people relations, economic ties and provide an incentive to strgethen our country's tourism industry, diversify it and generate additional income in our country directly from the tourism industry,"" said Mariam Kvrivishvili."
03_ge_Mariam_Kvrivishvili.csv,"Meetings were held with China's largest energy and automobile manufacturing companies within the framework of the visit. As Mariam Kvrivishvili noted, the meetings discussed Georgia's investment opportunities, which will contribute to attracting additional investments from China, developing local production and strgethening the energy sector."
04_ge_Maka_Botchorishvili.csv,"Maka Botchorishvili on Pawel Herczynski - We do not need to polarize society or incite a radical agenda, we do not need either a dark past or similar threats - the government feels best at what crossroads Georgia is (27.04.2026, 14:15)"
04_ge_Maka_Botchorishvili.csv,"No matter what explanation we hear, facts and actions remain facts and actions. The picture we see is unacceptable, - Foreign Minister Maka Botchorishvili told reporters after a meeting with EU Ambassador Pawel Herczyński."
04_ge_Maka_Botchorishvili.csv,"According to her, the government feels best at which crossroads Georgia is standing and how much we do not need either the dark past or similar threats."
04_ge_Maka_Botchorishvili.csv,"“No one can understand and comprehend better than us, the Georgians and the government elected by the Georgian people, the crossroads this country is at. The will of the Georgian people is expressed in the choice of the Georgian government. The government represents the will of the people they are so worried about. Accordingly, the government feels best the crossroads Georgia is at, how much Georgia’s security needs to be cared and how much we need stability. How much we do not need to polarize this society and incite a radical agenda. Also, we do not need either the dark past or similar threats,” said Botchorishvili."
04_ge_Maka_Botchorishvili.csv,"When asked what was threatening in Pawel Herczynski’s statement, Botchorishvili replied that everything that stirs up polarization in society is unacceptable."
04_ge_Maka_Botchorishvili.csv,"“The statements, actions, steps that are being taken by Brussels, the attitude that we see towards the Georgian government, are unacceptable and are aimed at polarization in this society. Everything that stirs up polarization in our society and incites a radical agenda is unacceptable,” the Foreign Minister noted."
04_ge_Maka_Botchorishvili.csv,"When asked whether she had heard an explanation from Pawel Herczyński about his statement, Botchorishvili replied that they expect that the attitude from Brussels will be what Georgia deserves."
04_ge_Maka_Botchorishvili.csv,"“No matter what explanation we hear, facts and actions remain facts and actions. The picture we see is unacceptable. Georgia is a bona fide partner! It has not done anything towards the European Union to damage any of the EU’s interests. Accordingly, we expect from the European Union that Brussels will have the attitude that Georgia deserves – in good faith relations. We do not see this at this stage and the steps we see are a reflection of this. If we want relations to return to normal, we must at least respect each other and at least these relations must be based on trust, which is shaken by such statements,” said Maka Botchorishvili."
04_ge_Maka_Botchorishvili.csv,"Maka Botchorishvili met with the EU Ambassador to Georgia, Pawel Herczyński, at the Palace of Ceremonies. The summoning of Pawel Herczyński to the meeting was related to a statement he made at the documentary photo exhibition “Georgia in Focus” in Brussels at the European External Action Service, where he noted that Georgia was no longer on the right trajectory. According to the ambassador, the government has chosen an alternative, authoritarian model and is distancing Georgia from the European Union."
04_ge_Maka_Botchorishvili.csv,"“Georgia is at a crossroads. Georgia’s future has not yet been written, but what will be decided in the coming weeks and months will determine whether Georgia belongs to the family of European countries, based on democracy, the rule of law and human rights, or, unfortunately, returns to its dark past. My main message to the Georgian people is “do not lose hope”. We must not allow Georgia and the wonderful, warm, hospitable Georgian people to return to the dark times of violence, civil war, poverty, hardship, corruption. This is not the future they deserve. As soon as the government expresses a desire to cooperate with us, we will do everything to help Georgia become a member of the European Union,” Herczyński was quoted as saying by Negtazeti."
05_ge_Archpriest_Andria.csv,"Archpriest Andria Jagmaidze: A candidate must not be older than 70; as for education, can someone apply for a job and say: ""I don’t have a diploma, but I’m educated""? The Synod must strictly follow the regulations (28.04.2026, 12:00)"
05_ge_Archpriest_Andria.csv,"According to the head of the Patriarchate’s Public Relations Service, Archpriest Andria Jagmaidze, the Holy Synod must strictly adhere to the Church’s governing statute when selecting candidates. “In the criteria, we read that the candidate must be Georgian, must be a monk, must be a member of the Synod, must have an education, and regarding age, it is specified that the person must be at least 40 years old and no more than 70. This Synod does not have the authority to change the statute and must strictly follow it,” Jagmaidze stated."
05_ge_Archpriest_Andria.csv,He emphasized that adherence to established rules is essential for the life of the Church.
05_ge_Archpriest_Andria.csv,"“Today, the Synod will select three candidates for the Patriarchate, and afterward, an enlarged session will be held to elect the Patriarch."
05_ge_Archpriest_Andria.csv,"The criteria clearly state that the candidate must be Georgian, must be a monk, must be a member of the Synod, must have an education, and must be at least 40 years old but not older than 70."
05_ge_Archpriest_Andria.csv,"I am a mathematician - the phrase ‘not older than 70’ means that once a person exceeds 70 by even a day, they are no longer within that limit. Seventy plus any additional days or months is already over 70. From a mathematical perspective, this is completely clear. However, we will see what decision the Synod makes."
05_ge_Archpriest_Andria.csv,"Another point is that this Synod does not have the authority to amend the governing statute and must strictly follow it. As for education, how can someone without a diploma apply for a job vacancy and say, ‘I don’t have a diploma, but I am educated’? That would not work in any job."
05_ge_Archpriest_Andria.csv,"Any issue can be subject to interpretation. For example, what does it mean to be ‘Georgian’? I had a friend who was Yezidi but was deeply Georgian in spirit. If we reason like that, everything can be questioned. There is also the concept of ‘hidden monks’ - someone who is not formally tonsured but lives a monastic life. So everything can be open to interpretation. That is why I believe it is very important for the Church that the established rules are followed."
05_ge_Archpriest_Andria.csv,"We have already received information about delegates from most dioceses,” Jagmaidze said."
06_ge_Armaz_Akhvlediani.csv,"Armaz Akhvlediani: The authorities supported Metropolitan Shio, that is clearer than clear - he was and is involved - we saw it, and I suspect we will see it even before the historical Synod begins where the Patriarch is to be elected (28.04.2026, 19:50)"
06_ge_Armaz_Akhvlediani.csv,"“It is possible that by the final session, where the Patriarch is to be selected by the Synod, the configuration may change to some extent. Metropolitan Shio has advanced, but I would not rush and would not make final conclusions,” said politician Armaz Akhvlediani in the program “Resume” on PalitraNews."
06_ge_Armaz_Akhvlediani.csv,"According to Akhvlediani, everything will depend on where the votes of the other two candidates go."
06_ge_Armaz_Akhvlediani.csv,"“The main decision is ahead. Today, the Synod session only selected the candidates; we already know the results of how many votes each received. Let us also not forget that by the final session, where the Patriarch is to be elected, it is not excluded that the configuration may change. However, today it is visible who is ahead – Metropolitan Shio has advanced, but I would not rush or make final conclusions, unlike others."
06_ge_Armaz_Akhvlediani.csv,"Today the Patriarch was not being elected; today only three candidates were selected. When one is to be chosen, it is possible that the other two may agree on where their votes, as well as others’ votes, will go,” Akhvlediani said."
06_ge_Armaz_Akhvlediani.csv,"According to him, it is “clear as day” that the authorities are interfering in the Patriarchal election and supporting Metropolitan Shio."
06_ge_Armaz_Akhvlediani.csv,"“The authorities supported Metropolitan Shio; that is clearer than clear. He was and is involved. Let us say it directly – all pro-government media, from morning to evening, actively, in every context, regardless of the topic, directly or indirectly supported this one candidate. If this is not interference, then what is interference? As for other forms of interference, I cannot speak about that – I have no facts; if I had, I would say it. But I have a reasonable suspicion and assumption that any ill-intentioned government in any era has mechanisms of influence, pressure, and leverage – especially a government whose authority is already destroyed and which seeks to cling to something, in this case the inherited authority of the Church, to use it for its own benefit. We have seen this over time, and I suspect we will see it even before the historical Synod begins, where the final Patriarch is to be selected,” Akhvlediani said."
06_ge_Armaz_Akhvlediani.csv,"For context, the Holy Synod selected three patriarchal candidates: Locum Tenens of the Patriarchal Throne, Metropolitan Shio (Mujiri) of Senaki and Chkhorotsku; Metropolitan Iobi of Urbnisi and Ruisi; and Metropolitan Grigol of Poti and Khobi."
06_ge_Armaz_Akhvlediani.csv,"According to Archpriest Andria Jaghmaidze, head of the Patriarchate’s Public Relations Service, Metropolitan Shio received 20 votes, while the other two candidates received 7 votes each. Other candidates included Metropolitan Grigol Katia, Metropolitan Dositheos, and Metropolitan Melkisedek."
07_ge_Giorgi_Sharashidze.csv,"Giorgi Sharashidze: What vice premiership or state minister position are we talking about, when he won’t even be given a proper office, won’t have an apparatus, and won’t even have a secretary? I would advise Mdinaradze not to obsess over the office and to work remotely instead (28.04.2026, 12:20)"
07_ge_Giorgi_Sharashidze.csv,"Speaking about the creation of the State Minister position for coordinating law enforcement bodies, “For Georgia” party MP Giorgi Sharashidze said: “What vice premiership or state minister role are we even talking about, when Mamuka Mdinaradze won’t be given a proper office, won’t have an apparatus, and won’t even have a secretary? I would advise him not to fixate too much on the office and to work remotely from home instead."
07_ge_Giorgi_Sharashidze.csv,"The planned changes have nothing to do with solving the problems of our citizens or addressing Georgia’s security challgees. This is yet another manifestation of informal governance. ‘Georgian Dream’ and the 89 MPs sitting in parliament have no role other than to justify decisions made by Ivanishvili, which are not even discussed with them."
07_ge_Giorgi_Sharashidze.csv,"If coordination is so important, then the head of the State Security Service would not be replaced within six months. The position is set for a six-year term for a reason - that provision in the law is not accidental. Yet we see that in the past year alone, two heads of the State Security Service have already been changed. This points to an unstable environment and informal governance. A person was granted a general’s rank in the morning and by the evening was reassigned as a coordinator - what kind of expectations can we have from such a situation?"
07_ge_Giorgi_Sharashidze.csv,"As for the term ‘coordinator,’ it was introduced by ‘Georgian Dream’ itself. Yesterday, when one of our leaders, Giga Parulava, mentioned during a Legal Committee session that this was essentially a coordinator role, it triggered irritation - his wording and tone were criticized. This term was introduced by them, and if they now find it offensive, they should explain where it came from. So when we say that appointing a ‘general coordinator’ will change nothing except temporarily satisfying him and moving him toward retirement, that is the reality,” Sharashidze said."
07_ge_Giorgi_Sharashidze.csv,"For context, parliament is considering an expedited draft law introducing the position of State Minister for the Coordination of Law Enforcement Bodies within the government structure."
07_ge_Giorgi_Sharashidze.csv,"According to the draft, the Government Administration will provide material, technical, and organizational support for the new State Minister."
07_ge_Giorgi_Sharashidze.csv,"Government parliamentary secretary Vakhtang Bachiashvili stated that the minister’s powers will be specified in a government resolution, outlining both routine and strategic responsibilities."
07_ge_Giorgi_Sharashidze.csv,Mamuka Mdinaradze is expected to be appointed to the position of State Minister for the Coordination of Law Enforcement Bodies.
08_ge_Classification_wine.csv,"Classification of so-called small wineries is changing: a small winery will be defined as a wine-producing enterprise whose annual output does not exceed 25,000 liters of wine (16.04.2026, 16:39)"
08_ge_Classification_wine.csv,"The classification of so-called small wineries is being changed — a small winery will now be defined as a wine-producing enterprise whose annual production does not exceed 25,000 liters of wine."
08_ge_Classification_wine.csv,"In addition, organoleptic inspection (sensory evaluation) will become mandatory for all categories of wine produced in Georgia with a protected designation of origin and intended for export or the domestic consumer market. This requirement will not apply to wine produced in small wineries."
08_ge_Classification_wine.csv,"The relevant amendments are being introduced to the Law “On Vine and Wine,” prepared by the Ministry of Environmental Protection and Agriculture. The draft law has been submitted to Parliament by the government."
08_ge_Classification_wine.csv,"According to the draft, labeling of certified alcoholic beverages intended for sale will become mandatory. The labeling will be carried out by the Wine Agency under a procedure established by the Minister of Environmental Protection and Agriculture."
08_ge_Classification_wine.csv,"Under the current Law “On Vine and Wine,” a small winery was defined as a traditional family wine cellar with annual production not exceeding 40,000 liters. Under the changes, this threshold is reduced from 40,000 to 25,000 liters."
08_ge_Classification_wine.csv,"The explanatory note attached to the draft law states: “Since the concept of a small winery and excessive production volume has effectively lost its meaning, there is a need to amend this term and reduce the production threshold for small wineries."
08_ge_Classification_wine.csv,"It should be taken into account that such wine, through its organoleptic characteristics and taste qualities, has an overall impact on the reputation of Georgian wine both in domestic and international markets. In order to regulate this issue, it is important to introduce a new category — ‘natural wine’ instead of ‘home wine’ — which will not be subject to mandatory organoleptic testing only if it is produced in a small winery and if the label includes a specific mark designated for natural wine, ensuring that consumers are properly informed about the product."
08_ge_Classification_wine.csv,"At the same time, it is important to maintain the quality and reputation of Georgian wine on both domestic and international markets. Accordingly, to ensure the supply of high-quality products to consumers, it becomes necessary for all categories of wine — both for export and for the local market — to be subject to organoleptic inspection."
08_ge_Classification_wine.csv,"Based on the above, in order to regulate the issue and introduce appropriate mechanisms, it is considered advisable to introduce labeling for alcoholic beverages and to expand the scope of organoleptic inspection,” the Ministry of Environmental Protection and Agriculture explains in the explanatory note attached to the draft law."
09_ge_Grigol_Gegelia.csv,"Grigol Gegelia – The summoning of Herczyński is another clear proof that this government always serves anti-Georgian goals and aspirations (27.04.2026, 12:20)"
09_ge_Grigol_Gegelia.csv,"The summoning of Herczyński is another clear proof that this government always serves anti-Georgian goals and aspirations, Grigol Gegelia, Foreign Secretary of the Lelo-Strong Georgia, stated regarding the summoning of EU Ambassador Pawel Herczyński."
09_ge_Grigol_Gegelia.csv,"According to Gegelia, at a time when the ambassadors of Iran and Hungary have not been summoned by the Foreign Ministry, the summoning of representatives of Georgia’s strategic partners shows that the Georgian Dream government serves to harm the country’s strategic interests."
09_ge_Grigol_Gegelia.csv,"""At a time when the Iranian ambassador has not been summoned and has not been questioned about why he threatened the Georgian people with such language, at a time when the Hungarian ambassador has not been summoned and has not been asked about the Russian spy who worked in Georgia for 4 years, what we were dealing with, whether Hungary was informed and how we should perceive it, that under Hungarian diplomatic cover he was working in this city, most likely, a Russian spy, and in such a situation, Botchorishvili gives herself the right to attack all the ambassadors who are representatives of this country's strategic partner state. Whether it is because of the statement made at Ilia State University or because of elementary pro-democracy statements, she summons the ambassadors of those states that are the most important strategic partners of our country to resolve the case. This clearly proves that the so-called government is a hostile government of Georgia, which does everything to undermine the national interests of our country, to harm domestic and foreign political interests,"" Grigol Gegelia said."
09_ge_Grigol_Gegelia.csv,"The EU Ambassador to Georgia, who opened a documentary photo exhibition “Georgia in Focus” in Brussels at the European External Action Service, noted that Georgia is no longer on the right trajectory. According to the ambassador, the government has chosen an alternative, authoritarian model and is distancing Georgia from the European Union. “Georgia is at a crossroads. Georgia’s future has not yet been written, but what will be decided in the coming weeks and months will determine whether Georgia belongs to the family of European countries, based on democracy, the rule of law and human rights, or, unfortunately, returns to its dark past. My main message to the Georgian people is “do not lose hope”. We must not allow Georgia and the wonderful, warm, hospitable Georgian people to return to the dark times of violence, civil war, poverty, hardship, corruption. This is not the future they deserve. As soon as the government expresses a desire to cooperate with us, we will do everything to help Georgia become a member of the European Union,” Herczyński was quoted as saying by Negtazeti."
09_ge_Grigol_Gegelia.csv,"Following this statement, the EU Ambassador has been summoned to the Ministry of Foreign Affairs of Georgia."
10_ge_Shalva_Papuashvili.csv,"Shalva Papuashvili - Some European bureaucrats don't understand geography, they think that you can jump over Georgia and connect Europe with Asia - no one has ever won a fight with geography (06.05.2026,  17:46)"
10_ge_Shalva_Papuashvili.csv,"Some European bureaucrats think that they can jump over Georgia and connect Europe to Asia like that - no one has ever won a fight with geography! - this was stated today by the Chairman of the Parliament, Shalva Papuashvili."
10_ge_Shalva_Papuashvili.csv,"According to Papuashvili, “those bureaucrats who think that they can achieve something by bypassing Georgia and not seeing Georgia will once again lose to geography.”"
10_ge_Shalva_Papuashvili.csv,"“Centuries have been like this - the Silk Road did not pass through here in vain... It passed because then, as now, it was the shortest and safest connecting route between Europe and Asia. Some bureaucrats do not understand geography. As we saw in one of the stories before, among them, the French Minister of European Affairs could not find Iran on the map. They also cannot find where Georgia is. Some European bureaucrats think that they can jump over Georgia and connect Europe to Asia like that - no one has ever won a fight with geography,” said Shalva Papuashvili."
10_ge_Shalva_Papuashvili.csv,"Shalva Papuashvili - In the form of the European Parliament, we have the reincarnation of the Congress of People's Deputies of the Soviet Union, while we think in a European way, as a democratic country, and there is a value gap between us (06.05.2026, 18:08)"
10_ge_Shalva_Papuashvili.csv,"In the form of the European Parliament, we have the reincarnation of the Congress of People's Deputies of the Soviet Union. There is a value gap between us. The Georgian people have nothing in common with people with a Soviet mentality, Gorbachev's comrades-in-arms and people distinguished by fascist statements, - the Chairman of the Parliament, Shalva Papuashvili, told journalists in response to a question on the report on Georgia adopted by the European Parliament's Committee on Foreign Affairs."
10_ge_Shalva_Papuashvili.csv,"As Papuashvili noted, the Georgian side has less and less to talk about with the European Parliament."
10_ge_Shalva_Papuashvili.csv,"“We see that we have less and less to talk to these people. We are at two different poles in terms of values. In the form of the European Parliament, we have the reincarnation of the Congress of People’s Deputies of the Soviet Union, in the full sense of the word, with everything - aesthetics, with the Russian accent of Rasa Juknevičienė, absolutely everything - it is already a complete reincarnation of the Congress of People’s Deputies, while we think in a European way, we think as a democratic country, so there is a value gap between us."
10_ge_Shalva_Papuashvili.csv,"This institution of the European Union must be qualitatively changed so that the Georgian Parliament and Georgia can have any kind of relationship with it. Georgians have nothing in common with people with a Soviet mentality, Gorbachev’s comrades and people distinguished by fascist statements,"" Papuashvili said."
10_ge_Shalva_Papuashvili.csv,"Shalva Papuashvili - Zelensky has included the Georgian Prime Minister in the sanctions list and now he had to go and talk to him - this shows how wrong the Ukrainian government's policy towards the Georgian people was (05.05.2026, 15:20)"
10_ge_Shalva_Papuashvili.csv,"""I think the initiative taken by President Zelensky to meet with the Georgian Prime Minister shows that any policy that is inherently unjust is doomed to failure,"" said Shalva Papuashvili, the Speaker of the Georgian Parliament.­"
10_ge_Shalva_Papuashvili.csv,"According to him, the Ukrainian President has put Georgian Prime Minister Kobakhidze on the sanctions list and now he had to go and meet with him."
10_ge_Shalva_Papuashvili.csv,"“I think this itself speaks to how wrong the policy of the Ukrainian government was towards the Georgian people and gives me hope that this is a sign of rethinking, that acting against the Georgian people does not yield results and betting on the forces that are fed by the betrayal of the Georgian people will not bring good results. Once again, we have always said, and not only in relation to Ukraine, but also in relation to all those countries and governments that are geaged in various unfair policies towards the population of Georgia, that we remain in the format of unilateral friendship, which means that we are right in these relations. Whoever took the wrong step towards Georgia will ultimately, hopefully, realize the error of their step. We are always ready to reconsider all these relations."
10_ge_Shalva_Papuashvili.csv,"For more than 4 years, unfortunately, we have seen a policy from the Ukrainian government that is not only directed against the Georgian people, but does not serve the interests of the Ukrainian people either. We have always emphasized that Georgia and the Georgian government have always supported the Ukrainian people and Ukraine, there is no resolution that we have not supported. If anyone has a step to take and to correct, it is the Ukrainian government."
10_ge_Shalva_Papuashvili.csv,"When you impose sanctions on government representatives who stand by your country and people, this is anything but an expression of gratitude. As for other behaviors, all of us were witnesses to all this, we saw it with our own eyes and heard it with our own ears when President Zelensky directly demanded that the Georgian government organize fighters and send them to fight in Ukraine, thus openly geaging, as a party, in the Russian-Ukrainian war. This is called “drag into war” in Georgian, I don’t know what they call it in Ukrainian,” Papuashvili said."
10_ge_Shalva_Papuashvili.csv,"Shalva Papuashvili - It is symbolic that a few days before May 9, Juknevičienė, who is distinguished by her fascist statements, is the author of the resolution - the European Parliament presents itself as the successor to the People's Congress of the Soviet Union (05.05.2026, 15:15)"
10_ge_Shalva_Papuashvili.csv,"In a few days we will have another celebration of the Victory over Fascism Day and it is symbolic that a few days before May 9, Juknevičienė, who is distinguished by her fascist statements towards the Georgian people, is the author of this resolution, - said the Chairman of the Parliament of Georgia, Shalva Papuashvili."
10_ge_Shalva_Papuashvili.csv,"As Papuashvili noted in response to a question on the report on Georgia adopted by the European Parliament's Committee on Foreign Affairs, the European Parliament once again confirms that day by day it is establishing itself as the ""successor of the All-Union Congress of People's Deputies of the Soviet Union""."
10_ge_Shalva_Papuashvili.csv,"“As for the next hostile report or resolution against the Georgian people that is being prepared, there is nothing new in this. The European Parliament once again confirms that it is establishing itself day by day as the successor of the All-Union Congress of People's Deputies of the Soviet Union. It is presenting itself as the successor of the All-Union Congress of People's Deputies of the Soviet Union. Which is not surprising considering that we see Soviet citizens in the ranks of the European Parliament, representatives of the Soviet nomenclature or elite who are ensconced in the European Parliament. I mean representatives of the Baltic states and some countries of Eastern Europe. Just as the All-Union Congress in Moscow made hostile decisions regarding Georgia, the Brussels All-Union Parliament is making such hostile decisions today."
10_ge_Shalva_Papuashvili.csv,"The author of this resolution report is Juknevičienė, who is distinguished by her fascist statements against the Georgian people, which is noteworthy. In a few days we will have another celebration of Victory Day over Fascism and it is symbolic that a few days before May 9, a person, Juknevičienė, who is distinguished by her fascist statements towards the Georgian people, is the author of this resolution”, said Papuashvili."
10_ge_Shalva_Papuashvili.csv,"In addition, according to Papuashvili, “Brussels and foreign funding are the ones who are killing free media in Georgia, subjugating the media for their own propaganda.”"
10_ge_Shalva_Papuashvili.csv,"As for the question related to the revision of visa-free travel, does the “Georgian Dream” feel responsible for this? According to the Speaker of the Parliament, “Mikheil Saakashvili’s fan club will threaten the Georgian people with various tools.”"
10_ge_Shalva_Papuashvili.csv,"“As for the European Parliament, Mikheil Saakashvili’s fan club should not talk to us about any values, any rules, any laws, these are Mikheil Saakashvili’s fan club and that says it all."
10_ge_Shalva_Papuashvili.csv,"When you are a member of the fan club of a dictator, a torturer, a corrupt person, this is a verdict."
10_ge_Shalva_Papuashvili.csv,"It is understandable that Mikheil Saakashvili’s fan club will threaten the Georgian people with various tools. There is nothing surprising in this. They will not succeed. They will not accept the main thing, that the Georgian people act according to their political agenda."
10_ge_Shalva_Papuashvili.csv,"They are not interested in Georgian journalism, nor in the well-being of the Georgian people, the only thing that Juknevičienė and people with similar obsessive thoughts are interested in is to use Georgia as a weapon against Russia. We are seen as a weapon against Russia, they cannot serve any other purpose in our people”, said Shalva Papuashvili."
10_ge_Shalva_Papuashvili.csv,"Shalva Papuashvili - Today's fractured international system is characterized by geopolitical tension, economic uncertainty, and changing security dynamics (07.05.2026, 14:08)"
10_ge_Shalva_Papuashvili.csv,"It is a great honor for me to participate in the discussion on parliamentary diplomacy within the framework of the first Summit of Presidents and Speakers of Parliaments of the members and partner countries of the Parliamentary Assembly of the Mediterranean. Georgia’s historical ties with the Mediterranean region go back thousands of years, and we are pleased to continue this tradition since we officially gained independence 35 years ago, - the Speaker of the Parliament of Georgia, Shalva Papuashvili, said in his speech at the first Summit of Presidents and Speakers of Parliaments of the members and partner countries of the Parliamentary Assembly of the Mediterranean (PAM)."
10_ge_Shalva_Papuashvili.csv,"As Shalva Papuashvili noted, today’s fractured international system is characterized by geopolitical tensions, economic uncertainty, and changing security dynamics."
10_ge_Shalva_Papuashvili.csv,"He said that society is witnessing the breakdown of the rules-based international order, which is an alarming process and calls into question the foundations of stability, cooperation and trust between states."
10_ge_Shalva_Papuashvili.csv,"“It is a special honor to address you from the position of President of PABSEC, which gives me the opportunity to voice the voice of parliamentarians from the countries of the Black Sea region. Today, our region is at the epicenter of global instability - the ongoing Russia-Ukraine war, which has been going on for more than four years."
10_ge_Shalva_Papuashvili.csv,"How can parliamentary diplomacy contribute to regional peace and interregional cooperation? While global organizations fail to achieve results, regional formats have a unique opportunity to change reality for the better: we are united by common pragmatic interests, which are directly delegated to us by our populations, because parliaments directly express the will of the people."
10_ge_Shalva_Papuashvili.csv,"Accordingly, regional associations create a framework through which neighboring countries can geage in dialogue, discuss common challgees and reach practical solutions. The Mediterranean, Black Sea and Gulf regions are interconnected spaces, where enhanced cooperation can bring tangible results. Enhanced parliamentary exchanges can become a bridge for stability, innovation and sustainable development. These links will give peace additional chances."
10_ge_Shalva_Papuashvili.csv,What are the main directions of interregional cooperation that we can identify to achieve peace and stability?
10_ge_Shalva_Papuashvili.csv,"Connectivity is central to this cooperation. The development of strategic transit routes, including the Middle Corridor, is reshaping trade and economic relations between Europe and Asia. These corridors are channels of cooperation that bring our regions closer together and reduce the vulnerability of global supply chains. The issue of connectivity is closely linked to energy security, which has become a crucial issue for our common future. Diversification of energy sources and routes is essential to ensure stability and resilience, especially for Europe. By strgethening cooperation on alternative energy sources and infrastructure, we will promote economic growth and create a more secure and sustainable energy environment,"" said Shalva Papuashvili."
10_ge_Shalva_Papuashvili.csv,"Shalva Papuashvili addresses Pawel Herczynski with a letter (08.05.2026,  10:51)"
10_ge_Shalva_Papuashvili.csv,"The Speaker of the Parliament of Georgia, Shalva Papuashvili, is writing a letter to the European Union Ambassador, Pawel Herczynski."
10_ge_Shalva_Papuashvili.csv,"Papuashvili has posted the letter on social media, saying that he is writing to Herczynski on the occasion of Europe Day."
10_ge_Shalva_Papuashvili.csv,"“I congratulate you with Europe Day. On this remarkable date, besides symbolic celebrations, we should pause and reflect on what Europe truly represents, how its meaning is lived by citizens, and how it shapes the future of Georgia and the European Union."
10_ge_Shalva_Papuashvili.csv,"Robert Schuman, a founding father of the European Union and the great French statesman, made a historic declaration on this day, on the fifth anniversary of the end of the devastating world war. Schuman Declaration was rooted in one overriding purpose: to ensure that war would never again devastate Europe. The Declaration’s spirit was clear – peace through unity, cooperation through respect, and stability through shared responsibility. It is precisely against this vision that today’s policies must be measured."
10_ge_Shalva_Papuashvili.csv,"Unlike Robert Schuman, in your Europe Day message to the Georgian people last year, you chose to ignore the anniversary of the end of the WWII, and instead, concentrate on your political grievances towards your host nation. However, it is worth remembering that, if not the parents and grandparents of the current generations of Georgians, along with other anti-Fascist nations, Fascism would not be defeated and there would be neither European Union, nor Europe Day. There is not a single family in Georgia that did not sacrifice someone in that war. So, setting apart Europe Day from Victory Day does not work for us. Hence, I hope, at your gathering on 9th of May, you will honor the 300,000 Georgians who sacrificed their lives for Europe free of Fascim."
10_ge_Shalva_Papuashvili.csv,"“A united Europe was not achieved and we had war”. EU leadership’s current actions demonstrate that they refuse to become aware of this important inference from Schuman declaration. Current EU policies leave no space for any interpretation other than that they are aimed at deepening the divisions and widening the disagreements. The unfair and politically motivated resolutions from the European Parliament, incessant threats of political and economic retribution, permanent interference in Georgia’s domestic affairs are only few of the deliberate attempts to push for conflict within Georgia and in Georgia’s relationship with the EU. A genuinely united Europe is what can prevent not only wars of future but also end the current wars. However, unfortunately, none of Brussels’ policies to Georgia indicates any serious intention to reach unity between Georgian people and the European Union."
10_ge_Shalva_Papuashvili.csv,"“Europe will not be made all at once, or according to a single plan”, said Robert Schuman in his seminal Declaration. Unfortunately, we see now that Schuman’s wise words are being sidelined, and the policies of the European Union are carried out with narrow political interests in mind, based on false and invented ideologies that neglect cultural richness, ideological diversity, and political pluralism of the population of Europe. The attempt to impose a political and ideological straitjacket on Georgia, on its European integration path, is a good illustration of these narrow, barren, and simplistic policies."
10_ge_Shalva_Papuashvili.csv,"Georgian people do not need to be directed towards the European path. Georgia is the co-creator of the European civilization, and, therefore, wherever Georgia is, there is Europe too. The process of European integration should not mean Brussels’ unilateral assumption of suzerainty over Georgia but a genuine re-consolidation of our historic ties with the other European nations, as between the equals."
10_ge_Shalva_Papuashvili.csv,"Europe Day should also remind us that no ruler of the European Union can simply banish such European ideals as national independence, Christian values, and traditional ways of life only because they have different ideological inclinations. Those who are entertaining the ‘regime change’ ideas with respect to Georgia’s democratically elected government, display complete contradiction with the founding spirit of the European Union. They posit ideologies that are incompatible with the human nature, and, while ignoring the differences in traditions, establish the uniformity of ethos."
10_ge_Shalva_Papuashvili.csv,"The idea of the Coal and Steel Community that Robert Schuman proposed on May 9, 1950, had an aim of “contributing to raising living standards and to promoting living achievements”. He understood very well that peace requires solid economic foundation. The entire European project started from this assumption, after all. However, European leadership seems to have forgotten this very important cornerstone of the foundation of the European Union too. How else can be explained the attempts to persuade the Georgian government to enter into economic warfare with Russia, without offering any security guarantees or economic solidarity? Had Georgian government been persuaded, those attempts would have caused not only economic devastation in Georgia, but would have also caused a regional turmoil and, thus, left Europe without important energy supplies and geoeconomic access routes."
10_ge_Shalva_Papuashvili.csv,"Deviation from the original European aspirations, enshrined in the very idea of Europe Day, brought the European Union to the point where its policies towards Georgia have narrowed down to supporting violence, hate speech, and radicalism. Last year, I addressed you twice with a call to condemn hate speech and violence, but in vain. The grave consequences of the politically biased policy of turning a blind eye on violence and radicalism, most notoriously evident in EU press-speaker giving a rhetorical carte blanche to violence, led to a radical group’s attack on the Presidential Palace on October 4 last year. Since then, for already more than seven long months, not a single European official has publicly condemned the coup, as if violent coups were normal practice of European politics."
10_ge_Shalva_Papuashvili.csv,"Unacceptable recent remarks about Georgia going to its ‘dark past’, with an implicit menace against our people, epitomize the wrongness of EU’s current policies. However, as seen from the perspective of Georgian people, Europe itself may be heading towards its dark past indeed, which Robert Schuman and other great women and men of his generation tried to never repeat."
10_ge_Shalva_Papuashvili.csv,"Georgia offers a very clear path forward. Halting current offensive rhetoric, rectifying damaging policies, and retracting unfair resolutions can pave the way to a genuine dialogue, prudence, and unity, which reflect indeed the original spirit of Europe Day."
10_ge_Shalva_Papuashvili.csv,"If Europe Day is to retain its meaning, it must once again stand for what it originally embodied: peace, cooperation, and unity grounded in respect for nations and their identities”, reads the letter."
11_ge_Khatia_Dekanoidze.csv,"Khatia Dekanoidze - If we look at what is happening in Armenia, we will see that the function that Georgia had, to be the leader of the region, no longer exists - due to Ivanishvili's crimes and the ""anti-Georgian Dream"", Georgia is losing this function (06.05.2026, 12:09)"
11_ge_Khatia_Dekanoidze.csv,"Today, Ivanishvili and the “Anti-Georgian Dream” have deprived Georgia of the function of long-term peace, development, progress and economic prosperity. They have deprived the Georgian people of the opportunity for prosperity and enrichment, the opportunity for European integration. This is a historical crime, - said Khatia Dekanoidze, one of the leaders of the National Movement."
11_ge_Khatia_Dekanoidze.csv,"She congratulated the public on the “liberation of Adjara from Russian and despotic rule” 22 years ago on May 6 and noted that on this day a new page began in the history of Georgia, which meant the leadership of the region."
11_ge_Khatia_Dekanoidze.csv,"""Congratulations on one of the most significant dates in the recent history of Georgia - the return of Adjara to Georgia. 22 years ago, on May 6, one of the most important events took place in the recent history of Georgia, when Adjara returned to the heart of Georgia, was freed from Russian rule, was freed from the rule of a despot, and began a very significant rise together with President Mikheil Saakashvili, his team, and many patriots. And yes, Georgia began a new page, which meant regional leadership, development in technologies, education, in the context of Eastern European expansion, in the context of a strategic partnership with the United States, which was a truly historic mission of our nation. This was the day when we moved to a completely different state development and our team was able to truly establish Georgia as a regional leader. Today, Ivanishvili and the ""Anti-Georgian Dream"" have made Georgia lose the function of long-term peace, development, progress, and economic prosperity. The Georgian people have been deprived of the opportunity for prosperity and enrichment, the opportunity for European integration. This is a historical crime, and if we look at what is happening in our neighboring Armenia, and I want to wish them great success, you will see that the function that Georgia had, to be a leader in the region, to have many sustainable peace projects, this function no longer exists. The events that have developed in Armenia in recent days are not just political support from the European Union, the USA or Canada towards our neighbors, these are investment projects that really mean long-term peace. We had many such projects, including Mikheil Saakashvili, who is now a political prisoner, was directly involved in the development and construction of the Batumi Technological University, and I myself am very proud to have participated in the construction of this technological university. This university should have become one of the most important hubs of Georgia in education, technologies, new communication systems and the possibility of moving to a new stage of education. What was happening in Armenia is not just political support, it is economic support that ensures long-term peace. Everyone who was involved in the most important stages of Georgia’s development is now watching how the country is losing this function due to Ivanishvili’s crimes, due to the “anti-Georgian Dream”. 400 billion investments, military-technological cooperation with France, the United States, energy security projects, the most important new corridor that the European Commission, the European Union, the United States and Canada are now talking about, huge investments that are one of the most important areas of peace, sustainable development and progress, Georgia is losing this,” Dekanoidze said."
12_ge_Irakli_Kupradze.csv,"Irakli Kupradze - Yesterday’s photoshoot by the anti-Georgian Dream, taking the Defense Minister to the empty Anaklia coast, where no work is being done, and the Georgian Dream minister walking around in a circle is ridiculous propaganda that Georgian citizens will not believe (07.05.2026, 14:14)"
12_ge_Irakli_Kupradze.csv,"Yesterday’s photoshoot by the anti-Georgian Dream, taking the Defense Minister to the empty Anaklia coast, where no work is being done, and the Georgian Dream minister walking around in a circle is ridiculous propaganda that Georgian citizens will not believe, - the Secretary General of Lelo-Strong Georgia, Irakli Kupradze, stated at the briefing."
12_ge_Irakli_Kupradze.csv,"According to him, the Anaklia port was supposed to receive its first ship in 2020, but today we see a non-existent project, failed negotiations and Western investors expelled from the country."
12_ge_Irakli_Kupradze.csv,"“The anti-Georgian Dream has lost itself in its own lies. They are drowning in the propaganda and lies that they are producing. Yesterday, the anti-Georgian Dream propaganda media spread stories according to which the construction of the Anaklia port has allegedly begun. This is another bluff and trick from Bidzina Ivanishvili, which indicates that the statements made so far, over the past 6 years, by the Georgian Dream were lies. There have been dozens of times, probably, when they announced that the construction of the Anaklia port had begun. In reality, everything is a lie, propaganda and bluff from Bidzina Ivanishvili."
12_ge_Irakli_Kupradze.csv,"In 2024, in the context of another similar trick, Bidzina Ivanishvili and his propaganda machine came out and said that in just a few days, an agreement would be signed with a Chinese consortium, which would begin construction. Today, it is once again confirmed that all the promises made so far, all the dates were lies. Just dry propaganda from Ivanishvili and the anti-Georgian Dream."
12_ge_Irakli_Kupradze.csv,"In 2026, today, there is neither an investor, nor a completed Anaklia port, there is no longer a master plan, a general plan, which should have been agreed upon many times. Both this general plan and the master plan were thrown in the trash. A new so-called master plan was ordered from the Ministry of Economy, according to which Ivanishvili and his anti-Georgian Dream generally question the purposefulness and effectiveness."
12_ge_Irakli_Kupradze.csv,"Yesterday’s photoshoot by the anti-Georgian Dream, taking the Defense Minister to the empty Anaklia coast, where no work is being done, and the Georgian Dream minister walking around in a circle is ridiculous propaganda that Georgian citizens will not believe. The fact is one: while the Anaklia port was supposed to receive its first ship in 2020, today we see a non-existent project, failed negotiations, Western investors, American and European investors expelled from the country. Under these conditions, it is impossible for Ivanishvili to build the Anaklia port. He does not want to build the Anaklia port, he has an interest in Georgia losing this most important strategic object."
12_ge_Irakli_Kupradze.csv,"A window of new opportunities has clearly opened, which is expressed by the once again loudly voiced interest of our partners that the Black Sea is the interest of our partners. Ivanishvili is making the country lose this opportunity, trying to fade into the background with propaganda."
12_ge_Irakli_Kupradze.csv,"Lelo Strong Georgia is a political party that is the main supporter of this national and strategic object. The project, which is called Anaklia. We have a specific plan for how the Anaklia project should be built. After coming to power, the first step must be to declare the Anaklia port a project of national and strategic importance. All agreements must be public, not behind a “black curtain,” as Ivanishvili does, whether it be “Arab cities” or something else. The existence of Chinese and Russian investments, which may contradict Georgia’s national interests, must be made public. The Anaklia port must be built with the involvement of the state, on the principle of cooperation with Western, American partners."
12_ge_Irakli_Kupradze.csv,"No matter how many ministers walk along the Anaklia coast, where no work is underway, we will definitely build the port,” Kupradze notes."
12_ge_Irakli_Kupradze.csv,"Yesterday, Minister of Economy and Sustainable Development Mariam Kvrivishvili, together with Vice Prime Minister and Minister of Defense Irakli Chikovani, inspected the ongoing works on the territory of the Anaklia port. As the Minister of Economy noted, “the process has already entered a fairly active phase.”"
13_ge_Levan_Makhashvili.csv,"Levan Makhashvili - The documents of the European Parliament, the European Parliament itself, have unfortunately lost their value (05.05.2026 ,14:44)"
13_ge_Levan_Makhashvili.csv,"This document, with its additions, which have further worsened the initial situation, is completely out of touch with reality - for us and the public, the documents of the European Parliament, as well as the European Parliament itself, have unfortunately lost their value, because they do not serve the agenda of cooperation and dialogue, - the Chairman of the European Integration Committee of the Parliament, Levan Makhashvili, said in response to the report adopted by the European Parliament Committee on Foreign Affairs on Georgia."
13_ge_Levan_Makhashvili.csv,"According to him, today the agenda of the European Parliament does not coincide with the agenda of a better, peaceful future for Georgia-the European Union or Georgia in general."
13_ge_Levan_Makhashvili.csv,"""What can I say, you know what we would do to this resolution [I would have sent it to waste paper] - for a simple reason: this document, with its additions, which have even more sharply worsened the initial document, is completely out of touch with reality. Especially in these days and weeks, it is clear who is actually hindering the dialogue. It is precisely the European Parliament, in the form of these specific political groups, which, based on their own narrow political agenda, are trying their best to hinder the dialogue. If we observe the developments of previous years, this is exactly what happened: when there was a prospect of resetting relations, dialogue, cooperation, the European Parliament swam in the completely opposite direction, and we are still observing the same thing today."
13_ge_Levan_Makhashvili.csv,"That is why, for us and the society, the documents of the European Parliament, the European Parliament, have unfortunately lost their value, because they do not serve the agenda of cooperation and dialogue. Today, the agenda of the European Parliament does not coincide with the agenda of a better, peaceful future for Georgia-the European Union or Georgia in general,"" said Levan Makhashvili."
13_ge_Levan_Makhashvili.csv,"When asked about the fact that the Foreign Affairs Committee is demanding the closure of several Georgian media outlets in its adopted report, Makhashvili replied that these statements and notes in this particular document are laughable."
13_ge_Levan_Makhashvili.csv,"For information, the European Parliament’s Committee on Foreign Affairs adopted a report on Georgia. The annual report on Georgia was supported by 53 MEPs, while 14 voted against it."
01_aluda_ketelauri_ge.csv,"I. A messenger came to Shatili: ""The Chechens have struck a blow against us, these evil men of evil ways have sent our shepherds scattering""."
01_aluda_ketelauri_ge.csv,"Aluda Ketelauri is a man smiled on by fate, in village assemblies he sits at the head, his words when he speaks are to the point; he has proven his sharp-edged sabre and hacked many Chechen right hands off. The bad man has no need to fight, the good man can always meet the foe!"
01_aluda_ketelauri_ge.csv,"The Chechens had driven off, he heard, Aluda's own fleet-footed horses; he has an inkling that they would cross the mountainous head of the Arkhoti, their horses' shoes trampling down the dewy fescues of the mountains."
01_aluda_ketelauri_ge.csv,"As soon as Aluda heard all this, he put an edge on his rifle's flint, put on his armour, sharpened his sword, testing carefully the crosspiece, lest the sword should break its hilt."
01_aluda_ketelauri_ge.csv,"Dawn. The peregrine falcon of the rocks swiftly pursues the enemy; as day breaks over the rocky screes the snow pheasant's bell-like call rings out. But the dogs still sleep in their pens, the sheep have not yet left their folds."
01_aluda_ketelauri_ge.csv,"Aluda's eyes soon fell upon the Chechen's tracks. Moments later he caught them up. His gun went off. One thieving Ingush tribesman met the evil instant of his end. His body toppled from his horse, hanging over upside down, pierced by a ball in the shoulder blade. He feels fire spreading from the wound. Another Ingush, the dead man's comrade, squeezes the trigger with his finger. Mutsali's rifle fired a shot, splintering the bare rock-face. Shattered pieces of bullet fall into Aluda's tunic hem."
01_aluda_ketelauri_ge.csv,"""Haven't I hit you, heathen dog?"" Mutsali called out to his foe. ""Don't you believe it, heathen dog, I am a vassal of Gudani shrine"". The bang that came from Aluda's gun was thunder striking from the sky."
01_aluda_ketelauri_ge.csv,"""Haven't I hit you, heathen dog?"" he shouts out to the other man."
01_aluda_ketelauri_ge.csv,"""Mutsali's unharmed, heathen dog; I was only struck by broken rock."""
01_aluda_ketelauri_ge.csv,"""Aha, that must have pierced his hat, the bullet's singed the ends of his hairs."""
01_aluda_ketelauri_ge.csv,"""You aimed too high, miserable wretch, it didn't touch the bones of my skull."" Mutsali's rifle returned the fire: the bullet makes a horrid noise. It had broken Aluda Ketelauri's powder-horn."
01_aluda_ketelauri_ge.csv,"""Aren't you hit now, heathen dog?"" Mutsali asks him threateningly."
01_aluda_ketelauri_ge.csv,"""No, I am not, you heathen dog; the vassal of Gudani shrine is followed by victory-bringing forces that invoke the powers of God. His heart's unhurt, don't be misled. Just my gunpowder pouch was smashed. Now that I must kill or be killed, I'll venge myself on my enemy."""
01_aluda_ketelauri_ge.csv,"The man from Shatili fired a shot which broke the Chechen's breastbone up. ""Now, I've got you, heathen dog!"" loudly he shrieks at his Chechen foe."
01_aluda_ketelauri_ge.csv,"""My heart is hit, my heart, heathen dog, woe to Mutsali's prowess. You killed my brother, you've killed me too: what can I say of the grace of God?"""
01_aluda_ketelauri_ge.csv,"Mutsali does not wish to die, he does not lose his wolfish colour, he tears at the green mountain grasses, spreading the herbs all over his wound. He fired once more at Aluda, losing no chance of fighting on. Then he flung his gun to Aluda, speaking to him one more time: ""Now let it be yours, you heathen dog, lest it fall in another man's hands."""
01_aluda_ketelauri_ge.csv,"The very words dried on his lips, he lay low, sprawling on the earth. Aluda doesn't want the rifle. He burst like a woman into tears. His eyes do not covet his enemy's weapons, he does not strip the armour off. He placed the dagger by Mutsali's head (it had a handle of ivory), he put the flint gun on his chest and on his arm he laid his sabre. Aluda does not cut off Mutsali's right hand. Instead he says, ""It's wrong. Man, whom I have killed, God let your body rest in peace. The least that I can do for you is leave your arm and right hand joined. Let your hand on your heart go back to dust; the stone wall's door shall not have your hand hanging up to gladden it. Good people must have brought you up. God prolong the days of your kin."" He covered him from head to toe with his cloak, and the shield on top."
01_aluda_ketelauri_ge.csv,"II. The sun had risen in the sky, the mists dispersed and left the gorges, the demons of the Caucasus crowd against the heavens' edge. Hawks and predators get up to hunt, vultures follow the eagles' path, always close when the food is free."
01_aluda_ketelauri_ge.csv,"The wild goats kept to the snowy peaks, the grace of God upon their horns; the evilly cawing ravens croak, calling each other from gorge to gorge: ""The Chechen Mutsali has died, I must eat the young man's eyes, then scrape out his heart and liver to warm the surface of my wings."""
01_aluda_ketelauri_ge.csv,"The midday sun had not yet sent its rays of light to Shatili, they do not light a man's descent, a sky of rock stands over him. Over the peaks a young man came, uneasy with himself; his face is clouded, heavy and dark his heart. On his saddle-bow he has hung the right arm hacked off Mutsali's brother, his silver-chased Basal rifle; here too his Khorasani sword. Now he comes to the rocky outcrop where Imeda's stone walls stand. Summer brings them the sound of gunfire, winter the crashing avalanche. Many a raincloud has burst upon them, their stones have heard black ravens croak and felt the insatiable vultures flap. No-one has undermined their fortune, no-one was able to do them evil. The burning rays of the sun above melt the infidel's very hands. The walls live today: for no snake has burrowed under their foundations. Come rain or shine, fair or foul weather, what harm could befall them; many a corpse of downy-bearded young men have they seen. Often have the slain sent a torrent of blood down to the river grove, dyeing red the evil waters of the Ardoti."
01_aluda_ketelauri_ge.csv,"Whoever thirsts for enmity, let his house-door open wide, let his heart be a dam of blood, let his feet stand in the pool, let him drink not wine but blood, let him have it for his bread, let the sign of the cross be made as though he stood in the house of God, let him have a wedding in blood, let his vows be made in blood, let him invite the wedding guests, let him gather round a crowd, let his bed be made in blood, let him lay his wife by his side, may he have children in plenty, many boys and many girls, here too let him dig a grave, let him bury the corpses here."
01_aluda_ketelauri_ge.csv,"You who have killed will be killed in turn, the kinfolk will not spare the killer."
01_aluda_ketelauri_ge.csv,"All the women of Shatili were standing on their flat roofs watching. Aluda is greeted by his brother's three children and his brother. Many want to hear the news, telling Aluda their wish, ""May you be renowned for your deeds."" The elderly Ushisha asks Aluda how the battle went. Ketelauri relates the story of the wolf-like Inguish. ""When I left here, Ushisha, I cut across his tracks in the sand, They were two, I fired my gun, I couldn't get close enough for swords. That Mutsali, God rest his heart, must have had iron for a heart."""
01_aluda_ketelauri_ge.csv,"""What are you saying?"" 'God rest a Chechen' are words forbidden by our faith."" ""I use them to praise his bravery, bravery can't be bought for money ... I fired thrice and he fired thrice, with the third I did for him: a bullet struck him in the chest and smashed his heart to smithereens; he covered up the wound with small-reed and thereupon gave up the ghost. He fought to keep body and soul together, once more he cursed me for my faith."
01_aluda_ketelauri_ge.csv,"Should we say that we are men, that only we are raised by mothers, that our souls find rest, while infidels must gasp eternally in pitch. If that's what we say, we're talking drivel. The gods of the shrine know better than that. Do all speak truth who swear an oath?"
01_aluda_ketelauri_ge.csv,"I couldn't bear to take the knife to cut Mutsali's right hand off, my heart revolted and wouldn't do a deed too difficult. It said, 'So be it, let your fame diminish, you prefer me to wield command.'"
01_aluda_ketelauri_ge.csv,"At this the young Khevsuri men became sour as sloes. They looked angrily at Aluda. Sullenly they chided him, ""Die, you would be better dead, why do you speak such lies to us? Unbuckle your sharp-edged sword, throw it to the women to use as a shuttle; your shield can be their weaver's comb, give them your flint gun for spinning yarn, throw your pistol to the women, they can twirl it as a spindle. A Chechen has made you forswear your faith, A Chechen has made a woman of you. You killed him but left his right hand on, why then did you track him down?"""
01_aluda_ketelauri_ge.csv,"They turned their backs on Aluda, with angry faces, they all went home, going straight to the upper storey. With embittered hearts they left Ketelauri alone. They called the name of Aluda lamentable, misbegotten."
01_aluda_ketelauri_ge.csv,"Mindia came to Shatili, his dun horse armour-clad with bronze, a sabre buckled to his waist. He, whose hilted lance had killed a dozen Chechens, had his shield hung from his shoulder. His horse, Tsitla, is like an antlered stag, his white brow-spot is like the moon."
01_aluda_ketelauri_ge.csv,"Mindia is told of Aluda's shame, the words are laced with poisonous venom. Mindia was pained, he furrowed his brow with wrinkles awesome to behold. ""Do not let your frivolous tongues call a brave young man disgraced. I'd like the truth to be as easy as I'd wish your enemies' death. We have no need of much affliction, one day's supplies suffice for me, my paths and tracks are not mixed up, I know the way through anywhere; Mindia will be with you today until the stars of the Bear have set."""
01_aluda_ketelauri_ge.csv,"He struck with his heel, Tsitla started, surged and moved off like the breeze."
01_aluda_ketelauri_ge.csv,"III. Dark has fallen. The waters weep, the lap of night is hidden from us, now is the time of the twinkling stars, the dewdrops clustering on the grass, the souls of the dead rising up from the graves to sing their soft song."
01_aluda_ketelauri_ge.csv,"Out of the rocks the demons emerge, wandering from gorge to gorge. Supper is over, everyone now prepares to sleep. ""Have some food,"" Aluda's mother and sister beg him. ""Mother, I do not want to eat, my heart is somehow strangely cramped, last night I dreamt some loathsome dreams: I was standing somewhere in a line, a dead man's body lay before us, Khevsuri sat there deep in mourning, some stood at the door ready to fight. I too was there, I was crying, as is customary for a man; I sensed that war was in the offing, that the time to leave had come."
01_aluda_ketelauri_ge.csv,"In a flash my hand was grabbed and in it was placed my dagger-handle. I looked to find it was Mutsali. He wore his tunic of bronze chain-mail, over his heart you could see the wound, the sign of the moment we had fought. Over his bullet-wound was dabbed a greyish poultice of mountain small-reed. He stood like a rock, an unbreakable rock, not a tear falls from his eyes."
01_aluda_ketelauri_ge.csv,"'I want death, I cannot die, you killed me,' he said, beseeching me. 'You have kept this fleeting life, while I am parted from this earth. Sate yourselves, Khevsuri sons, with waving and swinging your swords about.'"
01_aluda_ketelauri_ge.csv,"I sat down, I was served a bowl: a juicy piece of human flesh. I ate it, but a bony piece of human hand or foot appalled me. 'What am I doing?' I raged, 'horrible outcast that I am ... '"
01_aluda_ketelauri_ge.csv,"'Eat'. Something called across to me, don't behave like a man insane ... Please, offer Aluda some more meat and juice and heat it up.' They gave me more; they'd seasoned it; with hairs that came from a human beard."
01_aluda_ketelauri_ge.csv,"Dreams have tortured me, that is why my mind and spirit are upset."""
01_aluda_ketelauri_ge.csv,"IV. Day is breaking. The peaks have reddened, the mists have furled up on the hills, the village rises and awakens, the paths are trod by travellers. The vultures too have started their travels, scanning the mountains and the valleys: but however hard they flap, they cannot leave their trail in the sky."
01_aluda_ketelauri_ge.csv,"Who is riding here on Tsitla and has crossed the running waters? The Khevsuri men call to Mindia, ""Come in peace."" They shout from afar, ""What is the news that you have brought?"""
01_aluda_ketelauri_ge.csv,"""Young men, your blood is in a ferment, you let your hearts do the cutting and stitching, you let your heads be ruled by your hearts and let the axe cut off your heads, you cannot easily know a man just by his manly faith and customs. Don't let one oppress the other: heart and mind should be like brothers. Aluda's right, may the sky not crush me! If you still doubt it, here then, look, is the Chechen's right arm which I've cut off. You ought to keep your tongues in their sheaths, don't be too ready to open your mouths, don't be too ready to say of a man, 'he's no good!' - let alone to his face."" He proffered the hand to Aluda, ""Take it and nail it to the wall."""
01_aluda_ketelauri_ge.csv,"""It was up to me to cut it off, would I not then have done it myself? What you did, Mindia, cannot be right; such an action ill befits you. Why should I want it? It's no use to me, it won't come in handy for a shield; it won't mow for me in the mountain meadows; it's no use to me for baling hay. Take it away, if you've faith in the Lord, from now on keep it out of my sight. It's the right hand of a brave young warrior, my heart is burning with remorse. Why are the Khevsuri so enraged, why are they bursting themselves with wrath? When I next kill a foe, I shall refuse – out of spite - to cut off his hand. 'It isn't right to kill the foe, unless his right is hacked off with a knife!' Woe to your idea of justice, it is a sin for a man baptized."""
01_aluda_ketelauri_ge.csv,"V. The feast days of the Lord had come, the people were flocking to the shrine, they want to let the spirit know what ailed them, who was suffering. Men and women crowded in with sheep and oxen; they beseech and offer the spirit sacrifice through the offertory doors."
01_aluda_ketelauri_ge.csv,"Who then is standing there like a mist, with his sword that is chased with brass? He hands a bullock to the priest and stands still with his head bent down."
01_aluda_ketelauri_ge.csv,"""Whose soul do you pray for, Aluda, to whom do you consecrate this black calf?"" the chieftain-priest asks Aluda; holding his arm outstretched he says, ""Mighty is the spirit of our shrine, Gudani shrine especially. The vassals who serve it are powerful through God's strength and God himself; a good young man will please the shrine and grace is added unto him. Young men on whom we can rely bring good fortune to our shrine. Name me the man to whom you sacrifice and to him it shall be done."" He raises the dagger and prepares to speak the glorifying prayer."
01_aluda_ketelauri_ge.csv,"""This beast, Berdia, I sacrifice to the Chechen I killed the other day. The name he bore was Mutsali, he was a son of the unbaptized. Sacrifice my offering well, I don't grudge it for his soul, do it as though for a handsome brother whom unwittingly I had killed."""
01_aluda_ketelauri_ge.csv,"""Are you sanctifying an infidel? This is quite unworthy of you, no good can come to you from killing an animal for a Chechen's soul. This is no part of our fathers' law, the testament of our forefathers. You are Christian, come to your senses, doing this will make you a heathen. Cast off the devil. How could such words escape your lips? You have killed so many others that on your stone wall there hangs a plaited rope of hands; some from Lezghi, some from Chechens, the right hands hang there like a bridge. You never slew a goat-kid for anyone, let alone a great black bullock. How can I implore rest from the Lord for the soul of a dog, born of dogs? Better it were that the heavens should fall or the back of the earth break open beneath me or the bottomless ocean swallow me up and I should eat a meal of sand!"" Berdia's face takes on a new colour, the hue of otherworldly fear."
01_aluda_ketelauri_ge.csv,"""Do not weaken the strength of my offering, if you believe in the grace of God. I am a vassal of Gudani shrine, a Khevsuri of your waters. We're as good as equal, Berdia, dwellers in the same high valleys."""
01_aluda_ketelauri_ge.csv,"""You're wasting your time in vain, Aluda, you wear out your lips to no good end."""
01_aluda_ketelauri_ge.csv,"Ketelauri was enraged, his face took on a wolfish hue. He struck his sabre with his hand, a beam of sunlight glanced from it, he swung it over the bullock's neck; the head rolls off onto the ground, as Aluda entreats the spirit: ""Hold this not to be a sin from me, thy child. The unbaptized hero, Mutsali, have this from my heart."""
01_aluda_ketelauri_ge.csv,"Berdia, his hackles rising, turns around to face the crowd: ""Have you ever heard,"" he called out loud, ""such a mockery of our faith? Aluda kills the beast himself in memory of a Chechen's soul. People, give me your hearts' response. Gather together, Khevsuri sons, everyone of you, great and small, let us do justice, let's smash down the foundation stones of Aluda's house. Feel no pity, let yourselves be the cause of his wife's and children's tears. Proscribe, expel him; let him gaze on other lands and skies and clouds. Off you go, smash down the doors of the wretch's house and fort. Set alight, burn down his hayrick, let the flames reach to the sky. Drive out his sheep, his cows, his oxen for the villages' common wealth. Make his family in Shatili weep, his girls and mistresses at Gudani. Do not pity him. Let him feel the wrath of the spirit of our shrine."""
01_aluda_ketelauri_ge.csv,"When he heard this, Mindia's eyes filled with tears. Nothing now could he do for Aluda. He folded his arms across his heart. The Khevsuri, a little drunk, lift their shields in readiness, they are to strike at Ketelauri, with sullen malice their bronze armour clangs. Then some children came to the fore of the assembled Khevsuri. One of them held out in his hand the gnawed-at bones of a man's right hand."
01_aluda_ketelauri_ge.csv,"""Men, I invoke on you the grace shown by the spirit of the shrine. Give me the warrior's prize cup to drink, for I have brought you an enemy's hand. A raven bore it in his talons, heading for a crag of rock. I drew my bow and shot an arrow. Boldly it flew across the sky. My shot was true, it pierced its wing, the raven let its booty drop from its claw and fall to earth."""
01_aluda_ketelauri_ge.csv,"""This is the hand of Mutsali, which brought about the sentenced passed and the curse of the Khevsuri,"" Mindia said with an angry voice. ""I was the man who brought it to Aluda, I made him flush by vexing him. As Aluda refused to have it, I flung it to the gorge's depths."""
01_aluda_ketelauri_ge.csv,"""Take it away,"" says Berdia, ""If it's not the limb of a heathen dog, then we're not sons of the Khevsuri but the devil's vassals or the nymphs'."" The hand that came from Mutsali's arm was thrown away for a dog to eat. The cur disdained to open its jaws, uttering just a piteous howl."
01_aluda_ketelauri_ge.csv,"Berdia the chieftain says: ""Khevsuri, see for yourselves. 'Dog doesn't eat dog', men have said since time began."" The Chechen's right hand was fixed by the children to a crooked stick and dragged along across the ground."
01_aluda_ketelauri_ge.csv,"VI. Falling snow and raging winds have covered up the mountain passes, landslides sweep down through the gorge, slipping and toppling from the rocks. The waters' breast and rivers' arms are bound by ice in bonds of blue. Ice has piled up with the wind on the footpaths' narrow trails."
01_aluda_ketelauri_ge.csv,"Who finds it irksome to be alive, who is this traveller setting off? Someone sweeps the snow in front, five more follow in his wake. Suffering from the pangs of hunger, a pack of wolves howls at the peaks."
01_aluda_ketelauri_ge.csv,"""Khevsuri, may you behold naught but evil,"" one woman curses. ""Woe is me, our house and home: not a stone is still left standing. On the upper storey pillars and the fort the crows now squat."""
01_aluda_ketelauri_ge.csv,"Aluda's mother says to him, ""Son, slow down. I can't keep up, neither can Lela your wife walk fast. The children have started whimpering, our hands and feet are frozen stiff. Alas what pathless wastes we tramp, woe is me, how dark it is. I wonder, won't the Khevsuri one day perhaps require your help? Whose country is going to take us in, where will we drop when we succumb? We have no refuge and no home, everywhere else we will be cursed. Never again will we go down to our home across Shatili gorge. It has been more that I can bear to part for ever from my country. I have turned the colour of a dying man. My mind is crazed, my knees are folding, the dark is a pillar in my heart. Woe to you, our forefathers' graves, woe to you rocks, that stand so sharp!"""
01_aluda_ketelauri_ge.csv,"Aluda says to them angrily, ""Women, stop your idle chatter. Come, follow me, let's move on. God has appointed this as our lot. Don't curse the village, lest the shrine be roused to wrath. Have some sense"""
01_aluda_ketelauri_ge.csv,"Only once did Aluda want to turn his head, only once. ""Farewell, mountains, joy of my eyes, peaks where only the wild goats live. Farewell, my home, peace be with you, you stir such pity in my breast. Farewell, spirit of our shrine, who gives such power to the men who serve you."""
01_aluda_ketelauri_ge.csv,"Now the travellers had left forever the land and waters of their birth. The mountain peaks seem blank bystanders, only the wind's hoarse howl resounds. They crossed the ridge to the other side, the tracks that they gouge in the snow have vanished, the only sound that still is heard is the sound of a woman's bitter sobbing."
02_host_and_guest_ge.csv,"I. Buried in the gloom of night, cold and pallid to behold, the Chechen country seems to be the bare rocks' throne. Below in the dark gorge the river roars, seething inwardly with wrath. The mountains had bent down to wash their hands and faces in the flood; many a man had died on their slopes, they couldn't bear the feel of blood. They thirst for fratricidal blood and a man is approaching on the track. Track, I said, but hardly that; a narrow trail along the rocks. Hard to walk, it barely leaves room for foot to follow foot. Yonder appears the Chechen village, an eagle's nest, as beautiful to look at as a woman's breasts. Over the village a black mist sleeps, deeply sunken in its thoughts, listening to the land around, rejoicing in the things it sees."
02_host_and_guest_ge.csv,"But tomorrow this passing guest moves on from here to other scenes; it will depart and cross the hills and the ridges gripped in ice, darkening the land as it conceals what was visible from the eyes. Or it will make the hunter weep when he finds he is lost in the rocks, and it will gladden wolves and thieves prowling and roaming in the dark."
02_host_and_guest_ge.csv,"II. Someone unknown to him has sent a boulder tumbling from above. The traveller gave an upward glance, before him rose a mighty hill. He listens... and a little later he hears the crunch of trodden sand; the traveller makes his flint gun ready, lest this be a foe at large. Harder he stares, all eyes and ears, propping his rifle on the ground. He sees a man come striding down, a cleft-handled stick is in his hand. Something black he dragged downhill and ploughed a furrow in the sand. The stranger said nothing, not a sound came from his lips. The metal band that bound the barrel of his gun shone like a drop of morning rain."
02_host_and_guest_ge.csv,"""Who, what sort of creature are you, why are you abroad at this hour?"""
02_host_and_guest_ge.csv,"""What do you think? I am a hunter. I can't see why I should trust in you."""
02_host_and_guest_ge.csv,"""Why should I seem unworthy of trust? Why say things that are untrue? I am wandering, am I not, just like you in these rocky parts? I too am a hunter if you please; today I have roamed about in vain."""
02_host_and_guest_ge.csv,"""Is it usual for a hunter to be as empty-handed as you are?"""
02_host_and_guest_ge.csv,"""I've plenty, brother, on my hands, it's all I can do to keep on my feet, I've walked every yard of the rocky screes and not left the gorges for a moment. A black mist hung over the higher slopes, a mighty wind sprung up and howled through the ravines like a starving wolf. I couldn't see the path in front, I felt like falling onto the rocks. I'm foxed, I don't know where to turn, that is what has troubled me."
02_host_and_guest_ge.csv,"I startled game in many places, I clearly heard the sound of their hooves or of horns when a wild goat touched against the rocks as it leapt across. This was enough to break my heart, I couldn't make anything out with my eyes. Never mind firing or killing now, I hardly dared to move a step."""
02_host_and_guest_ge.csv,"The stranger approached him somewhat nearer, standing just a little way off. ""Greetings, then"", he called out to him, ""don't complain, do not be angry."""
02_host_and_guest_ge.csv,"""Greetings to you, brother, in return: long may you kill the leaping game."""
02_host_and_guest_ge.csv,"""There's game right here, why complain?"" he pointed to a horned wild goat, lying dead, its horns curved back, the cunning beast now silenced for good. ""If you like, let's now divide it as between comrades, the two of us. All I want is a tiny bit, let's carve it up the proper way. Tonight you'll come and stay with me, I have my house not far from here. Brother, where are you from? Say your name. Do not be sad: today the Lord has, it seems, provided for you. Part of the wild goat that I've killed is allotted for you to take. What astounds you? I am not mocking or deceiving you. Well, if things are not what they seem, how have we stumbled on one another? Shame on him, I say, who lets you go off without your share. What's your name? Tell me your name. You have the look of a Khevsuri."""
02_host_and_guest_ge.csv,"""Brother, my name is Nunua, I came from Chieli not long ago."" Zviadauri was lying, he had concealed his proper name. He had no choice, his name was known, much Chechen blood cried out for vengeance. Many Chechen right hands he had severed. many Chechens he had despatched to untimely graves."
02_host_and_guest_ge.csv,"""Tell me your name, since I have told you my real name."""
02_host_and_guest_ge.csv,"""Brother, my name is Joqola, my clan Alkhasta. We shan't have to tell each other any lies. My house is here at Jarega, behind its fortified stone wall. This night you'll come and stay with me, I myself shall lead the way. Though I might not be the best, I shan't be the worst of hosts. Tomorrow, brother, you'll do what seems best, go where you want. I shall tell you of my worries and you can tell me some of yours."""
02_host_and_guest_ge.csv,"""Brother, where I haven't ploughed, how can I reap? That's never done. I see you've cut the wild goat's throat and skinned its feet. I shan't refuse to stay with you. I shall help to lug the goat. But I'll not ask, I'd have you know, for any bit. I should not venture to do that."""
02_host_and_guest_ge.csv,"They skinned the beast, left for Jarega, told many stories as they went and got to know each other well."
02_host_and_guest_ge.csv,"III. Thick stone towers came into sight, dogs started yapping here and there; they had come. From the doorways curious children gazed at them. Now it was clear that what seemed boulders were indeed houses of polished stone."
02_host_and_guest_ge.csv,"""Here you are, this is my fort, my house, my home and family. Please come in like a man to his brother or to the father of his godchild."""
02_host_and_guest_ge.csv,"Joqola called his wife, ""Come out to the door and look"". The host's words showed his pleasure with himself. On the veranda they stand and wait... the fire was dying on the hearth, by the fire a man of some age sat and played the panduri. He sang of heroes and their deeds, of battles fought by his forefathers: how they pillaged Pshavi and Khevsuri and left no brother's blood unavenged. The brave young warrior's right hand is blessed and revered in every land."
02_host_and_guest_ge.csv,"A beautiful woman then appeared dressed in black. Her body was as slender as a silken thread, she was a star torn down from heaven."
02_host_and_guest_ge.csv,"""Here now, I have brought a guest - this is the grace of God upon us - now it is up to you to show how you will receive us, wife."""
02_host_and_guest_ge.csv,"The woman offered her guest a greeting, Guest, come in peace."" ""Peace be with you, long life to you, to your husband and your offspring."""
02_host_and_guest_ge.csv,"She took away her guest's chainmail, they asked him in. The woman was the last to enter - Joqola first, then Zviadauri: he had found himself a brother."
02_host_and_guest_ge.csv,"IV. The man they saw in the house, his hair streaked grey, showing his age, rose up straightway to his feet, a mighty leopard of the rocks. Come as a guest to another man's house, a stranger respects any other guest. It is the custom to rise to one's feet; he cannot break the mountain customs. But when he saw the outsider come, his face took on a wolfish tint. It was easy to see what this man thought. The elder Chechen did not find the alien youth a pleasant sight. Stirred with rage, his heart was racing, his feelings showed clearly in his face. His hand is groping for his dagger and silently it tests the blade. But he, a guest in another's house can't unleash a bloody brawl. He rose and silently went out, he bit his finger bitterly, thrice he struck his heart with his hand when he found himself outside."
02_host_and_guest_ge.csv,"Off he went from door to door, putting a venomous edge on his tongue; ""Chechen men, our blood-feud foe has crept this night into our midst. Joqola, it seems, has no idea who he is, as though his eyes had never seen the annihilator, this man who preys on us tooth and nail, who is never sated, always hungry for our blood and for our bones. Today we have him, let us try to give him a taste of bitter gall. We have many dead who are unavenged and who were killed by him this summer. Speak if I am telling lies, if what I say is not the truth. Let our enemy discover that we are not of mongrel stock. Joqola's witlessness astounds me: why did he open his door to the foe, to whom is the idiot playing host, what has driven him out of his mind? We must make vinegar flow out of Zviadauri's nose; if we don't then let us yield the womenfolk our sword and shield."""
02_host_and_guest_ge.csv,"The sons of the Chechens were aroused, each one buckled on his sword, the whole of the village was set astir, every man and woman and child. They must sacrifice the head of Zviadauri to their dead. His throat must be cut on the grave of his foe as was the custom and the rule."
02_host_and_guest_ge.csv,"They sent off a man to act as a spy, quietly they trust him with his task. He was to visit Joqola as a neighbour or a brother, not to alert him in any way to the village's intent. He was to sup, to have a chat, to find out where the guest would sleep: at night they'd storm and tie him up, they didn't want to wait for long. With honeyed words the spy arrived, greeting Joqola by name, at his ease as though unvexed. He makes himself at home, tells tales: his tongue is flashing like flint and steel. Who would know he had a heart poisoned with a serpent's venom?"
02_host_and_guest_ge.csv,"They supped. The host was taking a heartfelt liking to his guest. ""He's a good man, that's only too clear,"" he swears repeatedly by his faith. ""Today we are friends, tomorrow brothers: our two souls are linked together..."" He asked him if he would like to sleep and offered him his wicker bed. ""No,"" his guest said in reply, ""I don't need blankets or a mattress. I shall sleep on the veranda floor, I'm not accustomed to sleep indoors."""
02_host_and_guest_ge.csv,"His desire, his inner wish, the wish of his heart was now fulfilled: this is what the spy was after, for this the village had charged him to come. Overjoyed, he took his leave and alerted all the people. The fox has no more need to search if he knows the cockerel's perch."
02_host_and_guest_ge.csv,"V. ""What's up, woman? Get my sword and my dagger, this is no joke. The enemy's soldiers are storming us, they mean to wreak real havoc on us, it is our guest who's played us false; under the cloak of friend and brother he has smuggled his army in. Right then, wait... I am wrong, these men here are Chechens like us. Why have they come at this hour of night, what is this argument, what do they want? Listen closely, I hear someone croak. What a horrible row this is. They must be putting my guest to death, daggers are flashing all around. Take a look at these shameless men, trampling my family underfoot. They have cast a slur on my manly honour, crushing it into the dirt like pulp; am I supposed to run away? What on earth are they raging for?"""
02_host_and_guest_ge.csv,"Joqola spoke and rose to his feet, clutching a dagger he left the room. He flung the house-door open wide, proudly, angrily stepped outside. ""What are you up to,"" he called out loud, ""whose guest are you binding up with rope? Why are you breaking our God-given rules, why foul yourself with a pitcher of dirt? I swear by my faith, I'll shed your blood, I'll make you rue your savage deeds, I'll make you rue, though you be my brothers, the day you trampled on my manhood..."""
02_host_and_guest_ge.csv,"""Madman, what do you mean, what have you said? Can't you come back to your senses? Who would sever his mother's breast so as to please a blood-enemy guest?"" The Chechens shouted out at him loud as thunder, as one man. ""You and your guest, the two of you we'll throw over a precipice. The village will do as it desires by its communal laws and rules. Why is this man in your house as a guest, this scourge of all the Chechen lands? In the mountains even a child knows Zviadauri by name. You brainless fool, he always has tried his utmost to destroy us, falling on us like a wolf, sitting in wait for us on the road."""
02_host_and_guest_ge.csv,"A fleeting thought held Joqola back, a twinge of remorse suffused his face as if an arrow had been fired and struck the middle of his heart."
02_host_and_guest_ge.csv,"""It was he who shot your brother in the birch woods. We know his face when it is like a rabid mask. Zviadauri if you please', he shrieked at us from the upper slopes. We know him clearly to this day, our eyes have tracked him from afar. Pshavia and Khevsuria are full of cattle he's rustled from here. Quick-footed, in his blue-black tunic, he used to hang behind the army. You ill-starred wretch, why foul yourself with this never-sated pig? How can it not make you retch to sit there in his company?"""
02_host_and_guest_ge.csv,"""All this may very well be true... Whatever you may say about him, no thread on earth will bind my heart to go along with your desires. Today, you see, he is my guest, though seas of blood be on his hand, I am unable to betray him, I, God's creature, swear by God. I ask you, Musa, let him go, don't torture him so savagely. Once he has left my family, then do him harm. Who'd sell a guest? What Chechen have you known do that? What great wrong can I have done that you should batter down my door? You forgot your laws and faith to act in such a wrongful way. How will you answer my family? This is no highway, this is my house. Woe upon you, sons of the Chechens, Woe to this army at my door. You put an unarmed man to torture, even your hearts must feel for him."""
02_host_and_guest_ge.csv,"Musa (to Joqola): ""You headstrong fool, we'll tie you too, if you defy the common voice. How dare you mutiny against that which we decree is right? You have been yapping like a cur, you have been talking a madman's drivel; and for the sake of this infidel you treat your brothers like enemies. Don't you know that from this day your affairs have gone awry?"""
02_host_and_guest_ge.csv,"Joqola (to Musa): ""What was that? Cur? Did you say that? So now you've made a dog of me?"" He drew his dagger, thrust it hard to the hilt in Musa's heart. ""Hark at this dog, listen to him, you saw the liberties he took with me. You who trample on my honour, do you still abuse and curse me? I swear by Allah, I'll wipe you out unless your swords dismember me first. May earth's and heaven's grace abhor you, what you are doing is unjust."""
02_host_and_guest_ge.csv,"""The man is godless, what's he done, he's off his head, he's gone insane..."" The whole armed gathering of Chechens swooped on Joqola, bound his arms, too fast for him to use his sword. They threw him down, bound hand and foot, on the veranda like a corpse. The people's curse is a thunderbolt, its spittle is a fall of rain. They lead a wounded man away, it was Zviadauri."
02_host_and_guest_ge.csv,"What says Zviadauri? Why is his face so chill and pale? Bile is eating the young man's life because he cannot hold a sword: ""Should you ever fall in my hands, you dogs, I'd give you something to remember."" He said the words with nonchalance, but nothing more came from his lips. They were taking him to the graveyard to sacrifice him to their dead, so that he might in the other world be the dead hero's obedient slave, plait him bark sandals and draw him water."
02_host_and_guest_ge.csv,"VI. Beyond the village stands a hill, sunburnt, sandy. Many men, lion-hearted, thoroughbred, lie here. Below, the rock-face crumbles to a silent dry clay river-bed. These men once held cold steel and firearms: their rugged hearts have ceased to beat. Relentless and insatiable, the tongueless earth devours them; the human form of everyone is obliterated in it... no earthly power or cunning words undo for us the claws of death. This is the wrong that nature does us, the cause of our eternal grief: evil and good, it kills them all, no-one has it ever spared. All the voyagers' goods are sunk when their ship is swallowed up..."
02_host_and_guest_ge.csv,"The sun's first rays had not yet shone, the dew still slumbered on the grass, the breeze had not begun to blow or fan itself low on the ground. Already countless men and women had gathered on the wooded banks. Zviadauri, arms bound, was being dragged here by the mob.- All look forward to seeing him killed, for who would think to mourn for him? Though death may frighten all of us, we long to watch when someone else is put to death. Men cannot feel too often great wrongs that they do. How many evil men I know who walk about without a frown. And is there a man who would not want to see his tormentor annihilated?"
02_host_and_guest_ge.csv,"VII. Here now is the Chechen's grave, the people gather in a circle, the mullah reads aloud the prayer which invokes their dead man's soul:"
02_host_and_guest_ge.csv,"""Darla, let your suffering stoр, put away your worries now, we your fellows have come to stand by the grave where you are buried with a sacrifice; rejoice in it, we will not leave you unavenged."""
02_host_and_guest_ge.csv,"""A dog is all your corpse deserves,"" the young man raises up his voice, fury makes his hair prick up like the hackles of a panther. Fire like a lime-kiln's seizes hold of the victim's inner feelings. What can bend his clouded brows, his sun- and wind-tanned mountain neck?"
02_host_and_guest_ge.csv,"They turn round Zviadauri, they press a swordpoint in his throat:"
02_host_and_guest_ge.csv,"""Be sacrificed as Darla's slave,"" everybody shouts at him."
02_host_and_guest_ge.csv,"""A dog is all your corpse deserves,"" came his answer to the people."
02_host_and_guest_ge.csv,"The brave man did not bend an inch, his eyebrows did not even twitch."
02_host_and_guest_ge.csv,"The sons of the Chechen were aghast, the people reared like a maddened horse. ""He's trying to spoil the sacrifice, just listen to the damnable dog,"" they bawl, while slowly, inch by inch they thrust the sword into his throat. ""A dog... ""the words came through the throat, until his head and neck were severed. ""Just take a look at him, have a look, he hasn't even blinked an eye."" Life was ebbing, blood was gushing, Zviadauri was dying. But no foe's hand could kill his heart, his heart stayed a heart right to the end... And as she watched this spectacle, a woman felt her senses faint, the beautiful creature hid her tears as she stood behind the throng. ""Do not kill him,"" her heart cries out. She thought, as anger overcame her, ""If only a woman had the right to wield an axe, or was entitled to spare this man from being killed, I'd make the rest fear for their souls. I can't imagine that the woman who used to lie down by his side, whose breasts, from now on cursed, used to touch against his chest, could ever feel, I can't believe it, her passion for her husband waning."""
02_host_and_guest_ge.csv,"The Chechens were hurt and deeply angered: their desires were unfulfilled, they had failed to make an offering that befitted their hero's soul. The man they killed had killed their hearts and given the lie to their boastful oaths. Enraged, aggrieved, these men now wished to draw their daggers all together to inflict on their victim's corpse open windows stained with blood. But they were ashamed and did not dare; each man thought, ""It is a sin."" The violence of the crowd's intent had drifted off into regret. Making their way back downhill, once they were home, they started saying: ""We would not have killed him as a foe, surely, had foes not done us harm."" ""He must have been a brave man indeed,"" everybody swore by Allah, ""That's why he fought us like a panther, he stood'up for his motherland. But 'show the enemy no mercу' the Lord himself commanded us. Better to do what we shall now try: to stick a knife blade in his heart."""
02_host_and_guest_ge.csv,"They went. Zviadauri was left high up on a desert spot, for the dogs to pull at the carcase and flocks of birds to rip it up. ""He wouldn't submit to sacrifice, let him lie there, that's harm enough,"" loudly the Chechens shouted out, pleased and satisfied with themselves. And the dark gorges caught the sound and echoed their voices through the peaks."
02_host_and_guest_ge.csv,"Evening came and down the mountains the last rays of sunlight edged their way, light gives up the ghost, dark steals in. The suns rays froze and ceased to move, the glimmering sand no longer shone. No-one could see, for it had dimmed, the white hair that covered the mountain's blackness, the grief-embroidered, woven face of that black rock which always mourns and drops down many a limpid tear. Death calls for mourning and laments, a dead man for his sister's weeping the forest for the leaping stag or sometimes for the howling wolves, a brave man calls for death in war, a broken sword-stump in his hand, war calls for the victorious feast and for the enemy's defeat."
02_host_and_guest_ge.csv,"Zviadauri was mourned by the lashing, tossing waters, by the sighs of the mountain tops wafting down as a gentle breeze, by the tears of a host of mists, all these the things God had commanded. By the edge of a spring a woman kneels, the lovely, beautiful wife of a Chechen, pouring water on her brow and chest. From time to time her heart feels faint. Many a silent tear has she shed, though she still shuddered from time to time. Zviadauri's death was like a ghostly vision in her eyes. But this was no full-blooded weeping, for though she wept she held it back. She feared the opinion of the village and also felt the fear of God whose anger would be wreaked on those who mourned the Chechen people's foes. Such was her mind's thought, but her heart went its own way. It would not put aside this man's brave death. The spectacle had struck the woman like an arrow in the heart, it obliged the lovely woman to mourn the slain man as a duty. She waits for the dark, so she may go to weep at night for the deceased. She thought no more of Joqola, nor whose wife now wept for which man, nor of her demented actions. Joqola might be being killed, the door of his house might be broken down."
02_host_and_guest_ge.csv,"She rose to her feet, looked around like a startled, hunted beast; peering all round, at length she came to the gorge's rocky bank. The frightening trumpet of the waters resounded in the chilling gloom. Shy, overawed, she approached where he lay, falls on her knees, leans over the corpse, sobbing, catching her breath with grief; her tears would have melted a polished stone. She took out her knife, brought it close towards the body of Zviadauri; from his beard she cut three hairs as a keepsake and a token, wrapped them up in her silk scarf's hem with her crystal slender fingers..."
02_host_and_guest_ge.csv,"What is this rumbling sound she hears? A ringing swells up in her ears... She catches, coming from the graves, the angry protests of the dead. A shriek of bitterness builds up like a burst of children's crying. Universal wrath rings out, universal heartfelt pain: ""Have you no conscience, what have you done?"" they cry outraged. ""May God almighty turn his anger on your head,"" from their graves they shout at her. The clouds rushed faster across the sky."
02_host_and_guest_ge.csv,"She turned and ran, she looked behind: the dead pursued her, as she thought. ""Though you may escape us here, you won't elude us once you're home."" The sound of the chase rings after her, and is echoed by the hills. Hardly anyone at this hour still is lingering outside. ""You have no conscience"" the slander forms of rhododendrons call to her, as do the herbs, the rocks, the sands all round. Ebari, her brother, rose from his grave. He was a man among his peers beyond compare. He joined the harrowing of his sister, thunderous words burs from his lips. ""Woe to you, sister, how have you treated me? Why let such dreadful furies loose on me? I lie already in the grave, but you have buried me yet again. Is this how you show your sisterly love, is what you've done a womanly deed?"""
02_host_and_guest_ge.csv,A baying dog was trotting off along the track towards the graves.
02_host_and_guest_ge.csv,"VIII. ""Where are you off to, cursed dog, where do you think you're making haste? Who'd let you eat a brave warrior's corpse? Dog, may your eyes be glazed with death. Have Zviadauri's bones become something fit for you to rip at?"" After she said this, Aghaza threw stones at the dog as fast as she could. Then she ran off, blindly following the very edge of the rock-strewn gorge. Still she can hear the voice of the dead, the mountains sing a bass in reproach, shaming Aghaza's jet-black hair."
02_host_and_guest_ge.csv,"As she got nearer to her house, she saw a light still burnt inside; she tried to cry out loud, ""Oh help,"" to make her voice pass through the walls. But she cannot say a word, sweat pours like water from her brow... Gasping for breath, at last she reached the threshold and collapsed, worn out."
02_host_and_guest_ge.csv,"Cross-legged, sitting by the hearth was Joqola. ""Alas,"" she called, the very word dried on her tongue. Her husband put his arm around her and pulled her over to the hearth. ""What's wrong, woman?"" worriedly he questioned her. ""Must I add your lamentations to my troubles? What's wrong then, tell me what. Open your mouth. Has anyone tried to grab you and roll you in his arms? Tell me. You shall be avenged. This instant I shall make him rue it, I'll quickly bring back to his senses anyone who's besmirched my honour, just as I made Musa rue the night he broke down another man's door."" He paused to let his wife reply, he loomed above her while he clutched his dagger. All the time he kept his hand around the handle, yet not a word came from the woman, and her face was drained of colour."
02_host_and_guest_ge.csv,"Joqola fusses over her, waiting for his wife to speak. By midnight, slowly, Aghaza had regained her former self. She said to Joqola, ""What's that you say? Why make yourself so miserable? Why do you imagine things that never should be even thought? That's all nonsense, I have not seen any man at any place. Who'd dare try anything on me, what are my veil and dresses for?"
02_host_and_guest_ge.csv,"I have come back from the cemetery, I have been looking in the gorges for your horse. I am unlucky, I could not find the horse, but fell among a company of demons. One that wore a black felt coat over his monstrous body came for me. (The stench of his hide is still there flashing in my eyes). Big ears he had, with teeth like tusks, horrid to see, coloured black; he stretched his great big hands at me, he wore a hat as big as a hill, blackish, leather, on his head. And he said, Come live with me, woman, I've got gold and silver, lots of it, you'll see it all.' I ran for it, I'd taken fright, the demon chased me, bawling loud. The rumbling from his pounding feet made the whole earth move. The sound terrified me. Mountains and valleys twisted and shook in all directions. I only just made it. Shuddering, I let you know of my piteous state."""
02_host_and_guest_ge.csv,"Joqola says to her, ""Something else, not the demon, is the matter. Your words do not convince my mind, my thoughts are muddled. Why have you been crying? Your cheeks are wet with tears; tell me quickly, tell me properly, do you think I can't endure it? Some feeling, sorrowful, innermost, has lodged in your heart. My eyes cannot help seeing the trace it's left; what you have drunk, what you have tasted needs must leave behind its mark."""
02_host_and_guest_ge.csv,"""What can I hide from you, Joqola, or why should you turn angry with me for what I've said?"""" his wife replied, her voice took on a tender tremor. ""I have offered up my tears for the man who was your friend. I felt so sorry for the wretch, meeting his death in foreign parts with neither relative nor comrade nor anyone to pity him. But when they killed him with the knife he wasn't flinching in the least. I may have sinned against you and God, but I burst into tears, what could I do?.."
02_host_and_guest_ge.csv,"""How could I chide you because of that? Speaking the truth is better than lies. You wept? You did a gracious thing. How can I be the judge of this? It always has been fitting that a woman mourns a good brave man."""
02_host_and_guest_ge.csv,"IX. Morning came and Aghaza drove the cows out of the mountains. The birds flew down, for they were flocking towards the corpse. But Aghaza creeps to a rock above the graveyard. From here she scares the crows away, and the black slow-flapping vultures and the white insatiable griffons that squawk around the dead man's body. She waves her arms about, she shades her eyes that sparkle like the sunlight. She plays at knitting a woollen sock, while hurling pebbles from the rock. She does her utmost to conceal what she is up to from the people."
02_host_and_guest_ge.csv,"X. The news struck like a thunderbolt when it came to Biso village. ""They have killed our Zviadauri who was our pillar sent from heaven, Pshavia's and Khevsuria's shield and sword, the best of men."" When they heard this dismal news, the mothers set up a wail of lament."
02_host_and_guest_ge.csv,"One old Biso woman wept, crying out loud in bitter sobs: ""Why am I, cursed wretch, alive? Entrust my body to the earth. Show my son's strong arms to me, bring them and put them in my hands. Take my son's right hand and fling the earth of the grave upon my heart. Woe is me, why do I live, why do my legs still walk the earth? Souls of the dead, why have you not called me over to your side? How can I bear to think of my son lying in unbelievers' land?"""
02_host_and_guest_ge.csv,"The fighting men had beard the news And knew that it portended trouble, they talked it over with each other, their faces marked with misery. ""Why should it astound you that we weep hot tears for our protector?"" They went away and fetched their lances, the blades were dipped in mutton-fat; they fitted out their swords and shields, preparing the army for the morning. This is not the first time that men's blood should gush like water from a pipe. Apareka calls to the men, ""You will need a week's provisions."" Babarauli shouts out, ""All men who wear a hat must go."" The uproar of excited men is louder than the sound of pipes."
02_host_and_guest_ge.csv,"XI. ""Get up, Joqola, come outside, don't lie peacefully by the hearth, look: what a crowd has gathered round the white beards of our mountain peaks! They intend to visit us, they have invited themselves to stay. They will make our mothers rue the days they rocked us in the cradle. Now they are driving the cattle away, what a turmoil, what confusion! Look over there, the army has massed on Jarega's heights, the Triple Peaks. They've loosened rocks and rolled them down on the terrified cattle-herdsmen. Off you go and help your fellows, they are running to meet the foe, You too, Joqola, must go like the others."""
02_host_and_guest_ge.csv,"""Me follow them? What are you saying, bird-brained woman? They wouldn't have me next to them. I must fight my war alone, for all Jarega to watch me act: let my country see for itself who has broken with his faith; they believe that Joqola has sold his soul for money, that I have betrayed the Chechen lands and washed my hands of my immortal soul. They bring and lay a heavy stone over my heart to bury it alive."""
02_host_and_guest_ge.csv,"These were the words of Joqola as he put his armour on; he buckled his sabre round his waist, over his shoulder he slung his gun, following the Chechen custom, he put no helmet on his head. Alone, he went off on his own, dedicated to the fray... The others, ready to engage the foe, had spread out on the hill."
02_host_and_guest_ge.csv,"XII. Down the Khevsuri army comes, its banner proudly borne before it; they headed for the cemetery, the Chechens' silent dwelling-place they meant to find their hero's corpse, to gather up his valiant bones, to gouge the eyes out by the roots from Zviadauri's torturers."
02_host_and_guest_ge.csv,"Hidden on every gorge's edge, the Chechen army fought them back. They fired their banded Magyar guns. These hefty, well-built lads don't yield the path to the Khevsuri men. Both sides raise their guns and fire, yelling out their battle-cries, both sides find the going hard, both fight to the bitter end. The bullets were drinking copiously of blood and grazed the fescue-grasses. But the Chechen did not break, standing like a buttressed fort. Baburauli told the Khevsuri to turn to fighting with cold steel. The battle became a clash of swords, shields cleared paths for swords to hack, the Khevsuri are out to win a precious treasure and a booty. Shield, don't let the sabre down, you and it are boon companions! The Khevsuri tore down the hill, before them rose a tall sheer crag."
02_host_and_guest_ge.csv,"A Chechen with his sword raised high suddenly leapt down from the crag; he astounds the Chechen army by beating-back the enemy hosts. Some think it a spectre or a feint, or speak of ghostly apparitions. ""Who is that engaging the Khevsuri? He's one of ours, who can it be?"""
02_host_and_guest_ge.csv,"""It must be Joqola, indeed it's him all right,"" one man said; others concurred and watched, amazed: he is not frightened by the mob, though swords and daggers are thrust at him; now he's struck down and spins around, the point of a dagger stabs his chest."
02_host_and_guest_ge.csv,"The Chechens were utterly overjoyed: ""Let them kill him, if they have, he asked for it; he's shown us up. He often used to give us trouble, he set himself above the village and rubbed our faces in the dirt. He went alone to meet the foe and thus has brought bad luck upon us."""
02_host_and_guest_ge.csv,"The Khevsuri left Joqola dead, on a lofty, jutting rock; they then fell upon the Chechens and spread out over the mountainside. Now swords and daggers whirled about, blows reached chests, swords and shields set up a clanging and a crash that rose to God in the skies above."
02_host_and_guest_ge.csv,"The Chechen army turned and fled, they headed, clattering, for their towers. The Khevsuri follow close behind, their helmets shining on their heads; at the graveyard they gathered up Zviadauri's scattered bones; one lay here, another there, strewn and torn at by the birds."
02_host_and_guest_ge.csv,"The bones collected in a knapsack, they turned for home. They had fulfilled their heart's desire, their first intent. They drove the sheep and cattle home, taking them back across the peaks; they'd had their vengeance on the foe, what cause had they for sadness now? Home they brought their hero's corpse, the fort, the iron gate, the hope of Pshavia and Khevsuria had not been left in foreign parts. Comrades would weep as was their custom for their departed, they'd bury him by the graves where his forefathers lay. Costly are the tears indeed shed on the breast of a man we've loved."
02_host_and_guest_ge.csv,"XIII. ""You who mourned for a foreigner, the Khevsuri have killed your husband. Go off, Aghaza, weep for him, lay him in his grave. The wind ruffles his whiskers and his beard, the crows are croaking at his head."""
02_host_and_guest_ge.csv,"""May your enemies endure a life as bitter as mine has turned. No-one now approaches me, no-one offers a helping hand. I have buried him there above the rocks, there I dug a grave for him. Everyone turns their back on me, everyone stands aside when I pass. They fenced the graveyard off from me, to stop me from burying the body there. 'Joqola', they say, 'was a traitor to us. His place is where he fought alone, he smeared us with pus, he is a man who disobeyed the village's will, a two-faced and a wanton man'. Fire, oh brother, is burning me, a flameless fire that doesn't catch; it deadens my heart, it clouds my mind with thoughts I cannot understand."""
02_host_and_guest_ge.csv,"Joqola's wife shed tears for him, harder and faster the tears poured down. She was a gazelle with its head arched back, her thick-flowing hair and moon-shaped face made her an adorment to her husband, like a pearl button on his chest."
02_host_and_guest_ge.csv,"XIV. The night is dark, the rain pelts down, all around the earth is trembling. God, look after the suffering, give them help and show them mercy. The good are well-off anywaу, show the ill-starred wretch Your love. Strew like roses the prayers and entreaties of the tormented in Your heart. If You can't help them, then redeem these unfortunate creatures' souls... Enough of your threatening: scatter, clouds!"
02_host_and_guest_ge.csv,"The river thunders and it rages, breaks off boulders and sweeps them away. Today the river is wreaking evil, it does not know for what it howls. It fears no pain, it knows no death: only one thing does it know - gushing of tears, howling out loud, and endless and unsmiling scowl, weeping alone, weeping alone..."
02_host_and_guest_ge.csv,"Down in the gorges a wind strikes up, yelling its battle-cry through the peaks. A woman stands and stares at the river from a rock; her hair hangs loose. The pallid quiver of her cheeks reminds me of a star extinguished. She makes no sound... seized with fright, she shudders looking at the river: what a horrible roar it makes, how horribly it rushes on! The cruel blackness of the abyss rages with its jaws agape. Now if only a single person had told her. “Do not kill yourself!"" The woman closed her eyes and quickly she fell away into the chasm."
02_host_and_guest_ge.csv,"""Why on earth should I stay alive?"" were the woman's final thoughts. ""Nowhere in the Chechen lands does even a pebble share what I feel. The Chechens condemned me on two accounts. They have anathematized my husband... My other sin is greater still: I have shed tears for an alien man."""
02_host_and_guest_ge.csv,The water bore away Aghaza and mixed her with the slime and sand.
02_host_and_guest_ge.csv,"XV. Above the rock where Joqola died fighting off the Khevsuri, at nights, a vision can be seen, on that landslide-battered hill. High on the rock Joqola rises and calls to where the graveyard lies: ""Zviadauri, my brother, why don't you show your face to me?"" From the cemetery comes out a phantom bearing sword and shield; his arms, with armour on the elbows, are folded crosswide on his heart. He goes across and gives a silent greeting to his bosom-frien. There too Aghaza arises, sad-faced, full of melancholy. By their side a fire is lit, it flickers palely on the mountain. Aghaza is doing the honours, she spit-roasts goat-meat over the flames. They talk of brave and manly deeds, they talk of their trust in one another, about the laws of hospitality, friendly acquaintance and brotherhood."
02_host_and_guest_ge.csv,"When he sees them there together, no man can satisfy his gaze; but an impenetrable fog looms up, like a mist that is dyed with black. It seals the spectacle from the light as though it were a writ of Fate and draws a magic curtain over: no flail on earth can break it down, no sorceress undo its spell, no human hand can make it rise."
02_host_and_guest_ge.csv,"Only the river's voice is heard, down below it coughs and swirls; and, stalk erect, the heliotrope gazes into the bottomless pit."
03_the_snake_eater_ge.csv,"I. The Khevsuri had come as guests, Tsika, their host, had brewed the beer. They sat on the flat earth roof and drank, downing the beer, cup by cup. Some played the three-stringed panduri, and sang loud songs as they plucked the strings, putting their listeners in the mood for tales of herces and their deeds. Ablaze with worship, the verses spoke heroic names; the old men smoked, the smoke hung over them like fog. They puffed their pipes and told their tales, invoked and blessed the heroes' souls, recalled and praised them, to arouse the young: ""It's up to you now - who can be a greater man!"""
03_the_snake_eater_ge.csv,"One man stands among the throng, quiet, pale-faced. Like insects to honey round him hover big and small. This gloomy man is girt with a sword, from his shoulder hangs a shield. Two men, their heads uncovered, kneel on one knee in front of him. They pass the cups and fill them up with deep black beer from a giant trough. ""Drink up, Mindia,"" they say. ""It's good strong beer, with plenty of hops. Give us a story, for heaven's sake, something artful and good to hear."""
03_the_snake_eater_ge.csv,"""I'm too drunk to tell you tales, the drink has overcome my wits. Let it keep for another time, if death is not to call me yet."" He raised the last drink to his mouth, poured it down and drained the bowl."
03_the_snake_eater_ge.csv,"He had escaped captivity and found it sweet to be again drinking beer, like many others, getting drunk with his fellow men."
03_the_snake_eater_ge.csv,His name was Mindia: the tales were unbelievable - it was said that wizards had captured him and held him prisoner for twelve years.
03_the_snake_eater_ge.csv,"Being a captive, far from home, broke his spirit. Time ran on, Easter, Christmas passed many times, Mindia's captivity had no end. Slavery sapped his will to live, he longed to be released from life. His mind recalled his snow-capped peaks, deep-shaded gorges, winding tracks, his mother, father and his brothers - all of them mourning his ill-starred fate. His austere house seemed paradise lost. Many a time he heatedly begged God and his shrine to come to their aid."
03_the_snake_eater_ge.csv,"At last he said: ""I'll kill myself rather than live a life like this."" He saw the cauldron the wizards put over the fire to cook their meal. He knew that they were cooking snake: this was a food they often ate. By sorcery the wizards could eat snake flesh and stay alive. Mindia thought, if he ate snake he would be free of his troubled life."
03_the_snake_eater_ge.csv,"With stealth and loathing he took a slice, ate it, and then the heavens looked down with merciful eyes on Mindia. His spirit flooded back renewed, his bones were clothed in flesh made new. Sight was given his heart and eyes, as though hitherto he were blind and deaf. From that day on he understood what birds sang, plants and animals spoke when they were glad or suffering. Everything that the Lord had made had language: all was within the law."
03_the_snake_eater_ge.csv,"The prisoner felt his nature changed. Stunned, he grasped that snake flesh was the ploy and secret of the wizards. Though they had said, ""Eat some, Mindia,"" they kept their wisdom in the flesh of snakes, knowing that Mindia loathed its taste."
03_the_snake_eater_ge.csv,"The captive had the wizards' wisdom, Sky, earth and forests spoke to him. His heart was closed to evil alone: every other wizard's trick he learnt. What can he fear, though he be struck by thunderbolts? The wizards raged when they discovered a simple peasant had grown wise. Captivity holds no more terrors, nor do the tricks the wizards play. Sooner or later Mindia hopes to give them the slip and get away."
03_the_snake_eater_ge.csv,"Quick as a bullet, wise as a snake, Mindia is worshipped: he comforts all Pshavia and Khevsuria. Queen Tamara often says, ""As long as Mindia stays with me and the mountain tribes remain with him, my enemies cannot weaken me, however fiercely they attack."" Mindia has stratagems to crush, utterly defeat the enemy: if he reaches the wounded in time, they forgo the sorrow of death. His incomparable healing herbs cure a warrior hacked in two. Wars cannot lessen Mindia's troops: his army's numbers never fall. Far and wide the stories spread of his adventures and his powers."
03_the_snake_eater_ge.csv,"II. But when spring is in the air, the land wakes up; freedom and joy waft everywhere, young buds appear, the green grass hugs the flowers close. Then Mindia, all eyes and ears, roams the mountains and the fields. Every creature, plant he meets, he greets. Nature calls out, ""Hail,"" decked out in flags. The flowers throw their proud and painted heads up high. As one they clamour, ""Long live Mindia."" The trees begin to rustle their leaves, the grass and herbs sway in the breeze, each herb sets up a murmur, a din, ""I am the cure for this disease."" The next calls, ""I am that ill's best cure."" Mindia plucks them, takes them off before the morning dew has gone."
03_the_snake_eater_ge.csv,"It is as though the flowers think nothing of their scething life, so long as they may heal disease. They yearn to be of use to man, to flesh and bone beset by ills. Thus act the flowers, but the trees weep and Mindia alone understands their moans and cries."
03_the_snake_eater_ge.csv,"Their weeping made his life upset: he took his axe up to a tree said, ""This is the one that I must fell,"" swung the axe and in mid-swing heard the tree beseech him, ""No,"" don't kill me, Mindia, I beg, don't blot out my life, don't stun a helpless and defenceless tree."" His arms went limp, he blankly gazed up at the sky and turned towards another tree: it moaned still more. Empty-handed, he made for home, he could not cut up wood to burn and, not to have a cold, chill hearth, he gathers hay or withered stubble or straw or dung. He now makes do with any fallen twigs he finds, nevertheless gives thanks to God, when the day begins and when it ends."
03_the_snake_eater_ge.csv,"He urges others: ""Men, don't do a sinful thing; don't fell trees, make do with stubble or dry twigs."" No-one listens: his advice seems to them a madman's speech. ""God made trees to meet our needs."" And to this day, who thinks twice to spare the aspen or the beech."
03_the_snake_eater_ge.csv,"III. When he starts to reap the corn, his mind is utterly deranged, his shirt hangs open as he cuts one stem here, another there. He tramples down the field of corn, crushes the stalks and lays them waste; while his arms have strength to swing he whirls around, a human awl; at last, tired out, he folds up, falls and prostrate sprawls down on the earth."
03_the_snake_eater_ge.csv,"Should you ask him why he behaves like this, the answer comes: ""You cannot grasp what you have said, that's why you think my actions mad. If only you knew, how they themselves plead with me to mow them down. You should see ten thousand stems offer themselves of their own accord, seț up an uproar on seeing me approach like a God, sickle in hand: ""I'm the one to cut down, Mindia, I beg you, do not pass me by."" ""No, me,"" another calls out,"" for I am more frightened by the sky. When I see a patch of mist my body crumples, limp with fear. Woe should the hail slash at my throat."" Still louder, yet another flower cries out: ""Do not abandon me, I pray God give you strength and joy."" They drive me mad with furious sounds, I am bewildered with compassion. Two hands, two eyes are not enough to take them all; and I myself am on the brink of breaking down. Hailstones make the corn afraid, as men fear being left to starve, and yet the sickle cuts a swathe far more deadly than the hail! The ripe and golden ears of grain save themselves for men to use, they do not wish to rot and waste for crows and kites to peck at them. That is why they urge us on, in one loud roar, to reap them down. They yearn to be our food and bread, to sate the hungry so that we can pray for rest for the deceased and call upon the heavenly powers."""
03_the_snake_eater_ge.csv,"IV. The sacred shrine of Gudani draws in pilgrims by the score. To mark the day, the Khevsuri celebrate by drinking beer. A host of people gathers round, their elders argue many things. Some tell the story of others' lives, some their own adventures tell, of manly deeds, of guns and swords. Praised is the man whose sword will cut chain-mail. Deference to him who talks of battle and of war. Meanwhile a quarrel is flaring up about the snake-eater and his powers, whether men committed a sin if trees were felled or grass was scythed."
03_the_snake_eater_ge.csv,"Chalkhia speaks to the gathering: ""Your thoughts amaze me, I've said before many a time, I say it again: if trees and rocks have language too, why don't they speak to us as well? Mindia, I say, has cooked up a lie to lead us astray. We're men as good as he. We've ears to hear. I've nothing to hide; he can listen too and think in his heart whether I'm right. Let's say that it is good to feel pity for trees, stones, herbs and beasts... But killing a man outweighs all these, though he be everyone's enemy: then we ought never to kill a man. Listen now to what I say: I have seen Mindia pile up a heap of enemy bodies hacked with his sword. What is he up to, if his faith forbids the taking of others' lives? But we kill anyone who breaks our peace, takes our wives, steals our patrimony or offends against the laws that we hold dear. Not even God can then condemn us for striking back at an enemy, or for felling, in order to live, the forest beeches and the elms."""
03_the_snake_eater_ge.csv,"""No, Chalkhia's right, he's not mistaken, Mindia is lying, that is clear. He has built up a thousand falsehoods like a stone wall before our eyes,"" said some of the crowd, hesitantly."
03_the_snake_eater_ge.csv,"""If, God forbid, we followed your teaching, what would become of us, how would we live? Why should these things be sinful, when the Lord did not tell us they were a sin? Mindia does wrong if this is how he wants to order our villages' life. Help and profit, not ruin and harm, are what we hope for from our betters..."" Such, in the end, were the common thoughts uttered by the Khevsuri gathering..."
03_the_snake_eater_ge.csv,"Mindia was sitting there, tears were flowing from his eyes. No-one knew what made him suffer, his eyes seemed fixed on something apart; deaf to the arguments, he awoke only when Berdia broke his thoughts: ""Mindia, why don't you lend us an ear? Tell me why you are crying. Not that weeping — yours or anyone's - surprises me, though you should change nine times in the blinking of an eye from merriment to bitter tears."" Then the whole Khevsuri mob turned towards the snake-eater..."
03_the_snake_eater_ge.csv,"""Speak then"", once more Berdia says. ""What grief grieves you?"" ""Over there two birds are sitting. I have listened."" He pointed his finger and showed them where two birds, with wings drooped down sat on the smooth stones under an ash. ""One is telling the other the news how its children came to die; the mother bird is on the left, the bringer of bad news on the right. God protect us, how it rends the heart when a parent weeps for her children's death!"""
03_the_snake_eater_ge.csv,"All the assembled Khevsuri stare at the birds. Then one of them, as though overcome by a drowsy sleep, toppled off the polished stone, its soul departed. To see it die made them abandon their disbelief. Khevsuri stared at one another, their eyes wide open and aghast: ""Can such knowledge have been gained by human forces?"" They were convinced of Mindia's powers, for the bird had died in front of everyone. But their minds have not the strength to follow up what their hearts have sensed: they still scythe grass and plants, kill game and stoke their fires with living wood. Well, what would turn a fox's heart against the taste of chicken meat, and who would sit down by the hearth with no log burning on the grate?"
03_the_snake_eater_ge.csv,"V. Again and again the Khevsuri clash with Lezghi, Persians, Chechens, Turks. Each time, victorious, their troops return strengthening the walls of Georgia, sewing a shroud for her enemies; a people wants but little, if it sees its enemies subdued. While Mindia leads their hosts in battle, no harm comes to the Khevsuri, no-one dares now to attack, peace and quiet reign everywhere... Blest is he, whose land gives him thanks."
03_the_snake_eater_ge.csv,"VI. A house is perched on a rugged crag, its flat roof pressed against the sky, gigantic mountains all around thrust their massive bodies up, their sharpened edges iced with snow. Their might and strength can never tire. Once you have seen them, then your eyes must gaze for ever on their beauty, a beauty even greater now than when they seethe with greenery. Though the sun should light their breasts, the avalanche comes thundering down and the gorges begin to cough like a man sick with consumption. But the heavens bless them for their loveliness. The cool breeze swirls, moaning often round their peaks. In summer thunderous clouds light up their candles with their flint and steel. Here no-one ploughs or tills the soil, nor does the sower scatter seed; only the wild goats leap about, sharpening their horns against the rocks. And the bare and sullen rocks, arising from a bottomless pit, neither fatten on the corpses nor think of any living spirit - indifferent, surly and unfeeling, they scowl as they survey the world."
03_the_snake_eater_ge.csv,"A tower is built onto the house, blackened with smoke, shattered by muskets. What can give that tower peace, so long as enemies surround it, so long as human beings thirst for vengeance? Many enemy bullets have spent their force on the tower's breast!"
03_the_snake_eater_ge.csv,"Sounds of angry quarrelling, of fury, curses, come from the house: this is no brawl - only two voices. Inside, a fire burns on the hearth, the flames are fuelled with forest wood. A woman, her children next to her, stands on one side. On the other, a Khevsuri man talks alone, bitterly bewailing many things."
03_the_snake_eater_ge.csv,"(Husband) ""I curse the day I married you! Before that day, not a man alive upon the earth could equal me. All thanks to you, I have become, damned woman, a stinking clumsy thing. What am I now? Am I a man worthy to walk beneath the heavens? What herb exists to turn me back into the man I was beforе? My life is useless; I am less than black rocks broken from a crag. You have given me an incurable ill, because of you I have sinned against God, I look on my children as a plague, they have made me betray my faith, now I cry by day and night for the flesh and spirit I have lost."""
03_the_snake_eater_ge.csv,"(Wife) ""Why do you put your blame on me, did I ask to be your wife? You wouldn't let me move a foot, made me sorry: ""Mzia, I love you."" You let the tears run from your eyes, and for my sake, you burst in, confronted my brothers with a sword. You found me sweeter than sugar; why do I taste so bitter now? Why lament begetting children, why speak reproachfully to God? Who ever cast out wife and children on others' mercy? Why hold us to blame for the changes in your mood?"""
03_the_snake_eater_ge.csv,"(Husband) ""Because, you feeble-minded woman, you kept on whining, you complained. 'My children suffer from the cold', you shrieked as if they lay there dead. 'Look at Berdia's stack of wood, the fire he's lit.' You showed me fools and wanted me to live like them. In simple language you led me on, you longed for the good life and you baked a poisoned cake for me to eat. And little by little, with each day I slowly drifted away from my faith, sly as a fox, I have felled a plane tree, though they pleaded, ""Why do you do this, Mindia, you whom we thought to be our friend?"" The next day I cut down two, and so I've placed a stone heart in my breast, I have asked God to give me strength not to feel anything any more. Wild goat meat you wanted. If you heard one had been killed, how you pained my heart with your incessant whines: 'How can children grow to be brave if they don't get meat to eat? I've never heard of anyone's child brought up like this'. ""Oh I wish you had dropped dead before those words were said. I yielded, slaughtered game, fattened and pleased you with carcasses. You rejoiced in your children, whereas I was left distraught. Better for me to be struck by thunder than suffer this change; I can't retrieve what I have lost, not by any stratagem."""
03_the_snake_eater_ge.csv,"(Wife) ""Why should such a thing distress you, why do you torment yourself, why don't others think it wrong to fell the trees or slaughter game?"""
03_the_snake_eater_ge.csv,"(Husband) ""No, you don't know, you bird-brained woman, shallow, unfeeling chatterbox; of life on earth you understand only things that give you pleasure! You don't see why I should mourn the powers and knowledge I've forfeited, when not a single one remains in my possession. Idiot! You don't see how a dead man knows that he has died, since he is dead; nor how a corpse might mourn itself, or the horror if its state. Show me an existence that compares with the bitterness of mine. Now I am like that same dead man, what pain do others feel from death? They rest, their senses sleep unfeeling. How can I be of help to my land now that I am empty of knowledge? The flowers speak no more to me, nor do I understand their being; could any man bring on himself catastrophes as bad as mine? I cannot understand the birds, I cannot understand the corn, nor have I heard in recent times the greenery's sweet voice of greeting. But this apart, in every way I have lost my former worth. Whether I stay among the mountains, whether I go down to the valleys, nobody will give a straw for something as useless as I am now. No more can I help my country and its army hurl back invaders, for the skills that once I had have left my head. If only my star had died in heaven long ago! Hitherto, fear has stopped the enemy breaking through our gates, but if they hear of this, they'll come to turn our land to earth and dust and they will make a wilderness where once our homes and towers stood. I cannot live to see all this; your days, too, have reached their end. I've lost my insight thanks to you and I have sold my sacred faith... Must I let my country perish so that you can stay alive? Why should I live or keep you living if all my soul is mortally sick, how can I have the face to live or justify myself to God? I have been humbled before the world, before the living and the dead. What do I need my armour for, what use is my sword to me, if I lack the strength to kill an enemy that I've struck down? The goodness that springs up from the earth is to me a loan and debt. How am I to swallow bread how am I to drink its water?"""
03_the_snake_eater_ge.csv,"He rose, his arms clasped to his breast, he rushed out to the open air and when he looked at the lofty peaks, bitterly began to sob. The mountains dry out, and the torrents come rushing downhill with a roar, falling rocks crash down like dragons, petering out as they reach the gorge. The limpid dropping of the rain splatters on the alpine daisies. The flowers glitter in the fields, Queen Tamara's very eyes. How lovely is the heliotrope growing from the crumbling rock-edge. Travellers from the other side cross the mountains safe and sound. Sheep and cattle dot the slopes like a lovely woman's beauty spots. Mountains and valleys after the pains of winter have come to life again. Many a pitiful sorrow besets our land; we see one at best, our eyes must overlook the rest."
03_the_snake_eater_ge.csv,"The villages are in uproar; men loudly call out to each other, ""Go and tell him, where is he, Mindia, the snake-eater? A Chechen army's invading us, they've broken down Arguni bridge, a clash with the enemy is at hand."" They were ready, eager to fight, as restless as the swelling sea. Everywhere the sunlight flashed on sword-blades and on rifle barrels. Much time had passed since the Khevsuri had mown down troops of enemies, trampled over ruthlessly, laid waste their camps. Thirsting for war they could barely wait for day to break. Everyone's heart was full of thoughts: whoever was first to kill a chief, cut off his head and then his right hand would come home to fame and a bowl of wine encircled with candles at the shrine – a brave warrior, whose family name would everlastingly be praised. The women take their children off to fortified towers. They have left for their husbands and their sons leather bags with food and drink."
03_the_snake_eater_ge.csv,"VIII. Twilight comes. The gorges darken into blackness, and they seem as though they were sick to the human eye. The lofty mountains and the rocks, the river Aragvi's proud free source, everywhere is disconsolate. I can see them quietly weep. Only the couriers boldly run from village to village, calling out: ""Anyone missing from the army, may he perish with all his kin."""
03_the_snake_eater_ge.csv,"No light, no fire can now be seen, the shepherd's whistling dies away, not even a needle is left outside. The villages shelter everyone behind the walls of fortress-towers, their treasures and their sheep and cows are gathered into secret places."
03_the_snake_eater_ge.csv,"In the shrine of Khakhmati a pale fire solitarily flickers; lit candles stand on the dry stone wall, the flames reach up to the tall ash trees, sometimes flaring like the dawn, sometimes waning, sinking down like a man sick unto death, dying away in anguish and grief."
03_the_snake_eater_ge.csv,"Two men alone in the open air stand at the shrine. One is clasping a blood-stained dagger in a bloody hand; before him lies a slaughtered calf, collapsed and sprawling on its side."
03_the_snake_eater_ge.csv,"Berdia (the chieftain-priest) ""God show you mercy, Mindia, for your heart and ritual, may you hope to have from God the thought behind your offering. May your name remain unblemished while your loins are girt with a sword! You are the hope of Khevsuria, I pray the shrine give you its blessing. Lead your army out and back, always victorious! Isn't this the tenth calf that you've sacrificed this year; you've killed all your cattle; for what do you implore so much, what sinful things can you have done? One, perhaps two, suffice for the rite, your imprecations go too far... May my foolish words not offend God!"""
03_the_snake_eater_ge.csv,"(Mindia) ""Two pairs of oxen, three or four cows I still have; I'll offer them if only I can heal my wounds."""
03_the_snake_eater_ge.csv,"(Berdia) ""What wounds, man? None of us has heard of them. Others' wounds you heal by the thousand, I believe."""
03_the_snake_eater_ge.csv,"(Mindia) ""Berdia, this is something else. I cannot talk of it easily. Easier for men to talk of others' than about their own defeats. A man with a bulging purse, you know, cannot open it everywhere. In a day or two you'll understand when the messenger comes over the pass."""
03_the_snake_eater_ge.csv,"(Berdia) ""Khevsuria's fate depends on you. You are our hope, our trust, because you can speak with God himself! The shrine's victorious spirit goes with you, everyone everywhere knows. May your destiny not be doomed, by the powers of Saint George. And if the Lord will not protect you, then may he leave us all to perish."" Lifting the chalice in his hand, Berdia begins again: ""O shrine of St. George, whom we magnify, show this man mercy. We pray to you, which God created for our aid, not to let one single man of your enemies be left alive. In a day or so we have to meet the enemy in deadly combat. While you still live and stay with us, what evil can befall our men?"" When he had finished, hot tears welled from Mindia's eyes. He stopped his prayer, said, ""Pay no heed,"" and turned away, to wipe the tears away with his hand. He fell before the inner sanctum, like a straw or wand scythed down for wicker work. Bitter tears fill his eyes as he prays. The sense is hard to catch; never had Berdia seen a man so ardently pray at any time - he is aghast. It is the agony of mourning, anything but a request for grace from a heart that is at peace. Tears pour down; chain-mail creaks, and the sound is mingled with voiceless sobs. He sinks to his knees, praying still. Time runs on. Berdia adds, ""Hear him, shrine of Khakhmati, let his pleas be not in vain, order everything for the best."""
03_the_snake_eater_ge.csv,"IX. The clouds burst at midnight, the rain swelled the streams, they smashed the gates of boulders leading to the gorges. Now no messages could pass from the mountains to the valley. The green grass felt again and again the teardrops falling from the clouds. The candles are out, flicker no more on the rocks of Khakhmati. Nowhere can the chieftain be seen, nor the man who prayed and wept; just the dry stone sanctuary walls survey the world with sullen wrath while the Aragvi batters the rocks, disconsolate and plaintively."
03_the_snake_eater_ge.csv,"X. Night made them weep, but the morning saw the mists fall asleep on the mountain tops, with folded wings and shrouded heads. The mists which sometimes enliven us with life-giving moisture are the same that sometimes make us curse our fate for the evils that pour down on us. The groves by the river, the gorges too yesterday strewn with fallen stones, are now overflowing with greenery, and the tower, plunged deep in thought, gazes down on the valley sides."
03_the_snake_eater_ge.csv,"Women appear in the tower, like flowers that dot the high slopes; they talk of one thing only: can the Khevsuri win the fight? Restlessly keeping watch on the groves through the loopholes, the women beg the might of God and the shrine to come to the help of their men. From here they can see all around, the mountains and each mountain ridge. Not the tiniest creature or insect can escape the keen human gaze. Some women are talking, sitting on planks and knitting stockings; they too are uttering a prayer, a holy prayer for their homeland."
03_the_snake_eater_ge.csv,"(Sandua) ""You, Mzia, are far more distressed than anyone else. Fair-eyed beauty, do you miss your husband, can't you bear to think of his being killed? you must know that only in war can Mindia find fortune: and the man who can kill him has yet to be born! What of me? Of my menfolk so many have gone off to fight: my husband, all three of my brothers would not leave their friends in the lurch. But nobody can outfight your husband; he'll do what he has done of old, striking a blow at his enemy as always, for he who has killed the proud antlered stag, will do so again."
03_the_snake_eater_ge.csv,"(Mzia) ""But woe, if his prowess is gone; he has dreamt such frightening dreams, a whole year now he's been a sick man, picking and tearing at his flesh. ""I'll wipe you all out"", he would yell though somehow these words remained threats. He has clung to the shrine and has killed all the cattle we owned as an offering. He'd come home and spurn all food, no matter how frequently I asked him. How many times have I seen him crying quietly alone, like a child. ""I have lost a treasure without price"", he kept on saying to himself. He spent whole nights up on the roof. blankly staring at the sky. Arriving or leaving, not a soul got a word from him any more. He didn't want guests; as for us, he hated the sight of his family. Could worry have turned in that short time his beard and hair grey? Many times stealthily, silently, in the dark l've listened, but could not penetrate the inner loneliness of his mind. I fully sensed that he was crying for himself and for his people. ""I'm no more use"", he secretly wept, ""to my homeland."" Lately, however, he has treated us like his enemy."
03_the_snake_eater_ge.csv,"(Sandua) ""Your words are the first that we have heard of this. The very same Mindia is in my eyes a shining sun. If you repeat it a thousand times, the country still won't give you credit. I am astonished you have not told other people what you've just said. What sort of knowledge was he mourning, what knowledge was he grieving for and, as for you, what have you done to pain his heart in such a way that he should reach out for his sword to put to death his wife and children?"""
03_the_snake_eater_ge.csv,"(Mzia) ""Simply, these were his very words, may my children die if I tell a lie.' (She laid her hands on her children who were both of them standing by her side.) 'I am caught up in sin thanks to you, I've done what I should not have done, I've slaughtered game and cut up wood, as though these things were ordinary, right. The flowers no longer speak to me, nor the stars in the sky at night. Both the great knowledge and the powers, which the Lord conferred on me, I have lost by heeding you. Why do I wear a sword at my waist?"" He said a thousand things like this, raging, scolding me to my face. Two or three times I was lucky to live, he raised his gun to fire at me. Perhaps he still felt a glimmer of hope, he implored the shrines, he tried to work... And as he felt sorry for us as well, in the end he spared our lives."""
03_the_snake_eater_ge.csv,"(Sandua) ""If indeed what you've said is true, you are the reason he fell into sin; let your tongue be cut out and you be hanged from a hook high up, underneath let a fire be lit to lick you with flames. You have sinned against our land and brought us also into sin."
03_the_snake_eater_ge.csv,"(Mzia) ""If I've done wrong, then I deserve punishment; but was it a sin for me to suggest that he should work? A man who wants a family should have the grace to provide for them. We women know what our duties are - what do we know of war or armour? He shouldn't have needed to be told, that's what makes a man a man. Why should the guilt be laid on a woman who's committed no sin, done no harm and never stolen anything? Where, by what grace, when was it said that one should atone for another's sin? Nevertheless, he had premonitions which saddened him, unlucky wretch. Sensing what was about to come, he let loose his anger on us in the end. Last night I dreamt a dream that bodes ill, I wish I knew what is to pass!"""
03_the_snake_eater_ge.csv,"(Sandua) ""Tell me, Mzia, what you dreamt, it may come true but happily and we shan't be abandoned by God to perish."""
03_the_snake_eater_ge.csv,"(Mzia) ""I dreamt something bad, horrible, heart-rending, Sandua, that shook my body and my spirit and filled my mind with dread and loathing. The streams, I dreamt, came tearing down, like snorting demons, smashing up the mountains and valleys as they went, an upheaval started, a roaring noise then a thundering like the end of the world, the collapse of the heavens and the earth. The peaks of the mountains crumbled down and tumbled to the gorges below, mountains and rocks crashed like guns, the sky turned black as blackest pitch, the dark air swirled, a squall began, pitch rained down onto the earth, hot droplets poured down, while the streams ran so horribly and violently, people shouted from thousands of places, 'Help us, we are perishing'."
03_the_snake_eater_ge.csv,"And indeed I watch the water carry down people, a shield, a sword, the fort disintegrates all over, the houses, great stone walls all fall; all that is missing in this sad sight is a woman to stand there and lament. We seemed ourselves to be out of trouble, as though we had escaped unharmed... Then I saw us too cast out, swept away from house and home. The streams burst into us from above, tore out the fort's foundation stones; the fort toppled down to the Aragvi's bed, the waters took our upper storey and our house pursued us into the flood. I try to call, 'Help'; my tongue won't move, I clasp my children to my heart, I call on the shrine of God for help, I tried to get away from the water. I struck out for a bank of dry land. I covered up the children's faces with a corner of my black veil. Every time I came near the bank, foul and fearful faces of men as black as tar would meet my eyes. They grabbed me, flung me back in the water and, as they threw me, shouted out, 'Where are you going? Off, with the water! that is God's command to you.'"
03_the_snake_eater_ge.csv,"And then I saw in front of us the water sweeping my husband along. He turned to face me and he spoke (he had a sweet voice, a tender voice): 'I beg you, Mzia, to forgive me for cursing you, for angering you. I have deserved the trouble I'm in, do not let my children suffer, I beg you, look after them well for me'. I wish my enemies could undergo what I went through in last night's dream."""
03_the_snake_eater_ge.csv,"(Sandua) ""So you couldn't escape, you were rushed away?"""
03_the_snake_eater_ge.csv,"(Mzia) ""No, Sandua, we were swept away, mothers, children, all of us."""
03_the_snake_eater_ge.csv,"(Sandua) ""May no evil ever befall you, God protect you and leave you unharmed."""
03_the_snake_eater_ge.csv,"(All the women) ""They are coming, the army is coming. Mark them, God, with the sign of the cross. Mzia, get up, there is your man, following the standard-bearers, shoulder to shoulder, like the rising moon."""
03_the_snake_eater_ge.csv,"(One woman) ""Over there I see my boys, a mother's love give them strength... Oh what fine good-looking lads they are, who can think of them among the dead? God, may I never have to search for news of them as long as I live!"""
03_the_snake_eater_ge.csv,"(Second woman) ""Look, there is Untsrua, my boy, following them, by their side. How handsome they are, walking along; a mother's love give them strength."""
03_the_snake_eater_ge.csv,"(Unmarried girl) ""A sister's love be with Totia, I can't spot him anywhere in the throng. I've seen him... I barely knew him but for his figure and his gait. His stallion is chafing at the bit, Totia's straining with his arms."""
03_the_snake_eater_ge.csv,"(Second girl) ""Our fearless Ushisha is close to him, look how he's spurring Lurja on. If it comes to a hand-to-hand fight he won't cower or hang back. If only I could watch him when he raises up his shield in battle!"""
03_the_snake_eater_ge.csv,"(First girl) ""I couldn't bear to look at my brother, I'd find it suddenly hard to breathe, I'd turn my face the other way, I'd close my eyes too tight to see!"""
03_the_snake_eater_ge.csv,"(Second girl) ""Not me! I wish my brother nobility, wellbeing, fame, as much as I should want, Zekua, a candle in the hours of darkness or as the tired and hungry want rest and food. It's good when all are talking of one's brother's merits."""
03_the_snake_eater_ge.csv,"(First girl) ""Shvena, who would not want that, who would be so feeble-minded? But a sister's eyes burn with pain at seeing her brother facing death."""
03_the_snake_eater_ge.csv,"(Second girl) ""Who will concede him fame without risk, if he doesn't do what must be done?"""
03_the_snake_eater_ge.csv,"(All the women) ""God, come to their aid. O shrines, go on ahead, protect the horsemen, let us see them again, as whole, untouched and safe as we see them now."""
03_the_snake_eater_ge.csv,"Many felt, stirring their hearts, fears of a thousand diffferent sorts. Let no-one however be amazed: we are but human; in times of fear it's human that we should be afraid for those we love and hold most dear..."
03_the_snake_eater_ge.csv,"XI. The army lined up on the mountainside, it gathered together on the field. The flash and glitter of guns and swords outdoes the very rays of the sun. Boulders broken by horses' hooves roll downhill. Here they began to argue where best to meet the foe: should they descend onto the plain, should they join battle on the ridge? All dismount, then hands on swords, they fix their eyes on Mindia, waiting for his answer, but when he refused to utter a word the Khevsuri spoke as with one voice."
03_the_snake_eater_ge.csv,"(The army) ""We have always taken your course and never have we come to harm. Tell us briefly how we must act."""
03_the_snake_eater_ge.csv,"(Mindia) ""Khevsuri, I can't give you advice, I'm no more use as counsellor, those times are gone, as have my wits. Now good advice is difficult. You are many, weigh up, decide, gather your thoughts together as one. I, however, must fight alone; that is why I've come to the field; when the people made me their leader they did not choose me to lead for ever."""
03_the_snake_eater_ge.csv,"(The army) ""The wrath of God and his shrine fall on anyone moving a foot in battle, save as you command. Though the enemy's fists should strike him, let him die and his mouth be filled with the sticky clay of a chilly grave!"""
03_the_snake_eater_ge.csv,"(Mindia) ""Very well. What choice have I? I did not want to help advise. I shall speak, since you have bound me by such an oath and such a curse. This is my counsel: go and meet the Chechens in the Poisoned Gorge."""
03_the_snake_eater_ge.csv,"The warriors whispered to one another in dismay. Downcast by the place chosen to attack the Chechens, what could they do? Nothing now for the words they spoke, the oath they swore bound them to listen and obey. They had to go and fight in the gorge which Mindia's choice had rested on, though not one man be left alive, though all should die there in the field."
03_the_snake_eater_ge.csv,"No more could be said. Setting off they lifted their banners up ahead. Their step was light, as easy as the flight of the peregrine falcon's wings, and their spear tops' gleaming bore along a ray of sunlight."
03_the_snake_eater_ge.csv,"XII. War has raged for two whole days over the mountains: awful torments, harsh struggles, a clash of tigers and lions. A rope of blood runs from the mountains to the river banks. The God of the shrine cannot leave the outcome unsettled, one side must win."
03_the_snake_eater_ge.csv,"Five or six Khevsuri men, Their faces blackened from the fight, carried in their arms a man, bound up with a kabalak hood. They brought him around the mountain-side, flung him down where the ground was flat and showered him with angry words."
03_the_snake_eater_ge.csv,"(The khevsuri) ""Man, why try so hard to kill yourself, do you want death before it's time? When you press into the enemy host, can you not see what they are about? So far we have trampled them down, now they are turning on us, perhaps we may devise another plan, Mindia. We'll try, for darkness has overtaken us, to do what we have to by tonight."""
03_the_snake_eater_ge.csv,"They spoke and straight away turned back, they fled like thieves. Their swords were raised, lances clasped ready in their hands. Difficult, if we think of them, are the moments of life and death. What could they do? Shame would be hard: they'd have been put in women's clothes, been given kerchiefs instead of hats, had they done less than ought to do, had they been cowardly, underhand."
03_the_snake_eater_ge.csv,"The prisoner gnashes his teeth and tries to free his tight-bound hands. For hours he struggles, rolls over the ground, hot with effort and misery. He wants to die with his brothers now. They have suffered losses, are short of men and cannot hope for reinforcement."
03_the_snake_eater_ge.csv,"Twilight thickened into night, the captive, exhausted, has his wish: both arms freed, he rises up. And then he saw in the villages fires - a bad omen. He understood what must have happened, for no more did he have need of second sight. He withered, pale as mistletoe, but not a tear welled in his eyes. The tears were pooling in his heart and overflowing into his arms. Saying no more, he took off his hat, put his thumb on the hilt of his sword, drew it and pressed the point to his heart. Blood, like a spurting spring, splashed out, gushing from the wound in his chest. The moon shed its light upon the ridge, where alone the wild goats live, and fixed in its beams the suicide with the hue of a mourning girl."
03_the_snake_eater_ge.csv,"And the soft breeze wafted to and frо, carefree, singing a peaceful song. It brushed its wings on the sword's sharp point, which jutted out, a bright red tongue stained by the juice of the human chest. It began to frolic over the green, whistling cheerfully, proud and free."
