Source File,Content,Translated Content
01_deputy_economy_minister.csv,"ვახტანგ ცინცაძე - აზიის განვითარების ბანკის ანგარიშში ხაზგასმულია საქართველოს მიმზიდველი ბიზნესგარემო, ასევე მიმდინარე ინფრასტრუქტურული პროექტები, მათ შორის საპორტო და სარკინიგზო მიმართულებით","Vakhtang Tsintsadze - The Asian Development Bank report highlights Georgia's attractive business environment, as well as ongoing infrastructure projects, including those in the port and railway sectors."
01_deputy_economy_minister.csv,"აზიის განვითარების ბანკმა აზიის ეკონომიკური პერსპექტივების ანგარიში გამოაქვეყნა, რომლის თანახმად, 2025 წელს ეკონომიკური ზრდა იყო საკმაოდ მაღალი – 7.5 პროცენტი, ხოლო 2026 წელს, მიმდინარე კონფლიქტების ფონზე, აზიის განვითარების ბანკი ელოდება, რომ საქართველოში ეკონომიკური ზრდა 5.5 პროცენტი იქნება, რაც წინა წლის პროგნოზთან შედარებით 0.5 პროცენტული პუნქტით გაუმჯობესებული მაჩვენებელია, – ამის შესახებ ეკონომიკისა და მდგრადი განვითარების მინისტრის მოადგილემ, ვახტანგ ცინცაძემ განაცხადა.","The Asian Development Bank has published the Asian Economic Outlook report, according to which economic growth in 2025 was quite high at 7.5 percent, while for 2026, against the backdrop of ongoing conflicts, the Asian Development Bank expects economic growth in Georgia to be 5.5 percent, which is an improvement of 0.5 percentage points compared to the previous forecast – stated the Deputy Minister of Economy and Sustainable Development, Vakhtang Tsintsadze."
01_deputy_economy_minister.csv,"როგორც მინისტრის მოადგილემ აღნიშნა, აზიის განვითარების ბანკი ყურადღებას ამახვილებს მიმდინარე ანგარიშის დეფიციტის რეკორდულად დაბალ დონემდე შემცირებაზე, ასევე საერთაშორისო რეზერვების რეკორდულად მაღალ მაჩვენებელზე.","As the Deputy Minister noted, the Asian Development Bank highlights the reduction of the current account deficit to a record low, as well as the record high level of international reserves."
01_deputy_economy_minister.csv,"ვახტანგ ცინცაძის განცხადებით,  2026 წელს აზიის განვითარების ბანკი ელოდება, რომ საქართველოში საშუალო ინფლაციის დონე 3.8 პროცენტი იქნება, რაც წინა წელთან შედარებით შემცირებული მაჩვენებელია.","According to Vakhtang Tsintsadze, the Asian Development Bank expects the average inflation rate in Georgia to be 3.8 percent in 2026, which is a decrease compared to the previous year."
01_deputy_economy_minister.csv,"„აზიის განვითარების ბანკი ასევე ხაზგასმით აღნიშნავს, რომ საქართველო ისწრაფვის, გახდეს სავაჭრო, ლოგისტიკური და სატრანსპორტო ჰაბი. ამ მიმართულებით ყურადღება მახვილდება არაერთ რეფორმაზე, რომელიც ხელს უწყობს, მათ შორის, საბაჟო და სხვა პროცედურების გაუმჯობესებას. ბანკი ასევე ხაზს უსვამს იმ ინფრასტრუქტურულ მიღწევებს, რომლებიც საქართველოს გააჩნია როგორც საპორტო, ასევე სარკინიგზო მიმართულებით“, – განაცხადა ვახტანგ ცინცაძემ.","“The Asian Development Bank also emphasizes that Georgia aspires to become a trade, logistics, and transport hub. In this regard, attention is focused on numerous reforms that facilitate, among others, the improvement of customs and other procedures. The Bank also highlights the infrastructural achievements that Georgia possesses in both the port and railway sectors,” stated Vakhtang Tsintsadze."
01_deputy_economy_minister.csv,"ეკონომიკის მინისტრის მოადგილის ინფორმაციით, ADB-ს ანგარიშში ხაზგასმულია საქართველოში არსებული მიმზიდველი ბიზნესგარემო, ყურადღება გამახვილებულია თავისუფალ სავაჭრო შეთანხმებებზე, რომლებიც საქართველოს გააჩნია, ასევე იმ მექანიზმებზე, რომლებიც უზრუნველყოფს ინვესტორთა დაცულობას, რაც, საბოლოო ჯამში, ზრდის როგორც ადგილობრივი, ისე საერთაშორისო ინვესტორების  ნდობას და მიმზიდველობას საქართველოსადმი.","According to the Deputy Minister of Economy, the ADB report highlights Georgia's attractive business environment, focusing on the free trade agreements the country possesses, as well as the mechanisms that ensure investor protection. Ultimately, this increases the confidence of both local and international investors and enhances Georgia's attractiveness."
02_georgia_to_recognise.csv,"მთავრობის გადაწყვეტილებით, 2010 წლამდე გაცემული დიპლომების აღიარების შესახებ საკანონმდებლო ცვლილებები მომზადდება","By government decision, legislative changes will be prepared regarding the recognition of diplomas issued before 2010."
02_georgia_to_recognise.csv,"საქართველოს მთავრობის გადაწყვეტილებით, პარლამენტს წარედგინება საკანონმდებლო ცვლილებები, რომელთა საფუძველზეც ათასობით მოქალაქეს მოუგვარდება 2010 წლამდე გაცემული დიპლომის აღიარებასთან დაკავშირებული პრობლემები, – ამის შესახებ საქართველოს განათლების, მეცნიერებისა და ახალგაზრდობის მინისტრმა, გივი მიქანაძემ განაცხადა.","By decision of the Government of Georgia, legislative changes will be submitted to Parliament, based on which problems related to the recognition of diplomas issued before 2010 will be resolved for thousands of citizens – stated Givi Mikanadze, the Minister of Education, Science, and Youth of Georgia."
02_georgia_to_recognise.csv,"როგორც მინისტრმა აღნიშნა, ცვლილების თანახმად, 4-წლიანი დასწრებული და 5-წლიანი დაუსწრებელი სწავლების აღიარება მოხდება თანაბრად.","As the minister noted, according to the amendment, 4-year full-time and 5-year part-time studies will be recognized equally."
02_georgia_to_recognise.csv,"მისი თქმით, ცვლილება შეეხება სტუდენტებს, რომლებიც უნივერსიტეტში აღიარებულ რეჟიმში ჩაირიცხნენ და სწავლა არაღიარებულ რეჟიმში დაასრულეს, ასევე, მოქალაქეებს, რომლებიც საგანმანათლებლო დაწესებულებებმა ლიცენზიის მოპოვებამდე ჩარიცხეს უნივერსიტეტში.","According to him/her, the change will affect students who were enrolled in the university under a recognized status and completed their studies under an unrecognized status, as well as citizens who were enrolled in the university by educational institutions before they obtained a license."
02_georgia_to_recognise.csv,"„გვქონდა ასეთი მოცემულობა – ჩვენი მოქალაქეები 4-წლიან პროგრამაზე გადიოდნენ ზუსტად იმავე რაოდენობის საგნებს და იღებდნენ იმავე კვალიფიკაციას, როგორსაც 5-წლიან დაუსწრებელზე. აქამდე არსებული კანონმდებლობის თანახმად, 5-წლიანი უთანაბრდებოდა მაგისტრის ხარისხს, ხოლო 4-წლიანს ენიჭებოდა ბაკალავრის ხარისხი. ცვლილებების საფუძველზე, ის, ვინც 4-წლიანი პროგრამა დაასრულა, მაგისტრის ხარისხთან გათანაბრებულ დიპლომს მიიღებს, რაც მნიშვნელოვნად შეუწყობს ხელს მოქალაქეთა დასაქმებას მათთვის სასურველი მიმართულებით.","""We had the following situation: our citizens in 4-year programs were taking exactly the same number of subjects and receiving the same qualification as those in 5-year distance learning programs. According to the legislation in place until now, the 5-year program was equated to a Master’s degree, while the 4-year program was awarded a Bachelor’s degree. Based on the changes, those who completed a 4-year program will receive a diploma equivalent to a Master’s degree, which will significantly facilitate the employment of citizens in their desired fields."""
02_georgia_to_recognise.csv,"2010 წლამდე, სანამ ერთიანი სისტემა ჩამოყალიბდებოდა, განათლების სფეროში არ არსებობდა რეესტრი, რომელიც სტუდენტების ინფორმირებას უზრუნველყოფდა. იყო შემთხვევები, როდესაც კონკრეტული უნივერსიტეტები, რომლებსაც არ ჰქონდათ აკრედიტაცია მინიჭებული, არ ეუბნებოდნენ აბიტურიენტებს ამის შესახებ და მათ ისე რიცხავდნენ. შემდგომში, როდესაც გასცემდნენ დიპლომს, კურსდამთავრებულებს უკვე ამ დოკუმენტის აღიარებაზე ექმნებოდათ პრობლემები.","Before 2010, until a unified system was established, there was no registry in the field of education to ensure that students were kept informed. There were cases where specific universities that had not been granted accreditation failed to inform applicants and enrolled them anyway. Subsequently, when diplomas were issued, graduates faced problems regarding the recognition of these documents."
02_georgia_to_recognise.csv,"ამასთან, რიგ უმაღლეს საგანმანათლებლო დაწესებულებებს ჰქონდათ ავტორიზაცია გარკვეული პერიოდის განმავლობაში და შემდეგ სწავლის პერიოდში შეუწყდათ. ამის შესახებაც არ იყვნენ ინფორმირებულნი სტუდენტები და შემდგომში ამ უნივერსიტეტდამთავრებულ ადამიანებს ჰქონდათ პრობლემები.","Furthermore, a number of higher education institutions were authorized for a certain period, but their authorization was revoked during the period of study. Students were not informed about this either, and subsequently, these graduates faced problems."
02_georgia_to_recognise.csv,"წარმოდგენილი საკანონმდებლო ცვლილებები საბოლოოდ დაუსვამს წერტილს იმ ხანგრძლივ, პრობლემურ პროცესებს, რომლებსაც ჩვენი მოქალაქეები დიპლომის აღიარებისთვის გადიან – მიდიან სასამართლოში, ასაჩივრებენ პროცესებს, რაც დროსთან და ძალისხმევასთან არის დაკავშირებული. ეს ყველაფერი ერთხელ და სამუდამოდ ისტორიას ჩაბარდება და ათასობით ჩვენი მოქალაქის დიპლომი აღიარებული იქნება“, – განაცხადა გივი მიქანაძემ.","""The proposed legislative changes will finally put an end to the lengthy and problematic processes our citizens undergo for diploma recognition—going to court and appealing decisions, which involve significant time and effort. All of this will become a thing of the past once and for all, and the diplomas of thousands of our citizens will be recognized,"" stated Givi Mikanadze."
03_good_friday.csv,წითელი პარასკევი სამების საკათედრო ტაძარში,Good Friday at the Holy Trinity Cathedral
03_good_friday.csv,"დღეს წითელი პარასკევია – ვნების კვირეულის ყველაზე მძიმე დღე. მართლმადიდებელი ეკლესია იესო ქრისტეს ჯვარცმას, ჯვრიდან გარდამოხსნასა და დაკრძალვას იხსენებს.","Today is Good Friday – the most solemn day of Passion Week. The Orthodox Church commemorates the crucifixion, the deposition from the Cross, and the burial of Jesus Christ."
03_good_friday.csv,"საპატრიარქო ტახტის მოსაყდრე, მიტროპოლიტი შიო ყოვლადწმინდა სამების სახელობის საპატრიარქო ტაძარში დიდ ჟამნობას, მწუხრის ჟამს და გარდამოხსნის გამოსვენებას ასრულებს.","The Locum Tenens of the Patriarchal Throne, Metropolitan Shio, is officiating the Royal Hours, Vespers, and the bringing out of the Epitaphios (Shroud) at the Holy Trinity Patriarchal Cathedral."
03_good_friday.csv,"წითელ პარასკევს ტაძრებში წირვა არ აღევლინება, რადგან, სახარების თანახმად, ადამიანთა ცოდვებისგან გამოსახსნელად უფალმა საკუთარი თავი მსხვერპლად შესწირა. მსახურებისას სამეუფო ჟამნი სრულდება, რომლის დროსაც უფლის ვნების შესახებ სახარება იკითხება.","On Good Friday, the Divine Liturgy is not celebrated in churches because, according to the Gospel, the Lord sacrificed Himself to redeem humanity from their sins. During the service, the Royal Hours are performed, during which the Gospel accounts of the Lord's Passion are read."
04_metropolitan_shio.csv,"მეუფე შიო მუჯირი - უფალს შეწევნისთვის თუ მივმართავთ, ჩვენი სურვილი ნამდვილი და ძლიერი თუ იქნება, ის აუცილებლად მოვა თავისი მადლით, გამოგვასწორებს, განგვწმენდს","Metropolitan Shio Mujiri - If we turn to the Lord for help, and if our desire is sincere and strong, He will surely come with His grace, correct us, and purify us."
04_metropolitan_shio.csv,"უფალი ელოდება ჩვენგან, რომ ჩვენი ცოდვებით დამძიმებული, დაჭრილი სული ვაიძულოთ, მივმართოთ ხსნისა და წყალობისთვის. ჩვენი გამოსწორება, შინაგანი ცვლილება მხოლოდ ღმერთს შეუძლია. ჩვენი ძალებით ეს არ ძალგვიძს, – ამის შესახებ საპატრიარქო ტახტის მოსაყდრემ, სენაკისა და ჩხოროწყუს მიტროპოლიტმა შიომ (მუჯირი) სამების ტაძარში ქადაგებისას განაცხადა, სადაც ცოტა ხნის წინ გარდამოხსნის წესი შესრულდა.","""The Lord expects us to compel our wounded souls, burdened by sins, to turn to Him for salvation and mercy. Only God can bring about our correction and internal transformation; we are unable to do this by our own strength,"" stated the Locum Tenens of the Patriarchal Throne, Metropolitan Shio (Mujiri) of Senaki and Chkhorotsqu, during his sermon at the Holy Trinity Cathedral, where the Rite of the Deposition from the Cross was recently performed."
04_metropolitan_shio.csv,"მეუფე შიოს თქმით, „ჩვენი სურვილი თუ ნამდვილი, ძლიერი და სერიოზულია, უფალი აუცილებლად მოვა თავისი მადლით, გამოგვასწორებს და განგვწმენდს“.","According to Metropolitan Shio, ""if our desire is genuine, strong, and serious, the Lord will surely come with His grace, reform us, and purify us."""
04_metropolitan_shio.csv,"„ჩვენი ეკლესიის დიდებული და უძველესი ღვთისმსახურების მეშვეობით, რომელიც შეადგინეს დიდმა წმინდა მამებმა, ცნობილმა ჰიმნოგრაფებმა, საუკეთესო პოეტებმა, მოაზროვნეებმა, ბრძენკაცებმა, გვაქვს საშუალება, არა მხოლოდ შევიტყოთ უფალ იესო ქრისტესთან დაკავშირებული ამბები სახარებიდან, არამედ ღვთისმსახურების მეშვეობით გავხდეთ ამ ამბების მონაწილენი. ამიტომ ჩვენ დღეს გამოვაბრძანეთ წმინდა გარდამოხსნა და ყველანი ვართ მონაწილენი ამ მოვლენის.","""Through the glorious and ancient divine services of our Church, composed by the great Holy Fathers, renowned hymnographers, the finest poets, thinkers, and sages, we are given the opportunity not only to learn of the events concerning the Lord Jesus Christ from the Gospel but, through these services, to become participants in those events. Therefore, today we have brought forth the Holy Shroud, and we are all participants in this event."""
04_metropolitan_shio.csv,"აქ შეკრებილნი არიან, შეკრებილნი ვართ არა ისინი, ვინც ცოტა ხნის წინ ყვიროდნენ – ჯვარს აცვი, ჯვარს აცვი იგი, არამედ ვინც ვეუბნებით უფალს – შეგვინდე უფალო. ჩვენ ეკლესიის მიერ ვართ განსწავლულნი, ვიცით ეკლესიის სწავლება, რომ ჩვენი ცოდვებით კვლავ და კვლავ ჯვარს ვაცვამთ უფალს, იგი მოვიდა დედამიწაზე, განკაცდა, ივნო და მოკვდა იმისთვის, რომ განგვათავისუფლოს ცოდვების ტყვეობის, ცოდვების ტვირთისგან.","Those gathered here, we who are gathered, are not those who a short while ago were shouting – crucify Him, crucify Him, but rather those of us who say to the Lord – forgive us, Lord. We are instructed by the Church, we know the teaching of the Church, that through our sins we crucify the Lord again and again; He came to earth, became incarnate, suffered, and died in order to liberate us from the captivity of sin, from the burden of sins."
04_metropolitan_shio.csv,"ვინ იყო პირველი ადამიანი, ვინც უფალმა გაათავისუფლა ამ ტვირთისგან? – ერთ-ერთი ჯვარცმული ავაზაკი, გონიერი ავაზაკი, რომელმაც ისე განიცადა უდანაშაულო მაცხოვრის ტანჯვები, რომ თავისი ცოდვები აღიარა და სინანულით მიმართა მაცხოვარს ჯვარიდან. უფალიც სწორედ ამას ელოდება ჩვენგან, რომ ჩვენი ცოდვებით დამძიმებული, დაჭრილი სული ვაიძულოთ, მივმართოთ ღმერთს ხსნისა და წყალობისთვის.","Who was the first person whom the Lord released from this burden? – One of the crucified thieves, the Wise Thief, who was so moved by the sufferings of the innocent Savior that he confessed his sins and turned to the Savior from the cross with repentance. This is exactly what the Lord expects from us: that we compel our wounded souls, burdened by our sins, to turn to God for salvation and mercy."
04_metropolitan_shio.csv,"მრავალი ჩვენგანი, და ზოგიერთი წლების განმავლობაშიც კი, დამოუკიდებლად ცდილობს, რაღაც გამოასწოროს თავის სულში, თავის ცხოვრებაში ღმერთის გარეშე, თავისი ძალებით. ეს უშედეგო მცდელობაა. მხოლოდ ამპარტავნული, უგუნური მცდელობაა, რადგან ჩვენი გამოსწორება, შინაგანი ცვლილება მხოლოდ ღმერთს შეუძლია. ჩვენი ძალებით ეს არ ძალგვიძს. შეიძლება, გარეგნულად ოდნავ შევცვალოთ ჩვენი ქცევა, მაგრამ ჩვენთვის მიუღწეველია, შევიცვალოთ შინაგანად, როგორც ამბობს უფალი, რომ უჩემოდ არაფერი შეგიძლიათ.","Many of us, some even for years, try independently to fix something in our souls and in our lives without God, relying on our own strength. This is a futile effort. It is merely a proud and foolish attempt, for only God can correct us and bring about internal change. We are unable to do this by our own power. We may slightly change our behavior externally, but it is impossible for us to change internally, just as the Lord says: ""Without me, you can do nothing."""
04_metropolitan_shio.csv,"ძვირფასო ძმებო და დებო, უფალს სურს ჩვენი გამოსწორება და განწმენდა. შეგახსენებთ, ერთხელ მასთან მივიდა სნეული და მიმართა, უფალო, თუ გნებავს, შეგიძლია, განმწმინდოო. რა მიუგო უფალმა? – მნებავს, განიწმინდეო. უფალს ეს სურს. დაემთხვა ადამიანისა და ღმერთის ნება და ის ადამიანი განიკურნა.","Dear brothers and sisters, the Lord desires our correction and purification. Let me remind you, once a sick man came to Him and said: ""Lord, if You will, You can cleanse me."" What did the Lord reply? – ""I will; be cleansed."" The Lord desires this. The will of man and God coincided, and that person was healed."
04_metropolitan_shio.csv,"ასე რომ, ჩვენი გამოსწორებაც, განწმენდაც უფალს უფრო მეტად სურს, ვიდრე ჩვენ გვინდა. ჩვენი სურვილი თუ ნამდვილი, ძლიერი, სერიოზულია და მივმართავთ უფალს შეწევნისთვის, ის აუცილებლად მოვა თავისი მადლით, გამოგვასწორებს და განგვწმენდს. ღმერთმა დაგლოცოთ და გაგაძლიეროთ. ვევედროთ უფალს, მოგვცეს ძალა, შეწევნა, რომ ვიაროთ ჭეშმარიტების, სინათლის გზით და ქრისტესთან ერთად, ამინ“, – განაცხადა მეუფე შიომ.","""So, the Lord desires our correction and purification even more than we do. If our desire is genuine, strong, and serious, and we turn to the Lord for help, He will surely come with His grace, correct us, and purify us. May God bless you and strengthen you. Let us pray to the Lord to give us strength and assistance to walk the path of truth and light, and together with Christ, amen,"" stated Metropolitan Shio."
05_people_power.csv,"დიმიტრი ხუნდაძე - მხოლოდ მშვიდობაა ის აუცილებელი პირობა, რაც ეკონომიკის განვითარებას შეუწყობს ხელს, საქართველო თავისი იმპროვიზაციული პოლიტიკით სწორი მიმართულებით მიდის",Dimitri Khundadze - Only peace is the necessary condition that will facilitate economic development; Georgia is moving in the right direction with its improvisational policy.
05_people_power.csv,"მხოლოდ მშვიდობაა ის აუცილებელი პირობა, რაც ეკონომიკის განვითარებას შეუწყობს ხელს, – ამის შესახებ „ხალხის ძალის“ გენერალურმა მდივანმა, დიმიტრი ხუნდაძემ განაცხადა.","""Only peace is the necessary condition that will promote economic development,"" stated Dimitri Khundadze, General Secretary of ""People's Power."""
05_people_power.csv,"საქართველოს, როგორც შუა დერეფნის ერთ-ერთი მნიშვნელოვანი მოთამაშის როლზე საუბრისას დიმიტრი ხუნდაძემ აღნიშნა, რომ  ქვეყნის ეკონიმიკური განვითარება შეუნარჩუნებს ქვეყანას რეგიონის ლიდერის ფუნქციას.","While speaking about Georgia's role as one of the key players in the Middle Corridor, Dimitri Khundadze noted that the country's economic development will maintain its position as a regional leader."
05_people_power.csv,"მისი თქმით, ამის მიღწევა მხოლოდ მშვიდობის არსებობის პირობებშია შესაძლებელი, რადგან ომი და განვითარება ერთად წარმოუდგენელია.","According to him, this can only be achieved under conditions of peace, as war and development are inconceivable together."
05_people_power.csv,"„ქვეყნის სატრასპორტო შესაძლებლობების გამოყენებისათვის აუცილებელი პირობაა მშვიდობა. რამდენიმე დღის წინ, როცა ახლო აღმოსავლეთში ვითარება უკიდურესად დაიძაბა, სატრასპორტო-საჰაერო რუკაზე მხოლოდ საქართველოს საჰაერო სივრცე იყო გადატვირთული. ეს იყო ძალიან პატარა მაგალითი იმ დიდ სურათში, რასაც ვამბობ, რომ სატრანზიტო ფუნქციის შესრულებისათვის აუცილებელი პირობაა მშვიდობა.","""Peace is an essential prerequisite for utilizing the country's transport potential. A few days ago, when the situation in the Middle East became extremely tense, only Georgia's airspace was congested on the air transport map. This was a very small example within the larger picture of what I am saying: that peace is a necessary condition for fulfilling the transit function."""
05_people_power.csv,"როგორ შეიძლება, ქვეყანა უერთდებოდეს სანქციებს, როდესაც ამით ვერავითარ შედეგეს, თუნდაც დამკვეთისათვის, ვერ მიიღებ? როგორ წარმოგიდგენიათ ქართული სანქციებით რუსეთის ეკონომიკის დანგრევა? ჩვენი ოპონენტები აყენებენ საკითხს, რომ სოციალური მდომარეობის გაუმჯობესებისათვის უნდა გადაიდგას აქტიური ნაბიჯები, პენსიები და ხელფასები უნდა გაიზარდოს, სამუშაო ადგილები უნდა შეიქმნას, ტურიზმი უნდა განვითარდეს და ა.შ. პირდაპირ ციფრებად აქვთ წარმოდგენილი წინადადებები. მაგალითად, გახარიას პარტიის წარმომადგენლებმა შემოიტანეს ინიციატივა, რომ მინიმალური ხელფასი უნდა იყოს 1050 ლარი. „ლელო“ აყენებს საკითხს, რომ 1 000 ლარამდე გაიზარდოს პენსია და ეს ყველაფერი სანქციების ფონზე უნდა მოხდეს? ომის ვითარებაში ეს ხომ წარმოუდგენელია?!","How can a country join sanctions when no results can be achieved through them, not even for those requesting them? How do you imagine destroying the Russian economy with Georgian sanctions? Our opponents argue that active steps must be taken to improve social conditions, that pensions and salaries should be increased, jobs should be created, tourism should be developed, and so on. They have presented their proposals in specific figures. For example, representatives of Gakharia's party introduced an initiative stating that the minimum wage should be 1,050 GEL. ""Lelo"" proposes increasing the pension to 1,000 GEL—and all of this is supposed to happen against the backdrop of sanctions? In a war situation, this is simply unimaginable!"
05_people_power.csv,"ეს არის თვალთმაქცურად კეთილშობილური განცხადებები. ზოგს წამოსცდება ხოლმე, რომ სჯობს, ცხელი ბომბები ცვიოდეს, ვიდრე მშვიდობა იყოს საქართველოში. განვითარება და ომი – ეს ორი რამ შეუთავსებელია. საქართველო თავისი იმპროვიზაციული პოლიტიკით, ფაქტია, რომ სწორად მიდის.","These are hypocritically noble statements. Some people occasionally let it slip that it would be better for hot bombs to be falling than for there to be peace in Georgia. Development and war – these two things are incompatible. It is a fact that Georgia, with its improvisational policy, is moving in the right direction."
05_people_power.csv,"შედარებისთვის, უკრაინაში დღეს არავინ ფიქრობს პენსიების მომატებაზე, სკოლების და საბავშვო ბაღების აშენებაზე. უკრაინაში მხოლოდ ერთი საფიქრალია, რამენაირად გადარჩეს ოჯახის ესა თუ ის წევრი. 10 მილიონზე მეტი ადამიანია უკვე დევნილადაა ქცეული, ეკონომიკა განადგურებულია.","For comparison, in Ukraine today, no one is thinking about increasing pensions or building schools and kindergartens. In Ukraine, there is only one concern: that family members somehow survive. More than 10 million people have already become displaced, and the economy is devastated."
05_people_power.csv,"ჩვენთან კი ბოლო ერთი წლის განმავლობაში ტურიზის მაჩვენებელმა მოიმატა. 4,4 მილიარდი იყო 2024 წელს, 2025 წელს კი დაფიქსირდა 4,7. ინვესტიციები იზრდება, ქვეყნის ეკონომიკა 100 მილიარდამდე გაიზარდა. სწორედ, აი, აქ არის იმის შესაძლებლობა, რომ ინფრასრუქტურა განვითარდეს, შემოვიდეს ინვესტიციები და კიდევ მეტი ტურისტი. შემდეგ უკვე შესაძლებლებელი იქნება პენსიების უფრო სწრაფად მატება, სამუშაო ადგილების მეტი ინტენსივობით შექმნა – ბოლო პერიოდში 40 ათასით გაიზარდა.","In our country, tourism indicators have increased over the past year. It was 4.4 billion in 2024, and 4.7 was recorded in 2025. Investments are growing, and the country's economy has increased to 100 billion. This is precisely where the opportunity lies for infrastructure to develop, for investments to flow in, and for even more tourists to arrive. Subsequently, it will be possible to increase pensions more rapidly and create jobs with greater intensity—the number of which has increased by 40,000 recently."
05_people_power.csv,"იმას კი არ ვამბობ, რომ ყველაფერი იდეალურად არის, მე ვამბობ, რომ ამ ურთულეს პერიოდში ასეთი პოლიტიკით არათუ მშვიდობა შევინარჩუნეთ და ომი ავიცილეთ, არამედ ყველა მიმართულებით შევძელით, რომ არის უკეთესი, ვიდრე იყო გუშინ, მაგრამ ეს საკმარისი არ არის და კიდევ უკეთესი გვინდა“, – განაცხადა დიმიტრი ხუნდაძემ.","“I am not saying that everything is perfect; I am saying that in this most difficult period, with such a policy, we have not only maintained peace and avoided war, but we have also managed to make things better in every direction than they were yesterday. However, this is not enough, and we want even better,” stated Dimitri Khundadze."
06_tbilisi_offers_free_metro.csv,აღდგომის დღესასწაულთან დაკავშირებით თბილისში მეტროთი და ავტობუსით მგზავრობა უფასო იქნება,"In connection with the Easter holiday, travel by metro and bus in Tbilisi will be free."
06_tbilisi_offers_free_metro.csv,აღდგომის დღესასწაულთან დაკავშირებით თბილისის მეტრო 12 აპრილის 04:00 საათამდე იმოძრავებს და 11 აპრილის 23:00-დან 12 აპრილის 04:00 საათამდე მგზავრობა უფასო იქნება. ინფორმაციას თბილისის მერია ავრცელებს.,"In connection with the Easter holiday, the Tbilisi Metro will operate until 04:00 on April 12, and travel will be free from 23:00 on April 11 to 04:00 on April 12. The information is released by the Tbilisi City Hall."
06_tbilisi_offers_free_metro.csv,"ამასთან, დედაქალაქის მერიის გადაწყვეტილებით, 12-13 აპრილისთვის დაწესდა ავტობუსის ცხრა დროებითი მარშრუტიც.","Additionally, by the decision of the capital's City Hall, nine temporary bus routes were also established for April 12-13."
06_tbilisi_offers_free_metro.csv,"„ავტობუსები მგზავრებს 08:00-დან 20:00 საათამდე მუხათგვერდის, ვაშლიჯვრის, კუკიის, ახალი კუკიის, მახათას, საბურთალოს, ღრმაღელის, ველისა და ვარკეთილის სასაფლაოების მიმართულებით გადაიყვანენ.","""Buses will transport passengers from 08:00 to 20:00 to the Mukhatgverdi, Vashlijvari, Kukia, New Kukia, Makhata, Saburtalo, Grmaghele, Veli, and Varketili cemeteries."""
06_tbilisi_offers_free_metro.csv,"ავტობუსები იმოძრავებენ მეტროსადგურებიდან: „მარჯანიშვილი“, „დელისი“, „სარაჯიშვილი“, „ვარკეთილის“ მიმდებარე ტერიტორიიდან, ასევე, „დიდუბის“ ზედა გასასვლელიდან, სადგურის მოედნიდან („თბილისი ცენტრალის“ პირდაპირ), ბესარიონ ჭიჭინაძის ქუჩიდან (კორპუსი N25-ის პირდაპირ) და ვარკეთილის III მასივიდან – შუამთისა და აბაშვილის ქუჩების გადაკვეთიდან.","Buses will operate from the metro stations: ""Marjanishvili,"" ""Delisi,"" ""Sarajishvili,"" and the area adjacent to ""Varketili,"" as well as from the upper exit of ""Didube,"" Station Square (opposite ""Tbilisi Central""), Besarion Chichinadze Street (opposite Building N25), and Varketili III Micro-district – from the intersection of Shuamta and Abashvili streets."
06_tbilisi_offers_free_metro.csv,"აღნიშნული მარშრუტების ავტობუსებით მოქალაქეები ორი დღის განმავლობაში უფასოდ ისარგებლებენ“, – აღნიშნულია თბილისის მერიის ინფორმაციაში.","""Citizens will use the buses on the mentioned routes free of charge for two days,"" – is stated in the information from Tbilisi City Hall."
07_trailers_and_semi-trailers.csv,ნაქერალას უღელტეხილსა და საჩხერე (სარეკი)-უზუნთა-შქმერი-ზუდალის გზაზე მისაბმელიანი და ნახევრად მისაბმელიანი ავტოტრანსპორტის მოძრაობა აკრძალულია,Traffic for trailers and semi-trailers is prohibited on the Nakerala Pass and the Sachkhere (Sareki)-Uzunta-Shkmeri-Zudali road.
07_trailers_and_semi-trailers.csv,თოვის გამო შიდასახელმწიფოებრივი მნიშვნელობის ქუთაისი (მოწამეთა)-ტყიბული-ამბროლაურის საავტომობილო გზის კმ39-კმ60 (ნაქერალას უღელტეხილი) მონაკვეთზე და საჩხერე (სარეკი)-უზუნთა-შქმერი-ზუდალის გზაზე დროებით აკრძალულია მისაბმელიანი და ნახევრად მისაბმელიანი ავტოტრანსპორტის მოძრაობა.,"Due to snowfall, the movement of trailers and semi-trailers is temporarily prohibited on the km39-km60 section (Nakerala Pass) of the Kutaisi (Motsameta)-Tkibuli-Ambrolauri secondary road and on the Sachkhere (Sareki)-Uzunta-Shkmeri-Zudali road."
07_trailers_and_semi-trailers.csv,"ინფორმაციას საქართველოს ინფრასტრუქტურის სამინისტროს საავტომობილო გზების დეპარტამენტი ავრცელებს. მათივე ცნობით, დანარჩენი სახის ავტოტრანსპორტის გადაადგილება თავისუფალია.","The information is released by the Roads Department of the Ministry of Infrastructure of Georgia. According to the same source, movement for other types of vehicles is unrestricted."
08_vehicle_movement.csv,გუდაური (ფოსტა)-კობის მონაკვეთზე ავტოტრანსპორტის მოძრაობა აკრძალულია,Movement of motor vehicles is prohibited on the Gudauri (Posta)-Kobi section.
08_vehicle_movement.csv,"გუდაური (ფოსტა)-კობის მონაკვეთზე ავტოტრანსპორტის მოძრაობა აკრძალულია, – ამის შესახებ ინფორმაციას საქართველოს ინფრასტრუქტურის სამინისტროს საავტომობილო გზების დეპარტამენტი ავრცელებს.","Traffic is prohibited on the Gudauri (Posta)-Kobi section, according to information released by the Roads Department of the Ministry of Infrastructure of Georgia."
08_vehicle_movement.csv,"როგორც საავტომობილო გზების დეპარტამენტის ინფორმაციაშია აღნიშნული, აღნიშნულ მონაკვეთზე ზვავსაშიშროების საფრთხის დონე მაღალია.","As stated in the information provided by the Roads Department, the level of avalanche hazard on the mentioned section is high."
08_vehicle_movement.csv,"„საქართველოს ინფრასტრუქტურის სამინისტროს საავტომობილო გზების დეპარტამენტის ინფორმაციით, გარემოს ეროვნული სააგენტოს ცნობით, საერთაშორისო მნიშვნელობის მცხეთა-სტეფანწმინდა-ლარსის საავტომობილო გზის გუდაური (ფოსტა)-კობის მონაკვეთზე ზვავსაშიშროების საფრთხის დონე მაღალია, რის გამოც აღნიშნულ მონაკვეთზე დროებით იკრძალება ყველა სახის ავტოტრანსპორტის მოძრაობა.","According to the Roads Department of the Ministry of Infrastructure of Georgia, based on information from the National Environmental Agency, the avalanche hazard level is high on the Gudauri (Posta)-Kobi section of the Mtskheta-Stepantsminda-Larsi international highway. Due to this, the movement of all types of motor vehicles is temporarily prohibited on the mentioned section."
08_vehicle_movement.csv,"გარემოს ეროვნული სააგენტოს ცნობით, მლეთა-გუდაურის მონაკვეთზე ავტოტრანსპორტის მოძრაობა განხორციელდება გაუჩერებლად გავლის რეჟიმში“, – ნათქვამია ინფორმაციაში.","""According to the National Environmental Agency, traffic on the Mleta-Gudauri section will be carried out in a non-stop mode,"" the information states."
09_vespers_of_the_descent.csv,სამების საკათედრო ტაძარში გარდამოხსნის წესი შესრულდა,The Rite of the Descent from the Cross was performed at the Holy Trinity Cathedral.
09_vespers_of_the_descent.csv,ყოვლადწმინდა სამების საკათედრო ტაძარში გარდამოხსნის ტრადიციული წესი შესრულდა. მსახურება სიმბოლურად ჯვარცმული იესო ქრისტეს დაკრძალვას და დატირებას ასახავს.,The traditional rite of the Deposition from the Cross was performed at the Holy Trinity Cathedral. The service symbolically depicts the burial and lamentation of the crucified Jesus Christ.
09_vespers_of_the_descent.csv,"რიტუალი დღეს საპატრიარქო ტახტის მოსაყდრემ, სენაკისა და ჩხოროწყუს მიტროპოლიტმა შიომ (მუჯირი) მღვდელმთავრებთან ერთად ჩაატარა.","The ritual was performed today by the Locum Tenens of the Patriarchal Throne, Metropolitan Shio (Mujiri) of Senaki and Chkhorotsqu, together with the hierarchs."
09_vespers_of_the_descent.csv,"დღეს წითელი პარასკევია, ვნების კვირეულის ყველაზე მძიმე დღე. მართლმადიდებელი ეკლესია იესო ქრისტეს ჯვარცმას, ჯვრიდან გარდამოხსნასა და დაკრძალვას იხსენებს.","Today is Good Friday, the most somber day of Holy Week. The Orthodox Church commemorates the crucifixion of Jesus Christ, His deposition from the Cross, and His burial."
09_vespers_of_the_descent.csv,"წითელ პარასკევს ტაძრებში წირვა არ აღევლინება, რადგან, სახარების თანახმად, ადამიანთა ცოდვებისგან გამოსახსნელად უფალმა საკუთარი თავი მსხვერპლად შესწირა. მსახურებისას სამეუფო ჟამნი სრულდება, რომლის დროსაც უფლის ვნების შესახებ სახარება იკითხება.","On Good Friday, the Divine Liturgy is not celebrated in churches because, according to the Gospel, the Lord sacrificed Himself to redeem humanity from their sins. During the service, the Royal Hours are performed, during which the Gospel accounts of the Passion of the Lord are read."
09_vespers_of_the_descent.csv,"მორწმუნეები ამ დღეს კვერცხებს წითლად ღებავენ, ასევე აცხობენ პასკებს, რადგან, სახარების თანახმად, იესო ქრისტეს ჯვარცმა იუდეველთა პასექის დღესასწაულზე მოხდა.","On this day, believers dye eggs red and also bake paskas, as according to the Gospel, the crucifixion of Jesus Christ took place during the Jewish Passover."
10_water_polo.csv,წყალბურთი | საქართველოს ნაკრებმა თურქეთი დაამარცხა და მსოფლიო თასისკენ დიდი ნაბიჯი გადადგა #1TVSPORT,Water Polo | The Georgian national team defeated Turkey and took a big step towards the World Cup #1TVSPORT
10_water_polo.csv,საქართველოს წყალბურთელთა ნაკრებმა მსოფლიო თასის საკვალიფიკაციო ეტაპის მერვედფინალური მატჩი თურქეთთან გამართა და 19:12 გაიმარჯვა. ეს იყო ღირსეული რევანში ამავე ნაკრებთან ჯგუფურ ეტაპზე დამარცხებისთვის.,The Georgian national water polo team played the Round of 16 match of the World Cup qualification stage against Turkey and won 19:12. This was a worthy revenge for the defeat against the same team in the group stage.
10_water_polo.csv,"ამ მოგებით ქართველები მეოთხედფინალში გავიდნენ, სადაც მათი მეტოქე მოგვიანებით გაირკვევა (კანადა-უკრაინას შორის გამარჯვებული). მსოფლიო თასზე მოსახვედრად საქართველოს ნაკრებს კიდევ ორი შეხვედრის მოგება სჭირდება – მეოთხედფინალის და ნახევარფინალის. მსოფლიო თასის სუპერფინალის საგზურს ორი ფინალისტი მიიღებს.","With this victory, the Georgians advanced to the quarterfinals, where their opponent will be determined later (the winner between Canada and Ukraine). To qualify for the World Cup, the Georgian national team needs to win two more matches – the quarterfinal and the semifinal. The two finalists will secure a spot in the World Cup Super Final."
10_water_polo.csv,წყალბურთში 2026 წლის მსოფლიო თასი 22-26 ივლისს ავსტრალიაში გაიმართება.,The 2026 Water Polo World Cup will be held in Australia from July 22 to 26.
01_ge_Irakli_Kobakhidze.csv,"ირაკლი კობახიძე - ისე როგორც პრემიერს, სახელმწიფო მინისტრსაც მთლიანად მთავრობის ადმინისტრაციის რესურსი მოემსახურება, აქ საქილიკო არაფერია, თუმცა ოპოზიცია აქაც ახერხებს  სპეკულაციებს - ეს მათი სახეა და არ არის საინტერესო (28.04.2026, 16:17)","Irakli Kobakhidze - Just as the Prime Minister, the State Minister will be served by the full resources of the Government Administration; there is nothing to mock here, though the opposition manages to speculate even on this – this is their true face and it is not interesting (28.04.2026, 16:17)"
01_ge_Irakli_Kobakhidze.csv,"ისევე როგორც პრემიერ-მინისტრს, ვიცე-პრემიერსაც, სამართალდამცავი ორგანოების კოორდინაციის საკითხებში სახელმწიფო მინისტრსაც მთლიანად მთავრობის ადმინისტრაციის რესურსი მოემსახურება - თავადაც ხვდებით, აქ საქილიკო არაფერია, თუმცა ოპოზიცია აქაც ახერხებს სპეკულაციების გავრცელებას - ეს მათი სახეა და არ არის საინტერესო, - ამის შესახებ პრემიერ-მინისტრმა, ირაკლი კობახიძემ ჟურნალისტებთან განაცხადა.","""Just like the Prime Minister, the Vice Prime Minister and the State Minister for Coordination of Law Enforcement Agencies will be fully served by the resources of the Government Administration—as you can see, there is nothing to mock here, yet the opposition still manages to spread speculations; this is their true nature and it is not interesting,"" Prime Minister Irakli Kobakhidze told journalists."
01_ge_Irakli_Kobakhidze.csv,"მისივე თქმით, ახალი სტრუქტურული ერთეულის შექმნის მიზანი სამართალდამცავი სისტემის კიდევ უფრო მეტად გაძლიერებაა.","According to him, the purpose of creating the new structural unit is to further strengthen the law enforcement system."
01_ge_Irakli_Kobakhidze.csv,"„ეს ცვლილებები ემსახურებოდა სამართალდამცავი სისტემის კიდევ უფრო მეტად გაძლიერებას. გაჩნდა ახალი რგოლი - კოორდინაციის რგოლი. ამ ფუნქციას მამუკა მდინარაძე მანამდეც ასრულებდა, მაგრამ კონკრეტული უწყებიდან. ეს იყო ფაქტობრივი მდგომარეობა. ჩვენ გადავწყვიტეთ იმ მოცემულობის ფორმალიზება, რაც სწორია, რაც მანამდეც იყო ჩამოყალიბებული. რეალურად, იქნება დამოუკიდებელი სტრუქტურები. ბუნებრივია, ეს არის შინაგან საქმეთა სამინისტრო, სახელმწიფო უსაფრთხოების სამსახური, სახელმწიფო დაცვის სპეციალური სამსახური და მათ საერთო კოორდინაციას უზრუნველყოფს. სახელმწიფო მინისტრი ახალი თანამდებობა არის ამისთვის განკუთვნილი, რაც კიდევ უფრო გააძლიერებს დანაშაულის წინააღმდეგ ბრძოლას, საზოგადოებრივი წესრიგის დაცვაზე ზრუნვას. თქვენ იცით რომ ამ ერთი წლის განმავლობაში ყველა მიმართულებით გვაქვს ფუნდამენტური ცვლილებები,“ - განაცხადა კობახიძემ.","“These changes served to further strengthen the law enforcement system. A new link has emerged—a coordination unit. Mamuka Mdinaradze was performing this function even before, but from a specific agency. This was the factual situation. We decided to formalize the existing reality, which is the right move and was already established. In reality, there will be independent structures. Naturally, these are the Ministry of Internal Affairs, the State Security Service, and the Special State Protection Service, and [the new role] will ensure their overall coordination. The new position of State Minister is intended for this purpose, which will further strengthen the fight against crime and the efforts to maintain public order. As you know, over the past year, we have seen fundamental changes in all directions,” Kobakhidze stated."
01_ge_Irakli_Kobakhidze.csv,"ამასთან, პრემიერმა პატიმრობაში მყოფ სუს-ის ყოფილ ხელმძღვანელ, გრიგოლ ლილუაშვილსა და მამუკა მდინარაძეს შორის პარალელების შესახებ დასმულ კითხვას უპასუხა და აღნიშნა, რომ „მაშინ სხვაგვარად წარიმართა პროცესები, ახლა სხვანაირად წარიმართება“.","Furthermore, the Prime Minister responded to a question regarding parallels between the former head of the State Security Service, Grigol Liluashvili, who is in custody, and Mamuka Mdinaradze, noting that ""then the processes proceeded differently, now they will proceed differently."""
01_ge_Irakli_Kobakhidze.csv,"„მოცემულობა არის რადიკალურად განსხვავებული. კონტექსტი არის სრულიად განსხვავებული. მამუკა მდინარაძე არის გამორჩეულად წარმატებული წევრი ჩვენს გუნდში. კონკრეტულად სახელმწიფო უსაფრთხოების სამსახურში მისი საქმიანობა იყო გამორჩეულად წარმატებული, მათ შორის, კორუფციის მიმართულებით, ტერორისტული დანაშაულის მიმართულებით. ძალიან მნიშვნელოვანი სისტემური ცვლილებები განახორციელა. ეს არის განსხვავებული ფონი, შესაბამისად, განსხვავებულ ფონზე სამომავლო განვითარებაც იქნება განსხვავებული,“ - განაცხადა კობახიძემ.","""The situation is radically different. The context is completely different. Mamuka Mdinaradze is an exceptionally successful member of our team. Specifically, his activities in the State Security Service were exceptionally successful, including in the areas of corruption and terrorist crimes. He implemented very important systemic changes. This is a different background; therefore, against a different background, future development will also be different,"" stated Kobakhidze."
01_ge_Irakli_Kobakhidze.csv,"პარლამენტი დაჩქარებული წესით იხილავს კანონის პროექტს, რომლის საფუძველზეც საქართველოს მთავრობის შემადგენლობაში სამართალდამცავი ორგანოების კოორდინაციის საკითხებში სახელმწიფო მინისტრის თანამდებობის შემოღება ხდება. პროექტის მიხედვით, ახალი სახელმწიფო მინისტრის საქმიანობას მატერიალურ-ტექნიკურად და ორგანიზაციულად მთავრობის ადმინისტრაცია უზრუნველყოფს.","Parliament is considering a draft law through an expedited procedure, which provides for the introduction of the position of State Minister for the Coordination of Law Enforcement Agencies within the Government of Georgia. According to the bill, the Government Administration will provide material-technical and organizational support for the activities of the new State Minister."
01_ge_Irakli_Kobakhidze.csv,"მთავრობის საპარლამენტო მდივნის ვახტანგ ბაჩიაშვილის ინფორმაციით, სახელმწიფო მინისტრის უფლებამოსილებები მთავრობის დადგენილებაში დაზუსტდება. მისივე თქმით, სამართალდამცავი ორგანოების კოორდინაციის საკითხებში სახელმწიფო მინისტრი მთავრობის ადმინისტრაციის შენობაში განთავსდება.","According to Vakhtang Bachiashvili, the Parliamentary Secretary of the Government, the powers of the State Minister will be specified in a government decree. He also stated that the State Minister for the Coordination of Law Enforcement Agencies will be located in the Government Administration building."
02_ge_Giorgi_Sharashidze.csv,"გიორგი შარაშიძე - რა ვიცე-პრემიერობაზე და სახელმწიფო მინისტრობაზეა საუბარი, კაბინეტსაც კი არ აძლევენ ნორმალურს, აპარატიც არ ექნება და მდივანიც არ ეყოლება - მდინარაძეს ვურჩევდი, ამ კაბინეტზეც ძალიან ნუ ჩაიციკლება და დისტანციურად იმუშაოს (28.04.2026, 12:04)","Giorgi Sharashidze - What talk is there of Vice-Prime Ministership or State Ministership, they aren't even giving him a proper office, he won't have a staff and won't have a secretary - I would advise Mdinaradze not to get too fixated on this office either and to work remotely (28.04.2026, 12:04)"
02_ge_Giorgi_Sharashidze.csv,"რა ვიცე-პრემიერობაზე და სახელმწიფო მინისტრობაზეა საუბარი, კაბინეტსაც კი არ აძლევენ ნორმალურს, აპარატიც არ ექნება და მდივანიც არ ეყოლება მდინარაძეს - ვურჩევდი, რომ ამ კაბინეტზეც ძალიან ნუ იქნება ჩაციკლული და დისტანციურად იმუშაოს სახლიდან, - ამის შესახებ პარტია „გახარია საქართველოსთვის” დეპუტატმა, გიორგი შარაშიძემ, სამართალდამცავი ორგანოების კოორდინირებისთვის სახელმწიფო მინისტრის თანამდებობის შექმნაზე საუბრისას განაცხადა. მისი თქმით, გენერალ-კოორდინატორის დანიშვნა არაფერს არ შეცვლის გარდა იმისა, რომ ეს მისი „დროებითი დაკმაყოფილება და პენსიაზე გაშვება იქნება“.","""What Vice-Prime Ministership or State Ministership are we talking about? They aren't even giving him a proper office; Mdinaradze won't even have a staff or a secretary. I would advise him not to get too fixated on this office and to work remotely from home,"" stated Giorgi Sharashidze, an MP from the ""Gakharia for Georgia"" party, while discussing the creation of the position of State Minister for the coordination of law enforcement agencies. 

According to him, appointing a general-coordinator will change nothing except that it will be his ""temporary satisfaction and a way to send him into retirement."""
02_ge_Giorgi_Sharashidze.csv,"„დაგეგმილ ცვლილებებს ჩვენი ქვეყნის მოქალაქეების პრობლემების და საქართველოს უსაფრთხოების საკითხების პრობლემების გადაჭრასთან არანაირი კავშირი არ აქვს. ეს არის არაფორმალური მმართველობის მორიგი გამოვლინება. „ოცნებას“ და იმ 89 დეპუტატს, რომელიც პარლამენტში ზის, არ აქვს, გარდა იმისა, რომ ივანიშვილის გადაწყვეტილებები, რომელსაც მათ არავინ არ უთანხმებს, უბრალოდ „გააპრავონ”. რა ვიცე-პრემიერობაზე და სახელმწიფო მინისტრობაზეა საუბარი, კაბინეტსაც კი არ აძლევენ ნორმალურს, აპარატიც არ ექნება და მდივანიც არ ეყოლება მდინარაძეს. მას ვურჩევდი, რომ ამ კაბინეტზეც ძალიან ნუ იქნება ჩაციკლული და დისტანციურად იმუშაოს მაშინ, სახლიდან.","""The planned changes have nothing to do with solving the problems of our country's citizens or Georgia's security issues. This is yet another manifestation of informal governance. 'Dream' and the 89 deputies sitting in parliament have no role other than to simply 'legitimize' Ivanishvili's decisions, which are never coordinated with them. What talk is there of a vice-premiership or a state ministry? They aren't even giving Mdinaradze a proper office; he won't have a staff or even a secretary. I would advise him not to get too fixated on this office and just work remotely from home instead."""
02_ge_Giorgi_Sharashidze.csv,"თუ კოორდინაცია არის ასეთი მნიშვნელოვანი - კოორდინაციისთვის სუს-ის ხელმძღვანელს ექვს თვეში არ ხსნიან. სახელმწიფო უსაფრთხოების სამსახური ექვსი წლის ვადით შემთხვევით არ ინიშნება - ეს ჩანაწერი კანონში შემთხვევით არ არის. ვხედავთ, რომ ბოლო ერთ წელიწადში უკვე ორი სუს-ის უფროსი შეიცვალა. ეს მიუთითებს არასტაბილურ გარემოზე და არაფორმალურ მმართველობაზე. ადამიანს ერთ დღეში გენერლობა მიანიჭეს დილით და საღამოს კოორდინატორად დააქვეითეს - ამ ადამიანისგან რა განსაკუთრებული მოლოდინები უნდა შევქმნათ?","If coordination is so important, the head of the State Security Service is not dismissed after six months for the sake of coordination. The head of the State Security Service is not appointed for a six-year term by chance—this provision in the law is not there by accident. We see that two heads of the State Security Service have already been replaced in the last year. This points to an unstable environment and informal governance. A person was granted the rank of general in the morning and demoted to a coordinator by the evening—what special expectations should we have of this person?"
02_ge_Giorgi_Sharashidze.csv,"რაც შეეხება კოორდინატორობას - თავად „ოცნებამ“ შემოიტანა ეს ტერმინი და გუშინ ჩვენი ერთ-ერთი ლიდერი გიგა ფარულავა, იურიდიული კომიტეტის სხდომაზე, როდესაც ფაქტს ამბობდა, რომ კოორდინატორად ნიშნავთო, ისეთი გაღიზიანება მოჰყვა, ლექსიკა და ტონი დაუწუნეს. ეს კოორდინატორი „ოცნების“ მიერ შემოღებული ტერმინია და თუ მათთვის ეს შეურაცხმყოფელია, მაშინ თავად ახსნან საერთოდ საიდან მოიტანეს ეს ტერმინი. ამიტომ, როდესაც ვამბობთ, რომ ეს გენერალ-კოორდინატორის დანიშვნა არაფერს არ შეცვლის გარდა იმისა, რომ უბრალოდ ეს იქნება რაღაცა მისი დაკმაყოფილება დროებით და პენსიაზე გაშვება, ეს არის რეალობა“, - განაცხადა შარაშიძემ.","""As for the coordinatorship — 'Dream' itself introduced this term, and yesterday, when one of our leaders, Giga Parulava, at the Legal Committee meeting, was stating the fact that you are appointing [him] as a coordinator, it was met with such irritation that they criticized his vocabulary and tone. This 'coordinator' is a term introduced by 'Dream,' and if it is offensive to them, then let them explain where they got this term from in the first place. Therefore, when we say that this appointment of a general-coordinator will change nothing except that it will simply be a way to temporarily satisfy him and send him into retirement, this is the reality,"" Sharashidze stated."
02_ge_Giorgi_Sharashidze.csv,"ცნობისთვის, პარლამენტი დაჩქარებული წესით იხილავს კანონის პროექტს, რომლის საფუძველზეც საქართველოს მთავრობის შემადგენლობაში სამართალდამცავი ორგანოების კოორდინაციის საკითხებში სახელმწიფო მინისტრის თანამდებობის შემოღება ხდება.","For information, the Parliament is considering a draft law through an expedited procedure, on the basis of which the position of State Minister for the Coordination of Law Enforcement Agencies is being introduced within the Government of Georgia."
02_ge_Giorgi_Sharashidze.csv,"პროექტის მიხედვით, ახალი სახელმწიფო მინისტრის საქმიანობას მატერიალურ-ტექნიკურად და ორგანიზაციულად მთავრობის ადმინისტრაცია უზრუნველყოფს.","According to the draft, the Administration of the Government shall provide logistical and organizational support for the activities of the new State Minister."
02_ge_Giorgi_Sharashidze.csv,"მთავრობის საპარლამენტო მდივნის ვახტანგ ბაჩიაშვილის ინფორმაციით, სახელმწიფო მინისტრის უფლებამოსილებები მთავრობის დადგენილებაში დაზუსტდება, სადაც მისი რუტინული თუ სტრატეგიული უფლებამოსილებები გაიწერება.","According to the Parliamentary Secretary of the Government, Vakhtang Bachiashvili, the powers of the State Minister will be specified in a government decree, where their routine and strategic responsibilities will be outlined."
02_ge_Giorgi_Sharashidze.csv,სამართალდამცავი ორგანოების კოორდინაციის საკითხებში სახელმწიფო მინისტრის თანამდებობაზე მამუკა მდინარაძე დაინიშნება.,Mamuka Mdinaradze will be appointed to the position of State Minister for Coordination of Law Enforcement Agencies.
03_ge_Mariam_Kvrivishvili.csv,"მარიამ ქვრივიშვილი - ჩინეთთან ხელი მოვაწერეთ თავისუფალი ვაჭრობის შეთანხმების განახლებულ ვერსიას, რაც კიდევ უფრო მეტად გააძლიერებს და გაამყარებს ორ ქვეყანას შორის სავაჭრო-ეკონომიკურ ურთიერთობებს (25.04.2026, 11:11)","Mariam Kvrivishvili - We signed an updated version of the Free Trade Agreement with China, which will further strengthen and solidify trade and economic relations between the two countries (25.04.2026, 11:11)"
03_ge_Mariam_Kvrivishvili.csv,"ჩინეთის სახალხო რესპუბლიკაში ვიზიტი წარმატებული შედეგებით დასრულდა, რაც დადებითად აისახება საქართველოსა და ჩინეთის ეკონომიკური კავშირების შემდგომ განვითარებაზე, - ამის შესახებ საქართველოს ეკონომიკისა და მდგრადი განვითარების მინისტრმა მარიამ ქვრივიშვილმა განაცხადა.","""The visit to the People's Republic of China concluded with successful results, which will have a positive impact on the further development of economic ties between Georgia and China,"" stated Mariam Kvrivishvili, the Minister of Economy and Sustainable Development of Georgia."
03_ge_Mariam_Kvrivishvili.csv,"მინისტრის თქმით, ვიზიტის ფარგლებში გაიმართა უმაღლესი დონის შეხვედრები ჩინეთის სახელმწიფო და კერძო სექტორის წარმომადგენლებთან. მარიამ ქვრივიშვილმა განსაკუთრებული აქცენტი გააკეთა ჩინეთის ეროვნული რეფორმებისა და განვითარების კომიტეტში გამართულ შეხვედრაზე, რომლის დროსაც მხარეები შეთანხმდნენ, რომ ჩამოყალიბდება ინვესტიციების მოსაზიდად საქართველო-ჩინეთს შორის დიალოგის მექანიზმი, რაც ხელს შეუწყობს ჩინეთიდან ინვესტიციების განხორციელებას.","According to the minister, high-level meetings were held with representatives of China's state and private sectors within the framework of the visit. Mariam Kvrivishvili placed special emphasis on the meeting held at China's National Development and Reform Commission, during which the parties agreed to establish a Georgia-China dialogue mechanism to attract investments, which will facilitate the implementation of investments from China."
03_ge_Mariam_Kvrivishvili.csv,"„კომერციის მინისტრთან ერთად ხელი მოვაწერე თავისუფალი ვაჭრობის შეთანხმების განახლებულ ვერსიას, რაც კიდევ უფრო მეტად გააძლიერებს და გაამყარებს ორ ქვეყანას შორის სავაჭრო-ეკონომიკურ ურთიერთობებს. გარდა ამისა, მივიღეთ უმნიშვნელოვანესი გადაწყვეტილება, რომ შეიქმნება მთავრობათაშორისი ფორმატი, რომელიც უზრუნველყოფს უმსხვილესი ინვესტიციების მოზიდვის, ისევე, როგორც სტრატეგიულ პროექტებში ჩინური კომპანიების ჩართულობის მხარდაჭერას"", - აღნიშნა მარიამ ქვრივიშვილმა.","""Together with the Minister of Commerce, I signed the updated version of the Free Trade Agreement, which will further strengthen and solidify the trade and economic relations between the two countries. In addition, we made a crucial decision to establish an intergovernmental format that will ensure the attraction of major investments, as well as support the involvement of Chinese companies in strategic projects,"" noted Mariam Kvrivishvili."
03_ge_Mariam_Kvrivishvili.csv,"მინისტრმა ასევე ყურადღება გაამახვილა ჩინეთის ავიაკომპანია China Eastern Airlines - ის ხელმძღვანელებთან გამართულ შეხვედრაზე, რომელზეც მიღებულ იქნა გადაწყვეტილება 15 ივლისიდან შანხაი - თბილისის მიმართულებით პირდაპირი ავიამიმოსვლის დაწყების შესახებ. როგორც მარიამ ქვრივიშვილმა აღნიშნა, შანხაის მიმართულება, ისევე როგორც ზოგადად ჩინეთის ტურისტული ბაზარი საქართველოსთვის სტრატეგიულია და პირდაპირი საჰაერო მიმოსვლა ხელს შეუწყობს ქვეყანაში როგორც ტურისტული ნაკადების ზრდას, ისე მსყიდველუნარიანი ვიზიტორების ჩამოსვლას.","The Minister also highlighted the meeting held with the executives of the Chinese airline China Eastern Airlines, during which a decision was made to launch direct flights on the Shanghai-Tbilisi route starting July 15. As Mariam Kvrivishvili noted, the Shanghai destination, as well as the Chinese tourism market in general, is strategic for Georgia, and direct air service will contribute to both the growth of tourist flows and the arrival of high-spending visitors to the country."
03_ge_Mariam_Kvrivishvili.csv,"„ეს გადაწყვეტილება გააძლიერებს ხალხთაშორის ურთიერთობებს, ეკონომიკურ კავშირებს და სტიმულს მისცემს ჩვენი ქვეყნის ტურიზმის ინდუსტრიის გაძლიერებას, დივერსიფიცირებას და დამატებითი შემოსავლების გენერირებას ჩვენს ქვეყანაში უშუალოდ ტურიზმის ინდუსტრიიდან"", - განაცხადა მარიამ ქვრივიშვილმა.","""This decision will strengthen people-to-people relations and economic ties, and will provide a stimulus for the strengthening and diversification of our country's tourism industry, as well as the generation of additional revenue directly from the tourism sector in our country,"" stated Mariam Kvrivishvili."
03_ge_Mariam_Kvrivishvili.csv,"ვიზიტის ფარგლებში გაიმართა შეხვედრები ჩინეთის უმსხვილეს ენერგეტიკულ და ავტომობილების მწარმოებელ კომპანიებთან. როგორც მარიამ ქვრივიშვილმა აღნიშნა, შეხვედრებზე განიხილეს საქართველოს საინვესტიციო შესაძლებლობები, რაც ხელს შეუწყობს ჩინეთიდან დამატებითი ინვესტიციების მოზიდვას, ადგილობრივი წარმოების განვითარებას და ენერგეტიკის სექტორის გაძლიერებას.","Within the framework of the visit, meetings were held with China's largest energy and automobile manufacturing companies. As Mariam Kvrivishvili noted, Georgia's investment opportunities were discussed at the meetings, which will facilitate the attraction of additional investments from China, the development of local production, and the strengthening of the energy sector."
04_ge_Maka_Botchorishvili.csv,"მაკა ბოჭორიშვილი პაველ ჰერჩინსკიზე - არ გვჭირდება საზოგადოების პოლარიზების და რადიკალური დღის წესრიგის წახალისება, არ გვჭირდება არც ბნელი წარსული და არც მსგავსი მუქარა - ხელისუფლება ყველაზე კარგად გრძნობს, რომელი გზის გასაყარზე დგას საქართველო (27.04.2026, 14:01)","Maka Bochorishvili on Pawel Herczynski - We do not need the encouragement of societal polarization and a radical agenda, we need neither a dark past nor such threats - the government understands best at which crossroads Georgia stands (27.04.2026, 14:01)"
04_ge_Maka_Botchorishvili.csv,"როგორი განმარტებაც არ უნდა მოვისმინოთ, ფაქტები და ქმედებები ფაქტებად და ქმედებებად რჩება. სურათი, რომელსაც ვხედავთ, მიუღებელია, - ამის შესახებ საგარეო საქმეთა მინისტრმა, მაკა ბოჭორიშვილმა ევროკავშირის ელჩთან, პაველ ჰერჩინსკისთან შეხვედრის დასრულების შემდეგ ჟურნალისტებთან განაცხადა.","""Whatever explanation we may hear, facts and actions remain facts and actions. The picture we see is unacceptable,"" Foreign Minister Maka Bochorishvili told journalists after her meeting with EU Ambassador Paweł Herczyński."
04_ge_Maka_Botchorishvili.csv,"მისი თქმით, ხელისუფლება ყველაზე კარგად გრძნობს, რომელი გზის გასაყარზე დგას საქართველო და რამდენად არ გვჭირდება არც ბნელი წარსული და არც მსგავსი მუქარები.","According to him, the government understands best the crossroads at which Georgia stands and how much we need neither a dark past nor such threats."
04_ge_Maka_Botchorishvili.csv,"„ჩვენზე, ქართველებზე და ქართველი ხალხის მიერ არჩეულ ხელისუფლებაზე უკეთ ვერავინ მიხვდება და გაიგებს, რომელ გზაგასაყარზე დგას ეს ქვეყანა. ქართველი ხალხის ნება გამოხატულია საქართველოს ხელისუფლების არჩევანში. ხელისუფლება წარმოადგენს იმ ხალხის ნებას, რომელზეც ასე ღელავენ. შესაბამისად, ხელისუფლება ყველაზე კარგად გრძნობს, რომელი გზის გასაყარზე დგას საქართველო, რამდენად სჭირდება საქართველოს უსაფრთხოებას გაფრთხილება და რამდენად გვჭირდება სტაბილურობა. რამდენად არ გვჭირდება ამ საზოგადოების პოლარიზების და რადიკალური დღის წესრიგის წახალისება. ასევე, არ გვჭირდება არც ბნელი წარსული და არც მსგავსი მუქარები“, - განაცხადა ბოჭორიშვილმა.","""No one can understand or realize better than us—Georgians and the government elected by the Georgian people—at which crossroads this country stands. The will of the Georgian people is expressed in the choice of the Georgian government. The government represents the will of the people they are so concerned about. Accordingly, the government feels best at which crossroads Georgia stands, how much Georgia's security needs to be safeguarded, and how much we need stability. We also do not need the encouragement of this society's polarization and a radical agenda. Furthermore, we need neither a dark past nor such threats,"" Bochorishvili stated."
04_ge_Maka_Botchorishvili.csv,"კითხვაზე, რა იყო პაველ ჰერჩინსკის განცხადებაში მუქარის შემცველი, ბოჭორიშვილმა უპასუხა, რომ მიუღებელია ყველაფერი ის, რაც საზოგადოებაში აღვივებს პოლარიზებას.","When asked what was threatening in Pavel Herczynski's statement, Bochorishvili replied that everything that fuels polarization in society is unacceptable."
04_ge_Maka_Botchorishvili.csv,"„ის განცხადებები, ქმედებები, ნაბიჯები, რომელიც ბრიუსელის მხრიდან იდგმება, ის დამოკიდებულება, რომელსაც საქართველოს ხელისუფლებასთან მიმართებაში ვხედავთ, არის მიუღებელი და მიმართულია ამ საზოგადოებაში პოლარიზაციისკენ. მიუღებელია ყველაფერი ის, რაც ჩვენს საზოგადოებაში აღვივებს პოლარიზებას და მიუღებელია რადიკალური დღის წესრიგის წახალისება“, - აღნიშნა საგარეო საქმეთა მინისტრმა.","""The statements, actions, and steps taken by Brussels, and the attitude we see toward the Georgian government, are unacceptable and aimed at polarization within this society. Everything that fuels polarization in our society is unacceptable, and the encouragement of a radical agenda is unacceptable,"" stated the Minister of Foreign Affairs."
04_ge_Maka_Botchorishvili.csv,"კითხვაზე, მოისმინა თუ არა მან განმარტება პაველ ჰერჩინსკის მხრიდან მის განცხადებაზე, ბოჭორიშვილმა უპასუხა, რომ აქვთ მოლოდინი, რომ ბრიუსელიდან ის დამოკიდებულება იქნება, რასაც საქართველო იმსახურებს.","When asked whether she had heard an explanation from Pawel Herczynski regarding his statement, Bochorishvili replied that they expect Brussels to show the attitude that Georgia deserves."
04_ge_Maka_Botchorishvili.csv,"„როგორი განმარტებაც არ უნდა მოვისმინოთ, ფაქტები და ქმედებები ფაქტებად და ქმედებებად რჩება. სურათი, რომელსაც ვხედავთ, მიუღებელია. საქართველო არის კეთილსინდისიერი პარტნიორი! მას ევროკავშირთან მიმართებით არაფერი გაუკეთებია იმისთვის, რომ დაზიანებულიყო ევროკავშირის რომელიმე ინტერესი. შესაბამისად, ევროკავშირის მხრიდან ჩვენც მოველით, რომ ბრიუსელიდან ის დამოკიდებულება იქნება, რასაც საქართველო იმსახურებს - კეთილსინდისიერ ურთიერთობაში. ამას ვერ ვხედავთ ამ ეტაპზე და ამის გამოხატულებაა ის ნაბიჯებიც, რასაც ვხედავთ. თუ გვინდა, რომ ურთიერთობები ისევ ნორმალურ რეჟიმში გადავიდეთ, მინიმუმ ერთმანეთს პატივი უნდა ვცეთ და მინიმუმ უნდა იყოს ნდობაზე დაფუძნებული ეს ურთიერთობები, რომელსაც ასეთი განცხადებები, არყევს“, - განაცხადა მაკა ბოჭორიშვილმა.","""No matter what explanation we hear, facts and actions remain facts and actions. The picture we see is unacceptable. Georgia is a partner in good faith! It has done nothing in relation to the EU to damage any of the European Union's interests. Accordingly, we also expect from the EU's side that the attitude from Brussels will be what Georgia deserves—in a relationship of good faith. We do not see this at this stage, and the steps we are seeing are an expression of that. If we want relations to return to a normal mode, at the very least we must respect each other, and at the very least, these relations must be based on trust, which such statements undermine,"" stated Maka Botchorishvili."
04_ge_Maka_Botchorishvili.csv,"ცნობისთვის, საქართველოში ევროკავშირის ელჩ პაველ ჰერჩინსკისა და საგარეო საქმეთა მინისტრ მაკა ბოჭორიშვილს შორის დღეს შეხვედრა გაიმართა. პაველ ჰერჩინსკის შეხვედრაზე დაბარება მის მიერ გაკეთებულ განცხადებას უკავშირდებოდა. შეგახსენებთ იმასაც, რომ ევროკავშირის ელჩმა საქართველოში პაველ ჰერჩინსკიმ ბრიუსელში, ევროპის საგარეო ქმედებათა სამსახურში, სადაც დოკუმენტური ფოტოგამოფენა „საქართველო ფოკუსში“ გაიხსნა, აღნიშნა, რომ საქართველო სწორ ტრაექტორიაზე აღარ იმყოფება. ელჩის თქმით, „ხელისუფლებამ აირჩია ალტერნატიული, ავტორიტარიზმის მოდელი და საქართველოს ევროკავშირს აშორებს“.","For information, a meeting was held today between the EU Ambassador to Georgia, Paweł Herczyński, and the Minister of Foreign Affairs, Maka Bochorishvili. Paweł Herczyński's summons to the meeting was related to a statement he had made. It should also be recalled that the EU Ambassador to Georgia, Paweł Herczyński, noted in Brussels at the European External Action Service—where the documentary photo exhibition ""Georgia in Focus"" was opened—that Georgia is no longer on the right trajectory. According to the Ambassador, ""the government has chosen an alternative model of authoritarianism and is distancing Georgia from the European Union."""
04_ge_Maka_Botchorishvili.csv,"„საქართველო გზაგასაყარზე დგას. საქართველოს მომავალი ჯერ არ დაწერილა, მაგრამ ის, რაც მომავალ კვირებსა და თვეებში გადაწყდება, განსაზღვრავს, ეკუთვნის საქართველო ევროპული ქვეყნების ოჯახს, რომელიც დაფუძნებულია დემოკრატიაზე, კანონის უზენაესობასა და ადამიანის უფლებებზე, თუ სამწუხაროდ, თავის ბნელ წარსულს დაუბრუნდება. ჩემი მთავარი გზავნილი ქართველი ხალხის მიმართ არის „ნუ დაკარგავთ იმედის“. ჩვენ არ უნდა დავუშვათ, რომ საქართველო და შესანიშნავი, თბილი, სტუმართმოყვარე ქართველი ხალხი დაბრუნდეს ძალადობის, სამოქალაქო ომის, სიღარიბის, გაჭირვების, კორუფციის ბნელ დროში. ეს არ არის ის მომავალი, რომელსაც ისინი იმსახურებენ. როგორც კი ხელისუფლება გამოთქვამს ჩვენთან თანამშრომლობის სურვილს, ჩვენ ყველაფერს გავაკეთებთ იმისათვის, რომ დავეხმაროთ საქართველოს გახდეს ევროკავშირის წევრი“, - განაცხადა ჰერჩინსკიმ, რომლის ციტატასაც „ნეტგაზეთი“ ავრცელებს.","""Georgia stands at a crossroads. Georgia's future has not yet been written, but what is decided in the coming weeks and months will determine whether Georgia belongs to the family of European countries based on democracy, the rule of law, and human rights, or if, unfortunately, it will return to its dark past. My main message to the Georgian people is 'do not lose hope.' We must not allow Georgia and the wonderful, warm, hospitable Georgian people to return to the dark times of violence, civil war, poverty, hardship, and corruption. This is not the future they deserve. As soon as the government expresses a desire to cooperate with us, we will do everything to help Georgia become a member of the European Union,"" stated Herczynski, whose quote was reported by ""Netgazeti."""
05_ge_Archpriest_Andria.csv,"დეკანოზი ანდრია ჯაღმაიძე - კანდიდატი უნდა იყოს არაუმეტეს 70 წლისა, რაც შეეხება განათლებას, როცა ადამიანს სამსახურში შეაქვს განცხადება, იტყვის, დიპლომი არ მაქვს, მაგრამ განათლებული ვარო?! - სინოდმა უნდა იხელმძღვანელოს მკაცრად, მართვა-გამგეობის დებულებით (28.04.2026, 11:40)","Archpriest Andria Jaghmaidze - The candidate must be no more than 70 years old; as for education, when a person applies for a job, will they say, ""I don't have a diploma, but I am educated""?! - The Synod must strictly follow the Statute of Management and Administration (28.04.2026, 11:40)"
05_ge_Archpriest_Andria.csv,"კრიტერიუმებში ჩვენ ვკითხულობთ, რომ უნდა იყოს ქართველი, უნდა იყოს, ბერი, უნდა იყოს სინოდის წევრი, უნდა ჰქონდეს განათლება და ასაკზე არის მითითება, რომ 40 წელი უნდა ჰქონდეს შესრულებული და არაუმეტეს 70 წლისა უნდა იყოს - მართვა-გამგეობის დებულების შეცვლის უფლება არ აქვს ამ სინოდს და უნდა იხელმძღვანელოს მკაცრად მართვა - გამგეობის დებულებით,- ამის შესახებ საპატრიარქოს საზოგადოებასთან ურთიერთობის სამსახურის უფროსმა დეკანოზმა ანდრია ჯაღმაიძემ განაცხადა.","""In the criteria, we read that [the candidate] must be Georgian, must be a monk, must be a member of the Synod, must have an education, and there is a reference to age, stating that he must have reached 40 years of age and be no more than 70 years old—this Synod does not have the right to change the Statute of Management and Administration and must be strictly guided by the Statute of Management and Administration,"" stated Archpriest Andria Jagmaidze, Head of the Public Relations Department of the Patriarchate."
05_ge_Archpriest_Andria.csv,"მისი თქმით, ეკლესიის ცხოვრებისთვის მნიშვნელოვანია, რომ განსაზღვრული წესი დაცული იყოს.","According to him, it is important for the life of the church that a defined rule be observed."
05_ge_Archpriest_Andria.csv,"„დღეს იქნება სინოდზე სამი საპატრიარქო კანდიდატის გამორჩევა და შემდგომი სინოდი, გაფართოებული სხდომა იქნება უკვე პატრიარქის გამოსავლენად.","„Today, the selection of three patriarchal candidates will take place at the Synod, and the subsequent Synod, an expanded session, will be held to elect the Patriarch.“"
05_ge_Archpriest_Andria.csv,"კრიტერიუმებში ჩვენ ვკითხულობთ, რომ უნდა იყოს ქართველი, უნდა იყოს ბერი, უნდა იყოს სინოდის წევრი, უნდა ჰქონდეს განათლება და ასაკზე არის მითითება, რომ 40 წელი უნდა ჰქონდეს შესრულებული და არაუმეტეს 70 წლისა უნდა იყოს.","In the criteria, we read that he must be Georgian, he must be a monk, he must be a member of the Synod, he must have an education, and there is a reference to age, stating that he must be at least 40 years old and no more than 70 years old."
05_ge_Archpriest_Andria.csv,"მე ვარ მათემატიკოსი, სიტყვა არაუმეტეს 70 წლისა, ნიშნავს, რომ 70-ს ნებისმიერი დროის დამატებით უკვე აღარ არის არაუმეტეს 70-ისა. ანუ 70-ს პლუს რაღაც დღეები და თვეები, უკვე უმეტეს 70-ისაა, როგორც მათემატიკოსისთვის, ჩემთვის, ეს არის სრულიად წყალი, თუმცა, ვნახოთ, სინოდი ამაზე რა გადაწყვეტილებას მიიღებს.","I am a mathematician; the phrase ""no more than 70 years"" means that adding any amount of time to 70 makes it no longer ""no more than 70."" That is, 70 plus some days and months is already more than 70. As a mathematician, this is crystal clear to me; however, let us see what decision the Synod will make on this matter."
05_ge_Archpriest_Andria.csv,"მეორე არის, რომ მართვა-გამგეობის დებულების შეცვლის უფლება არ აქვს ამ სინოდს და უნდა იხელმძღვანელოს მკაცრად მართვა- გამგეობის დებულებით. განათლების თემას რაც შეეხება, როგორ წარმოგიდგენიათ, როდესაც ადამიანს დიპლომი არ აქვს და სამსახურში ვაკანსიაზე შეაქვს განცხადება, რას იტყვის, რომ დიპლომი არ მაქვს, მაგრამ განათლებული ადამიანი ვარო?! ეს არც ერთ სამსახურში არ გაჭრის.","The second point is that this Synod does not have the right to change the governing regulations and must strictly adhere to the governing regulations. As for the issue of education, how can you imagine it: when a person does not have a diploma and applies for a job vacancy, what will they say—that I don't have a diploma, but I am an educated person?! This won't work in any job."
05_ge_Archpriest_Andria.csv,"ყველა საკითხი შეიძლება დადგეს ინტერპრეტაციის ქვეშ, მაგალითად, დადგეს საკითხი, რას ნიშნავს ქართველი. მე მყავდა მეგობარი, იეზიდი და შინაგანად იყო ძალიან კარგი ქართველი, ახლა ასე თუ ვიმსჯელებთ, ყველაფერი შეიძლება ეჭვქვეშ დავაყენოთ. არსებობს ასეთი ცნებაც „ფარული ბერები“ და ახლა აქ კრიტერიუმში წერია ბერი - „ფარული ბერი“ ნიშნავს, რომ აღკვეცილი არ არის, მაგრამ ბერულად ცხოვრობს ანუ ყველაფერი შეიძლება დადგეს ინტერპრეტაციის ქვეშ. ასე რომ, მე ვფიქრობ, ძალიან მნიშვნელოვანია ეკლესიის ცხოვრებისთვის, რომ წესი, რომელიც განსაზღვრულია, იყოს დაცული.","Every issue can be subject to interpretation; for example, the question could be raised: what does it mean to be Georgian? I had a friend, a Yazidi, and inwardly he was a very good Georgian. Now, if we judge this way, everything can be called into question. There is also a concept of ""hidden monks,"" and now, here in the criteria, it says ""monk""—""hidden monk"" means that they are not tonsured, but they live a monastic life; in other words, everything can be subject to interpretation. Therefore, I think it is very important for the life of the Church that the rule, as defined, be upheld."
05_ge_Archpriest_Andria.csv,"უმეტესობა ეპარქიებიდან უკვე მივიღეთ ინფორმაცია დელეგატების შესახებ,“-განაცხადა ანდრია ჯაღმაიძემ.","""We have already received information about the delegates from most of the dioceses,"" stated Andria Jagmaidze."
06_ge_Armaz_Akhvlediani.csv,"არმაზ ახვლედიანი - ხელისუფლება მხარს უჭერდა მეუფე შიოს, ეს ცხადზე ცხადია, ის ჩარეული იყო და არის - ეს დავინახეთ და მაქვს ეჭვი, დავინახავთ ისტორიული სინოდის დაწყებამდეც, სადაც უნდა გამოირჩიონ პატრიარქი (28.04.2026, 19:37)","Armaz Akhvlediani - The government supported Metropolitan Shio, this is clearer than clear; it was and is involved - we saw this, and I suspect we will see it even before the start of the historical Synod, where the Patriarch is to be elected (28.04.2026, 19:37)"
06_ge_Armaz_Akhvlediani.csv,"შესაძლოა საბოლოო სხდომისთვის, სადაც პატრიარქი უნდა გამოირჩიოს სინოდმა, გარკვეულწილად შეიცვალოს კონფიგურაცია - დაწინაურდა მეუფე შიო, მაგრამ არ ვიჩქარებდი და საბოლოო დასკვნას არ გავაკეთებდი, - ამის შესახებ პოლიტიკოსმა არმაზ ახვლედიანმა „პალიტრანიუსის“ გადაცემაში „რეზიუმე“ განაცხადა.","""It is possible that for the final session, where the Synod is to elect the Patriarch, the configuration may change to some extent—Metropolitan Shio has moved forward, but I would not rush and would not draw a final conclusion,"" politician Armaz Akhvlediani stated on the PalitraNews program ""Resume."""
06_ge_Armaz_Akhvlediani.csv,"არმაზ ახვლედიანის თქმით, ყველაფერი დამოკიდებული იქნება იმაზე, თუ სად წავა დანარჩენი ორი კანდიდატის ხმები.","According to Armaz Akhvlediani, everything will depend on where the votes of the other two candidates go."
06_ge_Armaz_Akhvlediani.csv,"„მთავარი გადაწყვეტილება წინაა, დღეს მხოლოდ კანდიდატები გამოირჩია სინოდის სხდომამ, ჩვენ უკვე ვიცით მონაცემები, ვინ რამდენი ხმა მიიღო. არც ის დაგვავიწყდეს, რომ შესაძლოა, საბოლოო სხდომისთვის, სადაც პატრიარქი უნდა გამოირჩიოს სინოდმა, არ იქნება გამორიცხული, რომ გარკვეულწილად შეიცვალოს კონფიგურაცია. თუმცა კი, დღეს ჩანს, ვინ დაწინაურდა, დაწინაურდა მეუფე შიო, მაგრამ არ ვიჩქარებდი და საბოლოო დასკვნას არ გავაკეთებდი, სხვებისგან განსხვავებით.","""The main decision is still ahead; today the Synod session only selected the candidates, and we already know the data on how many votes each received. We should also not forget that for the final session, where the Synod is to elect the Patriarch, it is not out of the question that the configuration may change to some extent. However, while it is clear today who has taken the lead—Metropolitan Shio has moved forward—unlike others, I would not rush to make a final conclusion."""
06_ge_Armaz_Akhvlediani.csv,"დღეს პატრიარქს არ ირჩევდნენ, დღეს მხოლოდ სამი კანდიდატი იქნა დასახელებული და მაშინ, როდესაც ერთი იქნება გამოსარჩევი, შესაძლოა დანარჩენი ორი შეთანხმდეს იმაზე, სად წავა მათი და აგრეთვე სხვების ხმები“, - განაცხადა არმაზ ახვლედიანმა.","""Today, the Patriarch was not being elected; only three candidates were nominated today, and when one is to be selected, the other two may agree on where their votes, as well as those of others, will go,"" stated Armaz Akhvlediani."
06_ge_Armaz_Akhvlediani.csv,"არმაზ ახვლედიანის განცხადებით, ცხადზე ცხადია, რომ ხელისუფლება საპატრიარქო არჩევნებში ერევა და მხარს უჭერს მეუფე შიოს.","According to Armaz Akhvlediani, it is crystal clear that the government is interfering in the patriarchal elections and supporting Metropolitan Shio."
06_ge_Armaz_Akhvlediani.csv,"„ხელისუფლება მხარს უჭერდა მეუფე შიოს, ეს ცხადზე ცხადია. ის ჩარეული იყო და არის. მოდით პირდაპირ ვთქვათ, ყველა სახელისუფლო მედია, დილიდან საღამომდე, აქტიურად, ყველა კონტექსტში, რა თემაზეც არ უნდა ესაუბრათ, პირდაპირ თუ ირიბად მხარს უჭერდა ამ ერთ კანდიდატს. ეს თუ ჩარევა არ არის, მაშინ ჩარევა რა არის?! რაც შეეხება სხვა გზით ჩარევას, მე ამაზე ვერ ვისაუბრებ, არ მაქვს არცერთი ფაქტი, რომ მქონდეს ვიტყოდი. მაგრამ, მაქვს საფუძვლიანი ეჭვი და ვარაუდი, რომ უკეთურ ხელისუფლებას ყველა დროში აქვს ზემოქმედების, ზეგავლენის, ზეწოლის ბერკეტი, მით უფრო იმ ხელისუფლებას, რომელსაც ავტორიტეტი აქვს განადგურებული და სჭირდება, რომ რაღაცას ჩაებღაუჭოს, ამ შემთხვევაში ინერციით მიღებულ ავტორიტეტს ეკლესიის და ეს გამოიყენოს სათავისოდ. ეს ჩვენ დავინახეთ ამ ხნის განმავლობაში და მე ეჭვი მაქვს, ამას ისტორიული სინოდის დაწყებამდეც დავინახავთ, სადაც უნდა გამოირჩიონ საბოლოო პატრიარქი“, - განაცხადა არმაზ ახვლედიანმა.","""The government supported Metropolitan Shio; this is as clear as day. It was and is involved. Let's speak plainly: every pro-government media outlet, from morning till night, actively, in every context, no matter what topic they were discussing, directly or indirectly supported this one candidate. If this is not interference, then what is?! As for interference by other means, I cannot speak on that; I do not have a single fact—if I did, I would say it. But I have a well-founded suspicion and assumption that a wicked government at all times has levers of impact, influence, and pressure, especially a government whose authority is destroyed and needs to cling to something—in this case, the Church's authority maintained by inertia—and use it for its own ends. We have seen this over this period, and I suspect we will see it even before the start of the historic Synod, where the final Patriarch is to be chosen,"" stated Armaz Akhvlediani."
06_ge_Armaz_Akhvlediani.csv,"ინფორმაციისთვის, წმინდა სინოდმა სამი საპატრიარქო კანდიდატი გამოარჩია. სინოდის გადაწყვეტილებით, პატრიარქობის კანდიდატები იქნებიან: საპატრიარქო ტახტის მოსაყდრე, სენაკისა და ჩხოროწყუს მიტროპოლიტი შიო (მუჯირი), ურბნისისა და რუისის ეპარქიის მიტროპოლიტი იობი და ფოთისა და ხობის მიტროპოლიტი გრიგოლი.","For information, the Holy Synod has selected three patriarchal candidates. By the decision of the Synod, the candidates for the patriarchate will be: the Locum Tenens of the Patriarchal Throne, Metropolitan Shio (Mujiri) of Senaki and Chkhorotsqu; Metropolitan Iobi of the Urbnisi and Ruisi Eparchy; and Metropolitan Grigoli of Poti and Khobi."
06_ge_Armaz_Akhvlediani.csv,"როგორც საპატრიარქოს საზოგადოებასთან ურთიერთობის სამსახურის უფროსმა დეკანოზმა ანდრია ჯაღმაიძემ ჟურნალისტებს განუცხადა, საპატრიარქო ტახტის მოსაყდრე შიომ მიიღო 20 ხმა, დანარჩენმა ორმა კანდიდატმა კი მიიღო 7-7 ხმა.ამასთან, მისივე განმარტებით, სხვა კანდიდატები იყვნენ მეუფე გრიგოლ კაცია, მეუფე დოსითეოსი და მეუფე მელქისედეკი.","As Archpriest Andria Jaghmaidze, Head of the Public Relations Department of the Patriarchate, told journalists, Shio, the Locum Tenens of the Patriarchal Throne, received 20 votes, while the other two candidates received 7 votes each. Furthermore, according to his clarification, the other candidates were Metropolitan Grigol Katsia, Metropolitan Dositheos, and Metropolitan Melchizedek."
07_ge_Giorgi_Sharashidze.csv,"გიორგი შარაშიძე - რა ვიცე-პრემიერობაზე და სახელმწიფო მინისტრობაზეა საუბარი, კაბინეტსაც კი არ აძლევენ ნორმალურს, აპარატიც არ ექნება და მდივანიც არ ეყოლება - მდინარაძეს ვურჩევდი, ამ კაბინეტზეც ძალიან ნუ ჩაიციკლება და დისტანციურად იმუშაოს (28.04.2026, 12:04)","Giorgi Sharashidze - What talk of Vice-Premiership and State Ministry status are we even having? They aren't even giving him a proper office; he won't have a staff or a secretary. I would advise Mdinaradze not to get too fixated on this office and to work remotely (28.04.2026, 12:04)"
07_ge_Giorgi_Sharashidze.csv,"რა ვიცე-პრემიერობაზე და სახელმწიფო მინისტრობაზეა საუბარი, კაბინეტსაც კი არ აძლევენ ნორმალურს, აპარატიც არ ექნება და მდივანიც არ ეყოლება მდინარაძეს - ვურჩევდი, რომ ამ კაბინეტზეც ძალიან ნუ იქნება ჩაციკლული და დისტანციურად იმუშაოს სახლიდან, - ამის შესახებ პარტია „გახარია საქართველოსთვის” დეპუტატმა, გიორგი შარაშიძემ, სამართალდამცავი ორგანოების კოორდინირებისთვის სახელმწიფო მინისტრის თანამდებობის შექმნაზე საუბრისას განაცხადა. მისი თქმით, გენერალ-კოორდინატორის დანიშვნა არაფერს არ შეცვლის გარდა იმისა, რომ ეს მისი „დროებითი დაკმაყოფილება და პენსიაზე გაშვება იქნება“.","""What talk is there of a Vice-Premiership or a State Minister post? They aren't even giving him a proper office; Mdinaradze won't have a staff or even a secretary. I would advise him not to get too hung up on this office and just work remotely from home,"" stated Giorgi Sharashidze, an MP from the ""Gakharia for Georgia"" party, while discussing the creation of a State Minister position for the coordination of law enforcement agencies. According to him, appointing a ""general-coordinator"" will change nothing, except that it will be his ""temporary satisfaction and a way to send him into retirement."""
07_ge_Giorgi_Sharashidze.csv,"„დაგეგმილ ცვლილებებს ჩვენი ქვეყნის მოქალაქეების პრობლემების და საქართველოს უსაფრთხოების საკითხების პრობლემების გადაჭრასთან არანაირი კავშირი არ აქვს. ეს არის არაფორმალური მმართველობის მორიგი გამოვლინება. „ოცნებას“ და იმ 89 დეპუტატს, რომელიც პარლამენტში ზის, არ აქვს, გარდა იმისა, რომ ივანიშვილის გადაწყვეტილებები, რომელსაც მათ არავინ არ უთანხმებს, უბრალოდ „გააპრავონ”. რა ვიცე-პრემიერობაზე და სახელმწიფო მინისტრობაზეა საუბარი, კაბინეტსაც კი არ აძლევენ ნორმალურს, აპარატიც არ ექნება და მდივანიც არ ეყოლება მდინარაძეს. მას ვურჩევდი, რომ ამ კაბინეტზეც ძალიან ნუ იქნება ჩაციკლული და დისტანციურად იმუშაოს მაშინ, სახლიდან.","""The planned changes have nothing to do with solving the problems of our country's citizens or addressing Georgia's security issues. This is another manifestation of informal governance. 'Dream' and the 89 deputies sitting in parliament have no role other than to simply 'rubber-stamp' Ivanishvili’s decisions, which are never even coordinated with them. What talk is there of a Vice-Premiership or a State Ministry? They aren't even giving Mdinaradze a proper office; he won't have a staff or even a secretary. I would advise him not to get too fixated on this office and just work remotely from home instead."""
07_ge_Giorgi_Sharashidze.csv,"თუ კოორდინაცია არის ასეთი მნიშვნელოვანი - კოორდინაციისთვის სუს-ის ხელმძღვანელს ექვს თვეში არ ხსნიან. სახელმწიფო უსაფრთხოების სამსახური ექვსი წლის ვადით შემთხვევით არ ინიშნება - ეს ჩანაწერი კანონში შემთხვევით არ არის. ვხედავთ, რომ ბოლო ერთ წელიწადში უკვე ორი სუს-ის უფროსი შეიცვალა. ეს მიუთითებს არასტაბილურ გარემოზე და არაფორმალურ მმართველობაზე. ადამიანს ერთ დღეში გენერლობა მიანიჭეს დილით და საღამოს კოორდინატორად დააქვეითეს - ამ ადამიანისგან რა განსაკუთრებული მოლოდინები უნდა შევქმნათ?","If coordination is so important, the head of the State Security Service is not dismissed after six months for the sake of coordination. The head of the State Security Service is not appointed for a six-year term by chance—this provision in the law is not accidental. We see that in the last year, two heads of the State Security Service have already been replaced. This indicates an unstable environment and informal governance. A person was granted the rank of general in the morning and demoted to a coordinator by the evening—what special expectations should we have for this person?"
07_ge_Giorgi_Sharashidze.csv,"რაც შეეხება კოორდინატორობას - თავად „ოცნებამ“ შემოიტანა ეს ტერმინი და გუშინ ჩვენი ერთ-ერთი ლიდერი გიგა ფარულავა, იურიდიული კომიტეტის სხდომაზე, როდესაც ფაქტს ამბობდა, რომ კოორდინატორად ნიშნავთო, ისეთი გაღიზიანება მოჰყვა, ლექსიკა და ტონი დაუწუნეს. ეს კოორდინატორი „ოცნების“ მიერ შემოღებული ტერმინია და თუ მათთვის ეს შეურაცხმყოფელია, მაშინ თავად ახსნან საერთოდ საიდან მოიტანეს ეს ტერმინი. ამიტომ, როდესაც ვამბობთ, რომ ეს გენერალ-კოორდინატორის დანიშვნა არაფერს არ შეცვლის გარდა იმისა, რომ უბრალოდ ეს იქნება რაღაცა მისი დაკმაყოფილება დროებით და პენსიაზე გაშვება, ეს არის რეალობა“, - განაცხადა შარაშიძემ.","""Regarding the issue of coordinatorship—it was 'Dream' itself that introduced this term. Yesterday, when one of our leaders, Giga Parulava, stated the fact at the Legal Affairs Committee meeting that they are appointing [him] as a coordinator, it caused such irritation that they criticized his vocabulary and tone. This term 'coordinator' was introduced by 'Dream,' and if they find it offensive, then they should explain where they got the term from in the first place. Therefore, when we say that the appointment of this general coordinator will change nothing except that it will simply serve as a temporary satisfaction for him before being sent into retirement, this is the reality,"" Sharashidze stated."
07_ge_Giorgi_Sharashidze.csv,"ცნობისთვის, პარლამენტი დაჩქარებული წესით იხილავს კანონის პროექტს, რომლის საფუძველზეც საქართველოს მთავრობის შემადგენლობაში სამართალდამცავი ორგანოების კოორდინაციის საკითხებში სახელმწიფო მინისტრის თანამდებობის შემოღება ხდება.","For information, the Parliament is considering a draft law through an expedited procedure, based on which the position of State Minister for the Coordination of Law Enforcement Agencies is being introduced within the Government of Georgia."
07_ge_Giorgi_Sharashidze.csv,"პროექტის მიხედვით, ახალი სახელმწიფო მინისტრის საქმიანობას მატერიალურ-ტექნიკურად და ორგანიზაციულად მთავრობის ადმინისტრაცია უზრუნველყოფს.","According to the draft, the Government Administration will provide material-technical and organizational support for the activities of the new State Minister."
07_ge_Giorgi_Sharashidze.csv,"მთავრობის საპარლამენტო მდივნის ვახტანგ ბაჩიაშვილის ინფორმაციით, სახელმწიფო მინისტრის უფლებამოსილებები მთავრობის დადგენილებაში დაზუსტდება, სადაც მისი რუტინული თუ სტრატეგიული უფლებამოსილებები გაიწერება.","According to Vakhtang Bachiashvili, the Parliamentary Secretary of the Government, the powers of the State Minister will be specified in a government decree, which will outline both routine and strategic responsibilities."
07_ge_Giorgi_Sharashidze.csv,სამართალდამცავი ორგანოების კოორდინაციის საკითხებში სახელმწიფო მინისტრის თანამდებობაზე მამუკა მდინარაძე დაინიშნება.,Mamuka Mdinaradze will be appointed to the position of State Minister for Coordination of Law Enforcement Agencies.
08_ge_Classification_wine.csv,"ე.წ. მცირე ზომის მარნების კლასიფიკაცია იცვლება - მცირე ზომის მარნად იმ ტიპის ღვინის საწარმო განისაზღვრება, რომლის წლიური წარმადობაც 25 000 ლიტრ ღვინოს არ აღემატება (16.04.2026, 16:24)","The classification of so-called small-scale wineries is changing - a small-scale winery is defined as a type of wine production facility whose annual production does not exceed 25,000 liters of wine (16.04.2026, 16:24)"
08_ge_Classification_wine.csv,"ე.წ. მცირე ზომის მარნების კლასიფიკაცია იცვლება - მცირე ზომის მარნად იმ ტიპის ღვინის საწარმო განისაზღვრება, რომლის წლიური წარმადობაც 25 000 ლიტრ ღვინოს არ აღემატება.","The classification of so-called small wineries is changing – a small winery is defined as a wine production facility whose annual production does not exceed 25,000 liters of wine."
08_ge_Classification_wine.csv,"გარდა ამისა, სავალდებულო ხდება საქართველოში წარმოებული დაცული ადგილწარმოშობის დასახელების ალკოჰოლიანი სასმელის, საექსპორტოდ და ადგილობრივ სამომხმარებლო ბაზარზე რეალიზაციისათვის განკუთვნილი ყველა კატეგორიის ღვინის ორგანოლეპტიკური შემოწმება. ეს მოთხოვნა იმ ღვინოზე არ გავრცელდება, რომელიც მცირე ზომის მარანში იქნება წარმოებული.","Furthermore, organoleptic testing is becoming mandatory for alcoholic beverages with a Protected Designation of Origin (PDO) produced in Georgia, as well as for all categories of wine intended for export and sale on the local consumer market. This requirement will not apply to wine produced in small-scale wineries."
08_ge_Classification_wine.csv,"შესაბამისი ცვლილებები “ვაზისა და ღვინის შესახებ“ კანონში ხორციელდება, რომელიც გარემოს დაცვისა და სოფლის მეურნეობის სამინისტრომ მოამზადა. პროექტი პარლამენტს მთავრობამ წარუდგინა.","Relevant changes are being made to the Law on Vine and Wine, which was prepared by the Ministry of Environmental Protection and Agriculture. The government has submitted the draft to the Parliament."
08_ge_Classification_wine.csv,"პროექტის თანახმად, სარეალიზაციოდ განკუთვნილი, სერტიფიცირებული ალკოჰოლიანი სასმელის ნიშანდება სავალდებულო იქნება. ნიშანდებას ღვინის სააგენტო, გარემოს დაცვისა და სოფლის მეურნეობის მინისტრის მიერ დადგენილი წესით განახორციელებს.","According to the draft, the labeling of certified alcoholic beverages intended for sale will be mandatory. The labeling will be carried out by the National Wine Agency in accordance with the rules established by the Minister of Environmental Protection and Agriculture."
08_ge_Classification_wine.csv,"„ვაზისა და ღვინის შესახებ“ მოქმედი კანონის გათვალისწინებით, მცირე ზომის მარანში მოიაზრებოდა მეწარმე, რომელსაც ტრადიციული საოჯახო მარანი აქვს და რომლის წლიური წარმადობა 40 000 ლიტრს არ აღემატება. ცვლილებებით, ეს რაოდენობა 40 000-დან 25 000 ლიტრამდე მცირდება.","Taking into account the current Law on Vine and Wine, a small-scale winery was defined as an entrepreneur who has a traditional family cellar and whose annual production does not exceed 40,000 liters. With the amendments, this amount is being reduced from 40,000 to 25,000 liters."
08_ge_Classification_wine.csv,"„ვინაიდან მცირე ზომის მარნის ცნებამ და ჭარბმა წარმადობამ ფაქტიურად მისივე მნიშვნელობა დაკარგა, ამ ტერმინში ცვლილების განხორციელების და მცირე ზომის მარანში წარმოებული ღვინის წარმადობის ოდენობის შემცირების საჭიროება დგება.","Since the concept of a small-scale winery and excessive production have effectively lost their significance, there is a need to amend this term and reduce the production volume allowed for small-scale wineries."
08_ge_Classification_wine.csv,"გასათვალისწინებელია, რომ აღნიშნული ღვინო ორგანოლეპტიკური მახასიათებლებით, გემოვნური თვისებებით საერთო ზეგავლენას ახდენს ქართული ღვინის რეპუტაციაზე, როგორც ადგილობრივ, ასევე საერთაშორისო ბაზრებზე. სწორედ ამ საკითხის რეგულირებისათვის მნიშვნელოვანია სახლის ღვინის ნაცვლად, ახალი კატეგორიის - ბუნებრივი ღვინის დამატება, რომელზეც არ გავრცელდება სავალდებულო ორგანოლეპტიკური შემოწმება მხოლოდ იმ შემთხვევაში თუ წარმოებულია მცირე ზომის მარანში და ამავდროულად, აღნიშნული ღვინის ეტიკეტზე განთავსდება ბუნებრივი ღვინისათვის განკუთვნილი შესაბამისი ნიშანი, რაც მომხმარებლის წინასწარ ინფორმირებას უზრუნველყოფს თავად პროდუქტის შესახებ.","It should be taken into account that the organoleptic characteristics and taste properties of the wine in question have an overall impact on the reputation of Georgian wine in both domestic and international markets. To regulate this issue, it is important to introduce a new category—natural wine—instead of ""house wine."" This category will be exempt from mandatory organoleptic testing only if it is produced in a small-scale winery and, simultaneously, the label features a corresponding mark designated for natural wine, thereby ensuring that consumers are informed about the product in advance."
08_ge_Classification_wine.csv,"ამასთან, მნიშვნელოვანია ქართული ღვინის ხარისხისა და რეპუტაციის შენარჩუნება როგორც ადგილობრივ, ასევე საერთაშორისო ბაზრებზე და შესაბამისად, მომხმარებლისათვის მაღალი ხარისხის პროდუქტის მიწოდების უზრუნველსაყოფად აუცილებელი ხდება, ყველა კატეგორიის ღვინო - როგორც საექსპორტო, ასევე ადგილობრივ ბაზარზე სარეალიზაციოდ განკუთვნილი - ორგანოლეპტიკურ შემოწმებას დაექვემდებაროს.","Furthermore, it is important to maintain the quality and reputation of Georgian wine on both local and international markets; consequently, to ensure the delivery of high-quality products to consumers, it becomes necessary for all categories of wine—both intended for export and for sale on the local market—to be subject to organoleptic testing."
08_ge_Classification_wine.csv,"ზემოაღნიშნულიდან გამომდინარე, საკითხის რეგულირებისა და შესაბამისი მექანიზმების დანერგვის მიზნით, მიზანშეწონილია ალკოჰოლიან სასმელზე ნიშანდების შემოღება და ორგანოლეპტიკური შემოწმების ფარგლების გაფართოება”, - განმარტავს გარემოს დაცვისა და სოფლის მეურნეობის სამინისტრო კანონის პროექტზე თანდართულ განმარტებით ბარათში.","""Based on the above, for the purpose of regulating the issue and implementing appropriate mechanisms, it is advisable to introduce marking on alcoholic beverages and expand the scope of organoleptic testing,"" explains the Ministry of Environmental Protection and Agriculture in the explanatory note attached to the draft law."
09_ge_Grigol_Gegelia.csv,"გრიგოლ გეგელია - პაველ ჰერჩინსკის საგარეო საქმეთა სამინისტროში დაბარება არის კიდევ ერთი ნათელი დასტური იმისა, რომ ეს ხელისუფლება ემსახურება ანტიქართულ მიზნებსა და მისწრაფებებს (27.04.2026, 12:12)","Grigol Gegelia - Summoning Pawel Herczynski to the Ministry of Foreign Affairs is another clear proof that this government serves anti-Georgian goals and aspirations (27.04.2026, 12:12)"
09_ge_Grigol_Gegelia.csv,"ჰერჩინსკის დაბარება არის კიდევ ერთი ნათელი დასტური იმისა, რომ ეს ხელისუფლება ყოველთვის ემსახურება ანტიქართულ მიზნებსა და მისწრაფებებს, - ამის შესახებ „ლელო- ძლიერი საქართველოს“ საგარეო მდივანმა გრიგოლ გეგელიამ ევროკავშირის ელჩის პაველ ჰერჩინსკის დაბარებასთან დაკავშირებით განაცხადა.","""The summoning of Herczynski is another clear proof that this government always serves anti-Georgian goals and aspirations,"" stated Grigol Gegelia, Foreign Secretary of ""Lelo - Strong Georgia,"" regarding the summoning of EU Ambassador Pawel Herczynski."
09_ge_Grigol_Gegelia.csv,"გეგელიას თქმით, იმ დროს, როდესაც საგარეო უწყების მიერ დაბარებულები არ არიან ირანის და უნგრეთის ელჩები, საქართველოს სტრატეგიული პარტნიორების წარმომადგენლების დაბარება აჩვენებს, რომ „ქართული ოცნების“ ხელისუფლება ქვეყნის სტრატეგიული ინტერესების დაზიანებას ემსახურება.","According to Gegelia, at a time when the ambassadors of Iran and Hungary have not been summoned by the Foreign Ministry, summoning the representatives of Georgia’s strategic partners shows that the “Georgian Dream” government serves to damage the country’s strategic interests."
09_ge_Grigol_Gegelia.csv,"„იმ დროს, როდესაც ირანის ელჩი არ არის დაბარებული და არ არის გამოკითხული იმასთან დაკავშირებით თუ რატომ ემუქრებოდა ქართველ ხალხს ასეთი ენით, იმ დროს, როდესაც უნგრეთის ელჩი არ დაუბარებიათ და არ უკითხავთ რუსეთის ჯაშუში რომ მუშაობდა 4 წლის განმავლობაში საქართველოში, რასთან გვქონდა შეხება, იყო თუ არა უნგრეთი ინფორმირებული და როგორ უნდა აღვიქვათ ეს, რომ უნგრული დიპლომატიური საფარის ქვეშ ამ ქალაქში მუშაობდა, მაღალი ალბათობით, რუსეთის ჯაშუში და ასეთ ვითარებაში ბოჭორიშვილი საკუთარ თავს უფლებას აძლევს, რომ თავს დაესხას ყველა იმ ელჩს, რომელიც არის ამ ქვეყნის სტრატეგიული პარტნიორი სახელმწიფოს წარმომადგენელი. იქნება ეს ილიას სახელმწიფო უნივერსიტეტზე გაკეთებული განცხადების გამო თუ ელემენტარული პროდემოკრატიული განცხადებების გამო, იბარებს საქმის გასარჩევად იმ სახელმწიფოების ელჩებს, რომლებიც არიან ჩვენი ქვეყნის ყველაზე მნიშვნელოვანი სტრატეგიული პარტნიორები. ეს თვალნათლივ ადასტურებს, რომ ე.წ. ხელისუფლება არის საქართველოს მტრული ხელისუფლება, რომელიც ყველაფერს აკეთებს ჩვენი ქვეყნის ეროვნული საშინაო თუ საგარეო პოლიტიკური ინტერესების დასაზიანებლად,“ - განაცხადა გრიგოლ გეგელიამ.","“At a time when the Iranian ambassador has not been summoned or questioned regarding why he threatened the Georgian people in such a manner; at a time when the Hungarian ambassador has not been summoned or asked about the Russian spy who worked in Georgia for four years—what we were dealing with, whether Hungary was informed, and how we should interpret the fact that a likely Russian spy operated in this city under Hungarian diplomatic cover—in such a situation, Bochorishvili allows herself to attack every ambassador who represents this country's strategic partner states. Whether it is due to statements made regarding Ilia State University or basic pro-democratic remarks, she summons the ambassadors of our country's most important strategic partners for a 'showdown.' This clearly confirms that the so-called government is a hostile administration to Georgia, doing everything in its power to damage our country's national, domestic, and foreign policy interests,” stated Grigol Gegelia."
09_ge_Grigol_Gegelia.csv,"შეგახსენებთ, ევროკავშირის ელჩმა საქართველოში პაველ ჰერჩინსკიმ ბრიუსელში, ევროპის საგარეო ქმედებათა სამსახურში, სადაც დოკუმენტური ფოტოგამოფენა „საქართველო ფოკუსში“ გაიხსნა, აღნიშნა, რომ საქართველო სწორ ტრაექტორიაზე აღარ იმყოფება. ელჩის თქმით, „ხელისუფლებამ აირჩია ალტერნატიული, ავტორიტარიზმის მოდელი და საქართველოს ევროკავშირს აშორებს“. „საქართველო გზაგასაყარზე დგას. საქართველოს მომავალი ჯერ არ დაწერილა, მაგრამ ის, რაც მომავალ კვირებსა და თვეებში გადაწყდება, განსაზღვრავს, ეკუთვნის საქართველო ევროპული ქვეყნების ოჯახს, რომელიც დაფუძნებულია დემოკრატიაზე, კანონის უზენაესობასა და ადამიანის უფლებებზე, თუ სამწუხაროდ, თავის ბნელ წარსულს დაუბრუნდება. ჩემი მთავარი გზავნილი ქართველი ხალხის მიმართ არის „ნუ დაკარგავთ იმედის“. ჩვენ არ უნდა დავუშვათ, რომ საქართველო და შესანიშნავი, თბილი, სტუმართმოყვარე ქართველი ხალხი დაბრუნდეს ძალადობის, სამოქალაქო ომის, სიღარიბის, გაჭირვების, კორუფციის ბნელ დროში. ეს არ არის ის მომავალი, რომელსაც ისინი იმსახურებენ.როგორც კი ხელისუფლება გამოთქვამს ჩვენთან თანამშრომლობის სურვილს, ჩვენ ყველაფერს გავაკეთებთ იმისათვის, რომ დავეხმაროთ საქართველოს გახდეს ევროკავშირის წევრი“, - განაცხადა ჰერჩინსკიმ, რომლის ციტატასაც „ნეტგაზეთი“ ავრცელებს.","As a reminder, the EU Ambassador to Georgia, Pawel Herczynski, noted at the European External Action Service in Brussels, where the documentary photo exhibition ""Georgia in Focus"" was opened, that Georgia is no longer on the right trajectory. According to the Ambassador, ""the government has chosen an alternative model of authoritarianism and is distancing Georgia from the European Union.""

""Georgia stands at a crossroads. Georgia's future has not yet been written, but what is decided in the coming weeks and months will determine whether Georgia belongs to the family of European nations based on democracy, the rule of law, and human rights, or if it will, unfortunately, return to its dark past. My main message to the Georgian people is: 'Do not lose hope.' We must not allow Georgia and the wonderful, warm, hospitable Georgian people to return to the dark times of violence, civil war, poverty, hardship, and corruption. This is not the future they deserve. As soon as the government expresses a desire to cooperate with us, we will do everything to help Georgia become a member of the European Union,"" stated Herczynski, whose quote was published by ""Netgazeti."""
09_ge_Grigol_Gegelia.csv,"აღნიშნული განცხადების შემდეგ, ელჩი საგარეო უწყებაში დაიბარეს.","Following the aforementioned statement, the ambassador was summoned to the Ministry of Foreign Affairs."
10_ge_Shalva_Papuashvili.csv,"შალვა პაპუაშვილი - ზოგიერთი ევროპელი ბიუროკრატი გეოგრაფიაში ვერ ერკვევა, ჰგონია, რომ საქართველოს შეიძლება თავზე გადაახტე და ევროპა აზიას დააკავშირო - გეოგრაფიასთან ჭიდილი ჯერ არავის მოუგია (06.05.2026, 17:39)","Shalva Papuashvili - Some European bureaucrats do not understand geography, they think you can jump over Georgia and connect Europe to Asia - no one has ever won a struggle against geography (06.05.2026, 17:39)"
10_ge_Shalva_Papuashvili.csv,"ზოგიერთ ევროპელ ბიუროკრატს ჰგონია, რომ საქართველოს შეიძლება თავზე გადაახტე და ევროპა აზიას ისე დააკავშირო - გეოგრაფიასთან ჭიდილი ჯერ არავის მოუგია! - ამის შესახებ დღეს პარლამენტის თავმჯდომარემ შალვა პაპუაშვილმა განაცხადა.","Some European bureaucrats think that you can bypass Georgia and connect Europe to Asia that way—no one has ever won a battle against geography!—the Chairman of the Parliament, Shalva Papuashvili, stated today."
10_ge_Shalva_Papuashvili.csv,"პაპუაშვილის თქმით, “ის ბიუროკრატები, რომლებიც ფიქრობენ, რომ საქართველოს გვერდის ავლით და საქართველოს ვერ დანახვით რაიმეს შეძლებენ, გეოგრაფიასთან კიდევ ერთხელ დამარცხდებიან“.","According to Papuashvili, “those bureaucrats who think they can achieve anything by bypassing or ignoring Georgia will once again be defeated by geography.”"
10_ge_Shalva_Papuashvili.csv,"“საუკუნეები ასეა - აბრეშუმის გზამ აქ ტყუილად კი არ გაიარა... გაიარა იმიტომ, რომ მაშინაც, ისევე როგორც ახლა, ეს იყო ყველაზე მოკლე და ყველაზე უსაფრთხო დამაკავშირებელი გზა ევროპასა და აზიას შორის. ზოგიერთი ბიუროკრატი გეოგრაფიაში ვერ ერკვევა. როგორც ამის წინ ერთ-ერთ სიუჟეტში ვნახეთ, მათ შორის საფრანგეთის ევროპის საქმეთა მინისტრმა ირანი რუკაზე ვერ მოძებნა. ასევე ვერ მოძებნიან ხოლმე თუ სად არის საქართველო. ზოგიერთ ევროპელ ბიუროკრატს ჰგონია, რომ საქართველოს შეიძლება თავზე გადაახტე და ევროპა აზიას ისე დააკავშირო - გეოგრაფიასთან ჭიდილი ჯერ არავის მოუგია“, - განაცხადა შალვა პაპუაშვილმა.","“It has been this way for centuries—the Silk Road did not pass through here for nothing... it passed through because then, just as now, it was the shortest and safest connecting route between Europe and Asia. Some bureaucrats are not well-versed in geography. As we saw in a recent report, among them, the French Minister for European Affairs could not find Iran on the map. They also often cannot find where Georgia is. Some European bureaucrats think that you can jump over Georgia and connect Europe and Asia that way—no one has ever won a struggle against geography,” stated Shalva Papuashvili."
10_ge_Shalva_Papuashvili.csv,"შალვა პაპუაშვილი - ევროპარლამენტის სახით გვყავს საბჭოთა კავშირის სახალხო დეპუტატთა ყრილობის რეინკარნაცია, ხოლო ჩვენ ვფიქრობთ ევროპულად, როგორც დემოკრატიული ქვეყანა, ჩვენს შორის არის ღირებულებითი უფსკრული (06.05.2026,  17:46)","Shalva Papuashvili - In the form of the European Parliament, we have a reincarnation of the Congress of People's Deputies of the Soviet Union, while we think in a European way, as a democratic country; there is a value gap between us (06.05.2026, 17:46)"
10_ge_Shalva_Papuashvili.csv,"ევროპარლამენტის სახით ჩვენ გვყავს საბჭოთა კავშირის სახალხო დეპუტატთა ყრილობის რეინკარნაცია. ჩვენს შორის არის ღირებულებითი უფსკრული. საბჭოთა მენტალიტეტის მქონე ადამიანებთან, გორბაჩოვის თანამებრძოლებთან და ფაშისტური განცხადებებით გამორჩეულ ხალხთან ქართველ ხალხს არაფერი საერთო არ აქვს, - ამის შესახებ პარლამენტის თავმჯდომარემ, შალვა პაპუაშვილმა ჟურნალისტებს ევროპარლამენტის საგარეო საქმეთა კომიტეტის მიერ საქართველოს შესახებ მიღებულ ანგარიშზე დასმული კითხვის საპასუხოდ განუცხადა.","""In the form of the European Parliament, we have a reincarnation of the Congress of People's Deputies of the Soviet Union. There is a value-based abyss between us. The Georgian people have nothing in common with people of Soviet mentality, Gorbachev's comrades-in-arms, and those distinguished by fascist statements,"" stated the Speaker of the Parliament, Shalva Papuashvili, to journalists in response to a question regarding the report on Georgia adopted by the European Parliament's Committee on Foreign Affairs."
10_ge_Shalva_Papuashvili.csv,"როგორც პაპუაშვილმა აღნიშნა, ევროპარლამენტთან ქართულ მხარეს სულ უფრო ნაკლები სასაუბრო რჩება.","As Papuashvili noted, the Georgian side has less and less to discuss with the European Parliament."
10_ge_Shalva_Papuashvili.csv,"“ჩვენ ვხედავთ, რომ ამ ხალხთან სასაუბრო სულ უფრო ნაკლები და ნაკლები გვრჩება. ჩვენ ვართ ღირებულებით ორ განსხვავებულ პოლუსზე. ევროპარლამენტის სახით ჩვენ გვყავს საბჭოთა კავშირის სახალხო დეპუტატთა ყრილობის რეინკარნაცია, ამ სიტყვის სრული მნიშვნელობით, ყველაფრით - ესთეტიკით, რასა იუკნევიჩიანეს რუსული აქცენტით, აბსოლუტურად ყველაფრით სრული რეინკარნაცია არის უკვე სახალხო დეპუტატთა ყრილობის, ხოლო ჩვენ ვფიქრობთ ევროპულად, ჩვენ ვფიქრობთ, როგორც დემოკრატიული ქვეყანა, ასე რომ, ჩვენს შორის არის ღირებულებითი უფსკრული. ის რაღაც ღირებულებითი აჯაფსანდალი, რომელიც დღეს ევროპარლამენტში ხდება, ამასთან ჩვენ საერთო არაფერი არ გვაქვს და ვერც გვექნება.","""We see that we have less and less to talk about with these people. We are at two different poles in terms of values. In the form of the European Parliament, we have a reincarnation of the Soviet Union's Congress of People's Deputies, in every sense of the word—with everything: the aesthetics, Rasa Juknevičienė's Russian accent, absolutely everything; it is already a complete reincarnation of the Congress of People's Deputies. Whereas we think in a European way, we think as a democratic country; therefore, there is a chasm between us in terms of values. We have nothing in common, nor can we ever have, with that kind of 'value mishmash' currently taking place in the European Parliament."""
10_ge_Shalva_Papuashvili.csv,"ევროკავშირის ეს ინსტიტუცია უნდა შეიცვალოს თვისებრივად იმისთვის, რომ საქართველოს პარლამენტსა და საქართველოს შეეძლოს მასთან რაიმე სახის ურთიერთობა. საბჭოთა მენტალიტეტის მქონე ადამიანებთან, გორბაჩოვის თანამებრძოლებთან და ფაშისტური განცხადებებით გამორჩეულ ხალხთან ქართველ ხალხს არაფერი საერთო არ აქვს”, - განაცხადა პაპუაშვილმა.","“This EU institution must change fundamentally so that the Parliament of Georgia and Georgia can have any kind of relationship with it. The Georgian people have nothing in common with people of Soviet mentality, Gorbachev's associates, and individuals distinguished by fascist statements,” Papuashvili stated."
10_ge_Shalva_Papuashvili.csv,"შალვა პაპუაშვილი - ზელენსკის საქართველოს პრემიერ-მინისტრი სანქცირებულთა სიაში ჰყავს შეყვანილი და ახლა მასთან მისვლა და გასაუბრება მოუწია - ეს მეტყველებს, რამდენად მცდარი იყო უკრაინის ხელისუფლების პოლიტიკა ქართველი ხალხის მიმართ (05.05.2026, 14:59)","Shalva Papuashvili - Zelenskyy has the Prime Minister of Georgia on the sanctions list and now he had to approach and speak with him - this shows how erroneous the Ukrainian government's policy was towards the Georgian people (05.05.2026, 14:59)"
10_ge_Shalva_Papuashvili.csv,"ვფიქრობ, ინიციატივა, რომელიც გამოიჩინა პრეზიდენტმა ზელენსკიმ, რომ გასაუბრებოდა საქართველოს პრემიერ-მინისტრს, აჩვენებს, რომ ნებისმიერი პოლიტიკა, რომელიც თავშივე არის უსამართლო, განწირულია მარცხისთვის,- ამის შესახებ საქართველოს პარლამენტის თავმჯდომარემ შალვა პაპუაშვილმა განაცხადა.","""I believe that the initiative shown by President Zelenskyy to speak with the Prime Minister of Georgia demonstrates that any policy that is inherently unjust is doomed to failure,"" stated the Chairman of the Parliament of Georgia, Shalva Papuashvili."
10_ge_Shalva_Papuashvili.csv,"მისი თქმით, უკრაინის პრეზიდენტს საქართველოს პრემიერ-მინისტრი კობახიძე სანქცირებულთა სიაში ჰყავს შეყვანილი და ახლა მასთან მისვლა და გასაუბრება მოუწია.","According to him, the President of Ukraine has included Georgian Prime Minister Kobakhidze in the list of sanctioned individuals, and now he had to approach and speak with him."
10_ge_Shalva_Papuashvili.csv,"„ვფიქრობ, ეს თავად მეტყველებს იმაზე, თუ რამდენად მცდარი იყო უკრაინის ხელისუფლების პოლიტიკა ქართველი ხალხის მიმართ და იმედს მიჩენს, რომ ეს არის ნიშანი გადააზრებისა, რომ ქართველი ხალხის წინააღმდეგ მოქმედებას შედეგი არ გამოაქვს და ფსონის დადება იმ ძალებზე, რომლებიც ქართველი ხალხის ღალატით არიან ნაკვები, კარგ შედეგს არ მოუტანს. კიდევ ერთხელ, ჩვენ ყოველთვის ვამბობდით და არა მხოლოდ უკრაინასთან მიმართებით, არამედ ყველა იმ ქვეყანასთან და ხელისუფლებასთან მიმართებით, რომელიც საქართველოს მოსახლეობის მიმართ სხვადასხვა სახის უსამართლო პოლიტიკით არის დაკავებული, რომ ჩვენ ვრჩებით ცალმხრივი მეგობრობის ფორმატში, რაც გულისხმობს იმას, რომ ჩვენ ამ ურთიერთობებში ვართ მართლები. ვინც არასწორი ნაბიჯი გადადგა საქართველოსთან დაკავშირებით, საბოლოო ჯამში, იმედია, რომ გააცნობიერებს საკუთარი ნაბიჯის სიმცდარეს. ჩვენ ყოველთვის მზად ვართ, რომ გადავიაზროთ ყველა ეს ურთიერთობა.","„I think this speaks for itself regarding how erroneous the Ukrainian government's policy toward the Georgian people was, and it gives me hope that this is a sign of a rethink—that acting against the Georgian people yields no results and that betting on forces fueled by the betrayal of the Georgian people will not bring good results. Once again, we have always said—not only in relation to Ukraine but to all countries and governments engaged in various forms of unfair policies toward the Georgian population—that we remain in a format of one-sided friendship, which means that we are in the right in these relations. Ultimately, I hope that whoever took a wrong step regarding Georgia will realize the error of their ways. We are always ready to re-evaluate all these relationships.“"
10_ge_Shalva_Papuashvili.csv,"4 წელზე მეტია უკრაინის ხელისუფლებისგან, სამწუხაროდ, ვხედავთ პოლიტიკას, რომელიც არა თუ ქართველი ხალხის წინააღმდეგ არის მიმართული, უკრაინელის ხალხის ინტერესსაც არ ემსახურება. 4 წელია ვხედავთ, რომ ეს ურთიერთობა სწორედ უკრაინის ხელისუფლების გადაწყვეტილებით არის იმ წერტილზე მისული, სადაც არის. ჩვენ ამ ურთიერთობაში ყოველთვის ხაზს ვუსვამდით, რომ საქართველო და საქართველოს ხელისუფლება ყოველთვის მხარს ვუჭერდით უკრაინელ ხალხს და უკრაინას, არ არსებობს რეზოლუცია რომელსაც ჩვენ მხარი არ დავუჭირეთ. თუკი ვინმეს აქვს ნაბიჯი გადასადგმელი და გამოსასწორებელი, ეს არის უკრაინის ხელისუფლება.","For more than four years, unfortunately, we have seen a policy from the Ukrainian government that is not only directed against the Georgian people but also fails to serve the interests of the Ukrainian people. For four years, we have seen that this relationship has reached its current point precisely due to the decisions of the Ukrainian government. In this relationship, we have always emphasized that Georgia and the Georgian government have consistently supported the Ukrainian people and Ukraine; there is no resolution that we have not supported. If anyone needs to take a step forward and rectify the situation, it is the Ukrainian government."
10_ge_Shalva_Papuashvili.csv,"როდესაც შენი ქვეყნის და ხალხის გვერდში მდგომ ხელისუფლების წარმომადგენლებს უწესებ სანქციებს, ეს არის ყველაფერი, გარდა მადლიერების გამოხატვისა. რაც შეეხება სხვა ქცევებს, ყველა ჩვენგანი ვიყავით ამ ყველაფრის მომსწრე, ჩვენი თვალით ვნახეთ და ჩვენი ყურით მოვისმინეთ, როდესაც პრეზიდენტმა ზელენსკიმ პირდაპირ მოითხოვა, რომ საქართველოს ხელისუფლებას მებრძოლები დაეორგანიზებინა და გაეშვა უკრაინაში საომრად და ამით ღიად ჩართულიყო, როგორც მხარე, რუსეთ-უკრაინის ომში. ამას ქართულად ჰქვია „ომში ჩათრევა“, არ ვიცი უკრაინულად რას ეძახიან.“- განაცხადა პაპუაშვილმა.","""When you impose sanctions on government representatives who stand by your country and people, it is anything but an expression of gratitude. As for other actions, we have all witnessed them; we saw with our own eyes and heard with our own ears when President Zelenskyy directly demanded that the Georgian government organize fighters and send them to Ukraine to fight, thereby openly involving [Georgia] as a party in the Russia-Ukraine war. In Georgian, this is called 'being dragged into war'; I don't know what they call it in Ukrainian,"" stated Papuashvili."
10_ge_Shalva_Papuashvili.csv,"შალვა პაპუაშვილი - სიმბოლურია, რომ 9 მაისამდე რამდენიმე დღით ადრე, იუკნევიჩიანე, რომელიც ფაშისტური განცხადებებით გამოირჩევა, რეზოლუციის ავტორია - ევროპარლამენტი თავს აჩენს, როგორც მემკვიდრე საბჭოთა კავშირის სახალხო ყრილობისა (05.05.2026, 14:52)","Shalva Papuashvili - It is symbolic that a few days before May 9, Juknevičienė, who is distinguished by her fascist statements, is the author of the resolution - the European Parliament is presenting itself as the successor to the Soviet Union's Congress of People's Deputies (05.05.2026, 14:52)"
10_ge_Shalva_Papuashvili.csv,"რამდენიმე დღეში გვექნება კიდევ ერთი აღნიშვნა ფაშიზმზე გამარჯვების დღისა და სიმბოლურია, რომ 9 მაისამდე რამდენიმე დღით ადრე, იუკნევიჩიანე, რომელიც გამოირჩევა ფაშისტური განცხადებებით ქართველი ხალხის მიმართ, ამ რეზოლუციის ავტორია,- ამის შესახებ საქართველოს პარლამენტის თავმჯდომარემ, შალვა პაპუაშვილმა განაცხადა.","""In a few days, we will have another celebration of Victory Day over Fascism, and it is symbolic that a few days before May 9, Juknevičienė, who is distinguished by her fascist statements toward the Georgian people, is the author of this resolution,"" stated the Chairman of the Parliament of Georgia, Shalva Papuashvili."
10_ge_Shalva_Papuashvili.csv,"როგორც პაპუაშვილმა ევროპარლამენტის საგარეო საქმეთა კომიტეტის მიერ საქართველოს შესახებ მიღებულ ანგარიშზე დასმული კითხვის საპასუხოდ აღნიშნა, კიდევ ერთხელ ადასტურებს ევროპარლამენტი, რომ დღითიდღე თავს იმკვიდრებს როგორც „საბჭოთა კავშირის საკავშირო სახალხო დეპუტატთა ყრილობის მემკვიდრე“.","As Papuashvili noted in response to a question regarding the report on Georgia adopted by the European Parliament's Foreign Affairs Committee, the European Parliament confirms once again that it is increasingly establishing itself as the ""successor to the Congress of People's Deputies of the Soviet Union."""
10_ge_Shalva_Papuashvili.csv,"„რაც შეეხება ქართველი ხალხის მიმართ მორიგ მტრულ ანგარიშს, თუ რეზოლუციას, რაც მზადდება, ამაში ახალი არაფერია. კიდევ ერთხელ ადასტურებს ევროპარლამენტი, რომ დღითიდღე თავს იმკვიდრებს როგორც საბჭოთა კავშირის საკავშირო სახალხო დეპუტატთა ყრილობის მემკვიდრე. თავს აჩენს, როგორც მემკვიდრე საბჭოთა კავშირის სახალხო ყრილობისა. რაც გასაკვირი არაა იმის გათვალისწინებით, რომ ვხედავთ საბჭოთა მოქალაქეებს ევროპარლამენტის რიგებში, საბჭოთა ნომენკლატურის თუ ელიტის წარმომადგენლებს, რომლებიც ევროპარლამენტში არიან მოკალათებულები. ვგულისხმობ ბალტიის ქვეყნების და აღმოსავლეთ ევროპის ზოგი ქვეყნის წარმომადგენელს. როგორც მოსკოვის საკავშირო ყრილობა იღებდა მტრულ გადაწყვეტილებებს საქართველოსთან დაკავშირებით, ასევე ბრიუსელის საკავშირო პარლამენტი იღებს დღეს ამგვარ მტრულ გადაწყვეტილებებს.","""As for the next hostile report or resolution being prepared against the Georgian people, there is nothing new in this. Once again, the European Parliament confirms that day by day it is establishing itself as the successor to the Soviet Union's Congress of People's Deputies. It presents itself as the successor to the Soviet Union's People's Congress. This is not surprising, considering that we see Soviet citizens in the ranks of the European Parliament—representatives of the Soviet nomenklatura or elite who are ensconced in the European Parliament. I am referring to the representatives of the Baltic states and some Eastern European countries. Just as the Moscow Union Congress used to make hostile decisions regarding Georgia, the Brussels 'Union Parliament' is making such hostile decisions today."""
10_ge_Shalva_Papuashvili.csv,"ამ რეზოლუციის ანგარიშის ავტორი არის იუკნევიჩიანე, რომელიც გამოირჩევა ფაშისტური განცხადებებით ქართველი ხალხის მიმართ, რაც ნიშანდობლივია. რამდენიმე დღეში გვექნება კიდევ ერთი აღნიშვნა ფაშიზმზე გამარჯვების დღისა და სიმბოლურია, რომ 9 მაისამდე რამდენიმე დღით ადრე, ადამიანი, იუკნევიჩიანე, რომელიც გამოირჩევა ფაშისტური განცხადებებით ქართველი ხალხის მიმართ, ამ რეზოლუციის ავტორია.“,- აღნიშნავს პაპუაშვილი.","“The author of the report for this resolution is Juknevičienė, who is distinguished by her fascist statements toward the Georgian people, which is telling. In a few days, we will once again mark the Day of Victory over Fascism, and it is symbolic that just a few days before May 9th, Juknevičienė—a person known for her fascist statements toward the Georgian people—is the author of this resolution,” Papuashvili notes."
10_ge_Shalva_Papuashvili.csv,"გარდა ამისა, პაპუაშვილის თქმით, „ბრიუსელი და უცხოური დაფინანსებაა სწორედ ის, ვინც საქართველოში კლავს თავისუფალ მედიას, იმორჩილებს მედიას საკუთარი პროპაგანდისთვის“.","Furthermore, according to Papuashvili, ""it is Brussels and foreign funding that are killing free media in Georgia and subjugating the media for their own propaganda."""
10_ge_Shalva_Papuashvili.csv,"რაც შეეხება უვიზო მიმოსვლის გადახედვასთან დაკავშირებულ კითხვას, გრძნობს თუ არა აღნიშნულზე პასუხისმგებლობას „ქართული ოცნება“. პარლამენტის თავმჯდომარის თქმით, „მიხეილ სააკაშვილის ფანკლუბი დაემუქრება ქართველ ხალხს სხვადასხვა ინსტრუმენტებით“.","As for the question regarding the review of visa-free travel and whether ""Georgian Dream"" feels responsible for it, according to the Speaker of Parliament, ""Mikheil Saakashvili's fan club will threaten the Georgian people with various instruments."""
10_ge_Shalva_Papuashvili.csv,"„ევროპარლამენტს რაც შეეხება, მიხეილ სააკაშვილის ფანკლუბი ნუ დაგველაპარაკება ჩვენ რაიმე ღირებულებაზე, რაიმე წესებზე, რაიმე კანონზე, ესენი არიან მიხეილ სააკაშვილის ფანკლუბი და ამით ყველაფერია ნათქვამი.","""As for the European Parliament, Mikheil Saakashvili's fan club should not talk to us about any values, any rules, or any laws; they are Mikheil Saakashvili's fan club, and that says it all."""
10_ge_Shalva_Papuashvili.csv,"როდესაც ხარ დიქტატორის, მწამებლის, კორუმპირებული ადამიანის ფანკლუბის წევრი, ეს არის განაჩენი.","When you are a member of the fan club of a dictator, a torturer, a corrupt person, it is a verdict."
10_ge_Shalva_Papuashvili.csv,"გასაგებია, რომ მიხეილ სააკაშვილის ფანკლუბი დაემუქრება ქართველ ხალხს სხვადასხვა ინსტრუმენტებით. ამაში გასაკვირი არაფერია. როგორც სხვა დროს ცდილობდნენ, რომ დაგვაზიანონ, საბოლოო ჯამში ამას ვერ მიიღებენ. მთავარ რამეს ვერ მიიღებენ, ქართველმა ხალხმა იმოქმედოს მათი პოლიტიკური დღის წესრიგით.","It is clear that Mikheil Saakashvili's fan club will threaten the Georgian people with various tools. There is nothing surprising about this. Just as they have tried to harm us at other times, they will ultimately fail. They will not achieve the main thing: getting the Georgian people to act according to their political agenda."
10_ge_Shalva_Papuashvili.csv,"არც ქართული ჟურნალისტიკა აინტერესებთ, არც ქართველი ხალხის კარგად ყოფნა, ერთადერთი, რაც იუკნევიჩიანეს და მსგავს აკვიატებული აზრების მქონე ადამიანებს აინტერესებთ, არის რომ საქართველო გამოიყენონ იარაღად რუსეთის წინააღმდეგ. ჩვენ ვართ დანახული, როგორც იარაღი რუსეთის წინააღმდეგ, ისინი სხვა დანიშნულებას ჩვენ ხალხში ვერ ხედავენ“, -განაცხადა შალვა პაპუაშვილმა.","""They are interested neither in Georgian journalism nor in the well-being of the Georgian people. The only thing that Juknevičienė and people with similar obsessions are interested in is using Georgia as a weapon against Russia. We are seen as a weapon against Russia; they see no other purpose for our people,"" stated Shalva Papuashvili."
10_ge_Shalva_Papuashvili.csv,"შალვა პაპუაშვილი - დღევანდელი მოშლილი საერთაშორისო სისტემა გეოპოლიტიკური დაძაბულობით, ეკონომიკური გაურკვევლობითა და უსაფრთხოების დინამიკის ცვალებადობით ხასიათდება. (07.05.2026, 13:57)","Shalva Papuashvili - Today's disrupted international system is characterized by geopolitical tension, economic uncertainty, and changing security dynamics. (07.05.2026, 13:57)"
10_ge_Shalva_Papuashvili.csv,"ჩემთვის დიდი პატივია, მონაწილეობა მივიღო საპარლამენტო დიპლომატიის შესახებ დისკუსიაში PAM-ის წევრი და პარტნიორი ქვეყნების პარლამენტების თავმჯდომარეებისა და პრეზიდენტების პირველი სამიტის ფარგლებში. საქართველოს ისტორიული კავშირები ხმელთაშუა ზღვის რეგიონთან ათასწლეულებს ითვლის და მოხარულები ვართ, რომ ვაგრძელებთ ამ ტრადიციას მას შემდეგ, რაც 35 წლის წინ ოფიციალურად მოვიპოვეთ დამოუკიდებლობა, - ამის შესახებ საქართველოს პარლამენტის თავმჯდომარემ შალვა პაპუაშვილმა, ხმელთაშუა ზღვის საპარლამენტო ასამბლეის (PAM) წევრი და პარტნიორი ქვეყნების პარლამენტების თავმჯდომარეების რიგით პირველ სამიტზე სიტყვით გამოსვლისას განაცხადა.","""It is a great honor for me to participate in the discussion on parliamentary diplomacy within the framework of the first Summit of Speakers and Presidents of Parliaments of PAM member and partner countries. Georgia's historical ties with the Mediterranean region date back millennia, and we are pleased to continue this tradition since officially regaining our independence 35 years ago,"" stated the Speaker of the Parliament of Georgia, Shalva Papuashvili, during his speech at the first Summit of Speakers of Parliaments of member and partner countries of the Parliamentary Assembly of the Mediterranean (PAM)."
10_ge_Shalva_Papuashvili.csv,"როგორც შალვა პაპუაშვილმა აღნიშნა, დღევანდელი მოშლილი საერთაშორისო სისტემა გეოპოლიტიკური დაძაბულობით, ეკონომიკური გაურკვევლობითა და უსაფრთხოების დინამიკის ცვალებადობით ხასიათდება.","As Shalva Papuashvili noted, today's disrupted international system is characterized by geopolitical tensions, economic uncertainty, and shifting security dynamics."
10_ge_Shalva_Papuashvili.csv,"მისი თქმით, საზოგადოება არის წესებზე დაფუძნებული საერთაშორისო წესრიგის ჩამოშლის მოწმენი, რაც საგანგაშო პროცესია და ეჭვქვეშ აყენებს სახელმწიფოებს შორის სტაბილურობის, თანამშრომლობისა და ნდობის საფუძვლებს.","According to him, society is witnessing the collapse of the rules-based international order, which is an alarming process and calls into question the foundations of stability, cooperation, and trust between states."
10_ge_Shalva_Papuashvili.csv,"„განსაკუთრებული პატივია თქვენ წინაშე გამოსვლა PABSEC-ის პრეზიდენტის პოზიციიდან, რაც მაძლევს შესაძლებლობას, გავაჟღერო შავი ზღვის რეგიონის ქვეყნების პარლამენტარების ხმა. დღესდღეობით ჩვენი რეგიონი მსოფლიო არასტაბილურობის ეპიცენტრშია - მიმდინარეობს რუსეთ-უკრაინის ომი, რომელიც უკვე ოთხ წელზე მეტ ხანს გრძელდება.","""It is a special honor to address you from the position of the President of PABSEC, which gives me the opportunity to voice the concerns of parliamentarians from the Black Sea region countries. Today, our region is at the epicenter of global instability—the Russia-Ukraine war is ongoing, which has already lasted for more than four years."""
10_ge_Shalva_Papuashvili.csv,"როგორ შეუძლია საპარლამენტო დიპლომატიას, ხელი შეუწყოს რეგიონულ მშვიდობასა და რეგიონთაშორის თანამშრომლობას? მაშინ, როდესაც გლობალური ორგანიზაციები ვერ ახერხებენ შედეგების მიღწევას, რეგიონულ ფორმატებს ეძლევათ უნიკალური შესაძლებლობა, უკეთესობისკენ შეცვალონ რეალობა: ჩვენ გვაერთიანებს საერთო პრაგმატული ინტერესები, რომლებიც უშუალოდ ჩვენი მოსახლეობის მიერ არის ჩვენზე დელეგირებული, რადგან პარლამენტები პირდაპირ გამოხატავენ ხალხის ნებას.","How can parliamentary diplomacy contribute to regional peace and interregional cooperation? At a time when global organizations are failing to achieve results, regional formats are presented with a unique opportunity to change reality for the better: we are united by common pragmatic interests directly delegated to us by our populations, as parliaments are the direct expression of the people's will."
10_ge_Shalva_Papuashvili.csv,"შესაბამისად, რეგიონული გაერთიანებები ქმნიან ჩარჩოს, რომლის საშუალებითაც მეზობელ ქვეყნებს შეუძლიათ აწარმოონ დიალოგი, განიხილონ საერთო გამოწვევები და პრაქტიკულ გადაწყვეტილებებს მიაღწიონ. ხმელთაშუა ზღვის, შავი ზღვისა და ყურის რეგიონები ერთმანეთთან დაკავშირებული სივრცეებია, სადაც გაძლიერებულ თანამშრომლობას შეუძლია ხელშესახები შედეგების მოტანა. გაძლიერებული საპარლამენტო გაცვლები შესაძლოა სტაბილურობის, ინოვაციებისა და მდგრადი განვითარების ხიდად იქცეს. ეს კავშირები მშვიდობას დამატებით შანსებს მისცემს.","Accordingly, regional associations create a framework through which neighboring countries can engage in dialogue, discuss common challenges, and reach practical solutions. The Mediterranean, Black Sea, and Gulf regions are interconnected spaces where strengthened cooperation can yield tangible results. Enhanced parliamentary exchanges could serve as a bridge for stability, innovation, and sustainable development. These links will provide additional opportunities for peace."
10_ge_Shalva_Papuashvili.csv,რეგიონთაშორისი თანამშრომლობის რომელი მთავარი მიმართულებები შეგვიძლია გამოვყოთ მშვიდობისა და სტაბილურობის მისაღწევად?,Which main areas of interregional cooperation can be identified to achieve peace and stability?
10_ge_Shalva_Papuashvili.csv,"დაკავშირებადობა ამ თანამშრომლობაში ცენტრალურ ადგილს იკავებს. სტრატეგიული სატრანზიტო მარშრუტების, მათ შორის შუა დერეფნის განვითარება, ევროპასა და აზიას შორის ვაჭრობასა და ეკონომიკურ ურთიერთობებს ახლებურად აყალიბებს. ეს დერეფნები თანამშრომლობის არხებია, რომლებიც ჩვენს რეგიონებს აახლოებს და გლობალური მიწოდების ჯაჭვების მოწყვლადობას ამცირებს. დაკავშირებადების საკითხი მჭიდროდ არის დაკავშირებული ენერგეტიკულ უსაფრთხოებასთან, რომელიც ჩვენი საერთო მომავლისთვის გადამწყვეტ თემად იქცა. ენერგიის წყაროებისა და მარშრუტების დივერსიფიკაცია აუცილებელია სტაბილურობისა და მედეგობის უზრუნველსაყოფად, განსაკუთრებით ევროპისთვის. ალტერნატიულ ენერგორესურსებსა და ინფრასტრუქტურაზე თანამშრომლობის გაძლიერებით, ჩვენ ხელს შევუწყობთ ეკონომიკურ ზრდას და უფრო უსაფრთხო და მდგრად ენერგეტიკულ გარემოს შევქმნით“, - განაცხადა შალვა პაპუაშვილმა.","""Connectivity occupies a central place in this cooperation. The development of strategic transit routes, including the Middle Corridor, is reshaping trade and economic relations between Europe and Asia. These corridors are channels of cooperation that bring our regions closer together and reduce the vulnerability of global supply chains. The issue of connectivity is closely linked to energy security, which has become a crucial theme for our common future. Diversification of energy sources and routes is essential to ensure stability and resilience, especially for Europe. By strengthening cooperation on alternative energy resources and infrastructure, we will promote economic growth and create a more secure and sustainable energy environment,"" stated Shalva Papuashvili."
10_ge_Shalva_Papuashvili.csv,"შალვა პაპუაშვილი პაველ ჰერჩინსკის წერილით მიმართავს (08.05.2026, 10:34)","Shalva Papuashvili addresses Pawel Herczynski in a letter (08.05.2026, 10:34)"
10_ge_Shalva_Papuashvili.csv,"საქართველოს პარლამენტის თავმჯდომარე შალვა პაპუაშვილი ევროკავშირის ელჩს, პაველ ჰერჩინსკის წერილით მიმართავს.","The Chairman of the Parliament of Georgia, Shalva Papuashvili, addresses the EU Ambassador, Pawel Herczynski, with a letter."
10_ge_Shalva_Papuashvili.csv,"პაპუაშვილი წერილს სოციალურ ქსელში ავრცელებს და წერს, რომ ჰერჩინსკის ევროპის დღესთან დაკავშირებით მიმართავს.",Papuashvili publishes a letter on social media and writes that he is addressing Herczynski regarding Europe Day.
10_ge_Shalva_Papuashvili.csv,"„გილოცავთ ევროპის დღეს. ამ მნიშვნელოვან დღეს, სიმბოლური აღნიშვნის გარდა, უნდა დავფიქრდეთ იმაზე, თუ რეალურად რა არის ევროპა, როგორ აისახება მისი მნიშვნელობა მოქალაქეთა ცხოვრებაზე და როგორ განაპირობებს ის საქართველოსა და ევროკავშირის მომავალს.","„Happy Europe Day. On this significant day, beyond the symbolic celebration, we must reflect on what Europe truly is, how its importance is reflected in the lives of citizens, and how it shapes the future of Georgia and the European Union.“"
10_ge_Shalva_Papuashvili.csv,"რობერ შუმანმა, ევროკავშირის ერთ-ერთმა დამფუძნებელმა მამამ და დიდმა ფრანგმა სახელმწიფო მოღვაწემ, მისი ისტორიული განცხადება სწორედ ამ დღეს, მეორე მსოფლიო ომის დასრულების მეხუთე წლისთავზე, გააკეთა. „შუმანის დეკლარაციას“ საფუძვლად ედო ერთი უმთავრესი მიზანი: უზრუნველეყო, რომ ომს აღარასოდეს გაენადგურებინა ევროპა. დეკლარაციის სულისკვეთება მკაფიო იყო - მშვიდობა ერთიანობით, თანამშრომლობა ურთიერთპატივისცემით და სტაბილურობა პასუხისმგებლობის გაზიარებით. ევროკავშირის დღევანდელი პოლიტიკაც სწორედ ამ ხედვის ფონზე უნდა შეფასდეს.","Robert Schuman, one of the founding fathers of the European Union and a great French statesman, made his historic declaration on this very day, the fifth anniversary of the end of the Second World War. The ""Schuman Declaration"" was founded on one primary goal: to ensure that war would never again devastate Europe. The spirit of the declaration was clear—peace through unity, cooperation through mutual respect, and stability through shared responsibility. The European Union's current policies must also be evaluated against the backdrop of this vision."
10_ge_Shalva_Papuashvili.csv,"რობერ შუმანისგან განსხვავებით, გასულ წელს, ევროპის დღეს, ქართველი ხალხისადმი თქვენს მიმართვაში, თქვენ არჩიეთ მეორე მსოფლიო ომის დასრულების წლისთავის უგულებელყოფა და, სანაცვლოდ, აქცენტი გააკეთეთ თქვენს პოლიტიკურ პრეტენზიებზე მასპინძელი ქვეყნის მიმართ. თუმცა, ალბათ ღირს შეხსენებად, რომ არა, სხვა ანტიფაშისტურ ერებთან ერთად, ქართველი ხალხის დღევანდელი თაობების მშობლები და პაპა-ბებიები, ვერც ფაშიზმი დამარცხდებოდა და არც ევროკავშირი და ევროპის დღე იარსებებდა. საქართველოში არ არსებობს ოჯახი, რომელმაც ამ ომში მსხვერპლი არ გაიღო. ევროპის დღის გამარჯვების დღისგან გამიჯვნა ჩვენთვის მიუღებელია. ამიტომ, იმედი მაქვს, რომ 9 მაისს, თქვენს შეკრებაზე, სათანადო პატივს მიაგებთ 300,000 ქართველს, რომელმაც სიცოცხლე დადო ფაშიზმისაგან თავისუფალი ევროპისათვის.","Unlike Robert Schuman, in your address to the Georgian people on Europe Day last year, you chose to ignore the anniversary of the end of the Second World War and, instead, focused on your political grievances against the host country. However, it is perhaps worth reminding that without the parents and grandparents of today’s generations of Georgians, alongside other anti-fascist nations, fascism would not have been defeated, and neither the European Union nor Europe Day would exist. There is not a single family in Georgia that did not make a sacrifice in this war. Separating Europe Day from Victory Day is unacceptable to us. Therefore, I hope that on May 9th, at your gathering, you will pay proper tribute to the 300,000 Georgians who laid down their lives for a Europe free from fascism."
10_ge_Shalva_Papuashvili.csv,"„ევროპის ერთიანობა ვერ იქნა მიღწეული და ჩვენ მივიღეთ ომი“ - ევროკავშირის დღევანდელი ხელმძღვანელობის მოქმედებები აჩვენებს, რომ ის ვერ იაზრებს შუმანის დეკლარაციის ამ ფუძემდებლურ დასკვნას. ევროკავშირის მიმდინარე პოლიტიკა არ ტოვებს სხვაგვარი ახსნის სივრცეს, გარდა იმისა, რომ ის მიმართულია დაპირისპირების გაღრმავებისა და უთანხმოებების ზრდისკენ. ევროპარლამენტის უსამართლო და პოლიტიკურად მოტივირებული რეზოლუციები, პოლიტიკური და ეკონომიკური შურისძიების არაერთი მუქარა, საქართველოს შიდა საქმეებში მუდმივი ჩარევა - ეს მხოლოდ რამდენიმე მაგალითია იმ მიზანმიმართული მცდელობებისა, რომლებიც მიზნად ისახავს დაპირისპირების წაქეზებას როგორც საქართველოს შიგნით, ისე საქართველო-ევროკავშირის ურთიერთობაში. ნამდვილი ერთიანი ევროპა არის ის, რომელიც არა მხოლოდ მომავალ ომებს აღკვეთს, არამედ მიმდინარე კონფლიქტებსაც დაასრულებს. თუმცა, სამწუხაროდ, საქართველოს მიმართ ბრიუსელის პოლიტიკაში ქართველ ხალხსა და ევროკავშირს შორის ერთიანობის მიღწევის განზრახვა არსად იკვეთება.","""European unity was not achieved, and we got war"" – the actions of the European Union's current leadership show that it fails to grasp this fundamental conclusion of the Schuman Declaration. The current policy of the European Union leaves no room for any other explanation than that it is aimed at deepening confrontation and increasing disagreements. The unfair and politically motivated resolutions of the European Parliament, numerous threats of political and economic retribution, and constant interference in Georgia's internal affairs are just a few examples of deliberate attempts aimed at inciting confrontation both within Georgia and in Georgia-EU relations. A truly united Europe is one that not only prevents future wars but also brings current conflicts to an end. Unfortunately, however, no intention of achieving unity between the Georgian people and the European Union is evident in Brussels' policy toward Georgia."
10_ge_Shalva_Papuashvili.csv,"„ევროპა ერთ მომენტში ან ერთი გეგმით ვერ შეიქმნება“ - განაცხადა რობერ შუმანმა თავის ცნობილ დეკლარაციაში. სამწუხაროდ, დღესდღეობით ვხედავთ, რომ შუმანის ეს ბრძნული სიტყვები უგულებელყოფილია, ხოლო ევროკავშირის პოლიტიკა ვიწრო პოლიტიკური ინტერესებითა და ცრუ და ხელოვნურად შექმნილი იდეოლოგიების საფუძველზე ხორციელდება, რომლებიც უგულებელყოფენ ევროპის მოსახლეობის კულტურულ სიმდიდრეს, იდეოლოგიურ მრავალფეროვნებასა და პოლიტიკურ პლურალიზმს. ევროპული ინტეგრაციის გზაზე საქართველოსთვის პოლიტიკური და იდეოლოგიური ჩარჩოების დაწესების მცდელობაც ამ ვიწრო, უშედეგო და ზედაპირული პოლიტიკის კარგი მაგალითია.","""Europe will not be made all at once, or according to a single plan,"" Robert Schuman stated in his famous declaration. Unfortunately, today we see that these wise words of Schuman are being ignored, while European Union policy is being implemented based on narrow political interests and false, artificially created ideologies that disregard the cultural richness, ideological diversity, and political pluralism of the European population. The attempt to impose political and ideological frameworks on Georgia on its path toward European integration is a prime example of this narrow, futile, and superficial policy."
10_ge_Shalva_Papuashvili.csv,"ქართველი ხალხი არ საჭიროებს ევროპული გზისკენ მიმართულების ჩვენებას. საქართველო თავად არის ევროპული ცივილიზაციის თანაშემოქმედი და ამიტომ სადაც საქართველოა, იქ არის ევროპაც. ევროპული ინტეგრაცია არ უნდა ნიშნავდეს ბრიუსელის ერთპიროვნულ ბატონობას საქართველოზე, არამედ ის უნდა იყოს სხვა ევროპულ ერებთან ჩვენი ისტორიული კავშირების ჭეშმარიტი განმტკიცება, როგორც თანასწორი თანასწორთან.","The Georgian people do not need to be shown the direction toward the European path. Georgia itself is a co-creator of European civilization; therefore, wherever Georgia is, Europe is there as well. European integration must not mean Brussels' unilateral dominance over Georgia; rather, it should be the genuine strengthening of our historical ties with other European nations, as equals among equals."
10_ge_Shalva_Papuashvili.csv,"ევროპის დღემ ისიც უნდა შეგვახსენოს, რომ ევროკავშირის ვერცერთი ხელმძღვანელობა ვერ გააუქმებს ისეთ ევროპულ იდეალებს, როგორებიცაა ეროვნული დამოუკიდებლობა, ქრისტიანული ღირებულებები და ცხოვრების ტრადიციული წესი, მხოლოდ იმიტომ, რომ მათ განსხვავებული იდეოლოგიური შეხედულებები აქვთ. სწორედ ევროკავშირის ამ დამფუძნებელ სულისკვეთებასთან შეუთავსებლობას ავლენენ ისინი, ვინც მეტისმეტად ერთობიან დემოკრატიულად არჩეული ხელისუფლებების წინააღმდეგ ე.წ. „რეჟიმის ცვლილების“ გეგმებით, აწესებენ ადამიანის ბუნებასთან შეუთავსებელ იდეოლოგიებს და ტრადიციებში არსებული განსხვავებების უგულებელყოფით, ცდილობენ ერთგვაროვანი ცხოვრების წესის დანერგვას.","Europe Day should also remind us that no leadership of the European Union can abolish such European ideals as national independence, Christian values, and the traditional way of life, simply because they hold different ideological views. It is precisely an incompatibility with this founding spirit of the European Union that is manifested by those who are excessively preoccupied with so-called “regime change” plans against democratically elected governments, impose ideologies incompatible with human nature, and, by disregarding differences in traditions, attempt to establish a uniform way of life."
10_ge_Shalva_Papuashvili.csv,"„ქვანახშირისა და ფოლადის თანამეგობრობის“ შექმნის იდეა, რომელიც რობერ შუმანმა 1950 წლის 9 მაისს წარადგინა, მიზნად ისახავდა „ცხოვრების დონის ამაღლებას და მიღწევების შენარჩუნებას“. მას კარგად ესმოდა, რომ მშვიდობა საჭიროებს მყარ ეკონომიკურ ფუნდამენტს. სწორედ ამ იდეაზე იყო დაფუძნებული მთელი ევროპული პროექტი. თუმცა, დღეს ევროკავშირის ხელმძღვანელობას, როგორც ჩანს, ეს საბაზისო პრინციპიც დავიწყებული აქვს. სხვა რით უნდა აიხსნას, ყოველგვარი უსაფრთხოების გარანტიებისა და ეკონომიკური მხარდაჭერის შეთავაზების გარეშე, რუსეთის წინააღმდეგ ეკონომიკურ დაპირისპირებაში ჩართვის დაჟინებული მოწოდებები, რომელზე დაყოლაც გამოიწვევდა არა მხოლოდ საქართველოს ეკონომიკურ ნგრევას, არამედ რეგიონულ არასტაბილურობასაც, რაც ევროპას მნიშვნელოვანი ენერგორესურსებისა და გეოეკონომიკური მარშრუტების გარეშე დატოვებდა.","The idea of creating the ""Coal and Steel Community,"" presented by Robert Schuman on May 9, 1950, aimed to ""raise the standard of living and maintain achievements."" He understood well that peace requires a solid economic foundation. The entire European project was based precisely on this idea. However, today, the leadership of the European Union seems to have forgotten even this basic principle. How else can one explain the persistent calls to engage in economic confrontation against Russia without offering any security guarantees or economic support—calls which, if followed, would lead not only to Georgia's economic collapse but also to regional instability, leaving Europe without vital energy resources and geo-economic routes."
10_ge_Shalva_Papuashvili.csv,"ევროპის დღის იდეაში ჩადებული საწყისი ევროპული მისწრაფებებიდან გადახვევამ ევროკავშირი მიიყვანა იმ მდგომარეობამდე, როდესაც საქართველოს მიმართ მისი პოლიტიკა დაყვანილია ძალადობის, სიძულვილის ენისა და რადიკალიზმის მხარდაჭერამდე. გასულ წელს, ორჯერ, წერილობით მოგმართეთ მოწოდებით, დაგეგმოთ სიძულვილის ენის და ძალადობის გახშირებული ფაქტები, თუმცა უშედეგოდ. ძალადობისა და რადიკალიზმის პოლიტიკურად მოტივირებული წაყრუების მძიმე შედეგები, ყველაზე კარგად, გასული წლის 4 ოქტომბერს გამოჩნდა, როდესაც ევროკავშირის პრესსპიკერის ცნობილი განცხადებით ძალადობისთვის რიტორიკული მწვანე შუქის ანთებამ, რადიკალური ჯგუფები, პრეზიდენტის სასახლის შტურმზე წაიყვანა. მას შემდეგ, უკვე შვიდ თვეზე მეტი ხნის განმავლობაში, არც ერთ ევროპელ მაღალჩინოსანს საჯაროდ არ დაუგმია გადატრიალების ეს მცდელობა, თითქოს, ძალადობრივი გადატრიალებები ევროპულ პოლიტიკაში ნორმალური პრაქტიკა იყოს.","The deviation from the initial European aspirations embedded in the idea of Europe Day has brought the European Union to a state where its policy toward Georgia is reduced to supporting violence, hate speech, and radicalism. Last year, twice, I addressed you in writing with a call to condemn the frequent instances of hate speech and violence, yet to no avail. The severe consequences of politically motivated turning a blind eye to violence and radicalism were most evident on October 4 of last year, when the rhetorical green light given to violence by the EU spokesperson’s well-known statement led radical groups to storm the Presidential Palace. Since then, for more than seven months now, not a single high-ranking European official has publicly condemned this coup attempt, as if violent coups were a normal practice in European politics."
10_ge_Shalva_Papuashvili.csv,"საქართველოსთან დაკავშირებით გაკეთებული უკანასკნელი მიუღებელი და ჩვენი ხალხის მიმართ მუქარის შემცველი განცხადებები, თითქოს ქვეყანა „ბნელ წარსულს“ უბრუნდება, კიდევ ერთხელ წარმოაჩენს, რამდენად არასწორია ევროკავშირის ამჟამინდელი პოლიტიკა. თუმცა რეალობას ქართველი ხალხის პერსპექტივიდან თუ შევხედავთ, შესაძლოა, თავად ევროპა მიდიოდეს იმ ბნელი წარსულისკენ, რომლის თავიდან აცილებასაც რობერ შუმანი და მისი თაობის სხვა დიდი მოღვაწეები ცდილობდნენ.","The latest unacceptable and threatening statements made regarding Georgia, suggesting that the country is returning to a “dark past,” once again highlight how misguided the European Union’s current policy is. However, if we view reality from the perspective of the Georgian people, it may be Europe itself that is heading toward the very dark past that Robert Schuman and other great figures of his generation sought to prevent."
10_ge_Shalva_Papuashvili.csv,"საქართველოს აქვს სამომავლო გზის მკაფიო შეთავაზება. აგრესიული რიტორიკის შეწყვეტა, მავნე პოლიტიკის გადახედვა და უსამართლო რეზოლუციების გაუქმება არის ის, რაც გახსნიდა გზას ნამდვილი დიალოგისთვის, გონივრულობისთვის და ერთიანობისთვის, რაც არის კიდეც ევროპის დღის თავდაპირველი სულისკვეთება.","Georgia has a clear proposal for the path forward. Ceasing aggressive rhetoric, reconsidering harmful policies, and annulling unfair resolutions are what would pave the way for genuine dialogue, rationality, and unity, which is indeed the original spirit of Europe Day."
10_ge_Shalva_Papuashvili.csv,"თუ გვინდა, რომ ევროპის დღემ შეინარჩუნოს თავისი მნიშვნელობა, მაშინ ის კვლავ უნდა ნიშნავდეს იმას, რასაც თავდაპირველად წარმოადგენდა - მშვიდობას, თანამშრომლობას და ერთიანობას, დაფუძნებულს ერების და მათი იდენტობის პატივისცემაზე“, - ნათქვამია პაპუაშვილის წერილში.","""If we want Europe Day to maintain its significance, then it must once again mean what it originally represented – peace, cooperation, and unity, based on respect for nations and their identity,"" reads Papuashvili's letter."
11_ge_Khatia_Dekanoidze.csv,"ხატია დეკანოიძე - თუ შევხედავთ, რა ხდება სომხეთში, ნახავთ, რომ ფუნქცია, რაც საქართველოს ჰქონდა, ყოფილიყო რეგიონის ლიდერი, აღარ არსებობს - ივანიშვილის დანაშაულის და „ანტი ქართული ოცნების“ გამო კარგავს საქართველო ამ ფუნქციას (06.05.2026, 12:00)","Khatia Dekanoidze - If we look at what is happening in Armenia, you will see that the role Georgia had to be the regional leader no longer exists - Georgia is losing this role due to Ivanishvili's crime and the ""Anti-Georgian Dream"" (06.05.2026, 12:00)"
11_ge_Khatia_Dekanoidze.csv,"დღეს ივანიშვილმა და „ანტი ქართულმა ოცნებამ“ საქართველოს დააკარგვინა გრძელვადიანი მშვიდობის, განვითარების, პროგრესისა და ეკონომიკური კეთილდღეობის ფუნქცია. ქართველ ხალხს დააკარგვინა კეთილდღეობის და გამდიდრების შესაძლებლობა, ევროინტეგრაციის შესაძლებლობა. ეს არის ისტორიული დანაშაული,- ამის შესახებ „ნაციონალური მოძრაობის“ ერთ-ერთმა ლიდერმა ხატია დეკანოიძემ განაცხადა.","Today, Ivanishvili and the ""Anti-Georgian Dream"" have caused Georgia to lose its role in long-term peace, development, progress, and economic prosperity. They have deprived the Georgian people of the opportunity for prosperity and wealth, as well as the opportunity for European integration. This is a historical crime,"" stated Khatia Dekanoidze, one of the leaders of the National Movement."
11_ge_Khatia_Dekanoidze.csv,"მან საზოგადოებას 22 წლის წინ 6 მაისს აჭარის „რუსეთისა და დესპოტის მმართველობისგან გათავისუფლება“ მიულოცა და აღნიშნა, რომ სწორედ ამ დღეს დაიწყო ახალი ფურცელი საქართველოს ისტორიაში, რომელიც გულისხმობდა რეგიონის ლიდერობას.","He congratulated the public on the ""liberation of Adjara from the rule of Russia and the despot"" 22 years ago on May 6, and noted that this very day marked the beginning of a new chapter in Georgia's history, which signified the region's leadership."
11_ge_Khatia_Dekanoidze.csv,"„გილოცავთ საქართველოს უახლეს ისტორიაში ერთ-ერთ ყველაზე გამორჩეულ თარიღს- საქართველოში აჭარის დაბრუნებას. 22 წლის წინ საქართველოს უახლეს ისტორიაში ზუსტად 6 მაისს მოხდა ერთ-ერთი უმნიშვნელოვანესი მოვლენა, როდესაც საქართველოს გულში დაბრუნდა აჭარა, გათავისუფლდა რუსული მმართველობისგან, გათავისუფლდა დესპოტის მმართველობისგან და დაიწყო პრეზიდენტ მიხეილ სააკაშვილთან, მის გუნდთან ერთად, მრავალ გულმხურვალე პატრიოტთან ერთად ძალიან მნიშვნელოვანი აღმასვლა და დიახ, საქართველომ დაიწყო ახალი ფურცელი, რომელიც გულისხმობდა რეგიონის ლიდერობას, განვითარებას ტექნოლოგიებში, განათლებაში, აღმოსავლეთ ევროპის გაფართოების კონტექსტში, აშშ-ისთან სტრატეგიული პარტნიორობის კონტექსტში, რაც იყო ჩვენი ერის ნამდვილად ისტორიული მისია. ეს იყო დღე, როდესაც ჩვენ სრულიად სხვა სახელმწიფოებრივ განვითარებაზე გადავედით და ჩვენმა გუნდმა შეძლო ნამდვილად საქართველოს მოეპოვებინა რეგიონული ლიდერის ფუნქცია. დღეს ივანიშვილმა და „ანტი ქართულმა ოცნებამ“ საქართველოს დააკარგვინა გრძელვადიანი მშვიდობის, განვითარების, პროგრესისა და ეკონომიკური კეთილდღეობის ფუნქცია. ქართველ ხალხს დააკარგვინა კეთილდღეობის და გამდიდრების შესაძლებლობა, ევროინტეგრაციის შესაძლებლობა. ეს არის ისტორიული დანაშაული და თუ შევხედავთ, რა ხდება ჩვენს მეზობელ სომხეთში და მინდა მათ ვუსურვო ძალიან დიდი წარმატება, ნახავთ რომ ის ფუნქცია, რომელიც საქართველოს ჰქონდა, ყოფილიყო რეგიონის ლიდერი, ჰქონოდა ძალიან ბევრი მდგრადი მშვიდობის პროექტები, ეს ფუნქცია აღარ არსებობს. სომხეთში უკანასკნელ დღეებში განვითარებული მოვლენები არ არის მხოლოდ ევროკავშირის, აშშ-ის ან კანადის პოლიტიკური მხარდაჭერა ჩვენი მეზობლების მიმართ, ეს არის საინვესტიციო პროექტები, რომელიც ნამდვილად გულისხმობს გრძელვადიან მშვიდობას. ჩვენ ასეთი პროექტები მრავლად გვქონდა, მათ შორის, მიხეილ სააკაშვილი, რომელიც დღეს პოლიტიკური პატიმარია, იყო უშუალოდ ჩართული ბათუმის ტექნოლოგიური უნივერსიტეტის განვითარებაში, მშენებლობაში და მე თვითონ ძალიან ამაყი ვარ, რომ მონაწილეობას ვიღებდი ამ ტექნოლოგიური უნივერსიტეტის მშენებლობაში. ეს უნივერსიტეტი უნდა გამხდარიყო ნამდვილად საქართველოს ერთ-ერთი მნიშვნელოვანი ჰაბი განათლების, ტექნოლოგიების, ახალი საკომუნიკაციო სისტემების და ახალი განათლების ეტაპზე გადასვლის შესაძლებლობა. სომხეთში რაც ხდებოდა, ეს არ არის მხოლოდ პოლიტიკური მხარდაჭერა, ეს არის ეკონომიკური მხარდაჭერა, რომელიც უზრუნველყოფს გრძელვადიან მშვიდობას. ყველა ადამიანი, რომელიც ჩართული იყო საქართველოს განვითარების უმნიშვნელოვანეს ეტაპებზე, დღეს ადევნებს თვალყურს თუ როგორ კარგავს ქვეყანა ივანიშვილის დანაშაულის გამო, „ანტი ქართული ოცნების“ გამო ამ ფუნქციას. 400 მილიარდი ინვესტიცია, სამხედრო ტექნოლოგიური თანამშრომლობა საფრანგეთთან, ამერიკის შეერთებულ შტატებთან, ენერგეტიკული უსაფრთხოების პროექტები, ყველაზე მნიშვნელოვანი ახალი დერეფანი, რომელზეც საუბრობს ახლა ევროკომისია, ევროკავშირი, აშშ და კანადა, უდიდესი ინვესტიციები, რომლებიც არის მშვიდობის, მდგრადი განვითარების და პროგრესის ერთ-ერთი ყველაზე მნიშვნელოვანი სფერო, ამას კარგავს საქართველო“, - განაცხადა დეკანოიძემ.","“I congratulate you on one of the most distinguished dates in Georgia's recent history—the return of Adjara to Georgia. Exactly 22 years ago, on May 6, one of the most significant events in Georgia's recent history took place, when Adjara returned to the heart of Georgia, was liberated from Russian rule, liberated from the rule of a despot, and together with President Mikheil Saakashvili, his team, and many fervent patriots, a very important ascent began. And yes, Georgia started a new chapter, which implied regional leadership, development in technology and education, in the context of Eastern European enlargement, and in the context of a strategic partnership with the USA, which was truly our nation's historical mission. This was the day when we transitioned to a completely different state development, and our team truly managed to secure the role of regional leader for Georgia.

Today, Ivanishvili and the ‘Anti-Georgian Dream’ have caused Georgia to lose its role in long-term peace, development, progress, and economic prosperity. They have deprived the Georgian people of the opportunity for prosperity and wealth, and the opportunity for European integration. This is a historical crime, and if we look at what is happening in our neighbor Armenia—and I want to wish them great success—you will see that the role Georgia once had, to be a regional leader and to have many sustainable peace projects, no longer exists. The events unfolding in Armenia in recent days are not just about political support from the EU, USA, or Canada for our neighbors; these are investment projects that truly imply long-term peace.

We had many such projects; among them, Mikheil Saakashvili, who is now a political prisoner, was directly involved in the development and construction of the Batumi Technological University, and I myself am very proud that I participated in the construction of this technological university. This university was meant to truly become one of Georgia's important hubs for education, technology, new communication systems, and the opportunity to transition to a new stage of education. What has been happening in Armenia is not just political support; it is economic support that ensures long-term peace. Everyone who was involved in the most important stages of Georgia's development is today watching how the country is losing this role due to Ivanishvili's crime, due to the ‘Anti-Georgian Dream.’ 400 billion in investment, military-technological cooperation with France and the United States, energy security projects, the most important new corridor that the European Commission, EU, USA, and Canada are now talking about, massive investments that are one of the most important areas for peace, sustainable development, and progress—Georgia is losing all of this,” Dekanoidze stated."
12_ge_Irakli_Kupradze.csv,"ირაკლი კუპრაძე - ანტიქართული „ოცნების“ მიერ თავდაცვის მინისტრის ჩაყვანა ანაკლიის ცარიელ სანაპიროზე, სადაც არაფერი მიმდინარეობს, ფოტოსესია და მინისტრების წრეზე სიარული, არის სასაცილო პროპაგანდა, რომელსაც არ დავიჯერებთ! (07.05.2026, 13:56)","Irakli Kupradze - The anti-Georgian ""Dream"" taking the Minister of Defense to the empty shore of Anaklia, where nothing is happening, the photoshoot and ministers walking in circles, is ridiculous propaganda that we will not believe! (07.05.2026, 13:56)"
12_ge_Irakli_Kupradze.csv,"ანტიქართული „ოცნების“ მიერ, გუშინ, თავდაცვის მინისტრის ჩაყვანა ანაკლიის ცარიელ სანაპიროზე, სადაც არანაირი სამუშაოები არ მიმდინარეობს, ფოტოსესია და „ქართული ოცნების“ მინისტრის წრეზე სიარული, არის სასაცილო პროპაგანდა, რომელსაც საქართველოს მოქალაქეები არ დავიჯერებთ, - ამის შესახებ „ლელო-ძლიერი საქართველოს“ გენერალურმა მდივანმა, ირაკლი კუპრაძემ ბრიფინგზე განაცხადა.","""The anti-Georgian 'Dream' taking the Minister of Defense to the empty shore of Anaklia yesterday, where no work is being carried out, the photo session, and the 'Georgian Dream' minister walking in circles is ridiculous propaganda that we, the citizens of Georgia, will not believe,"" stated Irakli Kupradze, General Secretary of ""Lelo-Strong Georgia,"" at a briefing."
12_ge_Irakli_Kupradze.csv,"მისივე თქმით, 2020 წელს უნდა მიეღო ანაკლიის პორტს პირველი გემი, დღეს კი ვხედავთ არარსებულ პროექტს, ჩაშლილ მოლაპარაკებებს და ქვეყნიდან გაძევებულ დასავლელ ინვესტორებს.","According to him, the Anaklia Port was supposed to receive its first ship in 2020, but today we see a non-existent project, failed negotiations, and Western investors expelled from the country."
12_ge_Irakli_Kupradze.csv,"„ანტიქართული „ოცნება“ საკუთარ ტყუილებში ჩაიკარგა. ისინი იხრჩობიან იმ პროპაგანდასა და ტყუილებში, რასაც აწარმოებენ. გუშინ, ანტიქართული „ოცნების“ პროპაგანდისტული საშუალებებით გავრცელდა სიუჟეტები, რომლის მიხედვითაც, თითქოს ანაკლიის პორტის მშენებლობა დაიწყო. ეს არის კიდევ ერთი ბლეფი და ტრიუკი ბიძინა ივანიშვილის მხრიდან, რომელიც მიუთითებს, რომ აქამდე, 6 წლის განმავლობაში გაკეთებული განცხადებები „ქართული ოცნების“ მხრიდან ტყუილი იყო. მერამდენეჯერ, ალბათ, რამდენიმე ათეული შემთხვევაა, როდესაც დააანონსეს, რომ დღეს დაიწყო ანაკლიის პორტის მშენებლობა. სინამდვილეში, ყველაფერი არის ტყუილი, პროპაგანდა და ბლეფი ბიძინა ივანიშვილის მხრიდან.","The anti-Georgian ""Dream"" has lost itself in its own lies. They are drowning in the propaganda and lies they produce. Yesterday, stories were spread through the anti-Georgian ""Dream’s"" propaganda outlets, claiming that the construction of the Anaklia Port has supposedly begun. This is yet another bluff and trick by Bidzina Ivanishvili, which indicates that the statements made by ""Georgian Dream"" over the past six years were lies. For the umpteenth time—probably one of several dozen instances—they have announced that the construction of the Anaklia Port has begun today. In reality, everything is a lie, propaganda, and a bluff by Bidzina Ivanishvili."
12_ge_Irakli_Kupradze.csv,"2024 წელს, მორიგი მსგავსი ტრიუკის პირობებში, ბიძინა ივანიშვილი და მისი პროპაგანდისტული მანქანა გამოვიდა და თქვა, რომ სულ რამდენიმე დღეში, ხელშეკრულება გაფორმდებოდა ჩინურ კონსორციუმთან, რომელიც მშენებლობასაც დაიწყებდა. დღეს, კიდევ ერთხელ დასტურდება რომ აქამდე ნათქვამი ყველა დაპირება, ყველა თარიღი იყო ტყუილი. მხოლოდ მშრალი პროპაგანდა ივანიშვილის და ანტიქართული „ოცნების“ მხრიდან.","In 2024, amidst another similar trick, Bidzina Ivanishvili and his propaganda machine came out and stated that in just a few days, a contract would be signed with a Chinese consortium, which would then begin construction. Today, it is once again confirmed that every promise made and every date given thus far was a lie. It is nothing but hollow propaganda from Ivanishvili and the anti-Georgian ""Dream."""
12_ge_Irakli_Kupradze.csv,"2026 წელს, დღეს, არ არსებობს არც ინვესტორი, არც დასრულებული და აშენებული ანაკლიის პორტი, აღარ არსებობს მასტერპლანი, გენერალური გეგმა, რომელიც უნდა ყოფილიყო შეთანხმებული მრავალგზის. ეს გენერალური გეგმაც და მასტერპლანიც ნაგავში მოისროლეს. შეუკვეთეს ეკონომიკის სამინისტროს მხრიდან ახალი ე.წ. მასტერპლანი, რომლის მიხედვითაც, საერთოდ მიზნობრიობას და შედეგობრიობას ეჭვქვეშ აყენებს ივანიშვილი და მისი ანტიქართული „ოცნება“.","Today, in 2026, there is neither an investor nor a completed and built Anaklia Port. The master plan and general plan, which should have been agreed upon multiple times, no longer exist. Both this general plan and the master plan were thrown into the trash. The Ministry of Economy ordered a new so-called master plan, through which Ivanishvili and his anti-Georgian ""Dream"" are calling the very purpose and effectiveness of the project into question."
12_ge_Irakli_Kupradze.csv,"გუშინ, ანტიქართული „ოცნების“ მიერ, თავდაცვის მინისტრის ჩაყვანა ანაკლიის ცარიელ სანაპიროზე, სადაც არანაირი სამუშაოები არ მიმდინარეობს, ფოტოსესია და „ქართული ოცნების“ მინისტრის წრეზე სიარული არის სასაცილო პროპაგანდა, რომელსაც საქართველოს მოქალაქეები არ დავიჯერებთ. ფაქტი ერთია: მაშინ, როდესაც 2020 წელს უნდა მიეღო ანაკლიის პორტს პირველი გემი, დღეს ვხედავთ არარსებულ პროექტს, ჩაშლილ მოლაპარაკებებს, ქვეყნიდან გაძევებულ დასავლელ ინვესტორებს, ამერიკელ და ევროპელ ინვესტორებს. ამ პირობებში, შეუძლებელია ივანიშვილმა ააშენოს ანაკლიის პორტი. მას არ უნდა ანაკლიის პორტის აშენება, მას ინტერესი აქვს რომ საქართველომ ეს უმნიშვნელოვანესი სტრატეგიული ობიექტი დაკარგოს.","Yesterday, the act of the anti-Georgian ""Dream"" taking the Minister of Defense to the empty shore of Anaklia, where no work is being carried out, the photo session, and the ""Georgian Dream"" minister walking in circles is ridiculous propaganda that we, the citizens of Georgia, will not believe. The fact is: while the Anaklia port should have received its first ship in 2020, today we see a non-existent project, failed negotiations, and Western investors—American and European investors—expelled from the country. Under these conditions, it is impossible for Ivanishvili to build the Anaklia port. He does not want to build the Anaklia port; he has an interest in Georgia losing this vital strategic asset."
12_ge_Irakli_Kupradze.csv,"ცხადად გახსნილია ახალი შესაძლებლობების ფანჯარა, რაც გამოხატულია ჩვენი პარტნიორების კიდევ ერთხელ ხმამაღლა გაჟღერებული დაინტერესებით, რომ შავი ზღვა არის ჩვენი პარტნიორების ინტერესი. ამ შესაძლებლობას ივანიშვილი აკარგვინებს ქვეყანას, პროპაგანდით ცდილობს ფონს გასვლას.","A window of new opportunities has clearly opened, as evidenced by our partners' once again loudly voiced interest in the Black Sea. Ivanishvili is causing the country to lose this opportunity, attempting to get by through propaganda."
12_ge_Irakli_Kupradze.csv,"„ლელო ძლიერი საქართველო“ არის პოლიტიკური პარტია, რომელიც ამ ეროვნული და სტრატეგიული ობიექტის მთავარი მხარდამჭერია. პროექტის, რომელსაც ჰქვია „ანაკლია“. ჩვენ გვაქვს კონკრეტული გეგმა, როგორ უნდა აშენდეს ანაკლიის პროექტი. ხელისუფლებაში მოსვლის შემდეგ, აუცილებლად, პირველივე ნაბიჯად უნდა გადაიდგას ის, რომ ეროვნული და სტრატეგიული მნიშვნელობის პროექტად გამოცხადდეს ანაკლიის პორტი, ყველა ხელშეკრულება უნდა იყოს საჯარო, არა „შავი ფარდის“ მიღმა, როგორც ივანიშვილი აკეთებს, იქნება ეს „არაბული ქალაქები“, თუ სხვა. დაუშვებლად უნდა იქნეს ცნობილი ჩინური და რუსული ინვესტიციების არსებობა, რომელიც შესაძლებელია ეწინააღმდეგებოდეს საქართველოს ეროვნულ ინტერესებს. ანაკლიის პორტი უნდა აშენდეს სახელმწიფოს ჩართულობით, დასავლელ, ამერიკელ პარტნიორებთან თანამშრომლობის პრინციპით.","""Lelo Strong Georgia"" is a political party that is the main supporter of this national and strategic facility—the project called ""Anaklia."" We have a concrete plan for how the Anaklia project should be built. After coming to power, the very first step must be to declare Anaklia Port a project of national and strategic importance. All contracts must be public, not behind a ""black curtain"" as Ivanishvili does, whether it be ""Arab cities"" or others. The presence of Chinese and Russian investments, which could potentially contradict Georgia's national interests, must be declared unacceptable. Anaklia Port must be built with state involvement, based on the principle of cooperation with Western and American partners."
12_ge_Irakli_Kupradze.csv,"რამდენმა მინისტრმაც არ უნდა ისეირნოს ანაკლიის სანაპიროზე, სადაც არანაირი სამუშაოები არ მიმდინარეობს, ჩვენ პორტს აუცილებლად ავაშენებთ“, - აღნიშნავს კუპრაძე.","„რამდენმა მინისტრმაც არ უნდა ისეირნოს ანაკლიის სანაპიროზე, სადაც არანაირი სამუშაოები არ მიმდინარეობს, ჩვენ პორტს აუცილებლად ავაშენებთ“, - აღნიშნავს კუპრაძე."
12_ge_Irakli_Kupradze.csv,"შეგახსენებთ, გუშინ, ეკონომიკისა და მდგრადი განვითარების მინისტრი მარიამ ქვრივიშვილი გუშინ, ანაკლიის ნავსადგურის ტერიტორიაზე მიმდინარე სამუშაოებს ვიცე-პრემიერ, თავდაცვის მინისტრ ირაკლი ჩიქოვანთან ერთად გაეცნო. როგორც ეკონომიკის მინისტრმა აღნიშნა, „პროცესი უკვე საკმაოდ აქტიურ ფაზაშია შესული“.","As a reminder, yesterday, the Minister of Economy and Sustainable Development Mariam Kvrivishvili, together with Vice Prime Minister and Minister of Defense Irakli Chikovani, inspected the ongoing works at the Anaklia Port. As the Minister of Economy noted, ""the process has already entered a fairly active phase."""
13_ge_Levan_Makhashvili.csv,"ლევან მახაშვილი - ევროპარლამენტის დოკუმენტებმაც, ევროპარლამენტმაც, სამწუხაროდ ფასი დაკარგა - ერთადერთი სპორტული ინტერესიღაა დარჩენილი, აბა, წინაზე უარეს დოკუმენტს შეიმუშავებენ თუ რამე სიახლე გვექნება (05.05.2026, 14:29)","Levan Makhashvili - Both the European Parliament's documents and the European Parliament itself have, unfortunately, lost their value - the only thing left is a sporting interest: to see whether they will develop a document worse than the previous one or if we will have something new (05.05.2026, 14:29)"
13_ge_Levan_Makhashvili.csv,"ეს დოკუმენტი თავის დამატებიანად, რომლებმაც კიდევ უფრო მკვეთრად გააუარესა საწყისი, სრულიად აცდენილია რეალობას - ჩვენთვის და საზოგადოებისთვის ევროპარლამენტის დოკუმენტებმაც, ევროპარლამენტმაც, სამწუხაროდ ფასი დაკარგა, რადგან ის არ ემსახურება თანამშრომლობის და დიალოგის დღის წესრიგს, - ამის შესახებ პარლამენტის ევროინტეგრაციის კომიტეტის თავმჯდომარემ, ლევან მახაშვილმა განაცხადა, რითაც ევროპარლამენტის საგარეო საქმეთა კომიტეტის მიერ საქართველოს შესახებ მიღებულ ანგარიშს გამოეხმაურა.","""This document, along with its amendments which made the initial version even worse, is completely detached from reality. For us and for society, European Parliament documents and the European Parliament itself have unfortunately lost value, as they do not serve the agenda of cooperation and dialogue,"" stated Levan Makhashvili, Chairman of the Parliamentary Committee on European Integration, responding to the report on Georgia adopted by the European Parliament's Foreign Affairs Committee."
13_ge_Levan_Makhashvili.csv,"მისი თქმით, დღეს ევროპარლამენტის დღის წესრიგი არ მოდის თანხვედრაში საქართველო-ევროკავშირის და ზოგადად საქართველოს უკეთესი, მშვიდობიანი მომავლის დღის წესრიგთან.","According to him/her, today the European Parliament's agenda is not in line with the Georgia-EU agenda and, in general, with the agenda for a better, peaceful future for Georgia."
13_ge_Levan_Makhashvili.csv,"„რა გითხრათ, თქვენც იცით, რასაც გავუკეთებდით ამ რეზოლუციას [მაკულატურაში ჩავაბარებდი] - მარტივი მიზეზის გამო: ეს დოკუმენტი თავის დამატებიანად, რომლებმაც კიდევ უფრო მკვეთრად გააუარესა საწყისი დოკუმენტი, სრულიად აცდენილია რეალობას. განსაკუთრებით ამ დღეებში და ამ კვირებში კარგად ჩანს, რეალურად ვინ არის დიალოგის ხელის შემშლელი. ეს არის სწორედ ევროპარლამენტი, ამ კონკრეტული პოლიტიკური ჯგუფების სახით, რომლებიც საკუთარი ვიწრო პოლიტიკური დღის წესრიგიდან გამომდინარე, მაქსიმალურად ცდილობენ დიალოგის ხელშეშლას. თუ დავაკვირდებით წინა წლების განვითარებებს, სწორედ ასე ხდებოდა ხოლმე: როდესაც იყო ურთიერთობის გადატვირთვის, დიალოგის, თანამშრომლობის პერსპექტივა ამის სრულიად საპირისპირო დინებით ცურავდა ხოლმე ევროპარლამენტი და დღესაც იმავეს ვაკვირდებით.","""What can I tell you? You already know what we would do with this resolution [I would hand it in as waste paper]—for a simple reason: this document, along with its amendments which made the initial version even worse, is completely detached from reality. It is especially clear during these days and weeks who is actually obstructing the dialogue. It is precisely the European Parliament, in the form of these specific political groups, who, driven by their narrow political agendas, are doing their utmost to hinder dialogue. If we look at the developments of previous years, this is exactly what used to happen: whenever there was a prospect of resetting relations, dialogue, or cooperation, the European Parliament would swim against the current, and we are witnessing the same today."""
13_ge_Levan_Makhashvili.csv,"ამიტომ ჩვენთვის და საზოგადოებისთვის ევროპარლამენტის დოკუმენტებმაც, ევროპარლამენტმაც, სამწუხაროდ ფასი დაკარგა, რადგან ის არ ემსახურება თანამშრომლობის და დიალოგის დღის წესრიგს. დღეს ევროპარლამენტის დღის წესრიგი არ მოდის თანხვედრაში საქართველო-ევროკავშირის და ზოგადად საქართველოს უკეთესი, მშვიდობიანი მომავლის დღის წესრიგთან“, - განაცხადა ლევან მახაშვილმა.","""Therefore, for us and for the public, both the European Parliament's documents and the European Parliament itself have unfortunately lost their value, as they do not serve the agenda of cooperation and dialogue. Today, the European Parliament's agenda does not align with the Georgia-EU agenda or, more generally, with the agenda for Georgia's better, peaceful future,"" stated Levan Makhashvili."
13_ge_Levan_Makhashvili.csv,"კითხვაზე, რომ ევროპარლამენტის საგარეო საქმეთა კომიტეტი მიღებული ანგარიშით რამდენიმე ქართული მედიის დასანქცირებას ითხოვს, მახაშვილმა უპასუხა, რომ ღიმილისმომგვრელია ეს განცხადებები და ჩანაწერები ამ კონკრეტულ დოკუმენტში.","In response to a question regarding the European Parliament's Foreign Affairs Committee calling for sanctions against several Georgian media outlets in its adopted report, Makhashvili replied that the statements and entries in this specific document are laughable."
13_ge_Levan_Makhashvili.csv,"ცნობისთვის, ევროპარლამენტის საგარეო საქმეთა კომიტეტმა საქართველოს შესახებ ანგარიში მიიღო. ევროპარლამენტის საგარეო საქმეთა კომიტეტში საქართველოს შესახებ ყოველწლიურ ანგარიშს მხარი 53-მა ევროპარლამენტარმა დაუჭირა, ხოლო მის წინააღმდეგ ხმა 14-მა მისცა.","For information, the European Parliament's Committee on Foreign Affairs has adopted a report on Georgia. In the European Parliament's Committee on Foreign Affairs, 53 MEPs supported the annual report on Georgia, while 14 voted against it."
01_aluda_ketelauri_ge.csv,"I. მაცნე მოიდა შატილსა: – ქისტებმა მოგვცეს ზიანი, დაგვიწიოკეს მწყემსები, ავნია, ავი-ზნიანნი.","I. A messenger came to Shatili:
– The Kists have done us harm,
They have raided our shepherds,
Wicked they are, of evil ways."
01_aluda_ketelauri_ge.csv,"ალუდა ქეთელაური კაცია დავლათიანი, საფიხვნოს თავში დაჯდების, სიტყვა მაუდის გზიანი; ბევრს ქისტს მააჭრა მარჯვენა, სცადა ფრანგული ფხიანი. ცუდას რად უნდა მტერობა, კარგია მუდამ მტრიანი!","Aluda Ketelauri is a man of great renown,
He sits at the head of the council, his words are wise and sound;
He has severed the right hands of many Kists, testing his sharp Franguli blade.
Why would a worthless man need enemies? A good man is never without them!"
01_aluda_ketelauri_ge.csv,"ქისტებს წაუსხამ ცხენები, ალუდაისიც ფთიანი. გუმან აქვ, გადაავლიონ არხოტის თავი მთიანი, გადაბერტყინონ ნალითა ქუჩი მთებისა ცვრიანი.","The Kists have driven off the horses, Aluda’s winged one too.
They intend to cross the mountainous heights of Arkhoti,
To shake the dewy grass of the mountains with their horseshoes."
01_aluda_ketelauri_ge.csv,"ეს რო ალუდამ გაიგო, თოფს დაუპირა ტალიო; აისხა იარაღები, გააფხავიდის ხმალიო; გაუშინჯიდის ვადანი, ხმალს არ მაუტყდეს ტარიო.","When Aluda heard this, he readied the flint for his rifle;
He girded on his weapons, he sharpened his sword;
He inspected the hilt, lest the handle of the sword should break."
01_aluda_ketelauri_ge.csv,"ცისკრის ხანია, მტერს მისდევს კლდის შავარდენი ჩქარიო. გათენებისას ჭიუხში შურთხმა დარეკა ზარიო, ძაღლებს კი სძინავ თეოზე, ჯერ არ გაშლილა ცხვარიო.","It is the hour of dawn, the swift falcon of the cliff pursues the foe. At daybreak, in the craggy peaks, the snowcock rang its bell; the dogs are sleeping on the mountain ridge, the sheep have not yet spread out."
01_aluda_ketelauri_ge.csv,"მალე შააგდო ალუდამ ქისტების ნავალს თვალიო. მარჯვედვე გადაეწია, თოფმა გაიღო ჩქამიო: ერთს ქურდ-კანტალას ღილღველსა ცუდი დაუდგა წამიო; გადავარდება ცხენზეით, ყელ-თავქვე ეკიდებისა; ნატყვიარი სჭირს ბეჭის თავს, ზედ ცეცხლი ეკიდებისა; ამხანიგ-მოკლულ ღილღველი ჩახმახსა ეზიდებისა. გამასტყვრა მუცალის თოფი, კლდის პირი დაიშლებოდა, ნაძოძი ტყვიის ალუდას კალთაში ჩაეშლებოდა.","Soon Aluda cast his eye upon the trail of the Kists. Deftly he took aim, and his rifle rang out: a bitter moment arrived for one Ghlighvi raider; he falls from his horse, dangling head-down; a bullet wound pierces his shoulder, burning like fire. The Ghlighvi, his companion slain, pulls back the hammer. Mutsali’s rifle thundered, as if the very cliffside would crumble, and the leaden fragments of the bullet showered into Aluda’s lap."
01_aluda_ketelauri_ge.csv,"– არა გჭირსაა, რჯულ-ძაღლო?! – მუცალი ეუბნებოდა. – ნუ გგონავ, მჭირდეს, რჯულ-ძაღლო, ყმასა გუდანის ჯვრისასა. ხმა ალუდაის თოფისა ჭეხასა ჰგვანდა ცისასა.","– Are you not hit, you infidel dog?! – Mutsali was saying. – Do not think I am hit, infidel dog, a vassal of the Gudani Cross. The sound of Aluda’s rifle was like the thunder of the heavens."
01_aluda_ketelauri_ge.csv,"– არ მოგხვდაუა, რჯულ-ძაღლო? – ისევ ეძახის იმასა.","– Didn't it hit you, infidel dog? – he calls out to him again."
01_aluda_ketelauri_ge.csv,"– მუცალს არა სჭირს, რჯულ-ძაღლო, ნამტვრევს მაშლიდა კლდისასა…","– Mutsal lacks for nothing, you infidel dog, he showered me with shards of rock…"
01_aluda_ketelauri_ge.csv,"– ოჰო, ქუდ გაუხვრეტია, წვერებსა სტუსავს თმისასა.","– Oho, it has pierced the hat, it nips the tips of the hair."
01_aluda_ketelauri_ge.csv,"– მაღლა დაგიცდა, ბეჩავო, კენჩხას არა სჭირს ძვლისასა. გამოსტყვრა მუცალის თოფი, ტყვია ჩქამს იზამს მქისესა, გაუტეხს ქეთელაურსა საპირის-წამლეს რქისასა.","– You missed high, you wretch, it did not strike the bone of the skull.
Mutsali’s rifle roared, the bullet made a harsh sound,
Shattering Ketelauri’s horn powder-flask."
01_aluda_ketelauri_ge.csv,"– არც ახლა გჭირსა, რჯულ-ძაღლო? – ზედაც დაჰვედრებს იმასა.","– ""Does it not hurt even now, you infidel dog?"" – he taunts him further."
01_aluda_ketelauri_ge.csv,"– არა სჭირს, არა, რჯულ-ძაღლო, ყმასა გუდანის ჯვრისასა, გამმარჯვედ ჯვარი დაჰყვების, ძალს შაახვეწებს ღვთისასა. გულს არ ჰხვდა, ნუ გეგონების, ამტვრევდა წამლის ქისასა. რაკი სრევაზე მიდგება, ჯავრს არც მე შავჭამ მტრისასა.","– Nothing is wrong, no, you infidel dog, with the servant of the Gudani Cross; the Cross follows him to victory, entreating the power of God. It did not hit the heart, do not think it so; it was only shattering the powder flask. Since it has come to slaughter, I too shall not swallow the enemy's spite."
01_aluda_ketelauri_ge.csv,"შატილიონის ნასროლი ქისტს უმტვრევს გულის ფიცარსა. – არც ახლა გჭირსა, რჯულ-ძაღლო?! – შამაუჭყივლებს ქისტასა.","The Shatilion’s shot shatters the Kist’s breastbone. – “Does it not hurt even now, you dog of a faith?!” – he shouts at the Kist."
01_aluda_ketelauri_ge.csv,"– გულში მჭირს, გულში, რჯულ-ძაღლო, ვაჰ ცდასა მუცალისასა! ძმაც ხო მამიკალ, მეც მამკალ, რა ვუთხრა მადლსა ღვთისასა?","– It strikes me in the heart, in the heart, you dog of a faith! Woe to Mutsali’s struggle! You killed my brother, kill me too; what shall I say to the grace of God?"
01_aluda_ketelauri_ge.csv,"მუცალს არ სწადის სიკვდილი, ფერს არა ჰკარგავს მგლისასა, მაჰგლეჯს, დაიფევს წყლულშია წვანეს ბალახსა მთისასა. ერთიც ესროლა ალუდას, ხანს არა ჰკარგავს ცდისასა. თოფიც ალუდას გადუგდო, ერთს კიდევ ეტყვის სიტყვასა: – ეხლა შენ იყოს, რჯულ-ძაღლო, ხელს არ ჩავარდეს სხვისასა.","Mutsal does not wish for death, nor does he lose his wolfish hue; he tears and stuffs into his wound the green grass of the mountain. He fired once more at Aluda, wasting no time in the attempt. He threw his rifle to Aluda and spoke one final word:
– ""Now let it be yours, you dog of a faith, let it not fall into the hands of another."""
01_aluda_ketelauri_ge.csv,"სიტყვა გაუშრა პირზედა, დაბლა გაერთხა მიწასა. ალუდას თოფი არ უნდა, ატირდა როგორც ქალიო; არ აჰყრის იარაღებსა, არ ეხარბება თვალიო. თავით დაუდვა ხანჯარი, ზედ ეკრა სპილოს ძვალიო, გულზედ ძეგლიგი დაადვა, მკლავზედ ფრანგული ხმალიო. მარჯვენას არ სჭრის მუცალსა, იტყოდა: „ცოდვა არიო; ვაჟკაცო, ჩემგან მოკლულო, ღმერთმა გაცხონოს მკვდარიო. მკლავზედავ გებას მარჯვენა, შენზედ ალალი არიო, შენ ხელ შენს გულზედ დამიწდეს, ნუმც ხარობს ქავის კარიო, კარგი გყოლია გამდელი, ღმერთმ გიდღეგრძელოს გვარიო!“ სიგძივ გაჰხურა ნაბადი, ზედ გადაადვა ფარიო.","The word died upon his lips, he lay prostrate on the ground. Aluda desires not the rifle, he wept like a woman; he does not strip the weapons, his eye is not greedy. At the head he placed the dagger, inlaid with ivory, upon the chest he laid the breastplate, upon the arm the Frankish sword. He does not cut the right hand from Mutsal, saying: ""It is a sin; O warrior, slain by me, may God grant rest to your soul. Let your right hand remain on your arm, it is justly yours, may your hand turn to dust upon your heart, let the fortress gate not rejoice, you had a noble nurturer, may God bless your lineage!"" Lengthwise he covered him with a felt cloak, and laid the shield over him."
01_aluda_ketelauri_ge.csv,"II. მზემ აიწია ცაზედა, ნისლებმ დაწირეს ხევები; მისჯარებიან ცის კიდეს კავკასიონის დევები. აშლილან სანადიროდა ქორებ, ფრინველთა მლევლები; სოვნი არწივებს მასდევენ, მუქთად ჭამისთვის მხლებლები.","II. The sun rose high in the sky, mists descended into the ravines;
The giants of the Caucasus lean against the edge of the heavens.
Hawks, the slayers of birds, have set out for the hunt;
Kites follow the eagles, scavengers seeking a free meal."
01_aluda_ketelauri_ge.csv,"ჯიხვნი მაებნენ მყინვარსა, მადლი რქათ ადგა ღვთისაო. ხევი-ხევ შამოყრანტალებს ყორანი ავის ხმისაო: „მამკვდარა ქისტი მუცალი, თვალნ უნდა ვსჭამნე ყმისაო, გულ-ღვიძლი ამოვარიდო, კალთა დავხურო მხრისაო“.","The ibexes clung to the glacier,
God’s grace rested upon their horns.
From ravine to ravine croaks
A raven of ill-omened voice:
“Mutsali the Kist is dead,
I must feast upon the warrior's eyes,
Tear out his heart and liver,
And shroud his shoulder with my wing.”"
01_aluda_ketelauri_ge.csv,"შატილს ჯერ არ ჩასწდომია შუქი შუადღის მზისაო, არ ჩაუშვებენ ჩამსვლელსა, ცა ახურია კლდისაო. ყმა მოიდოდა გორი-გორ, არ ეწონება თავია; პირს დასწოლია ნისლები, გულით ნადენი, შავია. ტახტაზე დაუკიდებავ მუცალის ძმისა მკლავია, ვერცხლით მორთული ბაზალა, ეგ ხოროსნული ხმალია. მეება ჭიუხიანსა, სადაც იმედას ქავია, ზაფხულს თოფის ხმას იყურებს, ზამთარ ჩამუდის ზვავია. ბევრჯელ მაასწრო დელგმამა, ჰყეფდა ყორანი შავია. დაჰფამფალებდა თავზედა გაუმაძღარი სვავია, ვერვინ მაჰრივა იღბალი, ვერავინ უყვა ავია. ურჯულოს ხელებსავ ადნობს ზედ მზის სხივები მწვავია. გველმა ვერ გაჭრა ლიბოი, დღესაც ცოცხალივ არია. ზოგჯერ ავდარი დადგება, ზოგჯერ მზე ბრწყინავს, დარია. რა უყვათ, ბევრი უნახავ ულვაშ-აშლილი მკვდარია! ბევრჯელ წასულა საჭალოდ დახოცილთ სისხლის ღვარია; შაუღებია წითლადა ავი არდოტის წყალია.","Shatili has not yet been reached by the light of the midday sun,
They will not let the traveler descend, for a sky of rock covers it.
A youth came wandering hill by hill, displeased with his own soul;
Mists have settled upon his face, dark mists flowing from the heart.
Upon the bench hangs the arm of Mutsa’s brother,
A silver-adorned Bazala, that Khorosnuli sword.
He fought in the craggy peaks, where Imeda’s fortress stands,
In summer he listens for the rifle’s crack, in winter the avalanche descends.
Many times the deluge overtook him, as the black raven croaked.
The insatiable vulture hovered above his head,
Yet none could strip him of his luck, none could do him ill.
Like the hands of the faithless, the scorching sunbeams melt upon it.
The serpent could not breach the foundation; it remains alive even today.
Sometimes the storm sets in, sometimes the sun shines fair.
What of it? It has seen many a dead man with mustaches flared!
Many times the torrent of blood from the slain has flowed toward the meadows;
The wicked waters of Ardoti have been stained a deep red."
01_aluda_ketelauri_ge.csv,"ვისაც მტერობა მასწყურდეს, გააღოს სახლის კარია, სისხლ დაიგუბოს კერაში, თვითანაც შიგვე მდგარია. ღვინოდაც იმას დაჰლევდეს, პურადაც მოსახმარია. პირჯვარი დაიწეროდეს, მითამ საყდარში არია. სისხლშია ჰქონდეს ქორწილი, იქ დაიწეროს ჯვარია, დაიპატიჟოს სტუმრები, დაამწკრიოდეს ჯარია. სისხლში დაიგოს ლოგინი, გვერდს დაიწვინოს ცალია ბევრი იყოლოს შვილები, ბევრი ვაჟი და ქალია; იქვე საფლავი გათხაროს, იქ დაიმარხოს მკვდარია.","Whoever thirsts for enmity, let him open the door of his house,
Let blood pool in his hearth, while he stands within it himself.
Let him drink it as wine, and consume it as bread.
Let him cross himself, as if he were in a church.
Let him have his wedding in blood, let the vows be taken there,
Let him invite guests, and line up an army.
Let him make his bed in blood, and lay his spouse by his side,
Let him have many children, many sons and daughters;
Let him dig a grave right there, and bury the dead there."
01_aluda_ketelauri_ge.csv,"შენ რო სხვა მაჰკლა, შენც მოგკვლენ, მკვლელს არ შაარჩენს გვარია.","If you kill another, you too will be killed; the clan will not let the killer go unpunished."
01_aluda_ketelauri_ge.csv,"შატილს გადმოდგა ბანებზედ ხევსურთ ქალი და რძალია, გამეეგებნენ ალუდას ძმა-ძმისწულები სამნია. ბევრს უნდა ამბის გაგება, ბევრნი მოვიდნენ სხვანია. მიულოციან ალუდას: – სახელიანიმც ხარია! ბებერი ჰკითხავს უშიშა ალუდას ამბავს ცდისასა. უამბობს ქეთელაური ამბავს ღილღველის მგლისასა: „აქით წასულმა, უშიშავ, კვალი შავაჭერ მთისასა, მოკლედავ გადავეწივე. ნავალ დავატყვე ქვიშასა. ორნ იყვნენ, თოფი ვიხმარე, წვერს ვერ ვუწვდენდი ხმლისასა. იმ ცხონებულსა მუცალსა რკინა სდებიყო გულადა!","Onto the flat roofs of Shatili stepped the Khevsur women and daughters-in-law,
Three of Aluda’s brothers and nephews came out to meet him.
Many wished to hear the news; many others gathered there.
They congratulated Aluda: “May you be a man of great renown!”
Old Ushisha asked Aluda for the news of his ordeal.
Ketelauri told him the tale of the Ghilghvelian wolf:
“Leaving from here, Ushisha, I cut across the mountain trail,
I caught up with him by a shortcut, spotting his tracks in the sand.
There were two of them; I used my rifle, for I could not reach them with the tip of my sword.
That departed Mutsal—his heart was made of iron!”"
01_aluda_ketelauri_ge.csv,"– რას ამბობ? ქისტის ცხონება არ დაწერილა რჯულადა. – მით ვაქებ ვაჟკაცობასა, არ იყიდება ფულადა. სამ მე ვესროლე, სამ – იმან, მესამით დავასრულია. მკერდზე ნაკრავმა ტყვიამა გაუნაძოძა გულია. ნატყვიარს ბრძამით იფევდა, ისრე დალია სულია. სულს არ აცლიდა ამოსვლას, კიდევ მიხსენა რჯულია.","– What are you saying? A Kist’s salvation was never written in our law.
– That is why I praise his bravery; it is not for sale for money.
Three shots I fired, and three he fired; with the third, I ended it.
The bullet striking his chest tore his heart to shreds.
He stuffed the wound with moss, and thus he breathed his last.
Even as his soul struggled to leave, he spoke of his faith once more."
01_aluda_ketelauri_ge.csv,"ჩვენ ვიტყვით, კაცნი ჩვენა ვართ, მარტოთ ჩვენ გვზდიან დედანი; ჩვენა ვსცხონდებით, ურჯულოთ კუპრში მიელის ქშენანი. ამის თქმით ვწარა-მარაობთ, ღთიშვილთ უკეთეს იციან. ყველანი მართალს ამბობენ განა, ვინაცა ჰფიციან?!","We say, ""We are the true men, only our mothers raised us; we shall be saved, while the faithless await their gasps in the pitch."" By saying this, we speak in vain; the children of God know better. Does everyone speak the truth, simply because they swear an oath?"
01_aluda_ketelauri_ge.csv,"ვერ გავიმეტე მუცალი მარჯვენის მოსაჭრელადა, გული გამიწყრა, არა ჰქნა, რაც საქნელია ძნელადა: „დაე დააკლდეს სახელსა, მე გირჩევნივარ მრჩევლადა“.","I could not bring myself to cut off Mucali’s right hand; my heart rebelled, refusing to do what is so hard to do: ""Let my fame be diminished; I am better for you as a counselor."""
01_aluda_ketelauri_ge.csv,"ხევსურთა ახალ-უხლები გადაიქციან ტყემლადა, ავად შაჰხედნეს ალუდას, შაუძრახნიან ხმელადა: „მოკვდი, სიკვდილი გირჩევნავ, რა ხარ სიცრუის მთქმელადა; აიხსენ გველის-პირული, დიაცთ გადუგდე ცხემლადა; ფარი – ქსლის ჩასაბეჭავად, ხირიმ – გაუდვან გარადა; დამბაჩა გამაადგებისთ საბრუნლად, თითისტარადა! გამუქცევიხარ ქისტიშვილს, გადუქცევიხარ ქალადა. მაჰკალ, მარჯვენა არ მასჭერ, უკვენ მისდევდი მა რადა?!“","The Khevsur young and old grew bitter as wild plums,
They cast dark looks at Aluda and rebuked him harshly:
“Die! Death would be better for you; why do you speak such lies?
Unbuckle your snake-edged blade, toss it to the women as a weaving tool;
Your shield—to press the loom, your rifle—let them use as a crossbeam;
Your pistol will serve them well as a spindle to spin!
You fled from the Kist, you have turned into a woman.
You killed him, yet did not cut off his right hand—then why did you pursue him at all?!”"
01_aluda_ketelauri_ge.csv,"ზურგი აქციეს ალუდას პირითა ჯავრიანითა; თავ-თავის სახლებს მიჰმართეს ჭერხოთით კარიანითა. გაწირეს ქეთელაური გულითა ნარიანითა, სახელსა ალუდაისას იძახდენ ბრალიანითა.","They turned their backs on Aluda with faces full of wrath;
They headed to their own homes, to their doors and lofts.
They forsook Ketelauri with hearts full of thorns,
Calling out Aluda’s name with voices of pity."
01_aluda_ketelauri_ge.csv,"შატილს მინდიაც მოიდა ზერდაგით რვალიანითა, წელზე ნარტყამის ფრანგულით, მკლავითა ფარიანითა, თორმეტის ქისტის მამკლავი შუბითა ტარიანითა. ირემს ჰგავ მინდის წითლაი შუბლითა მთვარიანითა.","To Shatili Mindia also came, on a bronze-shod chestnut horse,
With a *Pranguli* sword girded at his waist, and a shield upon his arm,
The slayer of twelve Kists with his long-shafted spear.
Ruddy Mindia resembled a stag, with a moon upon his forehead."
01_aluda_ketelauri_ge.csv,"ალუდას აუგს ეტყოდენ სიტყვითა შხამიანითა. იწყინა, შუბლი დაკეცა ნაოჭით ზარიანითა. – ნუ იტყვით ვაჟკაცის აუგს ენითა ქარიანითა. ადვილად მტერი მოგიკვდესთ, ადვილ გავიგო მართალი. ბევრ დაღონება არ გვინდა, ერთი დღის მეყოს საგძალი, გზა-კვალი არ ამერევა, ყოველ მხრივ ვიცი სავალი. დღესავ მოგივათ მინდია, მანამ დაბძანდეს მრავალი.","They spoke ill of Aluda with words of venom.
He took offense, his brow furrowing with a fearsome frown.
– ""Do not speak ill of a brave man with a flighty tongue.
May your enemies perish easily, let me hear the truth plainly.
No need for much grieving; a single day's rations will suffice me,
I shall not lose my way; I know every path and trail.
This very day Mindia shall return to you, before many more have passed."""
01_aluda_ketelauri_ge.csv,"ქუსლი ჰკრა, წითლა გამალდა, ნიავქარივით მავალი.","He spurred his horse, Tsitla sped away, moving like a whirlwind."
01_aluda_ketelauri_ge.csv,"III. დაბნელდა, წყალნი ტირიან, კალთა გვეხურვის ღამისა; დროა ვარსკვლავთა ჟიკჟიკის, მცვრევა ბალახზედ ნამისა, მკვდართ სულთ საფლავით გამოსვლის, დრო მათ სიმღერის წყნარისა.","III. Darkness has fallen, the waters weep, the mantle of night covers us; it is the time for the stars to twinkle, for the dew to settle on the grass, for the souls of the dead to emerge from their graves, the time for their quiet song."
01_aluda_ketelauri_ge.csv,"დევნი გამოვლენ კლდიდამა, ხევ-ხუვში ეხეტებიან. ყველამ ივახშმა და ახლა საძილედ ემზადებიან. – პურ მიირთვიო, – ალუდას და-დედან ეხვეწებიან. – მე პურ არ მინდა, დედაო, გული შამეკრა რადამე, წუხელ ცუდ სიზმრები ვსინჯე, რიგში ვიყოდი სადამე. წინ გვედვა მიცვალებული, ხევსურნ შაწყენით ისხდენა. სალაშქროდ დამზადებულნი, ზოგნი კარებზე იდგენა. მენაც იქ ვიყავ, ვსტიროდი, როგორც წესია კაცისა. გუმანი მქონდა სალაშქროდ, ხანიც მოვიდა წასვლისა.","The Devs emerge from the cliffs, wandering through the ravines.
Everyone has supped and now they prepare for sleep.
""Eat some bread,"" Aluda's mother and sister entreat him.
""I want no bread, mother, my heart is heavy for some reason;
Last night I saw ill dreams, I was standing in a line somewhere.
A dead man lay before us, the Khevsurs sat in somber grief.
Prepared for battle, some stood by the doors.
I too was there, weeping, as is the custom of a man.
I had a premonition of war, and the time had come to depart."""
01_aluda_ketelauri_ge.csv,"ერთს წამს ხელ ვინამ დამტაცა, ტარი ჩამიდვა ხანჯრისა. შავხედენ, მუცალი იყო, ტანთ ეცვა ჯაჭვი რვალისა, გულზედ ემჩნივა ნიშანი მე-დ იმის ბრძოლის წამისა, ეფინა ნატყვიარშია ლეგა საფევი ბრძამისა. კლდედ იდგა, გაუტეხლადა, ცრემლ არ ჩამოსდის თვალისა.","In an instant, someone seized my hand and placed the hilt of a dagger in it. I looked, and it was Mutsali; he wore a coat of bronze mail. Upon his chest was visible the mark of me and that moment of battle; the grey fluff of moss was spread within his bullet-wound. He stood like a rock, unyielding, with no tear falling from his eye."
01_aluda_ketelauri_ge.csv,"„მინდა სიკვდილი, არ ვკვდები, მამკალო, მითხრა ხვეწნითა. თქვენ დაგრჩეს წუთისოფელი, მე კი წავიდე ქვეყნითა, დაძეღით, ხევსურთ შვილებო, ლაშქრობით, ხმლების ქნევითა“.","""I long for death, yet I do not die; kill me,"" he told me imploringly. ""May this fleeting world remain to you, while I depart from this earth; take your fill, sons of Khevsurs, of warring and the brandishing of swords."""
01_aluda_ketelauri_ge.csv,"დავჯე, ჯამ ვინამ დამიდგა, კაცის ხორც იყო წვნიანი, ვსჭამდი, მზარავდა თუმცაღა კაცის ხელ-ფეხი ძვლიანი. რასა ვსჩადიო, ვსჯავრობდი, უმსგავსი, შაჩვენებული.","I sat down; someone set a bowl before me; it was a stew of human flesh. I ate, though the bony hands and feet of a man filled me with horror. ""What am I doing?"" I lamented, monstrous and accursed."
01_aluda_ketelauri_ge.csv,"„ჭამეო, – რამამ მიძახა, ნუ ჰხდები გაშტერებული: კიდევ მიმირთვით ალუდას წვენ-ხორცი გაცხელებული“. მიმატეს კაცის ულვაშით წვენ-ხორცი შანელებული…","“Eat,” Rama called to me, “do not stand there dazed: serve Aluda more of the heated meat and broth.” They brought me more meat and broth, seasoned with a man’s mustache…"
01_aluda_ketelauri_ge.csv,"სიზმართ დამტანჯეს, იმით ვარ გუნება-აღელვებული.",Dreams have tormented me; that is why I am so troubled in spirit.
01_aluda_ketelauri_ge.csv,"IV. თენდება, მთის წვერნ დაწითდენ, ნისლნი აგროვდენ მთებზედა. დგება, იღვიძებს სოფელი, მგზავრი მიდ-მოდის გზებზედა. სოვნი სამგზაგროს წავიდენ, მთა-ბარს მაავლეს თვალია; რამდენს ფრაშ-ფრაშში არიან, ცას ვერ გაავლეს კვალია!","IV. Dawn breaks, the mountain peaks have reddened, mists have gathered upon the mountains. The village rises and awakens, travelers come and go upon the roads. The vultures have set out on their journey, casting their eyes over mountain and vale; though they fly with such a rustle of wings, they could leave no trace upon the sky!"
01_aluda_ketelauri_ge.csv,"ვინ მოდის წითლის ცხენითა, გამაიარა წყალია? – მოხველ მშვიდობით! – მინდიას ხევსურთა შაუძრახნიან. – რა მაიტანე ამბავი? – შორითვე დაუძახიან.","Who comes on a red horse, having crossed the water? – Welcome in peace! – The Khevsurians called out to Mindia. – What news have you brought? – They shout to him from afar."
01_aluda_ketelauri_ge.csv,"– ახლებო, სისხლი გიფუისთ, სჭრითა და ჰკერავთ გულითა, გულს ათრევინებთ გონებას, თავს აჭრეინებთ ცულითა, ადვილ ვერ იცნობთ ვაჟკაცსა მის ვაჟკაცურის რჯულითა! ერთურთს ნუ დააჩაგვრინებთ, გული-დ გონება ძმანია. მართალი არი ალუდა, თავს არ დამექცნენ ცანია! თუ არა გჯერათ, ქისტისა, აი, მოჭრილი მკლავია. ენა ქარქაშში გეჭიროსთ, ადვილ ნუ იტყვით სიტყვასა, ადვილ ნუ იტყვით ვაჟკაცზე, არა ვარგაო, იმასა! ხელი ალუდას მიართვის: – წაიღ, მიაკარ ქავადა!","– Young men, your blood is boiling; you cut and sew with your hearts. You let the heart drag the mind, letting your heads be severed by the axe. You cannot easily recognize a true man by the common laws of manliness! Do not let one oppress the other; heart and mind are brothers. Aluda is right, even if the heavens should collapse upon me! If you do not believe it, here is the severed arm of the Kist. Keep your tongues in their scabbards; do not utter words so lightly. Do not be quick to say of a brave man that he is worthless! He handed the hand to Aluda: – Take it, and nail it to the gate!"
01_aluda_ketelauri_ge.csv,"– თუ ხელის მოჭრა მდომიყო, გან ვერ მოვსჭრიდი თავადა? ვერ გიქნავ კარგად, მინდიავ, საქმე მოგირთავ ავადა; რაად მინდარის, ვერ მიხმლობს, არ გამოდგება ფარადა; მთაში წავიღო, არ მითიბს, არც მარგებს თივის კავადა. წაიღე, თუ გწამ უფალი, ნუღარ მაჩვენებ თვალითა. კაის ყმის მარჯვენა არი, გული მეწვება ბრალითა. რაად სწყრებიან ხევსურნი, რადა ტყვრებიან ჯავრითა?! მტერს მოვკლავ, კიდევ არ მოვსჭრი მარჯვენას მაგათ ჯაბრითა! „წესი არ არის მტრის მოკვლა, თუ ხელ არ მასჭერ დანითა“. ვაი ეგეთას სამართალს, მონათლულს ცოდვა-ბრალითა!","– If I had wanted to cut off the hand, could I not have cut it myself? I cannot do you a kindness, Mindia; I have brought misfortune upon you. Why would I want it? It cannot wield a sword for me, it is of no use as a shield. If I take it to the mountains, it will not mow for me, nor serve as a hook for hay. Take it away, if you believe in the Lord, let my eyes see it no more. It is the right hand of a valiant man; my heart burns with pity. Why are the Khevsurs angry, why do they burst with rage?! I will kill an enemy, yet I will not cut off his right hand just to satisfy their spite! ""It is not the custom to kill an enemy, unless you cut off the hand with a knife."" Woe to such justice, baptized in sin and guilt!"
01_aluda_ketelauri_ge.csv,"V. ჟამი მოვიდა საუფლო. ხალხი ხატობას დიოდა: უნდა აცნობონ ბატონსა, ვისაც კი რამა სტკიოდა. მოქუჩდა ქალი და კაცი სახვეწრით ცხვრით და ხარითა; მიართმევდიან ბატონსა სახვეწარს ბეღლის კარითა.","V. The sacred hour arrived. People flocked to the shrine festival: they must make their pleas to the Lord, whoever was suffering. Men and women gathered with offerings of sheep and oxen; they presented their sacrifices to the Lord at the granary door."
01_aluda_ketelauri_ge.csv,"ეს ვინღა მოდგა, ნისლივით, თითბრით ნაზიკის ხმალითა? ხევის ბერს აძლევს მოზვერსა, დადგა დახრილის თავითა.","Who is this who has come, like mist, with a brass-hilted sword?
He gives a bullock to the Elder of the Gorge, standing with a bowed head."
01_aluda_ketelauri_ge.csv,"– ვის ამწყალობნებ, ალუდავ, ამა კურატით შავითა? – ჰკითხავს ალუდას ხუცესი გადაწეულის მკლავითა. დიდია ჩვენი ბატონი, გუდანის ჯვარი თავითა, საყმონიც ძლიერნი ჰყვანან, ღვთითა და ღვთისა ძალითა. კარგი ყმა უყვარს ბატონსა, წყალობა ემეტებისა; ვაჟკაცნი იმედიანნი ჩვენს ბატონს ებედებისა. მითხარ სახელი, ვის სწირავ, იმასამც შაეწირება. – ხანჯარს აიძრობს, დიდების სათქმელად დაეღირება.","– Whom do you favor, Aluda, with this black bullock? – the priest asks Aluda, with his sleeve rolled back.
Great is our Master, the Cross of Gudani at the head; he has strong followers, by God and by God’s power.
The Master loves a good man, he does not grudge him grace; brave and hopeful men are destined for our Master.
Tell me the name, for whom you sacrifice, may it be accepted for him.
– He draws his dagger, preparing to proclaim the glory."
01_aluda_ketelauri_ge.csv,"– ეგ სამხვეწროა, ბერდიავ, ძოღან მოკლულის ქისტისა. მუცალს ეტყოდენ სახელად, მაუნათლავის შვილისა. კარგადაც დამიწყალობნე, გამიმეტებავ მისთვინა, როგორც უნდომლად მოკლულის თავის ლამაზის ძმისთვინა.","– That is a sacrifice, Berdia, for the Kist slain just now. Mutsal was his name, the son of an unbaptized man. Bless it well for me; I have dedicated it to him, as if for a handsome brother killed unwillingly."
01_aluda_ketelauri_ge.csv,"– გაურჯულებულს არჯულებ, შენ ეგ არ შაგიხდებისა, ქისტისად საკლავის დაკვლა კარგად არ მოგიხდებისა. მამით არ მოდის ანდერძი, პაპითა-დ პაპის-პაპითა, გონთ მოდი, ქრისტიანი ხარ, ურჯულოვდები მაგითა; ეშმაკს ნუ მისდევ… ეგ სიტყვა როგორ ამოგცდა ბაგითა?! რამდენ სხვა მაჰკალ, შენს ქავზე ხელებ ჯღრდესავით ჰკიდია, ზოგი ლეკისა, სხვა ქისტის, მარჯვენეების ხიდია; ციკანიც არვის დაუკალ, განღამც კურატი დიდია. როგორ ვახვეწო უფალსა ძაღლი, ძაღლების ჯიშისა, მანამ სჯობს ცანი დამექცნენ, ზურგი გამისკდეს მიწისა, ან თუ ზღვამ დამნთქას უძირომ, სადილი ვსჭამო ქვიშისა! ფერი ედება ბერდიას, ფერი სხვა-რიგის შიშისა.","– You are hallowing the faithless, this does not become you,
To slaughter a sacrifice for a Kist will not serve you well.
No such legacy comes from father, grandfather, or great-grandfather,
Come to your senses, you are a Christian, you turn apostate by this;
Do not follow the devil… how did such a word escape your lips?!
How many others have you slain, their hands hang like wicker on your tower,
Some of Lek, others of Kist, a bridge of right hands;
You never slaughtered even a kid for any, let alone a great bull.
How can I offer to the Lord a dog, of the breed of dogs?
Better the heavens collapse upon me, the earth’s back split beneath me,
Or the bottomless sea swallow me, and I dine upon the sand!
Berdia turns pale, a color of a different kind of fear."
01_aluda_ketelauri_ge.csv,"– ზღვენსა ნუ გამიმსუბუქებ, მადლი თუ გწყალობს ღვთისაო, ყმა ვარ მეც გუდანის ჯვრისა, ხევსური თქვენის წყლისაო, მითამ ერთნი ვართ, ბერდიავ, მცხოვრებნი ერთის მთისაო.","– Do not diminish my offering, if God’s grace favors you; I too am a servant of the Gudani Cross, a Khevsur of your own waters; it is as if we are one, Berdia, dwellers of the same mountain."
01_aluda_ketelauri_ge.csv,"– ტყუილად სცდები, ალუდავ, ტყუილად იცვეთ პირსაო.","– You strive in vain, Aluda, in vain you wear out your words."
01_aluda_ketelauri_ge.csv,"გაჯავრდა ქეთელაური, ფერი დაიდვა მგლისაო; ხელი გაიკრა ფრანგულსა, შუქი ამოხდა მზისაო. უქნივა მოზვერს ქედზედა, თავი მიგორავს ძირსაო. თან შაეხვეწა ბატონსა, ნუ შამიცოდებ შვილსაო, ალლადა ჰქონდეს მუცალსა, მაგ მოუნათლავ გმირსაო.","Ketelauri grew enraged, taking on the wolf’s hue;
He drew his Frankish blade, it flashed like the rising sun.
He struck the bull across the neck, the head rolled to the ground.
He pleaded with the Lord: ""Do not spare me,
Let this be a sacrifice for Mutsal, that unbaptized hero."""
01_aluda_ketelauri_ge.csv,"ბერდია ჯაგარაშლილი ხალხისკე იზამს პირსაო. – გაგონილაა, – იძახდა, – ასრე აგდება რჯულისა: საკლავს თვითონ ჰკლავს ალუდა, მამხსენე ქისტის სულისა, ხალხო, მინდარის გავიგო პასუხი თქვენის გულისა. დაჯარდით, ხევსურთ შვილებო, ყველანი – დიდნი, მცირენი, სამართალი ვქნათ, ვუმტვრიოთ ალუდას სახლის დირენი; ნუ დაინანებთ, ექმნენით ცოლ-შვილის ამატირენი. მოკვეთილ იყოს, სხვა ქვეყნის ცა-ღრუბლის შანამზირები. წადით, უმტვრიეთ შავ-ბნელსა სახლისა, ციხის კარები. ცეცხლი მიეცით საძნოვარს, – ცასა სწვდებოდეს ალები, სათემოდ გამოირეკეთ ცხვარი, ძროხა და ხარები. შატილს ცოლ-შვილი უტირეთ, გუდანს – შინშნი და ქალები; ჰრისხამდეს ჩვენი ბატონი, არ არის შასაბრალები.","Berdia Jagarashvili turns his face toward the people.
“Has it ever been heard,” he cried, “such a casting aside of the faith?
Aluda slaughters the sacrifice himself, mentioning the soul of a Kist;
People, I want to hear the answer of your hearts.
Gather together, sons of Khevsurians, all of you—great and small,
Let us do justice, let us break the beams of Aluda’s house;
Do not show mercy, be the ones who make his wife and children weep.
Let him be an outcast, a gazer at the sky and clouds of a foreign land.
Go, break the doors of his dark house and fortress.
Set fire to the haystacks—let the flames reach the sky,
Drive out the sheep, cows, and oxen for the community.
In Shatili, make his wife and children weep; in Gudani—his kin and women;
Let our Lord be wroth, he is not to be pitied.”"
01_aluda_ketelauri_ge.csv,"ამის გამგონე მინდიას მაუწყლიანდის თვალები, ვეღარასა ჰშველს ალუდას, გულზე გადიწყვის მკლავები, შასმულებმ ხევსურთ შვილებმა მაიმარჯვიან ფარები, უნდა სცან ქეთელაურსა, კაპასად ჟღერენ რვალები. ჯარად დამსხდართა ხევსურთა თავზედ წაადგა ბალღები, ერთს ხელში დაუჭერია მარჯვენის ნახრავ ძვალები.","Hearing this, Mindia’s eyes grew misty; he could no longer help Aluda and crossed his arms over his chest. The sons of Khevsureti, clad in mail, readied their shields; they must confront Ketelauri, as their bronze weapons rang out fiercely. Above the Khevsurs gathered in assembly, children appeared; one of them held the gnawed bones of a severed right hand."
01_aluda_ketelauri_ge.csv,"– ვაჟნო, ვინდომებ თქვენთვისა წყალობას ბატონისასა, საკარგყმო დამალეინეთ, მოგიტანთ ხელსა მტრისასა. ყორანს მიჰქონდა ბრჯღალითა, ყურეს უმარჯვდა კლდისასა. იმ დროსა ვსტყორცნე ისარი ლაღად მიმავალს ცისასა; მართალ გამოდგა ნასრევი, ყორანს უვლიდა ფრთისასა; კლანჭით გაუშვა ნადავლი, გადმეესრია მიწასა.","– Brave men, I desire for you the master’s grace; let me drink the warrior’s cup, and I shall bring you the hand of the foe. A raven was carrying it in its talons, heading for a nook in the cliff. At that moment, I loosed an arrow at the one soaring proudly through the sky; the shot proved true, striking the raven’s wing; it released the prey from its claws, and it came tumbling down to the earth."
01_aluda_ketelauri_ge.csv,"– მუცალის მარჯვენა არი, მიზეზი ხევსურთ რჩევისა, – წყრომით იტყოდა მინდია, – მიზეზი იმათ წყევისა; მე მივუტანე ალუდას, ფერი დავადევ წყენისა; რო არ მიიღო ალუდამ, სიღრმე ვაჩვენე ხევისა.","""It is Mutsal's right hand, the cause of the Khevsurs' council,"" Mindia said with wrath, ""the reason for their cursing; I brought it to Aluda, and it took on the hue of offense; when Aluda would not accept it, I showed it the depths of the ravine."""
01_aluda_ketelauri_ge.csv,"– წაიღეთ, – ამბობს ბერდია, – ტოტი ურჯულო ძაღლისა, არა ვართ ხევსურთ შვილები ყმანი ეშმაკის, ალისა. ძაღლს მიუგდიან საჭმელად ხელი მუცალის მკლავისა. პირი არ ახლო ქოფაკმა, მორთო ღმუილი ბრალისა.","""Take it away,"" says Berdia, ""the limb of a faithless dog; we, the sons of Khevsureti, are not the servants of the devil or the Ali."" They threw the hand of Mutsal's arm to a dog for food. The hound did not touch it; it let out a howl of pity."
01_aluda_ketelauri_ge.csv,"ხევისბერ იტყვის ბერდია: – ხევსურნო, ნახეთ თვალითა: ძაღლი ძაღლის ძვალს არ სტეხსო, თქმულია იმავ თავითა. ქისტის მარჯვენას ბალღები დაბლა ათრევენ კავითა.","Elder Berdia says:
– Khevsurs, see with your own eyes:
A dog does not break a dog's bone,
So it has been said from the very beginning.
Children drag the Kist's right hand
Down along the ground with a hook."
01_aluda_ketelauri_ge.csv,"VI. თოვლი სთოვს, ქარი ბობოქრობს, ყელებ შაკრულა მთებისა; ჩამოდის ხევად ზოვები, ჩამონასხლეტნი კლდებისა. გაუბამ ყინულს ლურჯადა უბე-კალთები წყლებისა, მიუნაქრია ერთიან ვიწრო სავალი გზებისა.","VI. Snow falls, the wind rages, the mountains' necks are bound;
Avalanches descend into the ravine, broken from the cliffs.
Blue ice has bound the banks and bosoms of the waters,
The narrow passage of the roads is completely buried in drifts."
01_aluda_ketelauri_ge.csv,"ვის მასწყენია სიცოცხლე, გზას ის ვინ გაუდგებისა? წინ მიდის მგზავრი, მიჰკვალავს, ხუთიც უკვენა ჰყვებისა. სიმშილით შაწუხებული მთას ღმუის ჯოგი მგლებისა.","Who has grown weary of life, who will set out on the road?
Ahead goes the traveler, forging the path, five follow behind him.
Tormented by hunger, a pack of wolves howls at the mountain."
01_aluda_ketelauri_ge.csv,"„კარგს ნურას ჰნახავთ, ხევსურნო,“ ერთი დიაცი სწყრებისა. „ავაჰმე, ჩვენო სახ-კარო, ქვა-ქვაზე აღარ დგებაო, ციხეზე, ჭერხოს ბოძებზე ეხლა ყოვები სხდებაო“.","""May you see no good, Khevsurians,"" a woman cries out in anger. ""Woe, our home, stone no longer stands upon stone; on the tower, on the pillars of the attic, ravens are perching now."""
01_aluda_ketelauri_ge.csv,"დედა ეტყოდა ალუდას: – შვილო, იარე ნელაო, შენთან ვერ გავძლებთ ვერც მენა, ვერც შენი ცოლი ლელაო, ბალღები აგვიბოჟირდა, ხელ-ფეხ დაგვიზრა ძნელაო. ვაჰმე, რა უგზოდ დავდივართ, ვაჰმე, როგორა ბნელაო! ნეტავ არ დასჭირდებაა ხევსურთა შენი შველაო?! ვის რა წყალ-ჭალა გვისტუმრებს, სად რა-რა დავილევითა? უბინო, უსახ-კარონი სხვაკანაც დავიწყევითა. ვეღარ მიუვალთ ჩვენს სახ-კარს, გაღმა შატილის ხევითა. თავის მიწა-წყლის გაწირვა ძნელი ყოფილა მეტადა; მამაკვდავს დავფერებივარ, გონი გამხდია რეტადა. მუხლებ არ მამდევს, გულშია ბნელი ჩამიდგა სვეტადა. ვაჰ, მამა-პაპის საფლავნო, კლდენო, დამდგარნო მწვეტადა!","Mother would say to Aluda: ""My son, walk slowly,
Neither I nor your wife Lela can keep up with you,
The children have grown restless, their limbs frozen hard.
Alas, how pathless we wander, alas, how dark it is!
Will the Khevsurians not need your help anymore?
What riverbanks will host us, where will we waste away?
Homeless and hearthless, we shall perish elsewhere too.
We can no longer reach our home, across the Shatili valley.
To forsake one's own land is harder than anything;
I have turned the color of the dying, my mind is reeling.
My knees fail me, darkness has risen like a pillar in my heart.
Oh, graves of our forefathers, oh, sharp-peaked rocks!"""
01_aluda_ketelauri_ge.csv,"ჯავრობით ეტყვის ალუდა: – დიაცნო, ნუ ხართ ყბედადა, მოდით, მამყევით, ვიდინოთ, ღმერთმ ეს გვარგუნა ბედადა, ჯვარს არ აწყინოთ, თემს ნუ სწყევთ, ნუ გადიქცევით ცეტადა!","With bitterness Aluda says: – Women, do not be chattering, come, follow me, let us journey on, God has granted this as our fate, do not offend the Cross, do not curse the community, do not lose your wits!"
01_aluda_ketelauri_ge.csv,"ერთხელ მაუნდა ალუდას, ერთხელ მობრუნვა თავისა: „მშვიდობით, საჯიხვეებო, გამახარელნო თვალისა! მშვიდობით, ჩემო სახ-კარო, გულში ამშლელო ბრალისა! მშვიდობით, ჩვენო ბატონო, ყმათად მიმცემო ძალისა!“","Once Aluda desired to turn his head one last time: “Farewell, haunts of the ibex, gladdeners of the eye! Farewell, my home and hearth, stirrer of sorrow in the heart! Farewell, our Lord, giver of strength to your servants!”"
01_aluda_ketelauri_ge.csv,"გაწირეს მგზავრთა სამუდმოდ წყალი და მიწა თავისა. შტერად დამდგარან მთის წვერნი, ისმის ხვივილი ქარისა. გადვიდნენ, ქედი გადავლეს, თხრილი აღარ ჩანს კვალისა. ერთი მაისმა შორითა მწარე ქვითინი ქალისა.","The travelers have forever forsaken their own land and water. The mountain peaks stand dazed, the howling of the wind is heard. They have passed, crossed the ridge, and no trace of their path remains. Only the bitter sobbing of a woman was heard from afar."
02_host_and_guest_ge.csv,"I. ღამის წყვდიადში ჩაფლული, გამტკნარებულის სახითა, მოსჩანს ქისტეთის მიდამო სალის კლდეების ტახტითა. ბნელს ხევზე მოჰყეფს მდინარე, გულამღვრეული ჯავრითა. გადმოხრილიყვნენ მთანიცა, ხელ-პირს იბანდენ წყალზედა; ბევრი მომკვდარა მათს მკერდზე, სისხლს ვერ იხდენენ ტანზედა; ძმის მკვლელის სისხლი სწყურია, კაცი რომ მოდის გზაზედა. გზას ვამბობ, თორემ რა გზაა, ვიწრო ბილიკი კლდეზედა? სავალად მეტად ძნელია, ფეხს ძლივ აცილებს ფეხზედა. გაღმა სჩანს ქისტის სოფელი არწივის ბუდესავითა, – საამო არის საცქერლად დიაცის უბესავითა. სოფლის თავს სძინავს შავ ნისლსა დაფიქრებულის სახითა. ყურს უგდებს არე-მარესა, გულ-ლაღობს სანახავითა.","I. Shrouded in the darkness of night, with a wan and ghostly face,
The land of Kisteti appears, enthroned upon sheer cliffs.
In the dark gorge, the river barks, its heart muddied with grief.
The mountains, too, have leaned over, washing their hands and faces in the water;
Many have died upon their breasts, they cannot cleanse the blood from their bodies;
They thirst for the blood of a brother-killer, the man who travels the road.
I call it a road, but what road is it? A narrow path upon the rock.
It is a difficult way to tread, one can hardly set one foot before the other.
Across the way, the Kist village is seen, like an eagle’s nest—
Pleasant to behold, like a woman’s bosom.
Above the village, a black mist sleeps with a pensive look.
It listens to the surroundings, its heart gladdened by the sight."
02_host_and_guest_ge.csv,"სტუმარი ცოტა ხანისა ხვალ სხვაგან წავა აქითა. წავა, გადივლის გორებსა, ქედებსა ყინულიანსა; აბნელებს, უხილავად ჰქმნის ქვეყანას ხილულიანსა. თუ მონადირეს ატირებს, გზა-დაკარგულსა კლდეშია, ალაღებს მგელსა და ქურდსა, მოარულთ სიბნელეშია.","A guest for a short while, tomorrow it will depart from here. It will go, crossing hills and icy ridges; it brings darkness, making the visible world invisible. If it makes the hunter weep, lost among the cliffs, it emboldens the wolf and the thief, who roam in the darkness."
02_host_and_guest_ge.csv,"II. ზევიდამ ვინღაც უცნობმა კლდის ლოდი გადმოაგორა, მგზავრმა შეჰხედა პირ-აღმე, წინ უდგას მაღალი გორა. ყურს უგდებს… ცოტა ხანს შემდეგ მოესმა ქვიშის ჩხრიალი. მგზავრი სიათას იმარჯვებს: მტერი არ იყოს ტიალი. შესცქერის გაფაციცებით ფეხზე შემდგარის თოფითა, ჰხედავს, რომ მოალაჯუნებს კაცი ორ-კაპის ჯოხითა. შავი რამ მოსთრავს პირ-თავქვე, ქვიშა ქანავდა იმითა. არას ამბობდა უცნობი, სიტყვა არ მოსდის პირითა. უპრჭყვინავს სალტა თოფისა, ვით წვიმის ცვარი დილითა.","II. From above, someone unknown rolled down a boulder; the traveler looked upward, a high hill standing before him. He listens… a moment later, he heard the rustling of sand. The traveler readies his *siata* rifle: lest it be a wretched foe. He gazes intently, standing ready with his gun; he sees a man trudging down with a forked staff. Something black descends headlong, causing the sand to shift. The stranger said nothing, not a word escaped his lips. The band of his rifle glitters like the morning dew."
02_host_and_guest_ge.csv,"– ვინ ხარ, რა სულიერი ხარ, რას იარები ამ დროსა?","– Who are you, what manner of being are you, why do you wander at this hour?"
02_host_and_guest_ge.csv,"– ვინ გინდა? მონადირე ვარ, კაცს შენ ვერ გხედავ სანდოსა.","– Who do you want? I am a hunter, I do not see you as a man to be trusted."
02_host_and_guest_ge.csv,"– რაობით სანდო არა ვარ? სიტყვას რად ამბობ მცდარესა? ვითომ, რომ დავხეტიალობ შენებრ ამ კლდიან მხარესა? მეც მონადირე გახლავარ, დღეს კი ვეხეტე უბრალოდ.","– In what way am I not to be trusted? Why do you speak such false words? Just because I roam like you through these rocky lands? I too am a hunter, though today I was merely wandering."
02_host_and_guest_ge.csv,"– წესია მონადირისა, ხომ მაინც დაჰრჩი უვალოდ?","– It is the hunter's rule; you are clear of debt now, are you not?"
02_host_and_guest_ge.csv,"– ესეც ვალია, ძმობილო, ძლივსღა დავათრევ ფეხებსა, სულ დავიარე ჭიუხი, არა ვსტოვებდი ხევებსა. ზედ შავი ნისლი ჩამოწვა, ნიავი მოსცა ძლიერი, ხევებით შემომღმუოდა, როგორაც მგელი მშიერი. თვალწინ გზას ვეღარ ვირჩევდი, კლდეზე გადვარდნას ვლამობდი, ხამად ვარ, გეზი არ ვიცი, ამით ძლიერა ვწვალობდი.","– This too is a duty, brother, I can barely drag my feet; I have roamed all the crags, leaving no gorge unvisited. A black mist settled over them, a powerful wind blew, howling at me through the ravines like a hungry wolf. I could no longer see the path before my eyes, I was on the verge of falling from the cliffs; I am a stranger here, I know not the way, and I suffered greatly for it."
02_host_and_guest_ge.csv,"ბევრგან დავაფრთხე ნადირი, ცხადად ფეხის ხმა მესმოდა, ან როცა გადაფრენილის ჯიხვის რქა კლდეებს ესმოდა. ის იყო გულის საკლავი, თვალით ვერაფერს ვხედავდი, სროლას, ან მოკვლას ვინ იტყვის, წინ სვლას ვეღარა ვბედავდი.","In many places, I startled the game; I could clearly hear the sound of their footsteps, or the clatter of a leaping ibex's horn against the rocks. It was heart-rending; I could see nothing with my eyes. Let alone shooting or killing—I no longer even dared to move forward."
02_host_and_guest_ge.csv,"უცნობი ახლოს მივიდა, შორი-ახლოსა მდგომარე, „გამარჯვებაო“ მისძახა, „ნუ სჩივი, ნუ ხარ მწყრომარე“.","The stranger drew near, standing close by; he called out ""Victory!"" to him, ""Do not lament, do not be wrathful."""
02_host_and_guest_ge.csv,"– შენც გაგიმარჯოს, ძმობილო, ჰხოცო ნადირი მხტომარე.","– Hail to you too, brother, may you slay the leaping game."
02_host_and_guest_ge.csv,"– აი ნადირი, რას სჩივი? – უჩვენა ჯიხვი რქიანი, მკვდარი, რქებ-გადაგდებული, დადუმებული, ჭკვიანი. – თუ გინდა ეხლავ გავიყოთ, როგორც ამხანაგთ, ორადა, ჩიჩქიც არ მინდა მე მეტი, გავინაწილოთ სწორადა. ამაღამ ჩემთან წამოდი, სახლი არ მიდგა შორადა. სადაური ხარ, ძმობილო? სახელიც მითხარ შენია. ნუ სწუხარ, საზრდო შენთვისაც დღეს უფალს გაუჩენია. წილი გდებია შენაცა ამ ჩემგან მოკლულს ჯიხვშია. რად გიკვირს, არ გეხუმრები, არც გეფერები პირშია. მაშ, თუ ეს ასე არ არის, რად შამეფეთე ამ დროსა?! შაჰრცხვეს, ჩემ თავად, ვინც შენა ნაწილი დაგიკარგოსა. რა გქვიან? სახელი მითხარ, ხევსური სჩანხარ იერით.","– Here is the beast, what is your grievance? – He showed the horned ibex, dead, its horns cast back, silent and wise.
– If you wish, let us divide it now, like comrades, in two; I want not a scrap more, let us share it fairly.
Come with me tonight, my house is not far. Where are you from, brother? Tell me your name.
Do not be troubled, the Lord has provided sustenance for you as well today. You have a share in this ibex I have slain.
Why are you surprised? I am not jesting, nor am I flattering you to your face. If it were not so, why would you have crossed my path at such a time?!
Shame on me, if I should deny you your portion. What is your name? Tell me your name; you look like a Khevsur by your appearance."
02_host_and_guest_ge.csv,"– ნუნუა მქვიან, ძმისაო, გადმოხვეწილი ჭიელით, – იცრუა ზვიადაურმა, თვისი სახელი დამალა. რა ქნას? მის სახელს იცნობენ, ქისტებს ბევრს სისხლი ავალა; ბევრს ქისტს მოაჭრა მარჯვენა, უდროდ საფლავში ჩალალა.","""My name is Nunua, brother, an exile from Chieli,"" lied Zviadauri, hiding his name. What could he do? They knew his name; he had shed much Kist blood; he had severed the right hands of many Kists and sent them to an early grave."
02_host_and_guest_ge.csv,"– შენი სახელიც მასწავლე, ჩემი ხომ გითხარ მართლადა.","– Teach me your name as well, for I have truly told you mine."
02_host_and_guest_ge.csv,"– ჯოყოლა მქვიან, ძობილო, ალხასტაისძე გვარადა; არ მოგვიხდება, ერთურთში სიტყვა ვიუბნოთ მცდარადა. სახლი აქ ჯარეგას მიდგა, ქავი და ციხე კარადა. ამაღამ ჩემთან წამოდი, მე გაგიძღვები თავადა. თუ კარგად არ დაგიხვდები, არც დაგიხვდები ავადა. ხვალ თითონ იცი, ძმობილო, საითაც გინდა, იარე. ზოგს მე გიამბობ ჩემს დარდსა, ზოგიც შენ გამიზიარე.","– Joqola is my name, brother, Alkhastaisdze by surname;
It would not befit us to speak false words to one another.
My house stands here in Jarega, with stone walls and a fortress gate.
Come with me tonight; I shall lead the way myself.
If I cannot host you grandly, I shall certainly not host you poorly.
Tomorrow, brother, you may go wherever you wish.
I will tell you of my sorrows, and you shall share yours with me."
02_host_and_guest_ge.csv,"– საცა არ მიხნავ, ძმობილო, იქ ვმკო – ეს სადაურია? ყელი მოგიჭრავ ჯიხვისთვის, ფეხებიც ჩატყაულია. გესტუმრო, უარს არ გეტყვი, გიშველი ჯიხვის ზიდვასა, წილს კი არ მოგთხოვ, იცოდე, თავს არა ვკადრებ იმასა.","– To reap where I have not plowed, brother—what kind of custom is that? You have slit the ibex's throat, and its legs are already skinned. If I visit you, I will not refuse; I will help you carry the beast, but I will not ask for a share, mark my words; I would never stoop to such a thing."
02_host_and_guest_ge.csv,"შამოატყავეს ნადირი, წავიდნენ ჯარეგაშია, ბევრი იუბნეს ამბავი, ერთურთს გაეცნენ გზაშია.",They skinned the beast and set off for Jarega; they shared many stories and became acquainted on the way.
02_host_and_guest_ge.csv,"III. მივიდნენ, კოშკები დაჩნდა, აქა-იქ ჰყეფენ ძაღლები; კარებში იცქირებიან ცნობისმოყვარე ბალღები. დაეტყო ცხადად კლდის მსგავსად სიპით ნაგები სახლები.","III. They arrived, towers appeared, here and there dogs bark; curious children peek through the doorways. Houses built of slate, like cliffs, were clearly visible."
02_host_and_guest_ge.csv,"– აი, ეს ჩემი ოჯახი, ჩემი ციხე და სახლია; მობრძანდი, როგორც ძმა ძმასთან, ნათლიმამასთან – ნათლია.","– Here is my family, my fortress and my home; welcome, as a brother to a brother, a godfather to a godfather."
02_host_and_guest_ge.csv,"ცოლს დაუძახა ჯოყოლამ: – გამოიხედე კარშია! – ეტყობა თავმოწონება მასპინძელს საუბარშია. სდგანან დერეფანს, უცდიან… ცეცხლი ჰკრთებოდა ღველფზედა, ჩონგურს უკრავდა, დროული კაცი რამ უჯდა გვერდზედა. დაჰმღერდა გმირობისასა, მამა-პაპათა ცდისასა: როგორ არბევდნენ ფშავ-ხევსურთ, სისხლს არ არჩენდენ ძმისასა; ყველგან მადლობას სწირავენ მარჯვენას კაის ყმისასა.","Jokola called to his wife: – Look out, someone is at the door! –
The host’s pride was evident in his speech.
They stood in the hallway, waiting… fire flickered on the embers,
An elderly man sat beside him, playing the chonguri.
He sang of heroism, of the forefathers' trials:
How they raided the Pshavs and Khevsurs, never leaving a brother’s blood unavenged;
Everywhere they offer praise to the right hand of a brave warrior."
02_host_and_guest_ge.csv,"გამოჩნდა ქალი ლამაზი, შავის ტანსაცმლით მოსილი, როგორაც ალყა ტანადა, ვარსკვლავი ციდამ მოცლილი.","A beautiful woman appeared, clad in black raiment, slender as a poplar, like a star fallen from the sky."
02_host_and_guest_ge.csv,"– აი, სტუმარი მოგგვარე, – ღვთის წყალობაა ჩვენზედა, – როგორც დაგვხვდები, დიაცო, ეხლა ჰკიდია შენზედა.","– Look, I have brought you a guest,
– God's grace is upon us,
– How you receive him, woman,
now depends on you."
02_host_and_guest_ge.csv,"ქალმა სალამი მიართო: – სტუმარო, მოხვედ მშვიდობით! – შენდაც მშვიდობა, გაცოცხლოს თავის ქმრითა და წილობით!","The woman offered a greeting:
– Guest, welcome in peace!
– Peace be to you also, may you live long with your husband and your kin!"
02_host_and_guest_ge.csv,"სტუმარს აბჯარი წაუღო, მიიპატიჟეს შინაო; ქალი მისდევდა უკანა, ჯოყოლა მიდის წინაო; თან მისდევს ზვიადაური, ძმობილი გაიჩინაო.","He took the guest's armor, they invited him inside;
The woman followed behind, Jokola walked ahead;
Zviadauri followed along, having found a sworn brother."
02_host_and_guest_ge.csv,"IV. კაცი რომ სჩანდა სახლშია, ჭაღარ-შერთული, ხნიერი, წამოდგა ისიც ფეხზედა, როგორც კლდის ვეფხვი, ძლიერი. სტუმრად მოსული უცნობი, სტუმარს პატივს სცემს სხვისასა, ფეხზე ადგომა წესია, წესს ვერ დაარღვევს მთისასა. მაგრამ როს ნახა უცნობი, ფერი დაედო მგლისაო; ადვილად აიცნობოდა, რასაც ჰფიქრობდა ისაო. არ ეჭაშნიკა დროულს ქისტს დანახვა უცხოს ყმისაო. გული სცემს ბრაზმორეული, სახეც არ ჰმალავს ამასა, ხანჯრისკე ხელი მიუდის, ჩუმად სინჯავდა დანასა, მაგრამ სტუმარი სხვის სახლში ვერ გაშლის ხათაბალასა. ადგა და ჩუმად გავიდა, თითზე იკბინა მწარედა, სამჯერ ჩაიკრა გულს ხელი, როცა გავიდა გარედა.","IV. The man who was seen in the house, grey-streaked and aged,
He too rose to his feet, like a powerful mountain tiger.
A stranger come as a guest, he honors another’s guest;
To stand is the custom, and he cannot break the law of the mountains.
But when he saw the stranger, he took on the color of a wolf;
It was easy to discern what he was thinking.
The elderly Kist did not relish the sight of the foreign youth.
His heart beats with surging rage, and his face does not hide it;
His hand moves toward his dagger, quietly testing the blade,
But a guest in another’s house cannot unleash trouble.
He rose and went out silently, biting his finger bitterly;
Three times he struck his hand to his heart as he stepped outside."
02_host_and_guest_ge.csv,"წავიდა, კარი-კარ დადის, ენასა ჰლესავს შხამითა: „ქისტებო, ჩვენი მოსისხლე შემოგვეპარა ღამითა. სჩანს, რო ჯოყოლა ვერ იცნობს, არ უნახია თვალითა ეგ ჩვენი ამომგდებელი, ჩვენი მრბეველი ძალითა; გაუმაძღარი მუდამ ჟამს ჩვენის სისხლით და ძვალითა დღეს ჩვენს ხელთ არის, ვეცადოთ, ვაგემოთ გემო მწარია, მაგათ მოკლული ამ ზაფხულს გვყავს უპატრონო მკვდარია. სთქვით, თუ არ ვამბობ სიმართლეს, თუ ჩემი სიტყვა მცდარია?! გაიგოს ჩვენმა დუშმანმაც, არ გვაქვს უჯიშო გვარია. მიკვირს ჯოყოლას ჭკვისაგან, მტერს რად გაუღო კარია, ვისა ჰმასპინძლობს ჭკვათხელი, ცნობაზე რად არ არია?! ცხვირიდამ უნდა ვადინოთ ზვიადაურსა ძმარია, თუ არა, დიაცთ დაუთმოთ ჩვენი ხმალი და ფარია“.","He went, wandering from door to door, sharpening his tongue with venom:
“Kists, our blood-enemy has sneaked in upon us by night.
It seems Joqola does not recognize him, has not seen with his own eyes
That destroyer of ours, who ravages us with his might;
Ever insatiable with our blood and our bone;
Today he is in our hands, let us strive to give him a bitter taste,
By them, this summer, our dead were left unavenged.
Speak, if I do not tell the truth, if my word is false?!
Let our enemy also know that we are not of a base lineage.
I marvel at Joqola’s wits, why he opened the door to the enemy,
Whom does the shallow-witted host, why is he not in his senses?!
We must make Zviadauri pay most bitterly for his deeds,
Or else, let us surrender our swords and shields to the women.”"
02_host_and_guest_ge.csv,"აღელვდენ ქისტის შვილები, ყველამ შაიბა ხმალია, აღელვდა მთელი სოფელი: ბალღი, კაცი და ქალია. უნდა შასწირონ თავის მკვდარს ზვიადაურის თავია; უნდა მტრის საფლავზე დაკლან, როგორაც წესი არია.","The children of the Kists were stirred, everyone girded on their swords,
The whole village was moved: child, man, and woman.
They must sacrifice Zviadauri’s head to their dead;
They must slaughter him upon the enemy’s grave, as the custom dictates."
02_host_and_guest_ge.csv,"გაგზავნეს ერთი მზვერავი, თან აბარებენ ჩუმადა, მივიდეს ჯოყოლასთანა მეზობლურადა, ძმურადა; სოფლის განზრახვა არა გზით მას არ ჩაუგდოს ყურადა. ივახშმოს, იმუსაიფოს, გაიგოს სტუმრის ლოგინი; ღამე დაესხნენ, შაკონონ, არ უნდესთ ბევრი ლოდინი. მივიდა მოყურიადე ლაქარდიანის ენითა, სახელს ულოცავს ჯოყოლას, ლაღობს, არ არის წყენითა. ხალბათობს, ამბობს ამბებსა, ენას აკვესებს კვესითა. ვინ იცის, გული სავსე აქვს გველის შხამით და გესლითა.","They sent a scout, secretly instructing him:
Let him go to Jokola’s as a neighbor, as a brother;
By no means should he let him hear of the village’s intent.
Let him have supper, converse, and find out where the guest lies;
They would fall upon him at night and bind him, for they did not want to wait long.
The spy arrived with a flattering tongue,
Blessing Jokola’s name, acting merry and without offense.
He chats, tells stories, striking his tongue like a flint.
Who knows? His heart is full of a snake’s poison and venom."
02_host_and_guest_ge.csv,"ივახშმეს. თვისი სტუმარი მასპინძელს მოსწონს გულითა. „კარგი ვაჟკაცი ეტყობა“, – ფიცულობს თავის რჯულითა: „ეს ერთი ცნობა, ხვალ ძმობა, ერთად შევთვისდეთ სულითა“… მიიპატიჟა საძილედ, დაუთმო თვისი ლაჭანი. – არაო, – სტუმარი ეტყვის, – არ მინდა ლეიბ-საბანი. მე დერეფანში დავსწვები, შინ ძილს არც კი ვარ ჩვეული…","They supped. The host likes his guest with all his heart. “He seems a fine warrior,” he swears by his faith: “Today an acquaintance, tomorrow brotherhood, let us be united in spirit”... He invited him to sleep, offering his own bedding. “No,” the guest says, “I want no mattress or quilt. I will lie on the porch; I am not even used to sleeping indoors...”"
02_host_and_guest_ge.csv,"ასრულდა მისი წადილი, გულიდამ ამოწეული, მოყურიადეს ეს უნდა, ამად არს აქ მოწვეული. წავიდა გახარებული, შეატყობინა ყველასა. მამლის საჯდომი თუ იცის, მეტი რა უნდა მელასა?!","His heart's desire was fulfilled, drawn from his very soul; this is what the listener wanted, and why he was invited here. He departed overjoyed and informed everyone. If a fox knows where the rooster perches, what more could he possibly need?!"
02_host_and_guest_ge.csv,"V. – რა ამბავია, დიაცო? ხმალი მინდა და ხანჯარი! სახუმრო საქმე არაა, თავზე დაგვესხა მტრის ჯარი! ნამდვილ აკლებას გვიპირობს, გვღალატობს ჩვენი სტუმარი; ძმობით და მეგობრობითა შემოგვაპარა ლაშქარი! სუ, დაიცადე!.. მოვსტყუვდი… ჩვენი ქისტები არიან. რისთვის მოვიდნენ ამ დროსა, რას ბჭობენ, ვის რა სწადიან?! ყური დაუგდე კარგადა, კაცისა მესმის ხრიალი. რა მქისე ხმაურობაა, რა საზარელი გრიალი! ჩემს სტუმარსა ჰკვლენ, სწორედა, უდგასთ ხანჯრების პრიალი. უყურე უნამუსოთა, ჩემს ოჯახს როგორ ჰქელავენ! ჩაიგდეს ჩემი კაცობა, ფეხს ქვეშ ტყლაპივით სთელავენ, გავიგო, აბა, წავიდე, რაზე, რისთვისა ჰღელავენ?!","V. – What is happening, woman? I need my sword and dagger! This is no joking matter, an enemy army has fallen upon us! They truly mean to plunder us; our guest betrays us; under the guise of brotherhood and friendship, he has sneaked in a host! Hush, wait!.. I was mistaken... They are our own Kists. Why have they come at this hour, what are they debating, what do they desire?! Listen closely, I hear a man’s death rattle. What a harsh noise, what a terrible roar! They are killing my guest, indeed, their daggers are flashing. Look at the shameless ones, how they trample my home! They have cast aside my manhood, treading upon it like fruit leather underfoot. Let me see, let me go, why and for what are they so enraged?!"
02_host_and_guest_ge.csv,"ეს სთქვა ჯოყოლამ, წამოდგა, ხელ-ხანჯრიანი წავიდა. გააღო სახლის კარები, შეუპოვარად გავიდა. – რას სჩადით? – შემოუძახა: – ვის სტუმარს ჰბოჭავთ თოკითა? რად სტეხთ საუფლო ჩვენს წესსა, თავს ლაფს რად მასხამთ კოკითა? ჩემს სჯულსა ვფიცავ, სისხლს დავღვრი, განანებთ ბრიყულს ქცევასა, განანებთ, თუმცა ძმანი ხართ, ჩემის კაცობის ქელვასა!..","Thus spoke Jokola, rose, and went with dagger in hand. He opened the doors of the house and stepped out fearlessly.
– What are you doing? – he shouted: – Whose guest are you binding with ropes? Why do you break our sacred law? Why do you heap such shame upon me? By my faith I swear, I shall shed blood; I will make you rue this foolish deed. I will make you rue, though you are my brothers, this trampling of my honor!.."
02_host_and_guest_ge.csv,"– რას ამბობ, შტერო, რას ამბობ? რად არ მოდიხარ ცნებასა? მოსისხლე სტუმრის გულისთვის ძუძუს ვინ მოსჭრის დედასა?! – შემოუძახეს ქისტებმა ერთხმად, ძლიერად, ჭექითა: – შენ და შენს სტუმარს, ორივეს ერთად გადგისვრით ბექითა. თემს რაც სწადიან, მას იზამს თავის თემობის წესითა. მთელის ქისტეთის ამომგდე სტუმრად რადა გყავ სახლშია? ზვიადაურის სახელი ბავშვმაც კი იცის მთაშია. ეს იყო მუდამ, ჭკვათხელო, ჩვენის გაჟლეტის ცდაშია, მგლურად რო გვეტევებოდა, რო გვიჯდებოდა გზაშია.","“What are you saying, fool, what are you saying? Why do you not come to your senses? For the sake of a blood-enemy guest, who would cut off their mother’s breast?” – the Kists shouted at him in unison, powerfully, with a roar: “You and your guest, both together we shall hurl you from the cliff. Whatever the community desires, it shall do by the law of the community. Why do you keep the destroyer of all Kisteti as a guest in your home? Even a child in the mountains knows Zviadauri’s name. He was always, you witless one, seeking to slaughter us, lunging at us like a wolf, waylaying us on the road.”"
02_host_and_guest_ge.csv,"ჯოყოლა ცოტას შეფიქრდა, პირს სინანული წაესო, თითქოს ნატყორცი ისარი ზედ გულის კოვზზე დაესო.","Jokola reflected for a moment, regret spread across his face, as if a shot arrow had pierced him right in the pit of his heart."
02_host_and_guest_ge.csv,"– თვით ამან მოკლა შენი ძმა არყიანებში თოფითა, ჩვენ ვიცნობთ მაგის სახესა, გადალესულსა ცოფითა. „გახლავართ ზვიადაური!“ – ჩამოგვკიოდა გორითა; სულ კარგად ვიცით, ცხადადა, თვალს ვადევნებდით შორითა. აავსო ფშავ-ხევსურეთი აქით წასხმულის ძროხითა. უკან გაუდგა ლაშქარსა ფეხმარდი, ლეგის ჩოხითა. თავს რად იმურტლავ, ბეჩავო, გაუმაძღარის ღორითა? გული როგორ არ გერევა მაგასთან ჯდომა-ყოფნითა?!","– It was he himself who killed your brother in the birch groves with a rifle,
We know his face well, distorted by a rabid rage.
“I am Zviadauri!” – he would shout down to us from the hill;
We know it all clearly, we watched him from a distance.
He filled Pshav-Khevsureti with cattle driven from here.
He followed the army, swift-footed, in his gray chokha.
Why do you defile yourself, you wretch, with this insatiable pig?
How does your heart not turn from sitting and being with him?!"
02_host_and_guest_ge.csv,"– ეგ მართალია, იქნება… რა უნდა მითხრათ მაგითა, მითც ვერ მიაბამთ ჩემს გულსა თქვენს გულისთქმასთან ძაფითა. დღეს სტუმარია ეგ ჩემი, თუნდ ზღვა ემართოს სისხლისა, მითაც მე ვერ ვუღალატებ, ვფიცავ ღმერთს, ქმნილი იმისა. მე გთხოვ გაუშვა, მუსაო, ნუ სტანჯავ უდიერადა, როცა გასცდება ჩემს ოჯახს, იქ მოეპყარით ავადა. ვის გაუყიდავ სტუმარი? ქისტეთს სად თქმულა ამბადა? რა დავაშავე ისეთი, რომ მომიხედით კარადა? თვის რჯული დაგვიწყებიათ, მიტომ იქცევით მცდარადა; ჩემს ოჯახს პასუხს რით აძლევთ? სახლში ხართ, განა შარადა! ვაი თქვენ, ქისტის შვილებო, მომდგარნო ჩემს კარს ჯარადა! უიარაღოს აწვალებთ, გული რასა ჰგრძნობს თავადა?","– That may be true, perhaps… but what do you mean to tell me by that? Even so, you cannot bind my heart to your will with a thread. Today he is my guest, even if he owes a sea of blood; even then, I cannot betray him, I swear to God, His creature. I ask you to let him go, Musa, do not torment him so cruelly; once he passes beyond my hearth, then you may treat him as an enemy. Who has ever betrayed a guest? Where in Kisteti has such a tale been told? What have I done so wrong that you have come to my door in this way? You have forgotten your own law, and that is why you act so wrongly; how will you answer to my household? You are in a home, not on the highway! Woe to you, sons of Kists, gathered in a mob at my gate! You torture an unarmed man; what does your own heart feel?"
02_host_and_guest_ge.csv,"მუსა (ჯოყოლას): შენაც ამასთან შაგკონავთ, თემის პირს რომ სტეხ, თავხედო! ჩვენის ნარჩევის დარღვევა შენ როგორ უნდა გაჰბედო? აჰყეფდი ქოფაკივითა, აბდა-უბდაობ შტერადა; ამ გიაურის გულისთვის ძმებსაც ეპყრობი მტერადა. არ იცი, რომ შენი საქმეც დღეიდან წავა ცერადა?!","Musa (to Jokola): We shall bind you up with him as well, you insolent man who defies the community's will! How dare you violate what we have decreed? You have begun to bark like a cur, babbling like a fool; for the sake of this giaour, you treat even your brothers as enemies. Do you not know that from this day forth, your path will also go awry?"
02_host_and_guest_ge.csv,"ჯოყოლა (მუსას): რაო? ქოფაკო?! შენ ამბობ? ახლა ძაღლადაც გამხადე?! – იძრო ხანჯარი, მუსასა გულში უმარჯვა ვადამდე. – უყურე თვით ძაღლს, უყურე, გამითამამდა სადამდე! ჩემის კაცობის დამქცევნო, ლანძღვასაც მემართლებითა? ალლახსა ვფიცავ, გაგმუსრავთ, მანამ ამკაფავთ ხმლებითა, გრისხავდესთ ცა-ქვეყნის მადლი, უსამართლობას ჰშვრებითა!","Jokola (to Musa): What? You cur?! You dare say that? Now you have made a dog of me too?! – He drew his dagger and drove it into Musa’s heart, right to the hilt. – Look at the dog himself, look how bold he has become! You destroyers of my honor, do you even justify your insults against me? I swear by Allah, I will crush you before you hack me down with your swords; may the grace of heaven and earth curse you, for you commit such injustice!"
02_host_and_guest_ge.csv,"– რა ქმნა უღმერთომ, რა ქმნაო, გაგიჟდა, ჭკვაზე მცდარია… – ჯოყოლას თავზე დაეცა მთლი ქისტების ჯარია, ხელი შეუკრეს… არ მისცეს ნება, ეხმარა ხმალია… ხელ-ფეხშეკრული დერეფანს დააგდეს, როგორც მკვდარია, წყევლა ხალხისა ჭექაა, ნაფურთხი – წვიმის ცვარია. წამოიყვანეს დაჭრილი, ზვიადაურიც სტანია.","– What has the godless one done, what has he done? He has gone mad, he is out of his mind…
– The whole army of Kists fell upon Jokola's head,
They bound his hands… they did not let him use his sword…
Bound hand and foot, they threw him in the hallway like a corpse;
The people’s curse is thunder, their spit like falling rain.
They led away the wounded one, Zviadauri the captive."
02_host_and_guest_ge.csv,"რას ამბობს ზვიადაური? სახე რადა აქვს მტკნარია? ბოღმა მიტომ ჰკლავს ვაჟკაცსა, რომ ხელთ არა აქვს ხმალია: „ჩამიგდეთ ხელში, ძაღლებო, კარგი დაგიდგათ დარია“. ამას ამბობდა დინჯადა, სხვად არას მოუბარია. მიჰყავდათ სასაფლაოზე, სადაც ქისტების მკვდარია, უნდა თავის მკვდარს შესწირონ, რომ იქ უზიდოს წყალია, მსახურად ჰყავდეს, მორჩილად, და გაუბანდოს ჯღანია…","What does Zviadauri say? Why is his face so grim? Bitterness consumes the brave man because he holds no sword in his hand: ""Put one in my hand, you dogs, and a fine day shall dawn for you."" He said this calmly, uttering nothing else. They were leading him to the cemetery where the Kists' dead lie; they intend to sacrifice him to their deceased, so that he may carry water for them there, serve them obediently, and wash their tattered rags..."
02_host_and_guest_ge.csv,"VI. სოფლისა გაღმა გორია, დამწვარი, ქვიშიანია. ბევრი წევს იქა ვაჟკაცი, გულ-ლომი, ჯიშიანია. ძირს მისდგამს ბექი მდუმარე, ნაღვარი, თიხიანია. ხმალ-ხანჯრის, თოფის მხმარეთი არა სძგერს გული მაგარი; იმათ სჭამს მიწა უენო, სასტიკი, გაუმაძღარი; მასში ეშლება ყველასა ადამიანის იერი… ვერ გვიხსნის სიკვდილის ბჯღალით ძალა, ვერც სიტყვა ცბიერი. ბუნების ცოდვა ესაა, მუდამ საწყინო ჩემია: ავსა და კარგსა ყველას ჰკლავს, არავინ გადურჩენია. ყველა მგზავრთათვის ინთქმევა, როცა იღუპვის გემია!..","VI. Beyond the village lies a hill, scorched and sandy.
Many a brave man rests there, lion-hearted and noble.
At its base lies a silent slope, furrowed and clayey.
The strong hearts of those who wielded sword, dagger, and rifle beat no more;
The tongueless earth devours them, cruel and insatiable;
Within it, every human likeness dissolves...
Neither power nor cunning words can save us from death's claws.
This is nature’s sin, my eternal grievance:
It kills everyone, the evil and the good; it has spared no one.
For all passengers, everything is swallowed when the ship perishes!.."
02_host_and_guest_ge.csv,"მზე ჯერ არ ამოსულიყო, ნამს ჯერ ბალახზე ეძინა, არ დაებერა ნიავსა, დაბლა არ ჩამოეფინა, ურიცხვი კაცი და ქალი ჭალაზე შამოეფინა. მოჰყავდა ზვიადაური ხელშეკონილი გროვასა, ყველას უხარის მის მოკვლა, ან ვინ დაიწყებს გლოვასა?! სიკვდილი ყველას გვაშინებს, სხვას თუ ჰკვლენ, ცქერა გვწადიან; კაცნი ვერ ჰგრძნობენ ბევრჯელა, როგორ დიდს ცოდვას სჩადიან. რამდენი ავსული ვიცი, წარბშაუხრელად დადიან; თავის მტანჯველის შემუსრვა ან კი ვის არა სწადიან?!","The sun had not yet risen, the dew still slept upon the grass, the breeze had not yet stirred, nor descended to the ground; countless men and women spread across the meadow. The crowd brought Zviadauri, his hands bound; everyone rejoiced in his killing—who would begin to mourn? Death frightens us all, yet when another is slain, we long to watch; men often do not realize how great a sin they commit. How many wicked souls I know, walking with unyielding brows; and who, indeed, does not desire to crush their tormentor?"
02_host_and_guest_ge.csv,"VII. აი საფლავიც ქისტისა, ხალხი მოერტყა გარსაო, მოლა მოჰყვება ლოცვასა, იხსენებს თავის მკვდარსაო:","VII. Here is the grave of the Kist, the people have gathered around it; the mullah begins the prayer, commemorating his dead:"
02_host_and_guest_ge.csv,"„ნუ იტანჯები, დარლაო, ნუ შეიწუხებ თავსაო, მოვსდეგით შენნი მოძმენი შენის სამარის კარსაო, მსხვერპლსაცა გწირავთ, იხარე, არ გაჭმევთ მტრისა ჯავრსაო“.","„Do not suffer, Darla, do not trouble yourself; we, your brothers, have come to the door of your grave. We offer you a sacrifice—rejoice! We shall not let you bear the enemy’s spite.“"
02_host_and_guest_ge.csv,"– ძაღლ იყოს თქვენის მკვდრისადა! – ვაჟკაცი იღებს ხმასაო, ბეწვს იშლის ბრაზმორეული, როგორაც ვეფხვი – თმასაო. საკირის ცეცხლი ედება სამსხვერპლოს გულის-თქმასაო. რა მოსდრეკს წარბ-დაღრუბლილსა, ქედ-ჩაჟანგებულს მთასაო!","– May your dead be dogs! – the hero raises his voice,
Bristling with fury, like a tiger’s mane.
The fire of a lime-kiln ignites his sacrificial heart’s intent.
What can bend the cloud-browed, rust-crested mountain!"
02_host_and_guest_ge.csv,"აქცევენ ზვიადაურსა, ყელში აბჯენენ ხმალსაო:","They throw Zviadauri down, pressing a sword to his throat:"
02_host_and_guest_ge.csv,"„დარლასამც შაეწირები“, ყველა დასძახის მასაო.","""May you be sacrificed to Darla,"" everyone cries out to him."
02_host_and_guest_ge.csv,„ძაღლ იყოს თქვენის მკვდრისადა!“ – უპასუხებდა ხალხსაო.,"""Let a dog be for your dead!"" – he would answer the people."
02_host_and_guest_ge.csv,"არ იდრიკება ვაჟკაცი, არ შეიხრიდა წარბსაო.","A brave man does not falter, he would not even knit his brow."
02_host_and_guest_ge.csv,"გაოცდენ ქისტის შვილები, ხალხი დგებოდა ყალყსაო. „ლამის რომ არ შაეწიროს, ერთი უყურეთ ძაღლსაო!“ ¹ ჰყვირიან, თანაც ნელ-ნელა ყელში ურჭობენ ხმალსაო. „ძაღლ იყოს“, ყელში ამბობდა, მანამ მოსჭრიდენ თავსაო! „უცქირეთ, ერთი უცქირეთ, არ ახამხამებს თვალსაო!“ სიცოცხლე ჰქრება, სისხლი დის, – ზვიადაური კვდებოდა, გული ვერ მოჰკლა მტრის ხელმა, გული გულადვე რჩებოდა. და ამ სურათის მნახველი ერთი დიაცი ბნდებოდა, ცრემლებს ჰმალავდა ლამაზი, ხალხზე უკანა დგებოდა. მიშველებასა ჰლამობდა: „ნუ ჰკლავთ!“ ეძახის გულიო, ფიქრობდა ბრაზმორეული: ნეტავი მომცა ცულიო, ნეტავი ნებას მაძლევდეს დედაკაცობის რჯულიო, რომ ეგ ვაცოცხლო, სხვას ყველას გავაფთხობინო სულიო. ნეტავი იმას, ვინაცა მაგის მკლავზედა წვებოდა, ვისიცა მკერდი, აწ კრული, მაგის გულ-მკერდსა სწვდებოდა! ნეტავი იმას ოდესმე ქმრის ტრფობა გაუცვდებოდა?!","The sons of the Kists were amazed, the people rose up in awe.
“Look at the dog, he will not even yield to the sacrifice!” ¹
They shout, while slowly plunging the sword into his throat.
“Let him be a dog,” he muttered in his throat, until they severed his head!
“Look, just look, he does not even blink an eye!”
Life fades, blood flows—Zviadauri was dying,
The enemy’s hand could not kill his heart; his heart remained a heart.
And a woman witnessing this sight was fainting,
The beautiful one hid her tears, standing behind the crowd.
She yearned to help: “Do not kill him!” her heart cries out,
She thought, overcome with rage: “If only I were given an axe,
If only the law of womanhood allowed me,
To keep him alive and make all the others breathe their last.
Blessed is she who used to lie upon his arm,
Whose breast, now cursed, used to reach his chest!
Could her love for such a man ever wither?"
02_host_and_guest_ge.csv,"ქისტები გაწყრენ, იტკიცეს: ვერ აუსრულდათ წადილი, ვერ გაუკეთეს თავის მკვდარს მის შესაფერი სადილი. დაკლულმა დაჰკლა მათ გული და გაუცრუა ქადილი. შეურაცხყოფილთ უნდოდათ ერთად გაეძროთ ხანჯრები და გაეკეთათ მკვდრის გვამზე სისხლით ნაღები ფანჯრები. მაგრამ ვერ ჰბედვენ, სცხვენიანთ: „ცოდვაა!“ – ყველა ჰფიქრობდა. ხალხის გული და გონება სასინანულოდ მიჰქროდა. სთქვეს, როცა სახლში გაბრუნდენ, თავ-თავქვე ჩამოდიოდენ: ხომ მაგას არ მოვუკლავდით მტრებს, ავს რომ არ სჩადიოდენ? კარგი ვაჟკაცი ყოფილა, ყველა ალლახსა ჰფიცავდა, იმიტომ ვეფხვებრ გვებრძოდა, თავის მიწა-წყალს იცავდა. მაგრამ მტერს მტრულად მოექე, თვითონ უფალმა ბრძანაო, ის სჯობს, რაც მალე ვეცდებით, გულში ჩავურჭოთ დანაო.","The Kists grew angry and grieved: their desire went unfulfilled,
They could not offer their dead a fitting funeral feast.
The slain one pierced their hearts and thwarted their boastful vow.
Insulted, they longed to draw their daggers all at once
And carve windows of blood upon the corpse’s frame.
But they dare not, they feel shame: ""It is a sin!"" each one thought.
The people’s hearts and minds were racing toward remorse.
They spoke as they turned homeward, descending with heads bowed:
""Would we not have killed his enemies, had they not done evil?
He was a fine brave man,"" everyone swore by Allah,
""That is why he fought us like a tiger, defending his own land.
But treat an enemy as an enemy, the Lord Himself has commanded;
It is better that we strive soon to plunge a knife into his heart."""
02_host_and_guest_ge.csv,"წავიდნენ. ზვიადაური ზეზე გაწირეს ტიალად. თუნდა ძაღლებმა ათრიონ, ფრინველთა ჯიჯგნონ ზიარად; არ შაეწირა, ეგდოსო, ეგეც ეყოფა ზიანად. ამას იძახდენ ქისტები თავმოწონებით, ხმიანად. ამ ხმასვე იმეორებდენ ბნელი ხევები მთიანად.","They departed. They abandoned Zviadauri to a wretched fate. ""Let the dogs drag him, let the birds peck at him together; he was not sacrificed, let him lie there—that is loss enough."" Thus the Kists shouted with pride and clamor. And the dark mountain ravines echoed that same sound."
02_host_and_guest_ge.csv,"ჩამოდგა საღამოს ჟამი, მთიდამ მზის სხივი ჩამოხდა, სიბნელე მოიპარება, სინათლეს სული ამოჰხდა. დადგნენ, სულ დადგნენ მზის სხივნი, აღარ ელავდა ქვიშაო; აღარსადა სჩანს, გამქრალა თეთრი თმა შავის მთისაო; ნაღვლით ნაქარგი, ნაქსოვი სახე იმ სალის კლდისაო, რო მუდამ მგლოვიარეა, ცრემლი ანკარა სდისაო. სიკვდილსა გლოვა უხდება, მკვდარ ძმას – ტირილი დისაო, ტყესა – ხარ-ირმის ნაფრენი, ზოგ დროს – ყმუილი მგლისაო. ვაჟკაცსა – ომში სიკვდილი, ხელში – ნატეხი ხმლისაო, ომს – ლხინი გამარჯვებულთა და დამარცხება მტრისაო.","The evening hour has come, the sunbeam has descended from the mountain, darkness steals in, the light has breathed its last. The sunbeams have stopped, all stopped, the sand no longer glitters; nowhere to be seen, the white hair of the black mountain has vanished; the face of that sheer cliff, embroidered and woven with sorrow, which is forever mourning, with crystal tears flowing. Mourning befits death, a sister’s weeping befits a dead brother, the forest – the stag’s flight, and at times – the wolf’s howl. A warrior – death in battle, with a broken sword in hand, war – the victors' feast and the defeat of the foe."
02_host_and_guest_ge.csv,"ზვიადაურსა გლოვობდა შფოთვა და ბორგვნა წყლისაო, ნიავად ჩამონადენი ოხვრა მაღალის მთისაო. ცრემლი ნისლების ჯარისა ნაბრძანებია ღვთისაო. და წყაროს პირზე დიაცი, – ტურფა, ლამაზი, – ქისტისა, შუბლზე და მკერდზე წყალს ისხამს, დრო და დრო გული მისდისა. ბევრი იტირა ჩუმადა, თუმცა დრო და დრო ჰკრთებოდა, ზვიადაურის სიკვდილი თვალებში ელანდებოდა. სტიროდა, მაგრამ ტირილი არ იყო, ეხათრებოდა: ერთ მხრივ ხათრი აქვს თემისა, მეორით – ღმერთი აშინებს; ქისტეთის მტრისა მოზარეს თავს რისხვას გადმოადინებს. ეს ფიქრი გონებისაა, გული თავისას შვრებოდა, კაცის კაცურად სიკვდილი გულიდან არა ჰქრებოდა. ქალის გულს იგი სურათი შიგ გაეყარა ისრადა; იმან დაადვა ლამაზსა დაკლულის გლოვა კისრადა. სიბნელეს უცდის, მივიდეს, ღამით იტიროს მკვდარიო; იმას აღარა ჰფიქრობდა, ჯოყოლა როგორ არიო. ვის ცოლი ვის ქმარსა სტირის? რას სჩადის ჭკვაზე მცდარიო?! იქნება ჰკლავენ ჯოყოლას, სახლსაც შაუხსნეს კარიო!","The turmoil and churning of the waters mourned Zviadauri,
The sigh of the high mountain descending as a breeze.
The tears of the host of mists are commanded by God.
And at the spring’s edge, a woman—lovely, beautiful—of the Kists,
Splashes water on her brow and breast, her heart failing her time and again.
She wept much in silence, though she would startle from time to time,
The death of Zviadauri haunted her vision.
She wept, yet it was no ordinary weeping, for she felt constrained:
On one hand, she respects the community; on the other, God terrifies her;
Wrath will be poured upon the one who mourns the enemy of Kisteti.
This was the thought of the mind, but the heart did its own will,
The manly death of the man would not vanish from her heart.
That image had pierced the woman’s heart like an arrow;
It laid the mourning of the slaughtered upon the beautiful woman’s soul.
She waits for the darkness, to go and weep for the dead man by night;
She no longer gave thought to how Jokola fared.
Whose wife weeps for whose husband? What is she doing, this woman out of her mind?!
Perhaps they are killing Jokola, and have even broken down his door!"
02_host_and_guest_ge.csv,"წამოდგა, იხედებოდა როგორც დამფთხალი ნადირი, ხედნებ-ხედნებით ამოვლო ხევის კლდიანი ნაპირი; წყვდიადში საზარლად ისმის წყალთ ანაძრახი საყვირი. ამოვლო კრძალვით საფლავთან, მკვდარსა მუხლ-მოყრით დაეყრდნო, ქვითინებს გულამოსკვნითა, ცრემლსა სიპი ქვა დაედნო. აიხსნა დანა, მიჰმართა ზვიადაურსა იმითა, ააჭრა ნიშნად, სახსოვრად სამი ბალანი პირითა, ჩიქილის ტოტში შეხვია ბროლის თითებით თლილითა…","She stood up, looking about like a startled beast, and with cautious glances she traversed the rocky bank of the ravine; in the darkness, the dreadful trumpet of the waters' roar is heard. She approached the grave with reverence, knelt beside the dead man, sobbing heart-wrenchingly, her tears melting the slate stone. She drew her knife and turned toward Zviadauri, cutting three strands of hair with the blade as a sign, a memento, and wrapped them in the corner of her headscarf with her slender, crystal fingers…"
02_host_and_guest_ge.csv,"ეს რა ხმა ესმის, დგანდგარი? ყურებს გაუდის ჟივილი… საფლავებიდამ მოესმის მკვდრების წყრომა და ჩივილი! თითქოს ბალღებიც ატირდენ, გაუდისთ მწარედ წივილი! საერთო წყრომის ხმა ისმის, საერთო გულის ტკივილი: „რას შვრება უნამუსოვო“, გამწარებულნი ჩიოდენ, – „მაღალი ღმერთი გრისხავდეს!“ სამარით შემოჰკიოდენ. აჩქარებული ღრუბლები ცის პირზე გადმოდიოდენ.","What is this sound he hears, this thundering? A ringing pierces his ears…
From the graves he hears the dead’s anger and lament!
As if children too have burst into tears, their bitter shrieks resound!
A sound of collective wrath is heard, a collective heartache:
“What is he doing, the shameless one,” they complained in bitterness,
— “May the High God curse you!” they shrieked from the tomb.
Hurried clouds were drifting across the edge of the sky."
02_host_and_guest_ge.csv,"გაიქცა, მირბის, იხედავს, – მკვდარნი მისდევენ, სწორია. „შინით სად გაგვეხვეწები, აქით თუ გაგვეშორია?!“ ხმა ისმის დანადევნები, მასვე იძახის გორია, გარშემო დაყუდებული განა ერთი და ორია. „უნამუსოვო!“ მისძახდენ ტან დაწკეპილნი დეკანი, ბალახნი, ქვანი, ქვიშანი, იმ არე-მარეს მდებარნი. აგერ, საფლავით ამოდგა მისი მკვდარი ძმა ებარი, თავის ტოლებში უსწორო, ქისტეთს გათქმული მხედარი. თან მიჰკიოდა თავის დას, სიტყვა პირს მოსდის მჭეხარი: „ვაჰ, დაო, დაო, რა მიყავ? რისხვა რად დამეც მედგარი? მეორეს საფლავში ჩამდევ, ერთს სამარეში მდებარი! მაგით მიმტკიცებ დობასა, შენი ქალობა ეგ არი?!“","She fled, she runs, she looks back—the dead pursue her, it is true.
“Where will you flee from home, if you have turned away from us here?!”
A pursuing voice is heard, the hill cries out the same,
And those standing around are not just one or two.
“Shameless woman!” cried the slender rhododendrons,
The grasses, the stones, the sands, lying in that place.
Look, from the grave rose her dead brother Ebari,
Peerless among his peers, a rider famed in Kisteti.
He shrieked at his sister, thunderous words pouring from his mouth:
“Woe, sister, sister, what have you done to me? Why did you strike me with such fierce wrath?
You have cast me into a second grave, me, who was already lying in a tomb!
Is this how you prove your sisterhood? Is this what your womanhood is?!”"
02_host_and_guest_ge.csv,ბილიკზე მოსუნსულებდა სასაფლაოსკე მყეფარი.,A barker was padding along the path toward the cemetery.
02_host_and_guest_ge.csv,"VIII. – სად მიხვალ, სადა, წყეულო, საითკე მიეჩქარები?! ვინ გაჭმევს კაის ყმის ლეშსა? ძაღლო, დაგიდგა თვალები! შენს საჯიჯგნადაც გამხდარა ზვიადაურის ძვალები?! – სთქვა ეს აღაზამ და ქვებსა ესროდა ხშირა-ხშირადა. მირბის და მისდევს შმაგადა კლდიანის ხევის პირადა. ხმა ისევ ესმის მკვდრებისა, მას ბანს აძლევენ მთანიცა, სამდურავს ეუბნებიან აღაზას გიშრის თმანიცა.","VIII.
– Where are you going, where, you cursed one, where are you rushing?! Who will let you eat the flesh of a brave youth? Dog, may your eyes go blind! Have Zviadauri's bones become yours to tear apart?!
– Aghaza said this and threw stones repeatedly. She runs and follows madly along the edge of the rocky ravine. She still hears the voice of the dead, the mountains echo it back, and even Aghaza's jet-black hair speaks words of reproach."
02_host_and_guest_ge.csv,"მოუახლოვდა თავის სახლს, სინათლე მოსჩანს იქითა; უნდა იძახოს: „მიშველეთ“, ხმა მიაწვდინოს შიგითა. მაგრამ ვერ ამბობს ვერაფერს, ოფლი წყლად მოსდის შუბლზედა. მივიდა სულშეხუთული და გადაიქცა ზღუბლზედა.","He approached his house, a light shining from within;
He wanted to cry out, ""Help me!"" to make his voice reach those inside.
But he could say nothing, sweat pouring like water from his brow.
He arrived breathless and collapsed upon the threshold."
02_host_and_guest_ge.csv,"კერის პირს იჯდა ჯოყოლა, მუხლი გადეგდო მუხლზედა. „ვაჰმეო,“ – ეს კი იძახა, სიტყვა გაუშრა ენაზე. ქმარმა მოჰხვია ცოლს ხელი და მიითრია კერაზე. – რა დაგემართა, დიაცო? – ჩაეკითხება მშფოთარე, – სხვა სადარდელი მაკლია, ახლა შენ მექმნა მოზარე?! რა დაგემართა, რა არი? მითხარ, გახსენი ბაგეო! ხომ არვინ მოიწადინა გადაეგორე მკლავზეო? მითხარ, არ გაჭმევ იმის ჯავრს, ვანანებ ემავ წამზეო. ჩემის ნამუსის შემბღალავს მალე მოვიყვან ჭკვაზეო, როგორც ვანანე მუსასა მიხდომა სხვისა კარზეო. – პასუხს ელოდა ცოლისგან, დასჩერებოდა თავზეო. და თანაც ხანჯარს ჰბღუჯავდა, ხელი ეკიდა ტარზეო.","Jokola sat by the hearth, one knee crossed over the other.
""Woe is me!"" she cried, the word drying upon her tongue.
The husband put his arm around his wife and drew her toward the hearth.
""What has befallen you, woman?"" he asked, troubled.
""Do I lack other sorrows, that you must now become a mourner?!
What has happened to you, what is it? Speak, open your lips!
Did someone dare to lay a hand upon you?
Tell me, I will not let you suffer his insult; I will make him regret it this very moment.
I shall soon bring the defiler of my honor to his senses,
Just as I made Musa regret trespassing at another’s door.""
He waited for an answer from his wife, staring down at her,
While clutching his dagger, his hand resting upon the hilt."
02_host_and_guest_ge.csv,"ქალი ვერაფერს ამბობდა, გაჰმტკნარებოდა სახეო. თავს დასტრიალებს ჯოყოლა, ელის, რას ეტყვის ცოლია. შუაღამის დროს აღაზამ თან-თან მოიცა გონია. უთხრა ჯოყოლას: – „რას ამბობ? თავი რად დაიღონია? რად მოიგონებ იმასა, რაიც არ მოსაგონია? სულ ტყუილია… კაცისა არსად მინახავს ჭაჭანი, ვინ გამიბედავს მაგასა, რად მინდა ლეჩაქ-კაბანი?!","The woman could say nothing, her face had turned deathly pale. Jokola hovers over her, waiting for what his wife will say. At the hour of midnight, Aghaza gradually regained her senses. She said to Jokola: “What are you saying? Why have you let your heart grow heavy? Why do you imagine things that should not even be thought of? It is all a lie… I have seen no trace of a man anywhere; who would dare such a thing against me? If it were so, why would I even wear a woman’s veil and dress?!”"
02_host_and_guest_ge.csv,"სასაფლაოდამ დავბრუნდი, შენს ცხენს ვეძებდი ხევებში, ცხენის მაგივრად ბედკრული შიგ გევერიე დევებში. დამიხვდა შავ-ნაბდიანი, უზარმაზარის ტანისა: ჯერაც თვალებში მიელავს სიმყრალე იმის კანისა; დიდ-ყურა, კბილებ-ღაჯუნა, უმსგავსო, ფერად შავისა; ხელები გამომიწვადა, დიდი ხელები თავისა, მთის ოდნად სჩანდა მის თავზე მოშავფრო ქუდი ტყავისა. თან მითხრა: ჩემთან წამოდი, ჩემთან იცხოვრე, ქალაო, ბევრი მაქვს ოქრო და ვერცხლი, არაფერს დაგიმალაო. მე გამოვიქეც, შევშინდი, დევიც მომდევდა ღრიალით; მთელი ქვეყანა იძვროდა იმის ფეხებქვეშ გრიალით; მზარავდა ეს ხმაც, მთა-ბარიც წაღმა-უკუღმა ტრიალით, ძლივს მოვაღწიე და გამცნე ჩემი ვაება ხრიალით“.","I returned from the graveyard, searching for your horse in the ravines,
Instead of the horse, wretched me, I stumbled into the midst of devis.
One met me, clad in a black nabadi, of a colossal frame:
The stench of his skin still flashes before my eyes;
Large-eared, teeth-gnashing, hideous, black in color;
He reached out his hands to me, hands as large as a head,
A blackish leather hat on his head seemed like a small mountain.
He said to me: ""Come with me, live with me, woman,
I have much gold and silver, I shall hide nothing from you.""
I fled, terrified, and the devi pursued me with a roar;
The whole earth shook with a rumble beneath his feet;
That sound chilled me, as mountains and valleys spun topsy-turvy,
I barely reached here to tell you of my woe with a rasping cry."
02_host_and_guest_ge.csv,"ჯოყოლა ეტყვის: – დევს გარდა სხვა რამ საქმეა კიდევა, ჩემს ჭკვას არ სჯერა ნათქვამი, ჩემი ფიქრები ირევა. ნამტირალევი რადა ხარ? ღაწვებზე ცრემლი გდენია; ჩქარა სთქვი, სწორედ მითხარი, თორემ ვერ მომითმენია! სადარდო, საგულისხმო რამ გრძნობა გულს გადაგფრენია. ჩემს თვალებს ვერ დაემალვის იმ გრძნობის ნაკვალევია; არ შაიძლება არ დაჩნდეს ნასვამი, დანალევია!..","Jokola says to her:
– There is something else besides this matter,
My mind does not believe what is said,
My thoughts are in turmoil.
Why have you been weeping?
Tears are flowing on your cheeks;
Speak quickly, tell me the truth,
For I can no longer endure it!
Some sorrowful, heavy feeling
Has swept across your heart.
The traces of that feeling
Cannot be hidden from my eyes;
It is impossible for what has been drunk
Not to show its mark!.."
02_host_and_guest_ge.csv,"– რა დაგიმალო, ჯოყოლავ, ან რად შემრისხავ თქმისადა? – ეტყოდა ცოლი და ნაზი თრთოლა მიეცა ხმისადა: – ცრემლები შემიწირია იმ შენის მეგობრისადა. ძლიერ შემბრალდა ბეჩავი, რომ უცხოეთში კვდებოდა, არც ნათესავი, არც მოძმე, რომ ვისმე შეჰბრალებოდა! მაგრამ, როს ჰკლავდენ ხანჯრითა, ოდნავაც არა ჰკრთებოდა. იქნებ შენც გცოდე, ღმერთსაცა, მაგრამ ვიტირე, რა ვქნაო!..","– Why should I hide it from you, Jokola, or why should you rebuke me for the telling? – the wife said to him, her voice touched by a gentle tremor: – I have offered my tears for that friend of yours. I felt such pity for the poor soul, dying in a foreign land, with neither kin nor brother to grieve for him! Yet, as they struck him with the dagger, he did not flinch in the least. Perhaps I have sinned against you, and against God too, but I wept—what could I do!.."
02_host_and_guest_ge.csv,"– მაგისთვის როგორ შეგრისხავ? ტყუილს სჯობს სიმართლის თქმაო. იტირე?! მადლი გიქნია, მე რა გამგე ვარ მაგისა? დიაცს მუდამაც უხდება გლოვა ვაჟკაცის კარგისა.",– How could I rebuke you for that? It is better to tell the truth than a lie. You wept?! You have done a grace; who am I to judge such things? It always befits a woman to mourn a worthy man.
02_host_and_guest_ge.csv,"IX. მეორეს დილას აღაზამ ძროხა გარეკა მთისაკე, ჩამოდიოდენ ფრინვლები, იზიდებოდენ მკვდრისაკე; აღაზაც მიიპარება სასაფლაოს თავს კლდისაკე. იქიდამ აფთხობს ყორნებსა, სვავთა მხარ-მოფარფაშეთა, ორბებსა გაუმაძღრებსა, მკვდრის ლეშზე მოყაშყაშეთა; ხელს ამუშავებს და ჰმალავს თვალებს, მზებრ მოკაშკაშეთა. კლდიდამ გადისვრის კენჭებსა და თან წინდას ქსოვს ვითომა, ოსტატობს, ხალხმა ვერ შესძლოს იმის ფიქრების მიხდომა.","IX. The next morning Aghaza drove the cow toward the mountain;
Birds were descending, drawn toward the dead;
Aghaza too steals away toward the cliff above the graveyard.
From there she scares off the ravens, the vultures with fluttering wings,
The insatiable eagles, screeching over the corpse;
She keeps her hands busy and hides her eyes, shining like the sun.
From the cliff she tosses pebbles while pretending to knit a sock,
Acting with skill, so that people cannot guess her thoughts."
02_host_and_guest_ge.csv,"X. ბისოს მოვიდა ამბავი, ვით ნაქუხარი მეხადა: „მოუკლავთ ზვიადაური, ცით ჩამოსული სვეტადა, ფშავ-ხევსურეთის ფარ-ხმალი, გამოსადეგი მეტადა!“ შავის ამბისა გამგონეთ ზარი გამართეს დედათა.","X. To Biso came the news, like a thunderous bolt: ""Zviadauri has been slain, descended from heaven like a pillar, the shield and sword of Pshav-Khevsureti, most valiant of all!"" Upon hearing the dark tidings, the women raised a funeral wail."
02_host_and_guest_ge.csv,"ბისოს ტიროდა ბებერი, მოსთქვამს, ქვითინებს მწარედა: „ბედკრული რად ვარ ცოცხალი? მეც მიწას მიმაბარეთა; მკლავნი მაჩვენეთ შვილისა, მოიტათ, ჩამაბარეთა! ჩემის შვილისა მარჯვენით გულს მიწა მომაყარეთა; ვაჰმე, რადა ვარ ცოცხალი? რისთვის-ღა ვსთელავ არეთა?! მკვდარნო, რად არ მეც ადრევე თქვენთან არ დამიბარეთა? როგორ ვიგონო თავის ძე ურჯულოს არე-მარეთა?!“","In Biso the old man wept, lamenting, sobbing bitterly:
“Why am I, ill-fated, still alive? Commit me too to the earth;
Show me the arms of my son, bring them, surrender them to me!
With my son’s right hand, cast the soil upon my heart;
Alas, why am I alive? Why do I still walk this ground?!
O departed, why did you not call for me to join you sooner?
How can I bear to think of my son in the lands of the faithless?!”"
02_host_and_guest_ge.csv,"ვაჟკაცთ გაიგეს ამბავი, გასაგონარი ჭირითა, ერთმანეთს გადაეძრახნენ ბოღმით შემკულის პირითა: „რად გიკვირთ, როცა ჩვენს მფარველს ცხარის ცრემლითა ვსტირითა?!“ გამოიტანეს შუბები დუმით ნაპოხის ცხვირითა, ფარ-ხმალით მოკაზმულები ჯარს ამზადებენ დილითა. ეს ხომ ახალი არ არის, სისხლმა იდინოს მილითა. იძახის აპარეკაი: „საგძალი გინდათ კვირისა!“ „ქუდზე კაც უნდა წავიდეს!“ – ბაბურაული ჰყვირისა. აღელვებულთა ბორგვნაა, ხმა არ გეგონოსთ სტვირისა!","The warriors heard the news, a woe to be told,
They spoke to one another with mouths full of bitter bile:
""Why do you wonder that we weep for our protector with scalding tears?""
They brought out spears with tips greased with fat,
Clad in shields and swords, they ready the host at dawn.
This is nothing new—let blood flow in torrents.
Apareka cries out: ""You will need a week's provisions!""
""Every man who wears a hat must go!"" Baburauli shouts.
It is the roar of the restless; do not mistake it for the sound of a pipe!"
02_host_and_guest_ge.csv,"XI. – კარში გამოდი, ჯოყოლავ, წყნარად ნუ სწევხარ კერასა, რამდენი ხალხი მოერტყა იმ ჩვენის მთების წვერასა! ჩვენთან მოდიან სტუმრადა, ჩვენ გვიპირობენ წვევასა. შეგვანანებენ დედათა შვილთა აკვნების რწევასა. საქონელს ერეკებიან, რეულობაა როგორი?! აავსო ჯარმა, შეჰხედე, ჯარეგის თავი, სამ-გორი, დამთხვალთა მენახირეთა კლდეები მოსდევს ნაგორი. წადი, უშველე თავისებს, მტრის დასახვედრად მირბიან, შენც ისე წადი, ჯოყოლავ, როგორაც სხვანი მიდიან.","XI. – Step outside, Jokola, lie not so still by the hearth,
See how many men have swarmed the peaks of our mountains!
They come to us as ""guests,"" they plan to ""pay us a visit.""
They will make our mothers rue the rocking of their children's cradles.
They are driving off the livestock—what a turmoil it is!
The army has flooded, look, Jaregi’s summit and Sam-Gori,
The scree of the cliffs follows the fleeing shepherds.
Go, help your kin, they are rushing to face the foe,
Go you as well, Jokola, just as the others go."
02_host_and_guest_ge.csv,"– გავყვე?! რას ამბობ, ჭკვა-თხელო? არ გამივლევენ ახლოსა! მარტოკამ უნდა ვიომო, მთელმა ჯარეგამ მნახოსა; ვინ ერთგულია, ვინ არა, ქვეყანამ დაინახოსა. ქისტებს ორგული ვგონივარ, გამდგარი თავის რჯულზედა, ჰფიქრობენ, ვითომ ჯოყოლამ თავი გაჰყიდა ფულზედა, ქისტეთის მოღალატე ვარ, ხელაღებული სულზედა; მოაქვთ და ცოცხალს მადებენ საფლავის ქვასა გულზედა.","– Should I follow?! What are you saying, you foolish woman? They will not let me near! I must fight alone, so the whole host may see me; let the world see who is loyal and who is not. The Kists think me a traitor, turned away from my faith; they think Joqola sold himself for money, that I am a betrayer of Kisteti, having forsaken my soul; they come and place a tombstone upon my heart while I am still alive."
02_host_and_guest_ge.csv,"ამას ამბობდა ჯოყოლა, თან აბჯარს ისხამს ტანზედა: წელზე შაიბა ფრანგული, თოფი გადიგდო მხარზედა, ქისტს არ მაუდის ჯიშადა მუზარადის დგმა თავზედა. მარტოკა მიდის ცალს მხარეს, თავდადებული ცდაზედა, მტრის დასახვედრად სხვანია შამოეფინნენ მთაზედა.","Thus spoke Jokola, as he donned his armor: he buckled a Frankish blade to his waist and slung a rifle over his shoulder. It is not the custom of the Kist people to wear a helmet upon the head. Alone he goes to one side, resolute in his sacrifice, while others spread across the mountain to meet the foe."
02_host_and_guest_ge.csv,"XII. ჩამოდის ხევსურთა ჯარი დროშა მოჰქონდა წინასა; მიჰმართეს სასაფლაოსა, მდუმარეს ქისტთა ბინასა: მოძებნონ თავისი მკვდარი, მოკრიბონ გმირის ძვალები, ზვიადაურის მტანჯველთა ძირში მოსთხარონ თვალები.","XII. The Khevsur army descends,
A banner carried in the lead;
They headed for the cemetery,
The silent dwelling of the Kists:
To seek their dead,
To gather the hero's bones,
And from Zviadauri's tormentors,
To gouge out their eyes."
02_host_and_guest_ge.csv,"დაუხვდათ ქისტის ჯარიცა, ხევ-ხევის პირას მალული; შამოესროლეს თოფები, მაჟრები შემოსალტული; გზას არ უთმობენ ხევსურთა ბიჭები ამოსხარტული. ორივე მხრიდამ თოფებსა ზედ დაკიჟინით ისვრიან, ორსავე საქმე აწუხებს, ორნივე მედგრად იბრძვიან. ბლომად დალია ტყვიამა სისხლი, – მოძოვა ქუჩია, მაინც არ გატყდენ ქისტები, სდგანან ვით ციხე-ბურჯია. ბაბურაულმა ხევსურთა ხმალ-და-ხმალ ჩასვლა ურჩია. მივიდა საქმე ხმალზედა, ფარმა გზა მისცა საკაფი, საძევარი აქვთ ხევსურთა ძვირი განძი და ალაფი. ფარო, ნუ ჰმტყუვნობ გორდასა, შენა ხარ მაგის ჯალაფი; თავქვე მორბინალთ ხევსურთა წინ კლდე დაუხვდათ წარაფი.","They were met by the Kist army, hidden along the edges of the ravines;
They opened fire with their rifles, those hoop-bound barrels;
They yield no path to the Khevsur youths, who have sprung into action.
From both sides, they fire their guns amidst fierce war cries;
Both are burdened by their cause, and both fight with valor.
The bullets drank blood in abundance—grazing the mountain grass—
Yet the Kists did not break; they stand like a fortress tower.
Baburauli urged the Khevsurs to descend for sword-to-sword combat.
The battle came to the blade; the shield made way for the hewing;
The Khevsurs have a prize to claim—precious treasure and spoils.
O shield, do not fail the Gorda sword, for you are its companion;
As the Khevsurs rushed downward, a rocky ledge rose to meet them."
02_host_and_guest_ge.csv,"კლდიდამ გადუხტა უეცრად ქისტი ხმალ-მოღერებითა, აკვირვებს ქისტის ლაშქარსა მტრის ჯარის მოგერებითა. ზოგს მოტყუება ეგონა, ამბობდენ მოჩვენებითა: – ეგ ვინ უხვდება ხევსურთა? ჩვენი მხარეა, ვინ არი?","Suddenly, a Kist leapt from the cliff, brandishing his sword,
Astonishing the Kist host by repelling the enemy's army.
Some thought it a deception, saying it was an apparition:
""Who is that confronting the Khevsurians? He is on our side, but who is he?"""
02_host_and_guest_ge.csv,"– ეგ უნდა ჯოყოლა იყოს, სწორედ, ნამდვილად ის არი! – სთქვა ერთმა, სხვანიც დასთანხმდენ, გაოცებულნი უცქერენ. როგორ არ უფთხის გროვასა, თუმცა ხმალ-ხანჯრებს უღერენ. მოჰკლეს კიდეცა, იქცევა, მკერდს ხანჯრის წვერით უწერენ.","– That must be Jokola, exactly, it is truly he! – said one, and the others agreed, watching in amazement. How he does not flinch before the crowd, though they brandish swords and daggers at him. They killed him then; he falls, and they mark his chest with the tip of a dagger."
02_host_and_guest_ge.csv,"ქისტთ გაუხარდათ დიაღაც, – „მოჰკლან, თუ მოჰკლეს – ახია! ეხლაც მასხარად აგვიგდო, წინად ხომ ბევრჯელ აგვრია, სოფლისა გადრა ინდომა, ჩვენ კი ტალახში გაგვრია. მარტოკა მტრის ჯარს დაუხვდა, სწორედ დავლათით დაგვრია.“","The Kists rejoiced greatly, – “Let them kill him, if they killed him – it serves him right! Even now he has mocked us, as he often confounded us before; he wished to be better than the village, yet he dragged us through the mud. Alone he faced the enemy host, truly he has outshone us with his glory.”"
02_host_and_guest_ge.csv,"ხევსურთ ჯოყოლა გასწირეს მკვდარი, კლდის თავსა, კეტამზე. თითონ დაესხნენ ქისტებსა, ჩამოეფინნენ ფერდაზე. გახდა ხმალ-ხანჯრის ტრიალი, დაკრული მიდის მკერდამდე; ფარ-ხმალის ჩხერა, წკრიალი ცას ადიოდა ღმერთამდე.","The Khevsurs left Jokola for dead at the top of the cliff, upon a litter. They themselves fell upon the Kists, pouring down the mountain slope. The whirling of swords and daggers began, the strikes cutting deep to the chest; the clashing and ringing of shield and blade rose to the heavens, reaching God."
02_host_and_guest_ge.csv,"გაიქცა ქისტის ლაშქარი, კოშკებს მიჰმართა გრიალით, უკან მისდევენ ხევსურნი, თავზე ჩაჩქნების პრიალით; მოკრიბეს სასაფლაოზე ზვიადას ძვლები ტრიალით: ზოგი სად ეგდო, ზოგი სად, ფრინველთ ნაჯიჯგნი ფრიალით.","The Kist host fled, rushing toward the towers with a roar,
The Khevsurs pursued them, helmets glinting on their heads;
In the graveyard, they gathered Zviada’s bones with heavy hearts:
Some lay here, some there, torn and scattered by the birds."
02_host_and_guest_ge.csv,"მოკრიბეს ძვლები ხურჯინში და გამობრუნდნენ შინათვე, ასრულეს გულის წადილი, დანაპირები წინათვე. გამოირეკეს ცხვარ-ძროხა, გადმოავლიეს მთანია; ამოიყარეს მტრის ჯავრი, სადარდო რაღა არია?! უცხოეთს მაინც არ დაჰრჩათ, შინ მოაქვთ თავის მკვდარია, ფშავ-ხევსურეთის იმედი, ქავ-ციხე, რკინის კარია. მოძმენი დაიტირებენ თავის მკვდარს თავის წესზედა, მიაბარებენ სამარეს მამა-პაპათა გვერდზედა: ძვირად ღირს დანადინარი თავისის ცრემლი მკერდზედა!","They gathered the bones in a saddlebag and turned back home at once,
Fulfilling the heart's desire, the promise made long ago.
They drove out the sheep and cattle, crossing over the mountains;
They satisfied their grudge against the foe, what is there left to grieve?!
At least they did not leave him in a foreign land, they bring their dead home,
The hope of Pshav-Khevsureti, the stone fortress, the iron gate.
Kinsmen will mourn their dead according to their own rites,
They will commit him to the grave beside his forefathers:
Dearly valued are the tears shed upon one's own breast!"
02_host_and_guest_ge.csv,"XIII. – უცხოს კაცისა მოზარევ, ხევსურთ მოგიკლეს ქმარია. წადი, იტირე, აღაზავ, სამარეს მიაბარია. თავს დაჰყრანტალებს ყორანი, წვერ-ულვაშს უცრის ქარია.","XIII. – Mourner of a stranger, the Khevsurs have killed your husband. Go, weep, Aghaza, commit him to the grave. A raven croaks over his head, the wind sifts through his beard and mustache."
02_host_and_guest_ge.csv,"– შენს მტერსა ისეთი ყოფნა, რო ჩემი ყოფნა მწარია! აღარვინ მივლის ახლოსა, არვინ მიჭირა მხარია. იქვე დავმარხე კლდის თავზე, საფლავიც გავუთხარია; სუყველამ ზურგი მაქცია, ყველაყა განზე მდგარია. სასაფლაოც კი შემიკრეს, რო დამემარხა ცხედარი: ჯოყოლამ გვიღალატაო, მაგის ადგილი ეგ არი, საცა მარტოკა ომობდა, ჩვენთვისა ჩირქის მცხებარი, თემის პირისა გამტეხი, ორგული, დაუდეგარი. ცეცხლი მწვავს, ძმაო, ცეცხლი მწვავს უალო, მოუდებარი; გულს მიკლავს, გონებას მირევს ფიქრები გაუგებარი!","– May your enemy suffer such a fate, for my existence is bitter! No one comes near me anymore, no one stands by my side. I buried him right there, atop the cliff; I dug the grave myself. Everyone has turned their back on me; everyone stands aloof. They even barred the graveyard to prevent me from burying the body: ""Jokola has betrayed us,"" they say, ""that is where he belongs—where he fought alone, bringing shame upon us, a breaker of the community’s word, disloyal and wayward."" A fire burns me, brother, a flameless, unlit fire; incomprehensible thoughts kill my heart and cloud my mind!"
02_host_and_guest_ge.csv,"ცოლი სტიროდა ჯოყოლას, ცრემლს ასხურებდა ხშირადა, არჩვი ყელ-გადაგდებული, თმა-ხშირი, მთვარე პირადა, ეკერებოდა გულ-მკერდზე ქმარს მარგალიტის ღილადა.","The wife wept for Jokola, shedding tears incessantly,
A chamois with head thrown back, thick-haired, moon-faced,
She clung to her husband’s breast like a button of pearl."
02_host_and_guest_ge.csv,"XIV. ღამეა ბნელი, დელგმაა, დგანდგნარებს არე-მარეო. ღმერთო, მოჰხედე ტანჯულთა, უშველე, შაიწყალეო! კარგი კარგია მაინცა, – ბეჩავი შაიყვარეო! ტანჯულთა ლოცვა-მუდარა გულს ვარდად დაიყარეო! თუ არ უშველი, საწყლების სულები მიიბარეო!.. გეყო მაგდენი მუქარა, ღრუბელო, გადიყარეო!","XIV. The night is dark, a deluge falls, the surroundings rumble. O God, look upon the suffering, help them, have mercy! Goodness is goodness still—love the wretched! Strew the prayers and pleas of the tormented like roses upon Your heart! If You will not help, then receive the souls of the poor! Enough of your threats, O cloud, disperse!"
02_host_and_guest_ge.csv,"მდინარე მოჰქუხს, მრისხანებს, ზედ ასქდებოდა ლოდებსა, დღესაც ისევე ბოროტობს, არ იცის, რისთვის ჰგოდებსა. არ ეშინიან ტანჯვისა, იმან არ იცის სიკვდილი. ერთი რამ იცის მხოლოდა: ცრემლის ღვრა, მაღლა ყვირილი, მუდამ ჟამს უცინარობა, მარტო ტირილი, ტირილი…","The river roars, it rages, crashing against the boulders; today it is just as fierce, not knowing why it laments. It does not fear suffering, it knows no death. It knows only one thing: the shedding of tears, a loud outcry, a perpetual joylessness, only weeping, weeping…"
02_host_and_guest_ge.csv,"ქარი სცემს, დაბლა ხევებით ჩამოკიჟინებს მთებითა; ქალი სდგას, მდინარეს დასცქერს, კლდეზე, გაშლილის თმებითა; სხივ მიხდილს ვარსკვლავს მაგონებს მკრთალად მთრთოლარის ყბებითა. არ იღებს ხმასა… შემკრთალი ჰკრთის, რომ დასცქერის მდინარეს; რა საზარლადა ხმაურობს, როგორ საზარლად მდინარებს! ლაშ-დაღრენილი, სასტიკი შავი ხეობა მძვინვარებს, „თავს ნუ იკლავო!“ აბა, თუ ერთმა ურჩიოს მაინცა. დახუჭა ქალმა თვალები, მსწრაფლად მორევში ჩაიქცა.","The wind beats, howling down from the mountains through the ravines;
A woman stands on a cliff, gazing at the river, her hair unbound;
She reminds me of a star whose light has faded, with pale, trembling lips.
She utters no sound… startled, she shudders as she looks down at the river;
How dreadfully it roars, how dreadfully it flows!
The snarling, cruel black valley rages;
If only someone would urge her: ""Do not kill yourself!""
The woman closed her eyes and swiftly plunged into the whirlpool."
02_host_and_guest_ge.csv,"– რაღად ვიცოცხლო, რიღასთვის? ამას ჰფიქრობდა ქალია. – ქისტეთში ჩემი ერთგული კენჭიც კი არსად არია. ორთავ შევცოდეთ ქისტებსა, მათ შამიჩვენეს ქმარია… მე უფრო დიდი ცოდვა მაქვს, უცხოსთვის ცრემლი ვღვარია.","– Why should I live, and for what? Thus thought the woman.
– In Kisteti, not even a pebble is left that is loyal to me.
We both sinned against the Kists, they have cursed my husband...
I have a greater sin still: I shed tears for a stranger."
02_host_and_guest_ge.csv,"წაიღო წყალმა აღაზა, ლამსა და ქვიშას შაჰრია.","The water carried Aghaza away, mingling her with silt and sand."
02_host_and_guest_ge.csv,"XV. იმ კლდის თავს, საცა ჯოყოლა მოჰკლეს ხევსურთა ბრძოლაში, ღამ-ღამ ჰხედავენ სურათსა ზვავისგან ნაგალს გორაში: კლდის თავს წადგება ჯოყოლა, სასაფლაოსკე იძახებს: „ზვიადაურო, ძმობილო, რად არ მაჩვენებ შენს სახეს?!“ სასაფლაოდამ წამოვა აჩრდილი ფარ-ხმალიანი, გულზე უწყვია დაკრეფით მკლავები სამკლავიანი. მივა და მიესალმება თავის ძმობილსა მდუმარედ. იქვე აღაზაც ამოდის სახე მოწყენით, მწუხარედ. ენთება ცეცხლი მათ გვერდით, მკრთალადა ბჟუტავს მთაზედა; იმათ ჰმასპინძლობს აღაზა, ჯიხვის მწვადს უწვავს ალზედა. ვაჟკაცობისას ამბობენ, ერთ-ურთის დანდობისასა, სტუმარ-მასპინძლის წესზედა ცნობის და და-ძმობისასა.","XV. At the top of that cliff, where Jokola was killed in the battle with the Khevsurians,
Night after night they see a vision formed by the snow on the hill:
Jokola stands at the cliff’s edge, calling toward the graveyard:
“Zviadauri, my sworn brother, why do you not show me your face?!”
From the graveyard comes a shadow with shield and sword,
His powerful arms folded across his chest.
He approaches and greets his sworn brother in silence.
There, too, Aghaza rises, her face sad and sorrowful.
A fire is lit beside them, flickering dimly on the mountain;
Aghaza hosts them, roasting ibex meat over the flames.
They speak of valor, of sparing one another,
Of the laws of host and guest, of recognition and brotherhood."
02_host_and_guest_ge.csv,"როცა მათ ჰხედავს ერთადა კაცი, ვერ ძღება ცქერითა; მაგრამ გაჩნდება ჯანღი რამ კურუმად შავის ფერითა, დაეფარება სანახავს წერა-მწერელის წერითა. ზედ აწევს ჯადოსავითა, არ დაიმტვრევა კვერითა, ვერც შეულოცავს მლოცავი, არც აიხდება ხელითა.","When a man beholds them together, he cannot sate his gaze; but a mist shall appear, pitch-black in hue, veiling the sight by the decree of the Great Scribe. It weighs upon it like a spell, unbreakable by any hammer; no healer can charm it away, nor can any hand lift it."
02_host_and_guest_ge.csv,"მხოლოდ მდინარის ხმა ისმის, დაბლა მიქანავს ხველითა და უფსკრულს დასცქერს პირიმზე მოღერებულის ყელითა…","Only the sound of the river is heard, rushing down with a rasping breath, as Pirimze gazes into the abyss with her slender, arched neck…"
03_the_snake_eater_ge.csv,"I. სასტუმროს იყვნენ ხევსურნი, ლუდი ედუღა წიქასა; ისხდენ ბანზედ და ღრეობდენ, თასებით ჰსვამდენ იმასა; ზოგნი უკრავდენ ფანდურსა, ზედ დაჰმღეროდენ დიდადა, მსმენელთა გრძნობას უდებდენ საგმირო ამბებს ხიდადა; აღგზნებით გმირთა სახელებს ლექსებში სთვლიდენ წმიდადა; მოხუცნი ჩიბუხებს სწევდენ, ბოლი ეხვიათ ნისლადა, განმარტავდიან მათ ამბავს, შანდობა თქვიან გმირთადა. ახლების საწურთნელადა იხსენებდიან ქებითა: „თქვენ იცით, ამას იქითა კაცად ვინც გამასდგებითა!“","I. The Khevsurians were at the guest-house, beer was brewing in the vessel;
They sat upon the flat roof and feasted, drinking it from bowls;
Some played the panduri, singing loudly to its tune,
Laying heroic tales as a bridge to the listeners' souls;
With fervor, they sacredly recounted the names of heroes in verse;
The elders smoked their pipes, the smoke enveloping them like mist,
They interpreted their deeds and offered blessings to the heroes' spirits.
To instruct the youth, they recalled them with praise:
""It is up to you now, whoever among you shall prove to be a man!"""
03_the_snake_eater_ge.csv,"კრებაში ერთი ვინმე სჩანს სახე-მკრთალი და მშვიდია, როგორც თაფლს მწერი, ეხვევა იმას მცირე და დიდია. დაღვრემილს წელზე ხმალი ჰრტყავ, მხარ-იღლივ ფარი ჰკიდია. მუხლებს წინ თავშიშველანი ორნი უსხედან ჩოქითა, თასებს აწვდიან, იღებენ შავს ლუდსა დიდის გობითა. – შასვი, მინდიავ, – ეტყვიან, – კაი ლუდია, სვიანი, გვითხარი რამე, ღვთის მადლსა, ერთი ქართული გზიანი.","In the gathering, one man appears, pale-faced and calm; like insects to honey, young and old swarm around him. A sword is girded at his somber waist, a shield hangs from his shoulder. Before his knees, two bareheaded men sit kneeling; they offer him bowls, scooping black beer from a large wooden basin. “Drink, Mindia,” they say to him, “it is good beer, full of hops; tell us something, by the grace of God, a wise Georgian word.”"
03_the_snake_eater_ge.csv,"– მთვრალმა რა გითხრათ, კაცებო, ჭკუა სასმელმა დაძალა, სათქმელი მემრისთვის დარჩეს, თუ კი სიკვდილმა მაცალა. – ასწია კარახანასა, გადიწურა და დაცალა.","– What can I tell you, men, while drunk? The drink has mastered my mind; let what is to be said remain for next time, if death spares me the time. – He raised the *karakhana*, tipped it back, and drained it dry."
03_the_snake_eater_ge.csv,"ტყვეობით დაბრუნებული ძმებში ყოფნითა სტკბებოდა, როგორაც სხვანი მრავალნი, ისიც ლუდითა თვრებოდა.","Having returned from captivity, he delighted in the company of his brothers; like many others, he too would grow drunk on beer."
03_the_snake_eater_ge.csv,ამ მინდიაზე ამბობდენ დაუჯერებელს ამბებსა: მინდია ტყვედა ჰყოლია თორმეტს წელს თურმე ქაჯებსა.,"About this Mindia, they told unbelievable tales: for twelve years, it is said, the Kajis held him captive."
03_the_snake_eater_ge.csv,"ტყვეობამ ფრიად დაჩაგრა, სამშობლოს გარეთ ყოფნამა; მიდის დრო, განვლო მრავალმა აღდგომამა და შობამა, მაგრამ მინდიას ტყვეობას არ ექნა დასასრულია, გული დაუდნო მონებამ, ამოსვლას ლამობს სულია. აგონდებოდა თავისი ჩამოთოვნილი მთებია, ჩაბნელებული ხევები, უსწორ-მასწორო გზებია, მის ბედის მგლოვიარენი დედა, მამა და ძმებია, თავისი ქოხი მწირული, სამოთხედ მისაღებია, ეშველათ, ბევრჯელ ხატ-ღმერთსა მხურვალედ შაჰვედრებია.","Captivity and being away from his homeland weighed heavily upon him; time passed, many Easters and Christmases went by, but there was no end to Mindia’s captivity. Slavery withered his heart, and his soul yearned to depart. He recalled his snow-capped mountains, the darkened ravines, and the rugged paths; his mother, father, and brothers mourning his fate; his humble hut, which to him seemed like paradise. Many times he had fervently prayed to the icons and God for help."
03_the_snake_eater_ge.csv,"ბოლოს სთქვა: „თავსა მოვიკლავ, ასეთს სიცოცხლეს სჯობია!“ ქაჯთათვის ცეცხლზე ნადგამი სადილად ნახა ქობია. იცოდა, გველსა ჰხარშავდენ, იმასა სჭამდენ ხშირადა; ქაჯნი ქაჯობით იტანდენ გველის მიღებას პირადა, და თავის თავზე იფიქრა, რომ ექცეოდა ჭირადა.","At last he said: ""I will kill myself, it is better than such a life!"" He saw a pot set upon the fire for the Kajis' dinner. He knew they were boiling a snake, for they ate it often; the Kajis, by their sorcerous nature, could endure eating the serpent, and he thought to himself that for him, it would be a fatal plague."
03_the_snake_eater_ge.csv,"აიღო ერთი ნაჭერი, ზიზღით, ქურდულად შეჭამა და ამ დროს მოწყალეს თვალით ტყვეს გადმოჰხედა ზეცამა: ახალად სული ჩაედგა, ახალი ხორცი აისხა; გულის ხედვა და თვალების, როგორც ბრმას და ყრუვს, გაეხსნა. ესმის დღეიდან ყოველი, რასაც ფრინველნი გალობენ, ან მცენარენი, ცხოველნი, როდის ილხენენ, წვალობენ. რაც კი რამ დაუბადია უფალს სულიერ-უსულო, ყველასაც თურმე ენა აქვს, არა ყოფილა ურჯულო.","He took a single piece, with loathing and in secret he ate it, and in that moment, Heaven looked down upon the captive with a merciful eye: a new soul was breathed into him, he was clothed in new flesh; the vision of his heart and eyes was opened, as if he had been blind and deaf. From this day forth, he hears everything—the songs of birds, the voices of plants and animals, when they rejoice and when they suffer. Whatever the Lord has created, animate or inanimate, it turns out they all have a language; none were without a soul."
03_the_snake_eater_ge.csv,"ამას ჰგრძნობს, უკვირს თითონაც ტყვეს თვის ბუნების ცვალება. შეიგნო, ჭამა გველისა ქაჯთაგან იყო ზმანება. სიბრძნე აჩვენეს გველადა, რომ ჰზიზღებოდა საჭმელად, თუმც „შენც ჭამეო, მინდიავ“, არა ზარობდენ სათქმელად.","He feels this, and the captive himself is amazed by the change in his nature. He realized that the eating of the snake was a vision from the Kajis. They presented wisdom in the form of a snake so that he would find it loathsome to eat, though they did not hesitate to say, ""You eat too, Mindia."""
03_the_snake_eater_ge.csv,"შეიგნო სიბრძნე ქაჯების ამიერიდამ ტყვემაო; მას მუსაიფი დაუწყო ცამ, დედამიწამ, ტყემაო. მხოლოდ ბოროტმა მის გულში ვერ მოიკიდა ფეხია, სხვა დანარჩენი ქაჯური ყველა ისწავლა ხერხია. მას აღარაფრის ეშინის, თუნდ თავს დაატყდეს მეხია. ქაჯნი ბრაზობენ, რა ჰხედვენ – გამეცნიერდა გლეხია. აღარ აშინებს ტყვეობა, აღარც ხრიკები ქაჯური, დღეს თუ ხვალ, იმედიანობს, ქაჯებს უჭიროს პანჩური.","Henceforth, the prisoner grasped the wisdom of the Kajis;
The sky, the earth, and the forest began to converse with him.
Only evil could find no footing within his heart,
But every other Kaji trick he mastered.
He fears nothing now, even should a thunderbolt strike his head.
The Kajis rage to see it—the peasant has become enlightened.
Captivity scares him no more, nor do the Kaji's wiles;
Today or tomorrow, he hopes, to give the Kajis a swift kick."
03_the_snake_eater_ge.csv,"მალია ტყვიასავითა, გრძნეული, როგორც გველია, აღმერთებს, ნუგეშად ჰსახავს ფშავ-ხევსურეთი მთელია, გვირგვინოსანი თამარი სულ-მუდამ ამის მთქმელია: „ოღონდ მინდია თან მყვანდეს, მასთან მთიელი ერია, რაც უნდ ძალიან ეცადოს, ვერას დამაკლებს მტერია“. იცის მტრის დასამარცხები და შემმუსვრელი ფანდია; თუ დაჭრილს ცოცხალს მიუსწრო, ნუ აქვს სიკვდილის დარდია. შუაზე გაჭრილს გაჰკურნავს მის უებარი წამალი; მით არ მცირდება ომებში, მუდამ ჯარი ჰყავ მრავალი; შორს არის ამბად წასული მისი თავგადასავალი.","He is swift as a bullet, mystical as a serpent,
All of Pshav-Khevsureti worships him and holds him as their solace,
The crowned Queen Tamar always says this:
“As long as I have Mindia with me, and with him the mountain folk,
No matter how hard the enemy tries, they can never harm me.”
He knows the tactics to defeat and crush the enemy;
If he reaches the wounded while they still live, they need not fear death.
His peerless medicine can heal even one cut in two;
Because of this, his ranks never thin in war, and his army is always vast;
The story of his adventures has traveled far and wide."
03_the_snake_eater_ge.csv,"II. როცა კი გაზაფხულდება, გამოიღვიძებს ქვეყანა: სილაღე, სიმხიარულე დასეირნობენ ყველგანა. გაჩნდება ჩირთი, ყვავილნი ეკონებიან მწვანესა, მინდია გაფაციცებით სულ მიმოივლის მთა-ველსა. ყველა მცენარეს და მღილსა ის ეგებება სალმითა, ბუნებაც „ვაშას“ უძახის მდიდრად მორთულის ალმითა, ყვავილნი ყელ-გადაგდებით, დახატულები კალმითა, „მინდიას გაუმარჯოსო“, ერთხმად ასტეხენ ჟიჟინსა, ხეები ფოთლებს არხევენ, ბუნება იწყებს ბიბინსა, და მერე სათითაოდა ყველა მოჰყვება ტიტინსა: „მე ვარო ა მ ი ს წამალი“; სხვა გაიძახის – „ი მ ი ს ა“; მინდიაც მოსწყვეტს, თან მიაქვს, ჯერ ზედ ნამი აქვთ დილისა.","II. Whenever spring arrives, the world awakens:
Carefreeness and joy wander everywhere.
Shoots appear, flowers embrace the greenery,
Mindia attentively roams over mountain and field.
Every plant and insect he greets with a salutation,
Nature too shouts ""Hurrah"" with a richly adorned banner,
Flowers with heads tossed back, as if painted by a pen,
""Long live Mindia!"" they raise a clamor in unison,
Trees sway their leaves, nature begins to rustle,
And then, one by one, they all begin to chatter:
""I am the cure for t h i s""; another cries out – ""for t h a t"";
Mindia plucks them and takes them along, while they still bear the morning dew."
03_the_snake_eater_ge.csv,"თურმე ზნედა სჭირთ ყვავილთა: ოღონდ ეწამლონ სნეულთა, სიცოცხლით გაფუფუნებულს არად აგდებენ სხეულთა; სალხინოდ ჰსახვენ, კაცთ სარგოდ, ძვალ-ხორცთა ჩამორღვეულთა. ყვავილთ ეს ზნე სჭირთ და ხეებს თურმე მოუვათ ტირილი; მარტოკა მინდიას ესმის მათი კვნესა და ჩივილი. ამისგან მისი ცხოვრება ძალიან დაცარულია: მივიდა ხესთან ცულითა, სთქვა: „უნდა მოვჭრა ესაო!“ შემოჰკრავს ცულსა და ამ დროს ხის შამოესმის კვნესაო: „ნუ მომკლავ, ჩემო მინდიავ, ნუ დამიბნელებ მზესაო, უიარაღო რომა ვარ, მიტომ მიბრიყვებ ხესაო?!.“ დაუდუნდება მკლავები, შტერად გაჰხედნებს ზეცასა. სხვა ხეს მიჰმართავს, ის უფრო მეტად დაიწყებს კვნესასა. ხელცარიელი წამოვა, ვერ მოიყოლებს შეშასა, და რომ ღველფზედა არ გაქრეს ცეცხლი, აანთებს თივასა ან ჩალას, გამხმარს ჯოყრებსა, თან მიაშველებს წივასა; თუ სად ხმელს წიწკრებს იპოვნის, არც დაიწუნებს იმასა. მაინც ღმერთს ჰმადლობს, მაინცა, საღამოსა და დილასა.","Flowers, it seems, possess this nature: as long as they can heal the sick, they care nothing for their own life-pampered bodies; they deem it a joy, for the benefit of man, to offer their broken flesh and bone. Such is the nature of flowers, and trees, it seems, are moved to tears; Mindia alone hears their moans and their laments. Because of this, his life is greatly hollowed: he approached a tree with an axe, saying, ""I must fell this one!"" He strikes with the axe, and in that moment, he hears the tree’s groan: ""Do not kill me, my Mindia, do not darken the sun for me! Is it because I am unarmed that you treat me, a tree, so cruelly?"" His arms grow weak, he gazes blankly at the sky. He turns to another tree, but it groans even louder. He returns empty-handed, unable to bring back firewood; and so the fire does not die upon the embers, he lights hay or straw, dried stalks, and adds dry grass; if he finds dry twigs anywhere, he does not disdain them. Still, he thanks God, nonetheless, every evening and every morning."
03_the_snake_eater_ge.csv,"სხვებსაც მას ურჩევს: „კაცებო, მოდით, ნუ ჰშვრებით ცოდვასა; ნუ მასჭრით ხესა, დავჯერდეთ ჯოყრებს, ხმელს წიწკრებს ცოტასა“. არავინ უსმენს, არქმევენ ამ გვარს მის რჩევას ბოდვასა: – „ღმერთს ჩვენთვის გაუჩენია სარგოდა, მოსახმარადა!“ და დღესაც არავინ ჰზოგავს ვერხვ-წიფელს მოსაკლავადა.","He advises others the same: “Men, come, do not commit this sin; do not cut down the tree, let us be content with stumps and a few dry twigs.” No one listens; they call his advice a delusion: “God has created it for our benefit and use!” And even today, no one spares the poplar and the beech from being slain."
03_the_snake_eater_ge.csv,"III. როცა ყანის მკას დაიწყებს, გიჟია, გადარეული: ერთს ფეხს აქ მოსჭრის, ერთს იქა, საგულე-ჩამოხეული; სულ გადასთელავს ყანასა, გაჰბურდღნის, გაატიალებს, მინამ ღონე აქვ მკლავშია, ციბრუტივითა ტრიალებს, და როცა დაიქანცება, გაიშხლართება მიწაზე.","III. When he begins to reap the field, he is mad, frenzied: he cuts one stalk here, another there, his chest heaving; he tramples the field entirely, shreds it, lays it waste; as long as there is strength in his arm, he spins like a whirligig, and when he is exhausted, he sprawls out upon the earth."
03_the_snake_eater_ge.csv,"რო ჰკითხოთ: „ასე რად სჩადი?“ ის გიპასუხებსთ იმაზე: – რას ამბობთ, კაცნო, არ გესმისთ, მიტომ მიწუნებთ ქცევასა. ის როდი იცით, თავთავნი როგორ მიწყებენ ხვეწნასა; უნდა იცოდეთ, ჰხედავდეთ თავთვების ყელის წევასა, ათი-ათასი ყოველ მხრივ რომ დაიქუხებს ერთადა, – ხელ-ნამგლიანი როცა ვარ, მნახავენ თავის ღმერთადა: – „არა, მე მომჭერ, მინდიავ, ნუ მტოვებ, შენი კვნესამე!“ „არა, მე, – სხვა გაიძახის, – უფრო მაშინებს ზეცა მე. პატარა ნისლიც რო ვნახო, ჩამოვიშლები ტანითა. ვაი თუ სეტყვა მოვიდეს, ყელი გამომჭრას დანითა“. სხვა უფროც ჰყვირის: „ნუ მწირავ, იხარე თავის ჯანითა!“ გამაგიჟებენ ბოჟირით, გადავირევი ბრალითა: ვცდილობ და ყველას ვერ ვწვდები ორის ხელით და თვალითა და ამ დროს თავადაც ვხდები მოსაბრუნები წყალითა. ყანასა სეტყვა აშინებს, – კაცთ უსაზრდოოდ დარჩენა, თორემ ვით ნამგალს, სეტყვასა სით შაუძლიან წახდენა?!. კაცთ სარგოდ თავსა ჰზოგავენ თავთავნი ოქროს ფერანი, – არ სწადით ოხრად ლპებოდენ, ჰკენკდენ ყვავნი და ძერანი. მიტომ ჩქარობენ მომკასა, ერთად ჟივიან ყველანი, ჰსურთ პურად იქცნენ, საჭმელად, რომ მითი გაძღნენ მშიერნი, – მკვდართ კაცთა შანდობა ვუთხრათ, ძალნი ვახსენოთ ციერნი.","If you ask: ""Why do you do this?"" he will answer you:
– ""What are you saying, men? You do not understand, and that is why you judge my conduct.
You do not know how the ears of grain begin to plead with me;
You should know, you should see the stretching of the ears' necks,
When ten thousand thunder together from every side—
When I stand with sickle in hand, they see me as their God:
– 'No, cut me, Mindia, do not leave me, I beg of you!'
'No, me,' another cries out, 'the sky scares me more.
If I see even a small mist, my body will crumble.
Woe if hail comes, it will slit my throat like a knife.'
Another screams even louder: 'Do not forsake me, may you thrive in health!'
They drive me mad with their clamor, I lose my mind with pity:
I try, but I cannot reach them all with only two hands and eyes,
And at such times, I myself need to be revived with water.
Hail terrifies the field—and men being left without food,
Otherwise, how can hail bring about an end as the sickle does?!
The golden-colored ears sacrifice themselves for the benefit of men—
They do not wish to rot in vain, to be pecked by crows and kites.
That is why they hurry to be reaped, they all clamor together,
They wish to become bread, to become food, so that the hungry may be filled—
That we may offer blessings for the dead and invoke the heavenly powers."""
03_the_snake_eater_ge.csv,"IV. ხატობა ჰქონდათ ხევსურთა, ლუდის სმა არი, ღრეობა. დიდს მლოცავს მოიპატიჟებს გუდანის ჯვარის დღეობა. ხალხია დაჯერებული, ბჭობენ უფროსნი მრავალსა: ზოგნი ამბობენ სხვის ამბავს, სხვანი – თავგადასავალსა; ამბობენ ვაჟკაცობისას, თოფისასა და ხმლისასა, ჯაჭვის მჭრელს წელზე ვინ ირტყამს, ყველა აქებდა იმასა. უსმენენ მოწიწებითა, თუ ვინ რას იტყვის ცდისასა. თანაც გააბეს მსჯელობა გველის-მჭამელის ცოდნაზე, ხის მჭრელის, ბალახთ მთიბელის, მათ ჩანადინარს ცოდვაზე.","IV. The Khevsurs held a shrine festival; there is beer-drinking and feasting. The feast of the Gudani Cross invites a great multitude of worshippers. The people are gathered, and the elders deliberate on many matters: some tell of others' stories, others of their own adventures; they speak of valor, of the rifle and the sword; whoever girds a chain-cutting blade at his waist, everyone praised him. They listen with reverence to whatever one says of his trials. At the same time, they began to discuss the Snake-Eater’s knowledge—of the woodcutter, the mower of grass, and the sin of their deeds."
03_the_snake_eater_ge.csv,"ჩალხია ეტყვის კრებასა: „მიკვირს ეგ თქვენი ფიქრია, წინავაც ბევრჯელ გითხარით, ეხლაც იმასვე ვიტყვია: ენა თუ ჰქონდეს ხე-ქვათა, ჩვენც რად არ გაგვიგონია? ჩვენს სატყუებლად მინდიას სიცრუე მოუგონია. ჩვენც მისებრ კაცნი არა ვართ, ჩვენც ყურები გვსხავ, მგონია?! მე სამალავად არ ვამბობ, თითონაც მისდის ყურშია; თუ ამას მართალს არ ვამბობ, იფიქროს თავის გულშია. ვსთქვათ, სიბრალული კარგია ხე-ქვა-ბალახთი, ცხოველთი… კაცის კვლა ყველასა სჭარბობს, თუნდ მტერი იყოს ყოველთი. მაშ აღარც კაცს უნდა ვკლავდეთ, გეტყვით, მისმინეთ, მე რასა: მტრისას, ხმლით ნაჭერს, მინახავ, მინდია სდგამდეს გორასა. რად სჩადის ამას, ხომ რჯულიც კლვისას არ გვაძლევს ნებასა, მაგრამ ვკლავთ იმას, ვინაცა ჩვენსა დაარღვევს შვებასა, ან მამულს გვართმევს, ან ცოლსა, ან გვიშლის რჯულის ცნებასა. მაშინ არც ღმერთი გვიცოდვებს მტრისად შაქცევას ხელისას, ეგრევე, ოღომც ვიცხოვროთ, მოჭრას წიფლის და თელისას“.","Chalkhia says to the assembly: “I marvel at your thoughts; I have told you many times before, and I say the same now: If trees and stones had tongues, why have we not heard them too? Mindia has invented a lie to deceive us. Are we not men like him? I believe we also have ears! I do not say this in secret; it reaches his own ears as well; if I do not speak the truth, let him ponder it in his heart. Suppose pity is good for trees, stones, grass, and animals... yet the killing of a man outweighs all, even if he be an enemy to everyone. Then we should not kill men either; listen to what I say: I have seen Mindia pile up a mound of enemies hewn by the sword. Why does he do this? For our faith does not grant us leave to kill, yet we kill him who would destroy our peace, or take our land, or our wife, or hinder our understanding of the faith. Then even God will not count it a sin to turn our hand against the enemy; likewise, so that we may live, the same applies to the felling of beech and elm.”"
03_the_snake_eater_ge.csv,"– არ სტყუის, არა, ჩალხია, მინდია ცრუობს სწორედა, ათასნაირი ტყუილი თვალწინ აგვიგო ყორედა, – ამბობდენ ხალხში ზოგები გაუბედავად, დონედა.","– He does not lie, no, Chalkhia is right; Mindia is the one who lies indeed. He has built a wall of a thousand lies before our very eyes, – some among the people were saying, timidly and low."
03_the_snake_eater_ge.csv,"– მაგ ფიქრს რომ მივყვეთ, შენს მტერსა, როგორღა გვეცხოვრებისა? ის რად ვიცოდვოთ, უფლისგან რაიც არ გვეცოდვებისა?!. თემთ რო გვარიგებს მაგაზე, ძალიან ცუდად შვრებისა. კარგთაგან იმედი გვაქვის მუდამ შველის და რგებისა და არა ჩვენის დაღუპვის, ჩვენის ცხოვრების ვნებისა!.. – ეს იყო გამონასკული აზრი ხევსურთა კრებისა…","– If we were to follow that thought—woe to your enemy—how then could we live? Why should we commit a sin for which the Lord will show us no mercy?! When the community is counseled so, it is done very wrongly. From the noble, we always hope for help and benefit, and not for our ruin, nor the harming of our way of life!.. – This was the final, settled conclusion of the Khevsur assembly…"
03_the_snake_eater_ge.csv,"მინდია იქავე იჯდა, თვალთაგან ცრემლი სდიოდა. არვინ იცოდა, თუ იმას გული რისაგან სტკიოდა. თვალნი მიეპყრნო ერთს მხარეს, ხალხისა არა ესმოდა; გამოერკვია ფიქრიდან, როცა ბერდია ეტყოდა: – რად არ ყურს გვიგდებ, მინდიავ, ნეტავ რისათვის სტირია? ეს არც კი მიკვირს შენგანა, არც სხვისგან გასაკვირია – ერთს წამში ცხრაჯერ შასცვალო გლოვა-ტირილზე ლხინია. – და მთელმა ხევსურთა გუნდმა მინდიასკე ქნა პირია…","Mindia sat right there, tears flowing from his eyes. No one knew why his heart was aching. His eyes were fixed in one direction, he heard nothing of the people; he was roused from his thoughts when Berdia said to him: – Why do you not heed us, Mindia, I wonder why you weep? I am not surprised by this from you, nor is it surprising from another – to change mourning and weeping for feasting nine times in a single moment. – And the whole band of Khevsurs turned their faces toward Mindia…"
03_the_snake_eater_ge.csv,"– ჰო და სთქვი, – კვლავ სთხოვს ბერდია, – გულზე რა ჭირი გჭირია? – აგერ იმ ჩიტებს ყურს ვუგდებ, – თითით უჩვენა ჩიტებზე, ორნი ფრთებ-ჩამოშვებულნი იფნის ქვეშ ისხდენ სიპებზე. – ერთი მეორეს უამბობს სიკვდილის ამბავს შვილებზე; მარცხნით მჯდომარე დედაა, მარჯვნისკე – ამბის მთხრობელი, თქვენს მტერს, რომ გულ-მოკლულადა შვილებსა ტირის მშობელი.","– Then speak, – Berdia asks again, – what sorrow weighs upon your heart?
– I am listening to those birds, – he pointed toward the birds,
Two with drooping wings sat on flat stones beneath the ash tree.
– One tells the other the story of their children's death;
The one on the left is the mother, on the right is the teller of the tale,
May it only happen to your enemy, that a heartbroken parent weeps for their children."
03_the_snake_eater_ge.csv,"ჩიტებს ეხლაღა შესცქერის ხევსურთა კრება სრულია, ჩიტთაგან ერთი იმ დროსა, თითქო მოჰსვლოდეს რულია, სიპიდან დაბლა დაეცა და განუტევა სულია. რომელი მოკვდა ორთაგან, ამის გაგება – რჯულია! ხევსურთ შაჰხედეს ერთმანერთს გაოცებულის თვალითა; ნუ თუ ასეთი ცოდნაო იქნება კაცის ძალითა? დარწმუნდენ იმის ცოდნაში, საქმე წინ ედვა ყველასა, მაგრამ ნაგრძნობსა გულითა გონებით ჰშველენ ვერასა: ბალახსაც სთიბენ, ნადირს ჰკვლენ, შეშით ანთებენ კერასა. ქათმის ხორცს რა შეაძულებს, თქვენვე მითხარით, მელასა?! ვინ ჩამოჯდება ღველფზედა, თუ ზედ არ ჰხედავს ძელასა?!.","The entire assembly of Khevsurs now gazes at the birds,
At that moment, one of the birds, as if overcome by sleep,
Fell from the stone ledge and gave up its soul.
Which of the two would die—to know this was the law!
The Khevsurs looked at one another with astonished eyes;
Could such knowledge be within the power of man?
They were convinced of his knowledge, for the proof lay before them all,
But what the heart felt, the mind could not explain:
They mow the grass, they kill the beast, they light the hearth with wood.
What would make a fox hate the meat of a hen, you tell me?!
Who would sit upon the embers, if they did not see the log?!"
03_the_snake_eater_ge.csv,"V. ბევრჯელ მოუნდათ ლაშქრობა ლეკ-სპარსებ, ქისტებ, თურქთანა, გამარჯვებულნი მოდიან ხევსურეთს ვაჟნი მუდამა. ზღუდე გამაგრდა ქართლისა, მტერს შაუკერეს სუდარა. ერი თუ მტრის მძლეველია, მის მეტი არა უნდა რა. მანამ მინდია ჰბელადობს, ხევსურებს არა უშავთ რა, ვეღარვინ ჰბედავს რჩოლასა, მყუდროობაა ყველგანა… ნეტავი იმას, ვისაც კი მადლიერი ჰყავს ქვეყანა.","V. Many times the Lezgins, Persians, Kists, and Turks desired to wage war, but the men always return to Khevsureti victorious. The bastion of Kartli was fortified; they stitched a shroud for the enemy. If a nation overcomes its foe, it needs nothing more. As long as Mindia leads, the Khevsurs are safe and well; no one dares to provoke them anymore, and tranquility reigns everywhere... Blessed is the one to whom the country is grateful."
03_the_snake_eater_ge.csv,"VI. ფრიალო კლდის თავს სახლი დგა, ცას ებჯინება ბანითა, ირგვლივ მთებია დიდრონი, აყრილნი სრულის ტანითა, გადალესილნი თოვლითა, მოუღალავნი ჯანითა. ერთხელ თუ ჰნახე ამგვარად, სულ გინდა ჰსინჯო თვალითა. იმაზე ლამაზებია, როცა ჰღელავენ მწვანითა. თუნდ მზე დაადგესთ გულ-მკერდზე, ზვავი სდიოდესთ ჭექითა, – ახველდებიან ხევები, ვით ავადმყოფნი ჭლექითა, მაინც სიტურფე იმათი ნაკურთხი არის ზეცითა. ბევრჯელ დაჰბრუნავს თავზედა გრილი ნიავი კვნესითა. ზაფხულში შავი ღრუბლები სანთლებს უნთებენ კვესითა. იქ ხომ ხვნით არავინა ჰხნავს, არც ვინ რას სთესავს თესითა, მარტო ჯიხვები დადიან კლდეებზე რქების ლესითა. და სალნი კლდენი, პირ-ქუშნი, უფსკრულს ჩასულნი ფესვითა, არც რო სულზედა ფიქრობენ, არც სუქდებიან ლეშითა, უსალმო-უალერსონი, გამომზირალნი ბრეშითა.","VI. Atop a sheer cliff a house stands, its roof propping up the sky; all around are massive mountains, risen in their full stature, sheathed in snow, tireless in their might. If once you behold them so, you will forever long to gaze upon them. They are even more beautiful when they ripple with green. Though the sun may rest upon their breast and avalanches descend with a roar—the ravines coughing like those sick with consumption—still, their splendor is blessed by the heavens. Many a time a cool breeze circles above them with a moan. In summer, black clouds light candles with a strike of flint. There, no one plows the earth, nor does anyone sow seeds; only the ibexes roam the crags, sharpening their horns. And the jagged rocks, grim-faced, their roots reaching into the abyss, think not of the soul, nor do they grow fat on carrion; greetingless and loveless, peering out through the mountain gaps."
03_the_snake_eater_ge.csv,"სახლზე კოშკია მიდგმული, შემურვილია ბოლითა, დღე-მუდამ შაძრწუნებული ჯაზეირების სროლითა. რა დაასვენებს საბრალოს, მინამდე ირგვლივ მტრებია, მინამდე შურის ძიება კაცის ტომს გულში სდებია, ნასროლი ტყვია მტრისაგან მკერდზე მრავალი სცხებია!","A tower is joined to the house, blackened by soot,
Forever shaken by the firing of muskets.
What shall bring the poor soul rest, while enemies surround it,
While the thirst for vengeance dwells in the hearts of men,
Many a bullet fired by the foe has struck upon its breast!"
03_the_snake_eater_ge.csv,"სახლიდან ისმის ჯავრობა, ხმა კამათობის, წყრომისა; ბევრნიც არავინ არიან, – საუბრის კილო ორისა. ღველფზედა ცეცხლი ანთია, გაჩაღებული შეშითა, იქით მხარეზე დიაცი მოჩანს ბალღების გვერდითა, აქეთ მარტოკა ხევსური ბევრს რასმე მოსთქვამს ხვნეშითა.","From the house comes the sound of resentment, the voice of dispute and wrath; there are not many there—the tone of two in conversation. Upon the embers a fire burns, kindled with wood; on that side a woman is seen beside the children, on this side a lone Khevsur laments many things with a sigh."
03_the_snake_eater_ge.csv,"(ქმარი) ის დღე გაშავდეს, რას დღესაც შენ მე დაგისვი ცოლადა. მინამდე კაცი არ მაჩნდა მიწაზე თავის ტოლადა. სრულ შენგან გავხდი, წყეულო, უგერგილოდ და ყროლადა. რა ვარ? განაღა კაცი ვარ, ღირსი, ცის ქვეშე ვიდოდე?! იმადვე ყოფნის, რაც ვიყავ, ნეტავ წამალი ვიცოდე!.. ფუჭია ჩემი სიცოცხლე, დღეს მჯობ შავის კლდის ლოდია, თქვენგან მჭირს ჭირი უწამლო, უფალს თქვენგანა ვცოდია. შვილებიც ჭირად გამიხდა, შამაცვლევინეს ფიქრია, დაკარგულს სულს და ხორცზედა ეხლა დღე და ღამ ვტირია.","(Husband) Let that day turn black, the day I took you as my wife. Until then, I saw no man on earth as my equal. Because of you, cursed one, I have become utterly inept and foul. What am I? Am I even a man, worthy to walk beneath the heavens?! If only I knew the remedy to be as I once was!.. My life is in vain; today a boulder of a black cliff is better than I. From you, I suffer an incurable plague; I have sinned before the Lord because of you. Even the children have become an affliction to me, they have changed my mind; now I weep day and night over my lost soul and flesh."
03_the_snake_eater_ge.csv,"(ცოლი) მე რად მაბრალებ თავის ბრალს, შინ როს მოგივედ ძალითა? გზად არ მიტევდი მიმავალს, მავსებდი ცოდვა-ბრალითა: „მზიავ, ძალიან მიყვარხარ“, ცრემლებს აბნევდი თვალითა და ჩემს ძმათ ჩემის გულისად შინ უხდებოდი ხმალითა. წინაზე ტკბილი შაქარი ეხლა გემწარე რისადა? ან შვილთა ყოლას რად ჰგლოვობ, მდურვას რად იტყვი ღვთისადა?! თავისი ცოლი და შვილი ვის გადაუგდავ სხვისადა? ჩვენ რადა გვსახავ მიზეზად შენის გუნების ცვლისადა?","(Wife) Why do you blame me for your own fault, when I came to your home by force?
You would not let me pass on my way, you overwhelmed me with your pleas:
“Mzia, I love you dearly,” you said, shedding tears from your eyes,
And for my sake, you faced my brothers in their home with a sword.
Why does the sugar, once so sweet, now taste bitter to you?
Or why do you mourn having children, why do you voice grievances against God?
Who has ever cast aside his own wife and child to another?
Why do you make us the reason for the change in your heart?"
03_the_snake_eater_ge.csv,"(ქმარი) იმიტომ, უჭკო დიაცო, რომ სწუწუნებდი, სჩიოდი: „სიცივე ბალღებს მილევსო“, შვილ-მამკვდარივით ჰკიოდი: „ბერდიას რამდენ შეშა აქვ, როგორს ცეცხლს ანთებს, ჰნახოდი“, ცხოვრების მაგალითადა ბრიყვები დამისახოდი. გულზე მოსაყვანს ქართულსა ჩემს გასაგონად ამბობდი, გეწადა კაი ცხოვრება, მოწამლულს ქადას აცხობდი. და მეც დღეს-ხვალეობითა, ცოტ-ცოტად, ნელაობითა დავიწყე თავის რწმენასთან მოქცევა მელაობითა: დღეს მოვჭერ ერთი ჭანდარი, თუმც მემუდარა ბევრია: „რად სჩადი მაგას, მინდიავ, ვითომ არ იყავ მტერია?!“ ხვალ ორი მოვჭერ, და ასე გული ჩავიდევ ქვისაო, რომ სულ აღარა მეგრძნო რა, ძალაც ვითხოვე ღვთისაო. შენ ჯიხვის ხორცსა ჰნატრობდი, თუ ვის მოკლული გსმენია, რამდენჯერ ჩემი გულ-მკერდი ამ ჩივილს გაუსენია: „ყმაწვილნ უხორცოდ დაზდილნი რა ვაჟკაცობას იზამენ? არსად არ გამიგონია ასრე გაზდილი სხვისა მენ“. ახ, რატომ ამის თქმამდინა არ დაგეყარა მიწა შენ!.. მეც მივყევ – ვხოცე ნადირი, გასუქ-გალაღეთ ლეშითა, თავის ბალღებით ჰხარობდი, მე დავრჩი თავის ტეხითა. სჯობდა კი ასე გახდომას გავთაულიყავ მეხითა; დაკარგულს ვეღარ მოვხელავ ვერა რომელის ხერხითა.","(Husband) Because, you witless woman, you whined and complained: “The cold is wasting away the children,” you shrieked like a mother who had lost her child: “If only you saw how much wood Berdia has, what a fire he lights,” holding up fools as examples of life for me. You spoke words meant to provoke me in my hearing; you craved a good life, but you were baking poisoned bread. And so, day by day, little by little, slowly, I began to treat my own faith with fox-like cunning: today I felled one plane tree, though it pleaded with me much: “Why do you do this, Mindia, as if you were not once our friend?!” Tomorrow I felled two, and thus I turned my heart to stone, so that I would feel nothing at all; I even asked God for the strength. You craved the meat of the ibex whenever you heard of another’s kill; how many times has my heart been pierced by this grievance: “What manliness will boys raised without meat show? I have never heard of anyone else’s children being raised so.” Ah, why did the earth not cover you before you said this!.. I gave in—I slaughtered the beasts, I made you fat and merry with carcasses; you rejoiced with your children, while I was left with a breaking heart. It would have been better to be struck down by lightning than to become like this; what is lost, I can no longer reclaim by any means."
03_the_snake_eater_ge.csv,"(ცოლი) ან შენ რა გიჭირს ისეთი, თავს რად იტკივებ ძალადა; შეშის ჭრას, ნადირთ ხოცვასა სხვან რად არ სთვლიან ბრალადა?","(Wife) What is so wrong with you, why do you trouble yourself so? Why do others not count cutting wood or killing beasts as a sin?"
03_the_snake_eater_ge.csv,"(ქმარი) არ იცი, არა, ჭკვა-თხელო, ყბედო, ზეზერე მგრძნობარევ, თავისა სასიამოვნოდ წუთისოფლისა მცნობარევ! არა ღირს იმად – ვიგლოვო თვისი ცოდნა და ძალია, რომ ჩემთან ერთიც მათგანი, ბრიყვო, აღარსად არია?!. არ უღირს, მკვდარმა იცოდეს თავის სიკვდილი, – მკვდარია, იგლოვოს თავისი თავი, თვის ყოფნა შესაზარია? სხვა ყოფნა, ამაზე მწარე, მიპოვნე შესადარია! ამ გვარი მკვდარი დღეს მე ვარ, სხვა მკვდრებს რა უჭირთ მკვდრობითა! არიან მოსვენებულნი, არაფერს გრძნობენ გრძნობითა. რითიღა ვარგო ქვეყანას, დავცარიელდი ცოდნითა: ყვავილნი არას მეტყვიან, აღარც ცნობა მაქვს იმათი; განა მეტიღა იქნება კაცმა თავს უგდოს ხიფათი? აღარა მესმის ფრინველთი, აღარა მესმის ყანისა, აღარ მსმენია მას შემდეგ ტკბილი სალამი მწვანისა. ეს არაფერი, სხვაფრივაც აღარ ვვარგივარ არადა; გინდა აქ ვეგდო მთაშია, გინდა ჩავიდე ბარადა, ჩემ ფერას უკეთურებსა არვინ იყიდის ჩალადა. ვეღარას ვარგებ ქვეყანას მტრის მამგერებელს ჯარშია, მიტომ, რომ წინანდებული ცნება აღარ მაქვს თავშია. რატომ მალედვე არ გაქრა ჩემი ვარსკვლავი ცაშია! დღესნამდე მტრები შინაით ვერა ძვრებოდენ კარშია შიშით, და ეს რომ გაიგონ, მოვლენ, მიწა-მტვრად გვაქცევენ, ჩვენ სახლებს, ციხე-კოშკებსა ნაოხრად გადააქცევენ. ცოცხალი ამას ვერ ვნახავ, თქვენი დღეც გათაულია, თქვენგან დავკარგე გონება, წმინდა გავყიდე რჯულია… ახლა ქვეყანაც დავღუპო, თქვენ პირში გედგასთ სულია!.. ან მე რად მინდა სიცოცხლე, ან თქვენ გაცოცხლოთ რაღადა, თუ მთელი ჩემი არსება აღარ იქნება საღადა?!. ან აქ რა პირით ვიცოცხლო? თავს რით ვიმართლებ ღმერთთანა? ყველასთან შარცხვენილი ვარ – ცოცხლებთანა და მკვდრებთანა. რისთვისღა მინდა აბჯარი, რისათვის მინდა ხმალია, თუ კი ჩემს მტრისად დაკრულსა აღარ ექნება ძალია?! ამ მიწის ამონაცენი ჩემი სესხი და ვალია, როგორღა ან პური ვჭამო, როგორ დავლიო წყალია?!","(Husband) You do not know, no, you shallow-minded, chatterer, superficial feeler, who knows the world only for your own pleasure! Is it not worth it—to mourn my own knowledge and power, when not a single one of them, you fool, is with me anymore?! Is it not worth it for a dead man to know his own death—he is dead; should he mourn himself, is his existence not horrific? Find me another existence, more bitter than this, to compare! Such a dead man am I today; what do other dead ones suffer in their death! They are at rest, they feel nothing through their senses. How can I serve the land anymore, I am emptied of knowledge: the flowers tell me nothing, I no longer have understanding of them; could a man face a greater peril? I no longer hear the birds, I no longer hear the field, I haven't heard since then the sweet greeting of the green. This is nothing, in other ways too I am good for nothing; whether I lie here in the mountains or go down to the plains, no one would buy a wretch like me for a piece of straw. I can no longer serve the land in the army that repels the enemy, because I no longer have my former wisdom in my head. Why did my star not vanish from the sky long ago! Until today, enemies from within dared not cross the threshold for fear, but if they learn of this, they will come, turn us to dust and earth, turn our houses, fortresses, and towers into ruins. I will not live to see this, your days are also over; because of you I lost my mind, I betrayed my holy faith... Now should I ruin the country too, while you still draw breath!.. Or why do I need life, or why should I let you live, if my entire being is no longer sound?! Or with what face can I live here? How shall I justify myself before God? I am shamed before everyone—the living and the dead. Why do I need armor, why do I need a sword, if my strike against the enemy will no longer have power?! What springs from this earth is my debt and my duty; how can I eat bread, how can I drink water?!"
03_the_snake_eater_ge.csv,"ადგა და გულხელ დაკრეფით გამოეფარა კარზედა. მთათ რომ შეჰხედა მაღალთა, დაიქვითინა მწარედა. მთანი ჩამოშრენ, პირ-თავქვე ქოთით მოდიან ღვარები, ხევებში ზვავი შათხელდა ვეშაპის მინაგვარები. აჩქამდა ბუერაზედა ანკარა წვიმის ცვარები, ველებზე ბზინვენ ყვავილნი – თამარ-დედოფლის თვალები. კლდის პირზე მოსულს პირი-მზეს გულ-მკერდში ვენაცვალები!.. მთაზე უვნებლად გადმოხდენ პირ-იქითული მგზავრები. მთის კალთებს ჰშვენის ცხვარ-ძროხა, როგორც ლამაზს ქალს ხალები; გაცოცხლებულა მთა-ბარი ზამთრისგან დანაწვალები. ქვეყნად ბევრია ბეჩავი, ბევრია შასაწყალები, ერთი რო ვნახოთ, სხვას ბევრსა ვერ ჰხედვენ ჩვენი თვალები!","He stood and, with arms folded, appeared at the door.
When he looked upon the high mountains, he sobbed bitterly.
The mountains have thawed, torrents come rushing headlong with a roar,
In the ravines, the avalanches thinned, resembling dragons.
Clear droplets of rain rustled upon the butterbur leaves,
Flowers shine in the fields – the eyes of Queen Tamar.
To the sun-faced one at the cliff’s edge, I offer my heart in devotion!..
Travelers from the far side crossed the mountain unharmed.
Sheep and cattle adorn the mountain slopes, like beauty marks on a lovely woman;
The mountains and valleys, tormented by winter, have come back to life.
In this world, there are many wretched ones, many to be pitied,
When we look at one thing, our eyes fail to see so many others!"
03_the_snake_eater_ge.csv,"სოფლებში ხმაურობაა, ძახილ-ძუხილი დიდია: „გააგებინეთ, სად არი გველის-მჭამელი მინდია; ქისტების მოდის ლაშქარი, არღუნს ჩატეხეს ხიდია, დახვედრა მტრისა, ვაჟებო, ეხლა ჩვენზედა ჰკიდია!“ დიდი მზადება შაექნათ, ხალხი ზღვასავით ღელავდა, საით მხარესაც გაჰხედავ, თოფი და ხმალი ელავდა. კარგა ხანია ხევსურნი მტრის რაზმებს აღარ სცელავდენ, მათ აოხრებულს ბანაკსა უწყალოდ აღარ სთელავდენ; ომისკე დამშეულები ძლივს მოელიან დილასა, ყველას ისა აქვს გულშია – ბელადს ვინ მოჰკლავს წინასა, თავსა და მარჯვენას მასჭრის, შინ მოვა სახელიანი, საკარგყმოდ თასი მიერთმის ხატობას სანთლებიანი. გვარიც დარჩება იმისი სამუდმოდ საქებიანი. ციხე-კოშკებში შადიან დიაცნი ბალღებიანი; მზად შაუნახეს ქმარ-შვილთა გუდები საგძლებიანი.","In the villages there is a clamor, the shouting and calling is great: “Let it be known, where is Mindia the snake-eater; the Kist army is coming, they have broken the bridge over the Argun, to meet the enemy, oh men, now rests upon us!” Great preparations began, the people surged like the sea, whichever way you look, rifles and swords flashed. It has been a long time since the Khevsurs mowed down enemy ranks, since they mercilessly trampled their ruined camps; hungry for war, they can hardly wait for the morning, each has this in his heart – who will be the first to kill the leader, cut off his head and right hand, and return home with a name, to be presented with a cup for valor at the candle-lit shrine festival. His lineage shall remain forever praiseworthy. Women with children enter the fortress-towers; they have prepared bags of provisions for their husbands and sons."
03_the_snake_eater_ge.csv,"VIII. ბინდდება. ბნელი ხევები იმურებიან შავადა. თვალს ისე ეჩვენებიან, თითქო გამხდარან ავადა. მთები მაღლები, კლდეები, ლაღი არაგვი თავადა – მოწყენილია სუყველა, ვხედავ, ჩუმადა ტირიან. მხოლოდ თამამად შიკრიკნი სოფლითი-სოფლად ყვირიან: „ვინაც ხვალ ლაშქარს დააკლდეს, ამოვარდებამც ძირიან!“","VIII. Twilight falls. The dark ravines turn grimly black. To the eye, they appear as if they have fallen ill. The high mountains, the cliffs, the proud Aragvi itself – all are saddened; I see them weeping silently. Only the bold messengers shout from village to village: “Whoever is missing from the host tomorrow, may they be uprooted from their very foundations!”"
03_the_snake_eater_ge.csv,"გარეთ აღარსად ცეცხლი ჩანს, არ ისმის სტვენა წყემსისა, კარში აღარა დასტოვეს დანაფასები ნემსისა. სოფლად მილაგდენ ყველანი, კოშკ-ციხეები ჰფარავენ, ცხვარ-ძროხას, საგანძურებსა ფარულს ალაგას ჰმალავენ.","No fire is seen outside anymore, nor is the shepherd’s whistle heard; they left not even the value of a needle at the door. Everyone has settled in the village, sheltered by tower-fortresses; sheep and cattle, and treasures, they hide in secret places."
03_the_snake_eater_ge.csv,"ცოტა რამ მკრთალი ნათელი ხახმატს ხატშია ჩნდებოდა, სანთლები ენთო ყორეზე, ალი იფნებსა ჰხვდებოდა, ხან ცისკრად გამოაშუქის, ხან კი მინელდის, ჰქრებოდა, სულ-მაბრძოლ სნეულსა ჰგავდა, ტანჯვა-ვაებით კვდებოდა.","A faint, pale light appeared within the Khakhmati shrine,
Candles flickered on the stone wall, their flames reaching the ash trees;
At times it would flare like the dawn, then dim and fade away,
Like a sick man in his final struggle, dying in agony and grief."
03_the_snake_eater_ge.csv,"სხვა იქ კაცის ძე არა ჩანს, ორნი ჰყუდიან ველზედა, ერთს სისხლიანი ხანჯარი უპყრავ, სისხლი აქვს ხელზედა; მათ წინ დაკლული კურატი წამოწოლილა გვერდზედა.","No other son of man was seen there; two stood upon the field. One held a bloody dagger, blood was on his hand; before them a slaughtered bullock lay on its side."
03_the_snake_eater_ge.csv,"ბერდია (ხევისბერი) წყალობა მოგცეს, მინდიავ, იმ გულზედა და წესზედა, რა ფიქრითაცა სწირავდე, იმედოვნებდე ღმერთზედა; ნუმც მოგეშლება სახელი, მინამ ხმალი გრტყავ წელზედა. იმედო ხევსურეთისავ, მწყალობელიმც გყავ ჯვარია, მუდამამც გამარჯვებული მიგყავ და მოგყავ ჯარია! მგონია, მეათე დაჰკალ წელსა, გასწყვიტე ძროხები, რას ეხვეწები მაგდენსა, რა გაქვის შანაცოდები? ერთი წესია, ორიცა, შენ ხვეწნა მეტის-მეტია. ნურასამც ვაწყენ ამით ღმერთს, რაც ეხლა დავიყბედია.","Berdia (the Khevisberi): May blessing be granted to you, Mindia, for that heart and that custom, for the thoughts with which you offer sacrifice and place your hope in God; may your name never fade as long as a sword is girded at your waist. O hope of Khevsureti, may the Cross be your protector; may you always lead your host to and fro in victory! I believe this is the tenth you have slaughtered this year; you have decimated the kine. Why do you plead so much? What sins have you committed? One or two is the custom, but your pleading is excessive. May I not offend God with what I have just blathered."
03_the_snake_eater_ge.csv,"(მინდია) ყევარი ხარი კიდევ მყავ, სამი თუ ოთხი ფურები, იმათაც აუსახელებ, ოღომც მამირჩეს წყლულები.","(Mindia) I still have a pair of oxen, and three or four cows; I will sacrifice them as well, if only my wounds would heal."
03_the_snake_eater_ge.csv,"(ბერდია) რა წყლული, კაცო, შენ წყლული ჩვენ არვის გაგვიგონია, შენ წყლულიანებს სხვებს არჩენ ათასობითა, მგონია.","(Berdia) What wound, man? We have never heard of you having a wound; you heal thousands of others who are wounded, I believe."
03_the_snake_eater_ge.csv,"(მინდია) სხვა რამ საქმეა, ბერდიავ, ადვილ ვერ ვიტყვი იმასა: თავის მარცხს კაცნი ვერ ვიტყვით, ჩქარა ვიუბნებთ სხვისასა. ფულის პატრონნი, თუ იცი, ყველგან გაჰხსნიან ქისასა? ხვალ, ხვალე-ზეგავ გაიგებთ, მაცნე რო მოვა მთისასა.","(Mindia) It is a different matter, Berdia, I cannot say it easily: men do not speak of their own failures, yet we are quick to talk of others'. Do those who possess wealth, tell me, open their purses everywhere? Tomorrow, or the day after, you shall know, when the messenger arrives from the mountains."
03_the_snake_eater_ge.csv,"(ბერდია) შენა ხარ ჩვენი იმედი, ხევსურთ დავლათიც შენთანა. ჩვენა გვწამ, შენაც ხომ იცი, რომ ჰლაპარაკობ ღმერთთანა, ხატიც გამმარჯვედ დაგყვების, კარგად იციან ყველგანა. ნუმც მოგეშლება დავლათი წმინდის გიორგის ძალითა, ნუმც გაგვიმეტებს უფალი, არ გიმფარველოს კალთითა. აიღო თასი ხელშია და კვლავ დაიწყებს ბერდია: „სადიდებულო გიორგის და სამწყალობლო შენია!.. შენ მეშველიმც-ა, რაც უფალს ხატები გაუჩენია, შენი მერჩოლი, ცოცხალი ერთიც ნუ დაურჩენია. ხვალ თუ ხვალე-ზეგ უცილოდ ომი გვექნება მტერთანა, მანამ ცოცხალი გვყევიხარ, რას გახდებიან ჩვენთანა?!“ ეს რომ სთქვა, მლოცავს თვალები აევსო ცხელის ცრემლითა, არ შამნიშნოსო, მობრუნდა და მოიწმინდა ხელითა. დაემხო საჯარის წინა, როგორც მოჭრილი ცელითა ჯოყარი რამა, თუ ფიჩხი, შასაკონავი წნელითა. ლოცულობს თვალ-ცრემლიანი, აზრი არ ისმის ლოცვისა. ასე მხურვალედ მლოცველი ვერ ნახა ვერა როდისა წინად ბერდიამ, – ეს უკვირს: უფრო ტანჯვაა გლოვისა, ვიდრე გულ-დაწყნარებული წყალობის გამოთხოვისა. ცრემლი სდის, ჩუმი ქვითინი აბჯრის ჟღერაში ერევა, ლოცულობს, დაჩოქილია, ხანიც მრავალი ელევა. „უსმინე, ხახმატის ჯვარო!“ თვითაც უმატებს იგია: „ნუ გაუქარწყლებ ვედრებას, კეთილზე დაარიგია“.","(Berdia) “You are our hope, the fortune of the Khevsurs is with you. We believe, and you know it too, that you speak with God; the Icon follows you in victory, it is well known everywhere. May your fortune never fail by the power of Saint George, may the Lord not forsake us, and may He shelter you with His mantle.”
Berdia took the cup in his hand and began again: “Glory to Saint George and mercy to you!.. May all the icons created by the Lord be your helpers, may not a single one of your foes be left alive. Tomorrow or the day after, we shall surely have war with the enemy; as long as you are alive among us, what can they achieve against us?!”
As he spoke, the supplicant’s eyes filled with hot tears; so as not to be noticed, he turned away and wiped them with his hand.
He collapsed before the altar like something cut by a scythe—a bundle of wood or twigs to be bound with a withe.
He prays with tearful eyes, the words of the prayer are not heard.
Never before had Berdia seen such a fervent supplicant—this surprises him: it is more the torment of mourning than a calm plea for mercy.
Tears flow, silent sobbing mingles with the clinking of armor; he prays, kneeling, as much time passes.
“Listen, Cross of Khakhmati!” he himself adds: “Do not let his plea be in vain, guide him toward the good.”"
03_the_snake_eater_ge.csv,"IX. შუა-ღამისას დაიწყო დელგმა, მოჰხეთქა ღვარები, გატეხეს, თუ სად ლოდების ხევებში იყო კარები და სწორედ არ მიუტანეს ბარს მთისა დანაბარები. ხშირად დაედვა ბალახთა ღრუბელთა ცრემლის ცვარები, გაჰქრა და აღარცა ბჟუტავს ხახმატს ლოდებზე სანთლები. აღარსად ხევისბერი სჩანს, აღარც მლოცავი მტირალი, მარტო საჯარის ყორეა მრისხანედ გამომზირალი და კლდეებს არღვევს არაგვი გაბეზრებული, მყვირალი.","IX. At midnight the deluge began, the torrents burst forth; they broke through whatever doors were in the rocky ravines and delivered the mountains' message straight to the plains. Often the dewdrops of the clouds' tears lay thick upon the grass; the candles on the stones of Khakhmati have vanished and flicker no more. Nowhere is the *khevisberi* seen, nor the weeping worshiper; only the stone wall of the shrine gazes out wrathfully, and the Aragvi, weary and screaming, breaks through the cliffs."
03_the_snake_eater_ge.csv,"X. დილაზე ფრთა-დაკეცილთა, ნამტირალევთა ღამითა, მთებზე ეძინა ნისლებსა მიტკლით შაკრულის თავითა; ზოგჯერ რო გაგვახარებენ მაცოცხლებელის ცვარითა, სხვა დროს ბედს გვაწყევინებენ ჩანადინარის ავითა. დაბლა ჭალა და ხევები, გუშინ სავსენი ზვავითა, დღეს სიცოცხლითა ხარობენ, გაბადრულნია მწვანითა, და კოშკი დაფიქრებული ხეობას დაჰმზერს მაღლითა.","X. In the morning, wings folded, tear-stained from the night,
The mists slept upon the mountains with heads bound in white;
Sometimes they gladden us with life-giving dew,
At other times they make us curse fate with the malice of their floods.
Below, the groves and ravines, yesterday filled with avalanches,
Today rejoice in life, radiant in green,
And the pensive tower gazes down upon the valley from on high."
03_the_snake_eater_ge.csv,"კოშკში მოსჩანან ქალები, როგორც ყვავილნი მთისანი, სძლევენ მტერს, თუ ვერ ხევსურნი – მათ სასაუბრო ის არი. სათოფურებით ჩაჰმზერენ მოუსვენარად ჭალასა და ახვეწებენ თავის ჯარს ღვთისა და ხატის ძალასა. აქით კარგად სჩანს მიდამო: მთა, მთის ყელები ყოველი, ვერ დაემალვის კაცის თვალს მწერი, ვერც ერთი ცხოველი. ზოგები სხედან ფიცარზე, ჰბჭობენ, თან ჰქსოვენ წინდასა, ისინიც სამშობლოსადა ლოცვას ამბობენ წმინდასა.","In the tower, women appear like mountain flowers; whether or not the Khevsurians defeat the enemy—that is the subject of their talk. Through the embrasures, they restlessly watch the valley below, entreating the power of God and the Icon for their army. From here, the surroundings are clearly visible: the mountains and every mountain pass; not an insect, nor any animal, can hide from the human eye. Some sit on wooden planks, deliberating while knitting socks; they, too, offer a sacred prayer for their motherland."
03_the_snake_eater_ge.csv,"სანდუა (დედაკაცი) მზიავ, გულ-შამოყრითა ხარ შენ უფრო სხვებზე მეტადა; ქმარას თუ ჰნანობ, თვალ-შურთხო, ვერ ჰქშერობ მოსაკვლელადა, არა გცოდნია, რო ომსა ის ჰსახავს თავის ბედადა და მინდიაის მამკლავი ჯერ არ გაუზდავ დედასა. მაშ მე რაღა ვქნა? ჩემები ბევრნი წავიდნენ ლაშქარსა: ჩემ კაცი, ძმანი სამნივე არ მაჰკლებიან ამქარსა. შენს ქმარს ხო ვერვინ აჯობნებს, ძველებურს იზამს ნაქნარსა, როგორაც ბევრჯელ უწინა, ეხლაც მტერს მისცემს ზიანსა: ვისაც მაუკლავს, ის მაჰკლავს ხარსა ირემსა რქიანსა.","Sandua (a woman): Mzia, you are more heavy-hearted than all the others. If you grieve for your husband, you bright-eyed one, and cannot bear the thought of him being killed, you must not know that he considers war to be his destiny. The mother who will raise the killer of Mindia has not yet been born. What then should I do? Many of my own have gone to the host: my husband and all three of my brothers have never been absent from the ranks. No one can surpass your husband; he will do as he has always done. Just as many times before, he will bring ruin to the enemy. He who has slain before will slay the antlered stag."
03_the_snake_eater_ge.csv,"(მზია) ვაჰ მე, რო ვეღარ იბიჭოს, ისეთს სიზმრებსა ჰხედავდა: მთელს ერთს წელს სნეულსა ჰგვანდა, თავის ხორცთ კბილით ჰკვნეტავდა. ცოლ-შვილთ გაგჟლეტთო, იძახდის, თუმც რადღაც არა ჰბედავდა. ხატ-ღმერთს მიეყრდნო, შასწირა, თუ სად რა გვყვანდა საქონი, მოვიდის, პურიც არ ჭამის, ვაპატიჟოდი რამდონი. მარტოკაც ბევრჯელა ვნახე, ჩუმად, ბალღივით ტიროდის: „დავკარგე ძვირი საუნჯე“, თავისთვის ამას იტყოდის. სულ ბანზე იჯდის ღამითა, აშტერდებოდა ცასაო, მოსულს და წასულს, არავის აღარა სცემდა ხმასაო; აღარც სტუმარი უნდოდის, ჩვენ ხომ არა და აღარა, ამ ცოტა ხანში თმა-წვერი დარდმა თუ გაუჭაღარა?!. ბევრჯელ ქურდულად ბნელაში დაუყუროდი ჩუმადა, მაგრამ მის მარტოდ ყოფნასა მე ვერ შაუვედ გულადა. რომ თავს და ხალხსა ტიროდის, ის კი შავიგენ სრულადა: „ვეღარას ვარგებ ქვეყანას“, ტიროდა დაფარულადა. ცოლ-შვილთ კი, უფრო ბოლოს დროს, გვეკიდებოდა მტრულადა.","(Mzia) Woe is me, he saw such dreams that he could no longer contain himself: for a whole year he seemed like a sick man, biting his own flesh with his teeth. ""I will slaughter my wife and children,"" he would cry out, though for some reason he did not dare. He turned to the icons and God, sacrificing whatever livestock we had; he would come home and not even eat bread, no matter how much I entreated him. Many times I saw him alone, weeping silently like a child: ""I have lost a precious treasure,"" he would say to himself. He would sit on the flat roof all night, staring at the sky; to those coming or going, he would no longer speak a word; he wanted no guests, and as for us—not at all; in this short time, has grief not turned his hair and beard gray?! Many times I watched him stealthily in the dark, but I did not have the heart to intrude upon his solitude. That he wept for himself and for the people, that I understood completely: ""I am of no use to the world anymore,"" he wept in secret. But toward his wife and children, especially toward the end, he treated us with hostility."
03_the_snake_eater_ge.csv,"(სანდუა) ჩვენ ეგ არ გაგვიგონია, პირველად მესმის შენგანა: მე ისივ მინდია მგონავ, შასადარები მზესთანა. მაგას, ათასი იუბნო, არ დაგიჯერებს ქვეყანა. მიკვირს, ეგ შენთან ნათქვამი რად არ იუბნა სხვებთანა? ვითომ რას ცოდნას გლოვობდა, რომელს ცოდნაზე ჩიოდა? ან თქვენ რის დამნაშავეთი?.. გული იმ რიგად სტკიოდა, რომ ცოლ-შვილთ დასალევადა ხმლისკე ხელ მიუდიოდა?!.","(Sandua) We have heard no such thing; I hear it from you for the first time. To me, Mindia is still the same, a man to be compared with the sun. Though you speak it a thousand times, the world will not believe you. I marvel why he did not say to others what he said to you. What knowledge was he mourning? What knowledge did he lament? And of what were you guilty?.. Did his heart ache so, that his hand reached for his sword to put an end to his wife and children?!."
03_the_snake_eater_ge.csv,"(მზია) ისიო, იმას ამბობდა, ემათ მზემ, არ ვსთქვა მრუდია, – ხელი დაადო შვილებსა, ორივ მის გვერდზე ჰყუდია, – რომ თქვენგან ცოდვაში შაველ, არ-საქნელი ვქენ საქმეო: შეშა ვჭერ, ნადირი ვხოცე, როგორც უბრალო რამეო. ყვავილნი ხმას აღარ მცემენ, აღარც ვარსკვლავნი ღამეო. უფლისგან მომადლებული დიდი ცოდნა და ძალია დავკარგე შენის აყოლით, წელზე რადღა მრტყავ ხმალია? და სხვა ამგვარი ათასი შამიგმის პირზე ცოფითა და ორჯერ-სამჯერ გადურჩი, კინაღამ მამკლა თოფითა. ალბათ ჯერ იმედი ჰქონდა, ხატებს ეხვეწა, იშრომა… თან ჩვენაც ვებრალებოდით და არ დაგვხოცა მიტომა.","(Mzia) He was saying this, by their life, let me not speak falsely – he placed his hand on the children, both standing by his side – that because of you I fell into sin, I did what should not be done: I chopped wood, I slaughtered beasts, as if they were simple things. The flowers no longer answer me, nor do the stars at night. The great knowledge and power bestowed by the Lord I have lost by following you; why do I still wear a sword at my waist? And a thousand other such things he spat at me with fury, and two or three times I escaped, he nearly killed me with a rifle. Perhaps he still had hope, he pleaded with the icons, he toiled... and he also took pity on us, and that is why he did not kill us."
03_the_snake_eater_ge.csv,"(სანდუა) თუ მართალია, რაცა სთქვი, შენგან ცოდვაში შავიდა, უნდა მოგეჭრას ეგ ენა, მაღლა დაგკიდონ კავითა, ძირს ცეცხლი შემოგიკეთონ, დაიწვა იმის ალითა: ქვეყნის ცოდვაში ჩამდგარხარ, ჩვენ ხო ვართ იმის ძალითა!","(Sandua) If what you have said is true, if he has fallen into sin because of you, that tongue of yours should be cut out, you should be hung high upon a hook, a fire lit beneath you to burn in its flames: you have brought sin upon the land, and it is by its power that we exist!"
03_the_snake_eater_ge.csv,"(მზია) ჰო, თუ ბრალი მაქვ რაიმე, ღირსიც ვიქნები დასჯისა; ის ცოდვა რად უნდა იყოს, ფიქრი რო მივეც გარჯისა? ცოლ-შვილნ თუ უნდან ვაჟკაცსა, შნოც უნდა ჰქონდეს ხარჯისა. ჩვენ საქმე ვიცით, დიაცთა რა გაგვეგება აბჯრისა… ეს თითონ უნდა ეფიქრა, კაცი იმისთვინ კაცია: ერთს თუ სხვისათვის არ უვნავ და არა გაუტაცია, ბრალი რად უნდა დაედვას ალალს, არ მქნელსა ცოდვისა? ცოდვა ერთისა სხვამა ზღოს, – მადლად სად თქმულა, როდისა? რაღაც ცუდს გრძნობდა მაინცა, იმითა სწუხდა ბეჩავი, ჩვენზედ იყრიდა ბოლოს ჯავრს, საქმის წინადვე მხედავი. წუხელაც ცუდ სიზმარ ვნახე, რა-რა იქნების, ნეტავი?!","(Mzia) Yes, if I am at fault in any way, I shall deserve punishment; but why should it be a sin that I gave thought to our livelihood? If a man desires a wife and children, he must also have the means to provide for them. We know our own work; what do we women understand of armor… He should have thought of this himself—that is what makes a man a man. If one has not harmed another nor stolen anything, why should blame be cast upon the innocent, who has committed no sin? For one to pay for the sin of another—where or when has that ever been called a virtue? He sensed something bad nonetheless, and that is why the poor soul was troubled; seeing the outcome beforehand, he took his anger out on us in the end. Last night I too had a bad dream; I wonder, oh I wonder, what is to come?!"
03_the_snake_eater_ge.csv,"(სანდუა) რა ჰნახე, მზიავ, მიამბე, იქნება ახდეს კარგადა და არ გაგვხადოს უფალმა დასალევ-დასაკარგადა?","(Sandua) What did you see, Mzia? Tell me; perhaps it will turn out for the best, and the Lord will not lead us to ruin and destruction."
03_the_snake_eater_ge.csv,"(მზია) ცუდი რამ ვნახე, სანდუავ, საზარო, გულის მგმირავი, სულ-ხორცის ამაშფოთები, გონების ამაზრზინავი: მოვარდნილიყო ღვარები, როგორც დევები მქშინავი თან მაარღვევდენ მთა-ბარსა, იდგა დგანდგარი, ღრიალი, ცა-ხმელთა დაქცევას ჰგვანდა, ისეთი ისმის გრიალი. მთებსა სტყდებოდა წვერები, დაბლა ხევებში წვებოდენ; მთებთან ერთადა კლდეებიც თოფებივითა ტყვრებოდენ. ცა ისეთი ჩნდა, ვით კუპრი, შავად ჰღელავდა, შხიოდა, კუპრს აწვიმებდა მიწასა, ცხელი წვეთები სცვიოდა, ღვარები ისევ საზარლად, შეუპოვარად დიოდა. „გვიშველეთ, ვიღუპებითო“, ათასგნით ხალხი ჰკიოდა.","(Mzia) I saw something evil, Sandua, hideous, heart-piercing,
Soul-and-body-shaking, mind-revolting:
Torrents had rushed forth, like panting demons,
Wrecking mountain and plain, there was a thundering, a roar,
It felt like the collapse of heaven and earth, such a rumble was heard.
The peaks were breaking off the mountains, settling in the ravines below;
Together with the mountains, the rocks were cracking like rifles.
The sky appeared like pitch, churning blackly, hissing,
It rained pitch upon the earth, hot drops were falling,
The torrents still flowed hideously, relentlessly.
""Help us, we are perishing!"" people were screaming from a thousand places."
03_the_snake_eater_ge.csv,"მართლაც ვუყურებ, რომ მოაქვს წყალს ხალხი, ფარი, ხმალია, ათასგან ციხე ირღვევა, ქავ-ციხეებთან სახლია; ამოდენს საბრალოობას მარტო მოზარე აკლია, ჩვენ ვითომ არა გვიჭირდა, ვითომ უვნებლად ვიყვენით, ბოლოსა ვნახე სახლ-კარით რომ ჩვენაც გავირიყენით. მოასქდა ღვარი ზენაით, ლიბო მაჰგლიჯა ციხესა და შეურია ისიცა დაბლა არაგვის რიყესა. სახლიც წაიღო ჭერხოთურ, გაგვიყოლია ჩვენაცა, მინდა ვიძახო – მიშველეთ, ვეღარ ვაგებდი ენასა. ბალღებს კი გულში ვიკრავდი, ხატ-ღმერთსა ვსთხოვდი შველასა. თან გამოსვლასა ვცდილობდი, ვეგანებოდი კიდესა; ბალღებს ვაფარებ პირებზე შავის მანდილის რიდესა. და რამდენჯერაც მივჯარდი ნაპირს, იმდენჯერ მქისია, კაცების სახე წინ დამხვდა შავები, როგორც ფისია. ხელი მკრეს, წყალშივ ჩამაგდეს, თან გადმომძახეს ისია: „სად მოხვალ? წადი, წყალს გაჰყევ, ბძანება არის ღვთისია!“","Indeed, I see the water bringing people, shields, and swords; in a thousand places, fortresses are crumbling, and houses lie by the stone walls; to such misery, only a mourner is missing. We thought we were not in trouble, as if we were unharmed, but in the end, I saw that we too were swept away with our home. A torrent rushed down from above, tore the foundation from the fortress, and mingled it with the shingle of the Aragvi below. It took the house, roof and all, and carried us away too; I wanted to cry out—""Help me!""—but I could no longer move my tongue. I pressed the children to my heart and begged the Icon-God for salvation. I tried to climb out, struggling toward the shore; I covered the children's faces with the veil of my black headscarf. And every time I reached the bank, it was harsh; I was met by the faces of men, black as pitch. They pushed me back, threw me into the water, and shouted: ""Where are you coming? Go, follow the water, for it is the command of God!"""
03_the_snake_eater_ge.csv,"და ამ დროს ვნახე, ჩვენს წინა წყალს მიაქვს ჩვენი კაცია, შამომიბრუნდა და მითხრა, ტკბილი ხმა ჰქონდა, ნაზია, – „გთხოვ მაპატიო, მზიაო, რაც გლანძღე, გაგაბრაზია; რასაცა ჰხედავ ჩემს თავზე, ღირსი ვარ, სწორედ ახია, ბალღები არ დამიჩაგრო, გთხოვ, კარგად შამინახია!“ მტერს, რომ მე წუხელ ვიტანჯე, მე რო სიზმარი ვნახია!..","And at that moment I saw, the water before us was carrying our man away; he turned to me and spoke, his voice was sweet and gentle – “I beg you to forgive me, Mzia, for how I cursed you and made you angry; whatever you see befalling me, I am worthy of it, it is exactly what I deserve; do not let the children be mistreated, I beg you, look after them well for me!” May my enemy never know the torment I suffered last night, from the dream that I saw!.."
03_the_snake_eater_ge.csv,"(სანდუა) მაშ ვერ გამოხვედ, წაგიღოთ?",(Sandua) So you couldn't come out? Shall we carry you?
03_the_snake_eater_ge.csv,"(მზია) ვერა… წაგვიღო, სანდუავ, დედა-შვილები ყველანი.","(Mzia) No... it has taken us, Sandua, mothers and children, all of us."
03_the_snake_eater_ge.csv,"(სანდუა) ავი ნურაიმც მოგივათ, ღმერთმა გამყოფნესთ მთელანი.",(Sandua) May no evil befall you; may God keep you all safe and sound.
03_the_snake_eater_ge.csv,"(საერთო ხმა ქალებისა) მოდიან, მოდის ლაშქარი, ღმერთო, დასწერე ჯვარია!.. მზიავ, წამოდეგ, გაჰხედე, აგერა შენი ქმარია, დროშიონთ მასდევს მხარ-და-მხარ, ამომავალი მთვარია.","(Chorus of women) They are coming, the army is coming, O God, bless them!.. Mzia, arise, look out, there is your husband, he follows the banner-bearers side by side, like the rising moon."
03_the_snake_eater_ge.csv,"(ერთი დედაკაცი) აგერა ჩვენებ ვაჟები, დედა ენაცვლოსთ მხრებშია… ვაჰმე, რა ლამაზებია, ვინ ჰნახავს იმათ მკვდრებშია!.. ღმერთიმც ნუ მახილებინებს მაგ ამბავს თავის დღეშია.","(A woman) Here are our boys, may their mother be their sacrifice... Oh, how handsome they are, who could bear to see them among the dead!.. May God never let me witness such a thing in all my days."
03_the_snake_eater_ge.csv,"(მეორე დედაკაცი) გაჰხედე, ჩემ უნცრუაი იმეებს მისდევს გვერდშია. რა მშვენივრები მიდიან, დედა ენაცვლოსთ მკერდშია!","(Second woman) Look there, my youngest is following right beside them. How beautifully they go; may their mother be a sacrifice for them!"
03_the_snake_eater_ge.csv,"(გასათხოვარი ქალი) დამც ენაცვლება თოთიას, ვერ-როგორ ვარჩევ ხალხშია. ვნახე… ძლივ სადამ ვიცანი მიხვრა-მოხვრაზედ, ტანშია. ლაგმის პირს უჭამს ულაყი, დაძაგრულია მკლავშია.","(An unmarried woman) I would give my life for Totia, I can hardly distinguish her in the crowd. I saw her… I barely recognized her by her gait, by her form. The stallion gnaws at the bit, its muscles tensed."
03_the_snake_eater_ge.csv,"(მეორე ქალი) ჩვენ უშიშაიც მარჯვეს ჰყავ, როგორ აგელებს ლურჯასა!.. საქმე რო ხმალზე მიდგება, არც ეგ დაიწყებს კუნჭვასა. მაშინამც მაყურებინა, ფარს რო დაუწყებს ბღუჯვასა.","(Second Woman) Our Ushisha is also a nimble one, how he makes his blue horse gallop!.. When the matter comes to the sword, he won't start cowering either. I wish I could see him then, when he begins to grip his shield."
03_the_snake_eater_ge.csv,"(პირველი ქალი) მე ვერ ვნახავდი ჩემს ძმასა, გამიძნელებდა სუნთქვასა: პირს სხვაგნისაკე ვიზამდი, თვალთ დაუწყებდი ხუჭვასა.","(First Woman) I could not look upon my brother, it would stifle my breath: I would turn my face away, I would begin to close my eyes."
03_the_snake_eater_ge.csv,"(მეორე ქალი) მე არა. ძმისა სიკეთე, კარგი ყოფნა და სახელი ისრე კი მინდა, ზექუავ, როგორც ბნელაში სანთელი, დამაშვრალს, მომშიებულსა მოსვენება და საჭმელი. კარგია, ძმისა სიკეთე რო არს ყველაის სათქმელი.","(Second Woman) Not I. A brother’s goodness, well-being, and name, I desire them so, Zekua, as a candle in the darkness, as rest and food for the weary and the hungry. It is good when a brother’s virtue is spoken of by all."
03_the_snake_eater_ge.csv,"(პირველი ქალი) ეგ ვის არ უნდა, შვენაო, ვინ არი ისე ჭკვა-თხელი? მაგრამ და თვალ-დამწვარია ძმის გასაჭირში მნახველი.","(First Woman) Who wouldn't want that, to look fair? Who is so shallow-minded? But a sister's eyes are scorched with grief, seeing her brother in distress."
03_the_snake_eater_ge.csv,"(მეორე ქალი) უმისოდ სახელს ვინ მისცემს, თუ კი არა ქნა საქნელი?!.","(Second Woman) Without it, who will give him a name, if he has not done the deed?!"
03_the_snake_eater_ge.csv,"(საერთო ხმა) ღმერთო, უშველე, ხატებო, თქვენ უწინამძღვრეთ მხედართა, ეგრევ უვნებლად გვაჩვენენ, როგორაც ეხლა ვხედავთა.","(In unison) O God, help them; O Icons, lead the warriors; show them to us just as unharmed as we see them now."
03_the_snake_eater_ge.csv,"ბევრისა გული ღელავდა ათასნაირის შიშითა – ნურც ვის კი გაუკვირდება, კაცთ ეს მოგვიდის ჯიშითა, საშიშს დროს საყვარელს საგანს რო ვიგონებდეთ შიშითა!..","Many hearts were troubled by a thousand kinds of fear – let no one be surprised, for this is the nature of our kind: that in times of peril, we recall our beloved ones with dread!.."
03_the_snake_eater_ge.csv,"XI. შამწკრივდა მთაზე ლაშქარი, დიდს ვაკეზედა გროვდება. თოფ-იარაღის ბჭყვრიალი მზის სინათლესთან სწორდება. ცხენთ ტერფით ჩამონაგლეჯი თავქვე ლოდები გორდება. აქვე შაექნათ თათბირი მტრის დასახვედრელს წესზედა: ვაკეს ადგილზე ჩავიდენ, თუ მიეგებნენ სერზედა. ყველანი ფეხზედა დგანან, ხელები უდევთ ხმლებზედა. თვალები ყველამ მინდიას მიაპყრო, პასუხს ელოდდენ: ის რომ არაფერს ეტყოდა, ხევსურნი ერთხმად ეტყოდენ.","XI. The army lined up on the mountain, gathering on the great plain. The glint of rifles and weapons rivals the sunlight. Boulders, torn loose by horses' hooves, roll down the slopes. Right there they held a council on how to meet the enemy: whether to descend to the plain or meet them on the ridge. All are standing, hands resting on their swords. Everyone fixed their eyes on Mindia, waiting for an answer; since he said nothing, the Khevsurians spoke to him with one voice."
03_the_snake_eater_ge.csv,"(ლაშქარი) მუდამ შენს რჩევას ვრჩეობდით, არც რა ზარალი მოგვსვლია. როგორ მოვიქცეთ, გვირჩიე, შენი პასუხი მოკლია?!","(The Host) We have always preferred your counsel, and no harm has ever befallen us. Advise us how to act; is your answer so brief?!"
03_the_snake_eater_ge.csv,"(მინდია) მე ვერას გირჩევთ, ხევსურნო, აღარ ვვარგივარ მრჩევლადა: ის სხვა დრო იყო, სხვა ჭკუა, ეხლა კი ჩემი ნარჩევი გამოგადგებათ ძნელადა. აწონ-დაწონეთ, ჯარი ხართ, ფიქრი შეკარით მთელადა. მე მარტო უნდა ვიომო, მიტომ გამოვედ ველადა; ან როდის საუკუნოდა მე ხალხმა გამაბელადა?!","(Mindia) I can offer you no counsel, Khevsurians, I am no longer fit to be an advisor: that was another time, another wisdom; now, my advice will hardly serve you. Weigh it well, you are an army; unite your thoughts as one. I must fight alone, which is why I have come out to the field; or when did the people ever make me their leader for eternity?!"
03_the_snake_eater_ge.csv,"(ლაშქარი) ღმერთი გაუწყრესთ და ხატი, ვინც რომ შენს რჩევას იქითა ფეხი გადადგას საომრად, თუნდ თავში სცემონ მჯიღითა: მოკვდეს და პირი აევსოს ცივის სამარის თიხითა.","(The Host) May God and the Icon be wrathful toward whoever sets foot for war beyond your counsel, even if they are struck upon the head with fists: let him die, and let his mouth be filled with the clay of the cold grave."
03_the_snake_eater_ge.csv,"(მინდია) კარგია… რა ვქნა, არ მწადდა გავრეულიყავ რჩევაში. გეტყვით, რადგანაც ჩამქსოვეთ ამდენს ფიცში და წყევაში. სხვას ვერას გირჩევთ: დაუხვდეთ ქისტებს მოწამლულს ხევაში.","(Mindia) Very well… what can I do? I did not wish to be drawn into giving counsel. I shall tell you, since you have entangled me in so many oaths and curses. I can advise you nothing else: meet the Kists in the poisoned ravine."
03_the_snake_eater_ge.csv,"უსიამოვნო ჩურჩული მორთეს ერთ-ურთში მხედრებმა; დარდი დაჰბადა ადგილმა ქისტების დასახვედრელმა. მაინც რას იზმენ?.. ვერაფერს, რაკი სთქვეს, დაიფიცესა, უარს ვერ იტყვის ლაშქარი, უნდა იქითკე ვლიდესა, საცა მინდიამ უჩვენა ადგილი საომარია, თუნდ ერთმაც აღარ იცოცხლოს, ყველაც იქ დარჩეს მკვდარია.","An unpleasant whispering broke out among the riders; the place chosen to face the Kists bred sorrow. Yet what could they do? Nothing, for they had given their word and sworn an oath. The host cannot refuse; they must go where Mindia pointed out the battlefield, even if not a single soul survives, even if all remain there dead."
03_the_snake_eater_ge.csv,"აღარა ეთქმისთ, წავიდნენ, დროშა ამართეს წინათა, მსუბუქად მოაბიჯებენ, შავარდნებს ჰგვანან მფრინავთა, თან გადიყოლეს მზის სხივი შუბისა წვერთა მბრჭყვინავთა.","No more can be said of them; they have departed, raising the banner before them. They march with light steps, resembling soaring falcons, carrying with them the sun's rays upon the tips of their gleaming spears."
03_the_snake_eater_ge.csv,"XII. ორი დღე არის მთას იქით ომია, დიდი ვაება: მეტად სასტიკი ბრძოლაა, ვეფხვები ლომებს შაება და სისხლის თოკი მთიდამა დაბლა ჭლამდე გაება. ორსვე ერთგვარად არ ჰნახავს, ერთს გაუმარჯვებს ღვთაება.","XII. For two days now, there has been war beyond the mountain, a great woe: it is a most fierce battle, tigers have clashed with lions, and a rope of blood has stretched from the mountain down to the marsh. The Deity will not look upon both alike; to one, He shall grant the victory."
03_the_snake_eater_ge.csv,"ხუთსა თუ ექვსსა ხევსურსა, შამურვილებსა სახითა, კაცი მოჰქონდათ ხელდახელ შაკრული კაბალახითა. პირ-აქათ გადმოიყვანეს, დაბლა დააგდეს ვაკეზე და სამდურავით მიჰმართეს ჯავრ-მოსულებმა ბაგეზე.","Five or six Khevsurians, with faces blackened,
Were carrying a man, bound fast with a *kabalakhi*.
They brought him over to this side, threw him down upon the plain,
And with wrathful lips, they addressed him with reproach."
03_the_snake_eater_ge.csv,"(ხევსურნი ერთად) კაცო, რად იკლავ ძალად თავს, ძალად სიკვდილი გწადიან? შიგნით რომ იწევ მტრის ჯარში, ხომ ხედავ, რასაც სჩადიან?!. დღემდე ჩვენ ვთელეთ ეგენი, ახლა ეგენი დადიან ჩვენზე, და იქნებ, მინდიავ, ჩვენც მოვაგვაროთ სხვა რამე, ვეცდებით, ბინდმაც ხო გვისწრო, რო გავისარჯნეთ ამ ღამე.","(The Khevsurs together) Man, why do you force your own death, why do you crave death so? As you push deep into the enemy's ranks, don't you see what they are doing?! Until today we were the ones who trampled them, but now they walk over us; and perhaps, Mindia, we should find another way, we shall try, for the dusk has overtaken us as we have spent our strength this night."
03_the_snake_eater_ge.csv,"ეს სთქვეს და იმ წამს გაბრუნდენ, გაიქცენ როგორც ქურდები, ამოღებული ხმლები აქვთ, ხელში უპყრიათ შუბები, ძნელია, თუკი ვიფიქრებთ, სიკვდილ-სიცოცხლის წუთები; რა ქნან! რო შარცხვენ, ძნელია, ტანზე ჩაეცმისთ ჯუბები, თავს დაეხურვისთ მანდილი, და მოეხდებათ ქუდები, თუკი არ გაირჯებიან, როგორც ლაჩრები, ცუდები.","They said this and at that moment turned back, fleeing like thieves; their swords are drawn, and they hold spears in their hands. It is hard, if we consider it, these moments of life and death; what can they do! If they are shamed, it is hard: they will be dressed in gowns, veils will be placed upon their heads, and their hats will be removed, if they do not exert themselves—like cowards, the wretched ones."
03_the_snake_eater_ge.csv,"ტყვე კბილებს აღრჭენს და ცდილობს, უნდა გაიხსნას ხელები, დიდხანსა წვალობს, გორაობს, ვარმისგან განაცხელები. ძმებთან სწადიან სიკვდილი, აღარ რჩებიან მთელები, უჭირსთ და აღარსადა ჰყავ ლაშქარი მისაშველები.","The captive gnashes his teeth and tries to free his hands; he struggles for a long time, rolling about, burning with anguish. He longs to die with his brothers, who are no longer left whole; they are in distress, and there is no army left to come to their aid."
03_the_snake_eater_ge.csv,"ღამეც გახშირდა კარგადა, ტყვემ აისრულა წადილი, ორივე ხელი გაიხსნა, ფეხზე წამოდგა დაღლილი და ამ დროს ნახა სოფლებში ცეცხლები, – ცუდი ნიშანი. გაიგო, რაც მომხდარიყო, აღარ უნდოდა მისანი. გაშრა, გაფითრდა, ცრემლი კი არ მოსდგომოდა თვალებში; სულ გულში ჩაგუბებულა და გაბნეულა მკლავებში… ქუდს იხდის… სიტყვა ვეღარ სთქვა, ხმლის ტარს შაეხო ცერითა, ამოიწვადა ქარქაშით, გულს მიიბჯინა წვერითა. მკერდიდან სისხლი, ვით წყარო, გადმოუვიდა ჩქერითა, მთვარემაც გადმოაშუქა საჯიხვეების სერითა და დააშტერდა თავის-მკვლელს მოზარე ქალის ფერითა…","The night had deepened well, the captive fulfilled his desire,
Both hands were freed, he stood up weary,
And then he saw fires in the villages—an ill omen.
He understood what had happened; he needed no seer.
He froze, turned pale, yet no tears welled in his eyes;
They were all dammed in his heart and scattered through his limbs…
He takes off his hat… could speak no word, touched the sword’s hilt with his thumb,
Drew it from the scabbard, pressed the tip against his heart.
From his chest, blood, like a spring, gushed out in a torrent,
The moon also shone down from the ridge of the ibex-haunts
And stared at the suicide with the pallor of a mourning woman…"
03_the_snake_eater_ge.csv,"ნიავიც მიდ-მოდიოდა უდარდოდ, ნელის მღერითა… ფრთა გაჰკრის წვერსა ხმლისასა ამოღერებულს ენითა, შაღებილს ჭიაფერადა კაცის გულ-მკერდის წვენითა, და გათამაშდის მწვანეზე ლაღად, მოლხენით, სტვენითა.","The breeze too wandered carefree, with a gentle song...
Its wing brushes the tip of the sword, bared like a tongue,
Stained crimson with the life-blood of a man’s breast,
And it would frolic upon the green, free, joyful, and whistling."
