Source File,Content,Translated Content
01_deputy_economy_minister.csv,"ვახტანგ ცინცაძე - აზიის განვითარების ბანკის ანგარიშში ხაზგასმულია საქართველოს მიმზიდველი ბიზნესგარემო, ასევე მიმდინარე ინფრასტრუქტურული პროექტები, მათ შორის საპორტო და სარკინიგზო მიმართულებით","Vakhtang Tsintsadze - The Asian Development Bank report highlights Georgia's attractive business environment, as well as ongoing infrastructure projects, including port and railway projects"
01_deputy_economy_minister.csv,"აზიის განვითარების ბანკმა აზიის ეკონომიკური პერსპექტივების ანგარიში გამოაქვეყნა, რომლის თანახმად, 2025 წელს ეკონომიკური ზრდა იყო საკმაოდ მაღალი – 7.5 პროცენტი, ხოლო 2026 წელს, მიმდინარე კონფლიქტების ფონზე, აზიის განვითარების ბანკი ელოდება, რომ საქართველოში ეკონომიკური ზრდა 5.5 პროცენტი იქნება, რაც წინა წლის პროგნოზთან შედარებით 0.5 პროცენტული პუნქტით გაუმჯობესებული მაჩვენებელია, – ამის შესახებ ეკონომიკისა და მდგრადი განვითარების მინისტრის მოადგილემ, ვახტანგ ცინცაძემ განაცხადა.","The Asian Development Bank has published the Asian Economic Prospects Report, according to which economic growth in 2025 was quite high – 7.5 percent, and in 2026, against the backdrop of ongoing conflicts, the Asian Development Bank expects economic growth in Georgia to be 5.5 percent, which is an improvement of 0.5 percentage points compared to the previous year's forecast, - said Deputy Minister of Economy and Sustainable Development Vakhtang Tsintsadze."
01_deputy_economy_minister.csv,"როგორც მინისტრის მოადგილემ აღნიშნა, აზიის განვითარების ბანკი ყურადღებას ამახვილებს მიმდინარე ანგარიშის დეფიციტის რეკორდულად დაბალ დონემდე შემცირებაზე, ასევე საერთაშორისო რეზერვების რეკორდულად მაღალ მაჩვენებელზე.","As the Deputy Minister noted, the Asian Development Bank is focusing on reducing the current account deficit to a record low, as well as on the record high level of international reserves."
01_deputy_economy_minister.csv,"ვახტანგ ცინცაძის განცხადებით,  2026 წელს აზიის განვითარების ბანკი ელოდება, რომ საქართველოში საშუალო ინფლაციის დონე 3.8 პროცენტი იქნება, რაც წინა წელთან შედარებით შემცირებული მაჩვენებელია.","According to Vakhtang Tsintsadze, in 2026, the Asian Development Bank expects the average inflation rate in Georgia to be 3.8 percent, which is a decrease compared to the previous year."
01_deputy_economy_minister.csv,"„აზიის განვითარების ბანკი ასევე ხაზგასმით აღნიშნავს, რომ საქართველო ისწრაფვის, გახდეს სავაჭრო, ლოგისტიკური და სატრანსპორტო ჰაბი. ამ მიმართულებით ყურადღება მახვილდება არაერთ რეფორმაზე, რომელიც ხელს უწყობს, მათ შორის, საბაჟო და სხვა პროცედურების გაუმჯობესებას. ბანკი ასევე ხაზს უსვამს იმ ინფრასტრუქტურულ მიღწევებს, რომლებიც საქართველოს გააჩნია როგორც საპორტო, ასევე სარკინიგზო მიმართულებით“, – განაცხადა ვახტანგ ცინცაძემ.","""The Asian Development Bank also emphasizes that Georgia aspires to become a trade, logistics and transport hub. In this direction, attention is focused on a number of reforms that contribute, among others, to the improvement of customs and other procedures. The Bank also emphasizes the infrastructural achievements that Georgia has in both the port and railway sectors,"" said Vakhtang Tsintsadze."
01_deputy_economy_minister.csv,"ეკონომიკის მინისტრის მოადგილის ინფორმაციით, ADB-ს ანგარიშში ხაზგასმულია საქართველოში არსებული მიმზიდველი ბიზნესგარემო, ყურადღება გამახვილებულია თავისუფალ სავაჭრო შეთანხმებებზე, რომლებიც საქართველოს გააჩნია, ასევე იმ მექანიზმებზე, რომლებიც უზრუნველყოფს ინვესტორთა დაცულობას, რაც, საბოლოო ჯამში, ზრდის როგორც ადგილობრივი, ისე საერთაშორისო ინვესტორების  ნდობას და მიმზიდველობას საქართველოსადმი.","According to the Deputy Minister of Economy, the ADB report highlights the attractive business environment in Georgia, focusing on the free trade agreements that Georgia has, as well as the mechanisms that ensure investor protection, which ultimately increases the trust and attractiveness of both local and international investors in Georgia."
02_georgia_to_recognise.csv,"მთავრობის გადაწყვეტილებით, 2010 წლამდე გაცემული დიპლომების აღიარების შესახებ საკანონმდებლო ცვლილებები მომზადდება","By government decision, legislative amendments will be prepared regarding the recognition of diplomas issued before 2010"
02_georgia_to_recognise.csv,"საქართველოს მთავრობის გადაწყვეტილებით, პარლამენტს წარედგინება საკანონმდებლო ცვლილებები, რომელთა საფუძველზეც ათასობით მოქალაქეს მოუგვარდება 2010 წლამდე გაცემული დიპლომის აღიარებასთან დაკავშირებული პრობლემები, – ამის შესახებ საქართველოს განათლების, მეცნიერებისა და ახალგაზრდობის მინისტრმა, გივი მიქანაძემ განაცხადა.","According to the decision of the Georgian government, legislative amendments will be submitted to the Parliament, based on which thousands of citizens will be able to resolve problems related to the recognition of diplomas issued before 2010, - stated the Minister of Education, Science and Youth of Georgia, Givi Mikanadze."
02_georgia_to_recognise.csv,"როგორც მინისტრმა აღნიშნა, ცვლილების თანახმად, 4-წლიანი დასწრებული და 5-წლიანი დაუსწრებელი სწავლების აღიარება მოხდება თანაბრად.","As the minister noted, according to the change, 4-year full-time and 5-year part-time studies will be recognized equally."
02_georgia_to_recognise.csv,"მისი თქმით, ცვლილება შეეხება სტუდენტებს, რომლებიც უნივერსიტეტში აღიარებულ რეჟიმში ჩაირიცხნენ და სწავლა არაღიარებულ რეჟიმში დაასრულეს, ასევე, მოქალაქეებს, რომლებიც საგანმანათლებლო დაწესებულებებმა ლიცენზიის მოპოვებამდე ჩარიცხეს უნივერსიტეტში.","He said that the change will affect students who enrolled in a recognized university and completed their studies in an unrecognized regime, as well as citizens who were enrolled in a university before educational institutions obtained a license."
02_georgia_to_recognise.csv,"„გვქონდა ასეთი მოცემულობა – ჩვენი მოქალაქეები 4-წლიან პროგრამაზე გადიოდნენ ზუსტად იმავე რაოდენობის საგნებს და იღებდნენ იმავე კვალიფიკაციას, როგორსაც 5-წლიან დაუსწრებელზე. აქამდე არსებული კანონმდებლობის თანახმად, 5-წლიანი უთანაბრდებოდა მაგისტრის ხარისხს, ხოლო 4-წლიანს ენიჭებოდა ბაკალავრის ხარისხი. ცვლილებების საფუძველზე, ის, ვინც 4-წლიანი პროგრამა დაასრულა, მაგისტრის ხარისხთან გათანაბრებულ დიპლომს მიიღებს, რაც მნიშვნელოვნად შეუწყობს ხელს მოქალაქეთა დასაქმებას მათთვის სასურველი მიმართულებით.","""We had this situation - our citizens took exactly the same number of subjects in a 4-year program and received the same qualification as in a 5-year part-time program. According to the previous legislation, a 5-year program was equivalent to a master's degree, and a 4-year program was awarded a bachelor's degree. Based on the changes, those who completed a 4-year program will receive a diploma equivalent to a master's degree, which will significantly facilitate the employment of citizens in their desired field."
02_georgia_to_recognise.csv,"2010 წლამდე, სანამ ერთიანი სისტემა ჩამოყალიბდებოდა, განათლების სფეროში არ არსებობდა რეესტრი, რომელიც სტუდენტების ინფორმირებას უზრუნველყოფდა. იყო შემთხვევები, როდესაც კონკრეტული უნივერსიტეტები, რომლებსაც არ ჰქონდათ აკრედიტაცია მინიჭებული, არ ეუბნებოდნენ აბიტურიენტებს ამის შესახებ და მათ ისე რიცხავდნენ. შემდგომში, როდესაც გასცემდნენ დიპლომს, კურსდამთავრებულებს უკვე ამ დოკუმენტის აღიარებაზე ექმნებოდათ პრობლემები.","Until 2010, when a unified system was established, there was no register in the education sector that would ensure the information of students. There were cases when specific universities that were not accredited did not inform applicants about this and enrolled them anyway. Later, when they issued a diploma, graduates had problems recognizing this document."
02_georgia_to_recognise.csv,"ამასთან, რიგ უმაღლეს საგანმანათლებლო დაწესებულებებს ჰქონდათ ავტორიზაცია გარკვეული პერიოდის განმავლობაში და შემდეგ სწავლის პერიოდში შეუწყდათ. ამის შესახებაც არ იყვნენ ინფორმირებულნი სტუდენტები და შემდგომში ამ უნივერსიტეტდამთავრებულ ადამიანებს ჰქონდათ პრობლემები.","In addition, a number of higher education institutions had authorization for a certain period of time and then had it terminated during the study period. Students were not informed about this either, and these university graduates subsequently had problems."
02_georgia_to_recognise.csv,"წარმოდგენილი საკანონმდებლო ცვლილებები საბოლოოდ დაუსვამს წერტილს იმ ხანგრძლივ, პრობლემურ პროცესებს, რომლებსაც ჩვენი მოქალაქეები დიპლომის აღიარებისთვის გადიან – მიდიან სასამართლოში, ასაჩივრებენ პროცესებს, რაც დროსთან და ძალისხმევასთან არის დაკავშირებული. ეს ყველაფერი ერთხელ და სამუდამოდ ისტორიას ჩაბარდება და ათასობით ჩვენი მოქალაქის დიპლომი აღიარებული იქნება“, – განაცხადა გივი მიქანაძემ.","""The presented legislative amendments will finally put an end to the long, problematic processes that our citizens go through to get their diplomas recognized - going to court, appealing the processes, which are time-consuming and effort-consuming. All this will once and for all be history, and the diplomas of thousands of our citizens will be recognized,"" said Givi Mikanadze."
03_good_friday.csv,წითელი პარასკევი სამების საკათედრო ტაძარში,Good Friday at the Holy Trinity Cathedral
03_good_friday.csv,"დღეს წითელი პარასკევია – ვნების კვირეულის ყველაზე მძიმე დღე. მართლმადიდებელი ეკლესია იესო ქრისტეს ჯვარცმას, ჯვრიდან გარდამოხსნასა და დაკრძალვას იხსენებს.","Today is Good Friday – the most solemn day of Holy Week. The Orthodox Church commemorates the crucifixion, removal from the cross, and burial of Jesus Christ."
03_good_friday.csv,"საპატრიარქო ტახტის მოსაყდრე, მიტროპოლიტი შიო ყოვლადწმინდა სამების სახელობის საპატრიარქო ტაძარში დიდ ჟამნობას, მწუხრის ჟამს და გარდამოხსნის გამოსვენებას ასრულებს.","The Patriarchal Throne, Metropolitan Shio, celebrates Great Liturgy, Vespers, and the Intercession of the Transfiguration in the Holy Trinity Patriarchal Cathedral."
03_good_friday.csv,"წითელ პარასკევს ტაძრებში წირვა არ აღევლინება, რადგან, სახარების თანახმად, ადამიანთა ცოდვებისგან გამოსახსნელად უფალმა საკუთარი თავი მსხვერპლად შესწირა. მსახურებისას სამეუფო ჟამნი სრულდება, რომლის დროსაც უფლის ვნების შესახებ სახარება იკითხება.","On Good Friday, no services are held in churches, because, according to the Gospel, the Lord offered himself as a sacrifice to redeem people from their sins. During the service, the Holy Hour is completed, during which the Gospel of the Lord's Passion is read."
04_metropolitan_shio.csv,"მეუფე შიო მუჯირი - უფალს შეწევნისთვის თუ მივმართავთ, ჩვენი სურვილი ნამდვილი და ძლიერი თუ იქნება, ის აუცილებლად მოვა თავისი მადლით, გამოგვასწორებს, განგვწმენდს","Rev. Shio Mujiri - If we turn to the Lord for help, if our desire is genuine and strong, He will surely come with His grace, correct us, and purify us."
04_metropolitan_shio.csv,"უფალი ელოდება ჩვენგან, რომ ჩვენი ცოდვებით დამძიმებული, დაჭრილი სული ვაიძულოთ, მივმართოთ ხსნისა და წყალობისთვის. ჩვენი გამოსწორება, შინაგანი ცვლილება მხოლოდ ღმერთს შეუძლია. ჩვენი ძალებით ეს არ ძალგვიძს, – ამის შესახებ საპატრიარქო ტახტის მოსაყდრემ, სენაკისა და ჩხოროწყუს მიტროპოლიტმა შიომ (მუჯირი) სამების ტაძარში ქადაგებისას განაცხადა, სადაც ცოტა ხნის წინ გარდამოხსნის წესი შესრულდა.","The Lord expects us to force our souls, burdened by our sins, to turn to Him for salvation and mercy. Only God can correct us, to bring about our inner change. We cannot do this by our own strength, - said the Patriarchal Throne, Metropolitan of Senaki and Chkhorotsku Shio (Mujiri) during his sermon in the Trinity Cathedral, where the rite of conversion was recently performed."
04_metropolitan_shio.csv,"მეუფე შიოს თქმით, „ჩვენი სურვილი თუ ნამდვილი, ძლიერი და სერიოზულია, უფალი აუცილებლად მოვა თავისი მადლით, გამოგვასწორებს და განგვწმენდს“.","According to Reverend Shio, ""If our desire is genuine, strong, and serious, the Lord will surely come with His grace, correct us, and purify us."""
04_metropolitan_shio.csv,"„ჩვენი ეკლესიის დიდებული და უძველესი ღვთისმსახურების მეშვეობით, რომელიც შეადგინეს დიდმა წმინდა მამებმა, ცნობილმა ჰიმნოგრაფებმა, საუკეთესო პოეტებმა, მოაზროვნეებმა, ბრძენკაცებმა, გვაქვს საშუალება, არა მხოლოდ შევიტყოთ უფალ იესო ქრისტესთან დაკავშირებული ამბები სახარებიდან, არამედ ღვთისმსახურების მეშვეობით გავხდეთ ამ ამბების მონაწილენი. ამიტომ ჩვენ დღეს გამოვაბრძანეთ წმინდა გარდამოხსნა და ყველანი ვართ მონაწილენი ამ მოვლენის.","“Through the glorious and ancient liturgy of our Church, composed by the great holy fathers, famous hymnographers, the best poets, thinkers, and wise men, we have the opportunity not only to learn the news about the Lord Jesus Christ from the Gospel, but also to become participants in these news through the liturgy. Therefore, today we have ordained the Holy Transfiguration, and we are all participants in this event."
04_metropolitan_shio.csv,"აქ შეკრებილნი არიან, შეკრებილნი ვართ არა ისინი, ვინც ცოტა ხნის წინ ყვიროდნენ – ჯვარს აცვი, ჯვარს აცვი იგი, არამედ ვინც ვეუბნებით უფალს – შეგვინდე უფალო. ჩვენ ეკლესიის მიერ ვართ განსწავლულნი, ვიცით ეკლესიის სწავლება, რომ ჩვენი ცოდვებით კვლავ და კვლავ ჯვარს ვაცვამთ უფალს, იგი მოვიდა დედამიწაზე, განკაცდა, ივნო და მოკვდა იმისთვის, რომ განგვათავისუფლოს ცოდვების ტყვეობის, ცოდვების ტვირთისგან.","Gathered here, we are not those who a short time ago were shouting – crucify him, crucify him, but those who say to the Lord – have mercy on us, Lord. We have been taught by the Church, we know the teaching of the Church that with our sins we crucify the Lord again and again, that He came to earth, became man, suffered and died in order to free us from the captivity of sins, from the burden of sins."
04_metropolitan_shio.csv,"ვინ იყო პირველი ადამიანი, ვინც უფალმა გაათავისუფლა ამ ტვირთისგან? – ერთ-ერთი ჯვარცმული ავაზაკი, გონიერი ავაზაკი, რომელმაც ისე განიცადა უდანაშაულო მაცხოვრის ტანჯვები, რომ თავისი ცოდვები აღიარა და სინანულით მიმართა მაცხოვარს ჯვარიდან. უფალიც სწორედ ამას ელოდება ჩვენგან, რომ ჩვენი ცოდვებით დამძიმებული, დაჭრილი სული ვაიძულოთ, მივმართოთ ღმერთს ხსნისა და წყალობისთვის.","Who was the first person whom the Lord freed from this burden? – One of the crucified thieves, a wise thief, who so experienced the sufferings of the innocent Savior that he confessed his sins and turned to the Savior from the cross in repentance. The Lord expects this from us, to force our souls, burdened by our sins, to turn to God for salvation and mercy."
04_metropolitan_shio.csv,"მრავალი ჩვენგანი, და ზოგიერთი წლების განმავლობაშიც კი, დამოუკიდებლად ცდილობს, რაღაც გამოასწოროს თავის სულში, თავის ცხოვრებაში ღმერთის გარეშე, თავისი ძალებით. ეს უშედეგო მცდელობაა. მხოლოდ ამპარტავნული, უგუნური მცდელობაა, რადგან ჩვენი გამოსწორება, შინაგანი ცვლილება მხოლოდ ღმერთს შეუძლია. ჩვენი ძალებით ეს არ ძალგვიძს. შეიძლება, გარეგნულად ოდნავ შევცვალოთ ჩვენი ქცევა, მაგრამ ჩვენთვის მიუღწეველია, შევიცვალოთ შინაგანად, როგორც ამბობს უფალი, რომ უჩემოდ არაფერი შეგიძლიათ.","Many of us, and some even for years, try to fix something in our souls, in our lives, without God, by our own efforts. This is a futile attempt. It is only an arrogant, foolish attempt, because only God can fix us, change us internally. We cannot do this by our own efforts. We may change our behavior slightly externally, but it is impossible for us to change internally, as the Lord says, “Without Me you can do nothing.”"
04_metropolitan_shio.csv,"ძვირფასო ძმებო და დებო, უფალს სურს ჩვენი გამოსწორება და განწმენდა. შეგახსენებთ, ერთხელ მასთან მივიდა სნეული და მიმართა, უფალო, თუ გნებავს, შეგიძლია, განმწმინდოო. რა მიუგო უფალმა? – მნებავს, განიწმინდეო. უფალს ეს სურს. დაემთხვა ადამიანისა და ღმერთის ნება და ის ადამიანი განიკურნა.","Dear brothers and sisters, the Lord wants to correct and purify us. Let us recall that once a sick man came to Him and said, “Lord, if You are willing, You can make me clean.” What did the Lord answer? “I am willing, be cleansed.” This is what the Lord wants. The will of man and God coincided, and the man was healed."
04_metropolitan_shio.csv,"ასე რომ, ჩვენი გამოსწორებაც, განწმენდაც უფალს უფრო მეტად სურს, ვიდრე ჩვენ გვინდა. ჩვენი სურვილი თუ ნამდვილი, ძლიერი, სერიოზულია და მივმართავთ უფალს შეწევნისთვის, ის აუცილებლად მოვა თავისი მადლით, გამოგვასწორებს და განგვწმენდს. ღმერთმა დაგლოცოთ და გაგაძლიეროთ. ვევედროთ უფალს, მოგვცეს ძალა, შეწევნა, რომ ვიაროთ ჭეშმარიტების, სინათლის გზით და ქრისტესთან ერთად, ამინ“, – განაცხადა მეუფე შიომ.","So, the Lord desires our correction and purification more than we desire. If our desire is genuine, strong, and serious, and we turn to the Lord for help, He will surely come with His grace, correct us, and purify us. May God bless and strengthen you. Let us pray to the Lord to give us strength and help to walk on the path of truth, light, and with Christ, Amen,” said Bishop Shio."
05_people_power.csv,"დიმიტრი ხუნდაძე - მხოლოდ მშვიდობაა ის აუცილებელი პირობა, რაც ეკონომიკის განვითარებას შეუწყობს ხელს, საქართველო თავისი იმპროვიზაციული პოლიტიკით სწორი მიმართულებით მიდის","Dimitri Khundadze - Only peace is the necessary condition that will promote economic development, Georgia is moving in the right direction with its improvisational policy"
05_people_power.csv,"მხოლოდ მშვიდობაა ის აუცილებელი პირობა, რაც ეკონომიკის განვითარებას შეუწყობს ხელს, – ამის შესახებ „ხალხის ძალის“ გენერალურმა მდივანმა, დიმიტრი ხუნდაძემ განაცხადა.","""Only peace is the necessary condition that will contribute to economic development,"" said Dimitri Khundadze, Secretary General of the People's Power Party."
05_people_power.csv,"საქართველოს, როგორც შუა დერეფნის ერთ-ერთი მნიშვნელოვანი მოთამაშის როლზე საუბრისას დიმიტრი ხუნდაძემ აღნიშნა, რომ  ქვეყნის ეკონიმიკური განვითარება შეუნარჩუნებს ქვეყანას რეგიონის ლიდერის ფუნქციას.","Speaking about Georgia's role as one of the important players in the Middle Corridor, Dimitri Khundadze noted that the country's economic development will maintain its role as a regional leader."
05_people_power.csv,"მისი თქმით, ამის მიღწევა მხოლოდ მშვიდობის არსებობის პირობებშია შესაძლებელი, რადგან ომი და განვითარება ერთად წარმოუდგენელია.","According to him, this can only be achieved in the presence of peace, as war and development are inconceivable together."
05_people_power.csv,"„ქვეყნის სატრასპორტო შესაძლებლობების გამოყენებისათვის აუცილებელი პირობაა მშვიდობა. რამდენიმე დღის წინ, როცა ახლო აღმოსავლეთში ვითარება უკიდურესად დაიძაბა, სატრასპორტო-საჰაერო რუკაზე მხოლოდ საქართველოს საჰაერო სივრცე იყო გადატვირთული. ეს იყო ძალიან პატარა მაგალითი იმ დიდ სურათში, რასაც ვამბობ, რომ სატრანზიტო ფუნქციის შესრულებისათვის აუცილებელი პირობაა მშვიდობა.","""Peace is a necessary condition for using the country's transport capabilities. A few days ago, when the situation in the Middle East became extremely tense, only Georgian airspace was congested on the transport-air map. This was a very small example in the big picture, which I am saying is that peace is a necessary condition for fulfilling the transit function."""
05_people_power.csv,"როგორ შეიძლება, ქვეყანა უერთდებოდეს სანქციებს, როდესაც ამით ვერავითარ შედეგეს, თუნდაც დამკვეთისათვის, ვერ მიიღებ? როგორ წარმოგიდგენიათ ქართული სანქციებით რუსეთის ეკონომიკის დანგრევა? ჩვენი ოპონენტები აყენებენ საკითხს, რომ სოციალური მდომარეობის გაუმჯობესებისათვის უნდა გადაიდგას აქტიური ნაბიჯები, პენსიები და ხელფასები უნდა გაიზარდოს, სამუშაო ადგილები უნდა შეიქმნას, ტურიზმი უნდა განვითარდეს და ა.შ. პირდაპირ ციფრებად აქვთ წარმოდგენილი წინადადებები. მაგალითად, გახარიას პარტიის წარმომადგენლებმა შემოიტანეს ინიციატივა, რომ მინიმალური ხელფასი უნდა იყოს 1050 ლარი. „ლელო“ აყენებს საკითხს, რომ 1 000 ლარამდე გაიზარდოს პენსია და ეს ყველაფერი სანქციების ფონზე უნდა მოხდეს? ომის ვითარებაში ეს ხომ წარმოუდგენელია?!","How can a country join sanctions when it can’t achieve any results, even for the customer? How do you imagine the destruction of the Russian economy through Georgian sanctions? Our opponents raise the issue that active steps should be taken to improve the social situation, pensions and salaries should be increased, jobs should be created, tourism should be developed, etc. They have presented their proposals directly in numbers. For example, representatives of the Gakharia party have introduced an initiative that the minimum wage should be 1,050 GEL. “Lelo” raises the issue that the pension should be increased to 1,000 GEL and all this should happen against the backdrop of sanctions? Isn’t this unthinkable in a war situation?!"
05_people_power.csv,"ეს არის თვალთმაქცურად კეთილშობილური განცხადებები. ზოგს წამოსცდება ხოლმე, რომ სჯობს, ცხელი ბომბები ცვიოდეს, ვიდრე მშვიდობა იყოს საქართველოში. განვითარება და ომი – ეს ორი რამ შეუთავსებელია. საქართველო თავისი იმპროვიზაციული პოლიტიკით, ფაქტია, რომ სწორად მიდის.","These are hypocritically noble statements. Some people sometimes think that it is better for hot bombs to fall than for there to be peace in Georgia. Development and war are two incompatible things. Georgia, with its improvisational policy, is on the right track."
05_people_power.csv,"შედარებისთვის, უკრაინაში დღეს არავინ ფიქრობს პენსიების მომატებაზე, სკოლების და საბავშვო ბაღების აშენებაზე. უკრაინაში მხოლოდ ერთი საფიქრალია, რამენაირად გადარჩეს ოჯახის ესა თუ ის წევრი. 10 მილიონზე მეტი ადამიანია უკვე დევნილადაა ქცეული, ეკონომიკა განადგურებულია.","For comparison, in Ukraine today no one is thinking about increasing pensions, building schools and kindergartens. In Ukraine, there is only one thing to think about: how to somehow survive this or that family member. More than 10 million people have already been displaced, the economy has been destroyed."
05_people_power.csv,"ჩვენთან კი ბოლო ერთი წლის განმავლობაში ტურიზის მაჩვენებელმა მოიმატა. 4,4 მილიარდი იყო 2024 წელს, 2025 წელს კი დაფიქსირდა 4,7. ინვესტიციები იზრდება, ქვეყნის ეკონომიკა 100 მილიარდამდე გაიზარდა. სწორედ, აი, აქ არის იმის შესაძლებლობა, რომ ინფრასრუქტურა განვითარდეს, შემოვიდეს ინვესტიციები და კიდევ მეტი ტურისტი. შემდეგ უკვე შესაძლებლებელი იქნება პენსიების უფრო სწრაფად მატება, სამუშაო ადგილების მეტი ინტენსივობით შექმნა – ბოლო პერიოდში 40 ათასით გაიზარდა.","In our country, tourism has increased over the past year. It was 4.4 billion in 2024, and in 2025 it was 4.7. Investments are growing, the country's economy has grown to 100 billion. This is where the opportunity is for infrastructure to develop, investments to come in, and even more tourists. Then it will be possible to increase pensions more quickly, create jobs more intensively - recently it has increased by 40 thousand."
05_people_power.csv,"იმას კი არ ვამბობ, რომ ყველაფერი იდეალურად არის, მე ვამბობ, რომ ამ ურთულეს პერიოდში ასეთი პოლიტიკით არათუ მშვიდობა შევინარჩუნეთ და ომი ავიცილეთ, არამედ ყველა მიმართულებით შევძელით, რომ არის უკეთესი, ვიდრე იყო გუშინ, მაგრამ ეს საკმარისი არ არის და კიდევ უკეთესი გვინდა“, – განაცხადა დიმიტრი ხუნდაძემ.","""I'm not saying that everything is perfect, I'm saying that in this most difficult period, with such a policy, we not only maintained peace and avoided war, but we also succeeded in all directions. It's better than it was yesterday, but it's not enough and we want even better,"" said Dimitri Khundadze."
06_tbilisi_offers_free_metro.csv,აღდგომის დღესასწაულთან დაკავშირებით თბილისში მეტროთი და ავტობუსით მგზავრობა უფასო იქნება,Tbilisi metro and bus travel will be free on Easter
06_tbilisi_offers_free_metro.csv,აღდგომის დღესასწაულთან დაკავშირებით თბილისის მეტრო 12 აპრილის 04:00 საათამდე იმოძრავებს და 11 აპრილის 23:00-დან 12 აპრილის 04:00 საათამდე მგზავრობა უფასო იქნება. ინფორმაციას თბილისის მერია ავრცელებს.,"In connection with the Easter holiday, the Tbilisi Metro will operate until 04:00 on April 12, and travel will be free from 23:00 on April 11 to 04:00 on April 12. The information is being released by the Tbilisi City Hall."
06_tbilisi_offers_free_metro.csv,"ამასთან, დედაქალაქის მერიის გადაწყვეტილებით, 12-13 აპრილისთვის დაწესდა ავტობუსის ცხრა დროებითი მარშრუტიც.","In addition, by decision of the Tbilisi City Hall, nine temporary bus routes were established for April 12-13."
06_tbilisi_offers_free_metro.csv,"„ავტობუსები მგზავრებს 08:00-დან 20:00 საათამდე მუხათგვერდის, ვაშლიჯვრის, კუკიის, ახალი კუკიის, მახათას, საბურთალოს, ღრმაღელის, ველისა და ვარკეთილის სასაფლაოების მიმართულებით გადაიყვანენ.","""Buses will transport passengers from 08:00 to 20:00 to the Mukhatgverdi, Vashlijvari, Kukiya, Akhali Kukiya, Makhata, Saburtalo, Grmageli, Veli and Varketili cemeteries."""
06_tbilisi_offers_free_metro.csv,"ავტობუსები იმოძრავებენ მეტროსადგურებიდან: „მარჯანიშვილი“, „დელისი“, „სარაჯიშვილი“, „ვარკეთილის“ მიმდებარე ტერიტორიიდან, ასევე, „დიდუბის“ ზედა გასასვლელიდან, სადგურის მოედნიდან („თბილისი ცენტრალის“ პირდაპირ), ბესარიონ ჭიჭინაძის ქუჩიდან (კორპუსი N25-ის პირდაპირ) და ვარკეთილის III მასივიდან – შუამთისა და აბაშვილის ქუჩების გადაკვეთიდან.","Buses will operate from the following metro stations: ""Marjanishvili"", ""Delisi"", ""Sarajishvili"", ""Varketili"" from the surrounding area, as well as from the upper exit of ""Didube"", from the station square (directly from Tbilisi Central), from Besarion Chichinadze Street (directly from Building N25) and from Varketili III Massif - from the intersection of Shuamta and Abashvili Streets."
06_tbilisi_offers_free_metro.csv,"აღნიშნული მარშრუტების ავტობუსებით მოქალაქეები ორი დღის განმავლობაში უფასოდ ისარგებლებენ“, – აღნიშნულია თბილისის მერიის ინფორმაციაში.","""Citizens will be able to use the buses on these routes free of charge for two days,"" the Tbilisi City Hall statement states."
07_trailers_and_semi-trailers.csv,ნაქერალას უღელტეხილსა და საჩხერე (სარეკი)-უზუნთა-შქმერი-ზუდალის გზაზე მისაბმელიანი და ნახევრად მისაბმელიანი ავტოტრანსპორტის მოძრაობა აკრძალულია,The movement of trailers and semi-trailers is prohibited on the Nakerala Pass and the Sachkhere (Sareki)-Uzunta-Skhmeri-Zudali road.
07_trailers_and_semi-trailers.csv,თოვის გამო შიდასახელმწიფოებრივი მნიშვნელობის ქუთაისი (მოწამეთა)-ტყიბული-ამბროლაურის საავტომობილო გზის კმ39-კმ60 (ნაქერალას უღელტეხილი) მონაკვეთზე და საჩხერე (სარეკი)-უზუნთა-შქმერი-ზუდალის გზაზე დროებით აკრძალულია მისაბმელიანი და ნახევრად მისაბმელიანი ავტოტრანსპორტის მოძრაობა.,"Due to snowfall, the movement of trailers and semi-trailers is temporarily prohibited on the section of the national importance Kutaisi (Motsameta)-Tkibuli-Ambrolauri highway km39-km60 (Nakerala Pass) and the Sachkhere (Sareki)-Uzunta-Shkmeri-Zudali road."
07_trailers_and_semi-trailers.csv,"ინფორმაციას საქართველოს ინფრასტრუქტურის სამინისტროს საავტომობილო გზების დეპარტამენტი ავრცელებს. მათივე ცნობით, დანარჩენი სახის ავტოტრანსპორტის გადაადგილება თავისუფალია.","The information was released by the Roads Department of the Ministry of Infrastructure of Georgia. According to them, the movement of other types of motor transport is free."
08_vehicle_movement.csv,გუდაური (ფოსტა)-კობის მონაკვეთზე ავტოტრანსპორტის მოძრაობა აკრძალულია,Traffic is prohibited on the Gudauri (Posta)-Kobi section
08_vehicle_movement.csv,"გუდაური (ფოსტა)-კობის მონაკვეთზე ავტოტრანსპორტის მოძრაობა აკრძალულია, – ამის შესახებ ინფორმაციას საქართველოს ინფრასტრუქტურის სამინისტროს საავტომობილო გზების დეპარტამენტი ავრცელებს.","The movement of motor vehicles on the Gudauri (Posta)-Kobi section is prohibited, the Roads Department of the Ministry of Infrastructure of Georgia has announced."
08_vehicle_movement.csv,"როგორც საავტომობილო გზების დეპარტამენტის ინფორმაციაშია აღნიშნული, აღნიშნულ მონაკვეთზე ზვავსაშიშროების საფრთხის დონე მაღალია.","As stated in the information of the Roads Department, the avalanche danger level is high on this section."
08_vehicle_movement.csv,"„საქართველოს ინფრასტრუქტურის სამინისტროს საავტომობილო გზების დეპარტამენტის ინფორმაციით, გარემოს ეროვნული სააგენტოს ცნობით, საერთაშორისო მნიშვნელობის მცხეთა-სტეფანწმინდა-ლარსის საავტომობილო გზის გუდაური (ფოსტა)-კობის მონაკვეთზე ზვავსაშიშროების საფრთხის დონე მაღალია, რის გამოც აღნიშნულ მონაკვეთზე დროებით იკრძალება ყველა სახის ავტოტრანსპორტის მოძრაობა.","""According to the Roads Department of the Ministry of Infrastructure of Georgia, and the National Environmental Agency, the avalanche danger level is high on the Gudauri (Posta)-Kobi section of the Mtskheta-Stepantsminda-Larsi highway of international importance, which is why all types of vehicle traffic are temporarily prohibited on this section."""
08_vehicle_movement.csv,"გარემოს ეროვნული სააგენტოს ცნობით, მლეთა-გუდაურის მონაკვეთზე ავტოტრანსპორტის მოძრაობა განხორციელდება გაუჩერებლად გავლის რეჟიმში“, – ნათქვამია ინფორმაციაში.","According to the National Environmental Agency, vehicle traffic on the Mleta-Gudauri section will be carried out in a non-stop mode,” the information says."
09_vespers_of_the_descent.csv,სამების საკათედრო ტაძარში გარდამოხსნის წესი შესრულდა,The rite of conversion was performed at the Trinity Cathedral
09_vespers_of_the_descent.csv,ყოვლადწმინდა სამების საკათედრო ტაძარში გარდამოხსნის ტრადიციული წესი შესრულდა. მსახურება სიმბოლურად ჯვარცმული იესო ქრისტეს დაკრძალვას და დატირებას ასახავს.,The traditional rite of transfiguration was performed at the Cathedral of the Holy Trinity. The service symbolically depicts the burial and mourning of the crucified Jesus Christ.
09_vespers_of_the_descent.csv,"რიტუალი დღეს საპატრიარქო ტახტის მოსაყდრემ, სენაკისა და ჩხოროწყუს მიტროპოლიტმა შიომ (მუჯირი) მღვდელმთავრებთან ერთად ჩაატარა.","The ritual was performed today by the Patriarchal Enthronement, Metropolitan Shio (Mujiri) of Senaki and Chkhorotsku, together with the hierarchs."
09_vespers_of_the_descent.csv,"დღეს წითელი პარასკევია, ვნების კვირეულის ყველაზე მძიმე დღე. მართლმადიდებელი ეკლესია იესო ქრისტეს ჯვარცმას, ჯვრიდან გარდამოხსნასა და დაკრძალვას იხსენებს.","Today is Good Friday, the most solemn day of Holy Week. The Orthodox Church commemorates the crucifixion, removal from the cross, and burial of Jesus Christ."
09_vespers_of_the_descent.csv,"წითელ პარასკევს ტაძრებში წირვა არ აღევლინება, რადგან, სახარების თანახმად, ადამიანთა ცოდვებისგან გამოსახსნელად უფალმა საკუთარი თავი მსხვერპლად შესწირა. მსახურებისას სამეუფო ჟამნი სრულდება, რომლის დროსაც უფლის ვნების შესახებ სახარება იკითხება.","On Good Friday, no services are held in churches, because, according to the Gospel, the Lord offered himself as a sacrifice to redeem people from their sins. During the service, the Holy Hour is completed, during which the Gospel of the Lord's Passion is read."
09_vespers_of_the_descent.csv,"მორწმუნეები ამ დღეს კვერცხებს წითლად ღებავენ, ასევე აცხობენ პასკებს, რადგან, სახარების თანახმად, იესო ქრისტეს ჯვარცმა იუდეველთა პასექის დღესასწაულზე მოხდა.","Believers dye eggs red on this day and also bake Easter cakes, because, according to the Gospel, the crucifixion of Jesus Christ took place on the Jewish holiday of Passover."
10_water_polo.csv,წყალბურთი | საქართველოს ნაკრებმა თურქეთი დაამარცხა და მსოფლიო თასისკენ დიდი ნაბიჯი გადადგა #1TVSPORT,Water polo | Georgian national team defeated Turkey and took a big step towards the World Cup #1TVSPORT
10_water_polo.csv,საქართველოს წყალბურთელთა ნაკრებმა მსოფლიო თასის საკვალიფიკაციო ეტაპის მერვედფინალური მატჩი თურქეთთან გამართა და 19:12 გაიმარჯვა. ეს იყო ღირსეული რევანში ამავე ნაკრებთან ჯგუფურ ეტაპზე დამარცხებისთვის.,The Georgian water polo team played a round of 16 match of the World Cup qualifying round against Turkey and won 19:12. This was a worthy revenge for the defeat against the same team in the group stage.
10_water_polo.csv,"ამ მოგებით ქართველები მეოთხედფინალში გავიდნენ, სადაც მათი მეტოქე მოგვიანებით გაირკვევა (კანადა-უკრაინას შორის გამარჯვებული). მსოფლიო თასზე მოსახვედრად საქართველოს ნაკრებს კიდევ ორი შეხვედრის მოგება სჭირდება – მეოთხედფინალის და ნახევარფინალის. მსოფლიო თასის სუპერფინალის საგზურს ორი ფინალისტი მიიღებს.","With this win, the Georgians advanced to the quarterfinals, where their opponent will be determined later (the winner between Canada and Ukraine). To qualify for the World Cup, the Georgian team needs to win two more matches – the quarterfinals and the semifinals. Two finalists will qualify for the World Cup Super Final."
10_water_polo.csv,წყალბურთში 2026 წლის მსოფლიო თასი 22-26 ივლისს ავსტრალიაში გაიმართება.,The 2026 Water Polo World Cup will be held in Australia from July 22-26.
01_ge_Irakli_Kobakhidze.csv,"ირაკლი კობახიძე - ისე როგორც პრემიერს, სახელმწიფო მინისტრსაც მთლიანად მთავრობის ადმინისტრაციის რესურსი მოემსახურება, აქ საქილიკო არაფერია, თუმცა ოპოზიცია აქაც ახერხებს  სპეკულაციებს - ეს მათი სახეა და არ არის საინტერესო (28.04.2026, 16:17)","Irakli Kobakhidze - Just like the Prime Minister, the State Minister will also be served by the entire resources of the government administration, there is nothing wrong with this, although the opposition manages to speculate here too - this is their nature and is not interesting (28.04.2026, 16:17)"
01_ge_Irakli_Kobakhidze.csv,"ისევე როგორც პრემიერ-მინისტრს, ვიცე-პრემიერსაც, სამართალდამცავი ორგანოების კოორდინაციის საკითხებში სახელმწიფო მინისტრსაც მთლიანად მთავრობის ადმინისტრაციის რესურსი მოემსახურება - თავადაც ხვდებით, აქ საქილიკო არაფერია, თუმცა ოპოზიცია აქაც ახერხებს სპეკულაციების გავრცელებას - ეს მათი სახეა და არ არის საინტერესო, - ამის შესახებ პრემიერ-მინისტრმა, ირაკლი კობახიძემ ჟურნალისტებთან განაცხადა.","Just like the Prime Minister, the Vice Prime Minister, and the State Minister for Coordination of Law Enforcement Agencies will be served by the entire government administration's resources - as you can see, there is nothing shady here, although the opposition manages to spread speculation here too - this is their nature and it is not interesting, - Prime Minister Irakli Kobakhidze told journalists."
01_ge_Irakli_Kobakhidze.csv,"მისივე თქმით, ახალი სტრუქტურული ერთეულის შექმნის მიზანი სამართალდამცავი სისტემის კიდევ უფრო მეტად გაძლიერებაა.","According to him, the goal of creating a new structural unit is to further strengthen the law enforcement system."
01_ge_Irakli_Kobakhidze.csv,"„ეს ცვლილებები ემსახურებოდა სამართალდამცავი სისტემის კიდევ უფრო მეტად გაძლიერებას. გაჩნდა ახალი რგოლი - კოორდინაციის რგოლი. ამ ფუნქციას მამუკა მდინარაძე მანამდეც ასრულებდა, მაგრამ კონკრეტული უწყებიდან. ეს იყო ფაქტობრივი მდგომარეობა. ჩვენ გადავწყვიტეთ იმ მოცემულობის ფორმალიზება, რაც სწორია, რაც მანამდეც იყო ჩამოყალიბებული. რეალურად, იქნება დამოუკიდებელი სტრუქტურები. ბუნებრივია, ეს არის შინაგან საქმეთა სამინისტრო, სახელმწიფო უსაფრთხოების სამსახური, სახელმწიფო დაცვის სპეციალური სამსახური და მათ საერთო კოორდინაციას უზრუნველყოფს. სახელმწიფო მინისტრი ახალი თანამდებობა არის ამისთვის განკუთვნილი, რაც კიდევ უფრო გააძლიერებს დანაშაულის წინააღმდეგ ბრძოლას, საზოგადოებრივი წესრიგის დაცვაზე ზრუნვას. თქვენ იცით რომ ამ ერთი წლის განმავლობაში ყველა მიმართულებით გვაქვს ფუნდამენტური ცვლილებები,“ - განაცხადა კობახიძემ.","""These changes served to further strengthen the law enforcement system. A new link emerged - the link of coordination. Mamuka Mdinaradze had performed this function before, but from a specific agency. This was the actual situation. We decided to formalize the given situation, which is correct, which had been established before. In reality, there will be independent structures. Naturally, these are the Ministry of Internal Affairs, the State Security Service, the Special State Protection Service, and they will ensure their overall coordination. The new position of State Minister is intended for this, which will further strengthen the fight against crime and care for the protection of public order. You know that during this year we have had fundamental changes in all directions,"" Kobakhidze said."
01_ge_Irakli_Kobakhidze.csv,"ამასთან, პრემიერმა პატიმრობაში მყოფ სუს-ის ყოფილ ხელმძღვანელ, გრიგოლ ლილუაშვილსა და მამუკა მდინარაძეს შორის პარალელების შესახებ დასმულ კითხვას უპასუხა და აღნიშნა, რომ „მაშინ სხვაგვარად წარიმართა პროცესები, ახლა სხვანაირად წარიმართება“.","In addition, the Prime Minister responded to a question about the parallels between the imprisoned former head of the State Security Service, Grigol Liluashvili, and Mamuka Mdinaradze, noting that ""the processes were conducted differently then, and they will be conducted differently now."""
01_ge_Irakli_Kobakhidze.csv,"„მოცემულობა არის რადიკალურად განსხვავებული. კონტექსტი არის სრულიად განსხვავებული. მამუკა მდინარაძე არის გამორჩეულად წარმატებული წევრი ჩვენს გუნდში. კონკრეტულად სახელმწიფო უსაფრთხოების სამსახურში მისი საქმიანობა იყო გამორჩეულად წარმატებული, მათ შორის, კორუფციის მიმართულებით, ტერორისტული დანაშაულის მიმართულებით. ძალიან მნიშვნელოვანი სისტემური ცვლილებები განახორციელა. ეს არის განსხვავებული ფონი, შესაბამისად, განსხვავებულ ფონზე სამომავლო განვითარებაც იქნება განსხვავებული,“ - განაცხადა კობახიძემ.","""The commitment is radically different. The context is completely different. Mamuka Mdinaradze is an exceptionally successful member of our team. Specifically, his work in the State Security Service was exceptionally successful, including in the direction of corruption, in the direction of terrorist crimes. He implemented very important systemic changes. This is a different background, therefore, future development will also be different in a different background,"" Kobakhidze said."
01_ge_Irakli_Kobakhidze.csv,"პარლამენტი დაჩქარებული წესით იხილავს კანონის პროექტს, რომლის საფუძველზეც საქართველოს მთავრობის შემადგენლობაში სამართალდამცავი ორგანოების კოორდინაციის საკითხებში სახელმწიფო მინისტრის თანამდებობის შემოღება ხდება. პროექტის მიხედვით, ახალი სახელმწიფო მინისტრის საქმიანობას მატერიალურ-ტექნიკურად და ორგანიზაციულად მთავრობის ადმინისტრაცია უზრუნველყოფს.","The Parliament will consider an accelerated draft law on the basis of which the position of State Minister for Coordination of Law Enforcement Agencies will be introduced within the Government of Georgia. According to the draft, the activities of the new State Minister will be provided materially, technically and organizationally by the Government Administration."
01_ge_Irakli_Kobakhidze.csv,"მთავრობის საპარლამენტო მდივნის ვახტანგ ბაჩიაშვილის ინფორმაციით, სახელმწიფო მინისტრის უფლებამოსილებები მთავრობის დადგენილებაში დაზუსტდება. მისივე თქმით, სამართალდამცავი ორგანოების კოორდინაციის საკითხებში სახელმწიფო მინისტრი მთავრობის ადმინისტრაციის შენობაში განთავსდება.","According to the Parliamentary Secretary of the Government, Vakhtang Bachiashvili, the powers of the State Minister will be specified in a government resolution. According to him, the State Minister for Coordination of Law Enforcement Agencies will be located in the Government Administration Building."
02_ge_Giorgi_Sharashidze.csv,"გიორგი შარაშიძე - რა ვიცე-პრემიერობაზე და სახელმწიფო მინისტრობაზეა საუბარი, კაბინეტსაც კი არ აძლევენ ნორმალურს, აპარატიც არ ექნება და მდივანიც არ ეყოლება - მდინარაძეს ვურჩევდი, ამ კაბინეტზეც ძალიან ნუ ჩაიციკლება და დისტანციურად იმუშაოს (28.04.2026, 12:04)","Giorgi Sharashidze - What kind of Vice Prime Minister and State Minister are we talking about? They don't even give him a normal cabinet, he won't have an office or a secretary - I would advise Mdinaradze not to get too carried away with this cabinet and to work remotely (28.04.2026, 12:04)"
02_ge_Giorgi_Sharashidze.csv,"რა ვიცე-პრემიერობაზე და სახელმწიფო მინისტრობაზეა საუბარი, კაბინეტსაც კი არ აძლევენ ნორმალურს, აპარატიც არ ექნება და მდივანიც არ ეყოლება მდინარაძეს - ვურჩევდი, რომ ამ კაბინეტზეც ძალიან ნუ იქნება ჩაციკლული და დისტანციურად იმუშაოს სახლიდან, - ამის შესახებ პარტია „გახარია საქართველოსთვის” დეპუტატმა, გიორგი შარაშიძემ, სამართალდამცავი ორგანოების კოორდინირებისთვის სახელმწიფო მინისტრის თანამდებობის შექმნაზე საუბრისას განაცხადა. მისი თქმით, გენერალ-კოორდინატორის დანიშვნა არაფერს არ შეცვლის გარდა იმისა, რომ ეს მისი „დროებითი დაკმაყოფილება და პენსიაზე გაშვება იქნება“.","What kind of Vice Prime Minister and State Minister are we talking about? They don't even give Mdinaradze a normal cabinet, he won't have an office, and he won't have a secretary - I would advise him not to be too busy with this cabinet and to work remotely from home, - Giorgi Sharashidze, an MP from the ""Gakharia for Georgia"" party, said this while talking about the creation of the position of State Minister for the Coordination of Law Enforcement Agencies. According to him, the appointment of a general coordinator will not change anything except that it will be his ""temporary satisfaction and retirement."""
02_ge_Giorgi_Sharashidze.csv,"„დაგეგმილ ცვლილებებს ჩვენი ქვეყნის მოქალაქეების პრობლემების და საქართველოს უსაფრთხოების საკითხების პრობლემების გადაჭრასთან არანაირი კავშირი არ აქვს. ეს არის არაფორმალური მმართველობის მორიგი გამოვლინება. „ოცნებას“ და იმ 89 დეპუტატს, რომელიც პარლამენტში ზის, არ აქვს, გარდა იმისა, რომ ივანიშვილის გადაწყვეტილებები, რომელსაც მათ არავინ არ უთანხმებს, უბრალოდ „გააპრავონ”. რა ვიცე-პრემიერობაზე და სახელმწიფო მინისტრობაზეა საუბარი, კაბინეტსაც კი არ აძლევენ ნორმალურს, აპარატიც არ ექნება და მდივანიც არ ეყოლება მდინარაძეს. მას ვურჩევდი, რომ ამ კაბინეტზეც ძალიან ნუ იქნება ჩაციკლული და დისტანციურად იმუშაოს მაშინ, სახლიდან.","""The planned changes have nothing to do with solving the problems of our citizens and the security issues of Georgia. This is another manifestation of informal governance. ""Dream"" and the 89 deputies sitting in parliament have nothing to do except to simply ""smash"" Ivanishvili's decisions, which no one agrees with them. What are we talking about as a vice-premier and state minister, they are not even giving him a normal cabinet, he will not have an office, and Mdinaradze will not have a secretary. I would advise him not to be too busy with this cabinet and to work remotely, from home."
02_ge_Giorgi_Sharashidze.csv,"თუ კოორდინაცია არის ასეთი მნიშვნელოვანი - კოორდინაციისთვის სუს-ის ხელმძღვანელს ექვს თვეში არ ხსნიან. სახელმწიფო უსაფრთხოების სამსახური ექვსი წლის ვადით შემთხვევით არ ინიშნება - ეს ჩანაწერი კანონში შემთხვევით არ არის. ვხედავთ, რომ ბოლო ერთ წელიწადში უკვე ორი სუს-ის უფროსი შეიცვალა. ეს მიუთითებს არასტაბილურ გარემოზე და არაფორმალურ მმართველობაზე. ადამიანს ერთ დღეში გენერლობა მიანიჭეს დილით და საღამოს კოორდინატორად დააქვეითეს - ამ ადამიანისგან რა განსაკუთრებული მოლოდინები უნდა შევქმნათ?",If coordination is so important - the head of the State Security Service is not dismissed in six months for coordination. The State Security Service is not appointed for a six-year term by chance - this provision in the law is not accidental. We see that in the last year two heads of the State Security Service have already been changed. This indicates an unstable environment and informal governance. A person was given a generalship in one day in the morning and demoted to coordinator in the evening - what special expectations should we have from this person?
02_ge_Giorgi_Sharashidze.csv,"რაც შეეხება კოორდინატორობას - თავად „ოცნებამ“ შემოიტანა ეს ტერმინი და გუშინ ჩვენი ერთ-ერთი ლიდერი გიგა ფარულავა, იურიდიული კომიტეტის სხდომაზე, როდესაც ფაქტს ამბობდა, რომ კოორდინატორად ნიშნავთო, ისეთი გაღიზიანება მოჰყვა, ლექსიკა და ტონი დაუწუნეს. ეს კოორდინატორი „ოცნების“ მიერ შემოღებული ტერმინია და თუ მათთვის ეს შეურაცხმყოფელია, მაშინ თავად ახსნან საერთოდ საიდან მოიტანეს ეს ტერმინი. ამიტომ, როდესაც ვამბობთ, რომ ეს გენერალ-კოორდინატორის დანიშვნა არაფერს არ შეცვლის გარდა იმისა, რომ უბრალოდ ეს იქნება რაღაცა მისი დაკმაყოფილება დროებით და პენსიაზე გაშვება, ეს არის რეალობა“, - განაცხადა შარაშიძემ.","""As for the term coordinator - ""Otsneba"" itself introduced this term, and yesterday, at the meeting of the Legal Committee, one of our leaders, Giga Parulava, when he mentioned the fact that he was being referred to as a coordinator, there was such irritation, his vocabulary and tone were criticized. This coordinator is a term introduced by ""Otsneba"" and if it is offensive to them, then they should explain themselves where they got this term from. Therefore, when we say that this appointment of a general coordinator will not change anything except that it will simply be something to temporarily satisfy him and send him to retirement, this is reality,"" Sharashidze said."
02_ge_Giorgi_Sharashidze.csv,"ცნობისთვის, პარლამენტი დაჩქარებული წესით იხილავს კანონის პროექტს, რომლის საფუძველზეც საქართველოს მთავრობის შემადგენლობაში სამართალდამცავი ორგანოების კოორდინაციის საკითხებში სახელმწიფო მინისტრის თანამდებობის შემოღება ხდება.","For your information, the Parliament will urgently consider a draft law, based on which the position of State Minister for Coordination of Law Enforcement Agencies will be introduced within the Government of Georgia."
02_ge_Giorgi_Sharashidze.csv,"პროექტის მიხედვით, ახალი სახელმწიფო მინისტრის საქმიანობას მატერიალურ-ტექნიკურად და ორგანიზაციულად მთავრობის ადმინისტრაცია უზრუნველყოფს.","According to the project, the government administration will provide the material, technical and organizational support for the activities of the new state minister."
02_ge_Giorgi_Sharashidze.csv,"მთავრობის საპარლამენტო მდივნის ვახტანგ ბაჩიაშვილის ინფორმაციით, სახელმწიფო მინისტრის უფლებამოსილებები მთავრობის დადგენილებაში დაზუსტდება, სადაც მისი რუტინული თუ სტრატეგიული უფლებამოსილებები გაიწერება.","According to the Government's Parliamentary Secretary Vakhtang Bachiashvili, the powers of the State Minister will be specified in a government resolution, which will specify his or her routine and strategic powers."
02_ge_Giorgi_Sharashidze.csv,სამართალდამცავი ორგანოების კოორდინაციის საკითხებში სახელმწიფო მინისტრის თანამდებობაზე მამუკა მდინარაძე დაინიშნება.,Mamuka Mdinaradze will be appointed as State Minister for Coordination of Law Enforcement Agencies.
03_ge_Mariam_Kvrivishvili.csv,"მარიამ ქვრივიშვილი - ჩინეთთან ხელი მოვაწერეთ თავისუფალი ვაჭრობის შეთანხმების განახლებულ ვერსიას, რაც კიდევ უფრო მეტად გააძლიერებს და გაამყარებს ორ ქვეყანას შორის სავაჭრო-ეკონომიკურ ურთიერთობებს (25.04.2026, 11:11)","Mariam Kvrivishvili - We have signed an updated version of the Free Trade Agreement with China, which will further strengthen and consolidate trade and economic relations between the two countries (25.04.2026, 11:11)"
03_ge_Mariam_Kvrivishvili.csv,"ჩინეთის სახალხო რესპუბლიკაში ვიზიტი წარმატებული შედეგებით დასრულდა, რაც დადებითად აისახება საქართველოსა და ჩინეთის ეკონომიკური კავშირების შემდგომ განვითარებაზე, - ამის შესახებ საქართველოს ეკონომიკისა და მდგრადი განვითარების მინისტრმა მარიამ ქვრივიშვილმა განაცხადა.","The visit to the People's Republic of China ended with successful results, which will positively affect the further development of economic ties between Georgia and China, - stated Mariam Kvrivishvili, Minister of Economy and Sustainable Development of Georgia."
03_ge_Mariam_Kvrivishvili.csv,"მინისტრის თქმით, ვიზიტის ფარგლებში გაიმართა უმაღლესი დონის შეხვედრები ჩინეთის სახელმწიფო და კერძო სექტორის წარმომადგენლებთან. მარიამ ქვრივიშვილმა განსაკუთრებული აქცენტი გააკეთა ჩინეთის ეროვნული რეფორმებისა და განვითარების კომიტეტში გამართულ შეხვედრაზე, რომლის დროსაც მხარეები შეთანხმდნენ, რომ ჩამოყალიბდება ინვესტიციების მოსაზიდად საქართველო-ჩინეთს შორის დიალოგის მექანიზმი, რაც ხელს შეუწყობს ჩინეთიდან ინვესტიციების განხორციელებას.","According to the minister, high-level meetings were held with representatives of the Chinese state and private sectors during the visit. Mariam Kvrivishvili placed special emphasis on the meeting held at the National Reform and Development Committee of China, during which the parties agreed to establish a dialogue mechanism between Georgia and China to attract investments, which will facilitate the implementation of investments from China."
03_ge_Mariam_Kvrivishvili.csv,"„კომერციის მინისტრთან ერთად ხელი მოვაწერე თავისუფალი ვაჭრობის შეთანხმების განახლებულ ვერსიას, რაც კიდევ უფრო მეტად გააძლიერებს და გაამყარებს ორ ქვეყანას შორის სავაჭრო-ეკონომიკურ ურთიერთობებს. გარდა ამისა, მივიღეთ უმნიშვნელოვანესი გადაწყვეტილება, რომ შეიქმნება მთავრობათაშორისი ფორმატი, რომელიც უზრუნველყოფს უმსხვილესი ინვესტიციების მოზიდვის, ისევე, როგორც სტრატეგიულ პროექტებში ჩინური კომპანიების ჩართულობის მხარდაჭერას"", - აღნიშნა მარიამ ქვრივიშვილმა.","""Together with the Minister of Commerce, I signed an updated version of the Free Trade Agreement, which will further strengthen and consolidate trade and economic relations between the two countries. In addition, we made a very important decision to create an intergovernmental format that will ensure the attraction of the largest investments, as well as support for the involvement of Chinese companies in strategic projects,"" Mariam Kvrivishvili noted."
03_ge_Mariam_Kvrivishvili.csv,"მინისტრმა ასევე ყურადღება გაამახვილა ჩინეთის ავიაკომპანია China Eastern Airlines - ის ხელმძღვანელებთან გამართულ შეხვედრაზე, რომელზეც მიღებულ იქნა გადაწყვეტილება 15 ივლისიდან შანხაი - თბილისის მიმართულებით პირდაპირი ავიამიმოსვლის დაწყების შესახებ. როგორც მარიამ ქვრივიშვილმა აღნიშნა, შანხაის მიმართულება, ისევე როგორც ზოგადად ჩინეთის ტურისტული ბაზარი საქართველოსთვის სტრატეგიულია და პირდაპირი საჰაერო მიმოსვლა ხელს შეუწყობს ქვეყანაში როგორც ტურისტული ნაკადების ზრდას, ისე მსყიდველუნარიანი ვიზიტორების ჩამოსვლას.","The Minister also drew attention to the meeting with the leaders of China Eastern Airlines, at which a decision was made to launch direct flights from Shanghai to Tbilisi from July 15. As Mariam Kvrivishvili noted, the Shanghai route, as well as the Chinese tourist market in general, is strategic for Georgia, and direct air traffic will contribute to both the growth of tourist flows and the arrival of visitors with purchasing power in the country."
03_ge_Mariam_Kvrivishvili.csv,"„ეს გადაწყვეტილება გააძლიერებს ხალხთაშორის ურთიერთობებს, ეკონომიკურ კავშირებს და სტიმულს მისცემს ჩვენი ქვეყნის ტურიზმის ინდუსტრიის გაძლიერებას, დივერსიფიცირებას და დამატებითი შემოსავლების გენერირებას ჩვენს ქვეყანაში უშუალოდ ტურიზმის ინდუსტრიიდან"", - განაცხადა მარიამ ქვრივიშვილმა.","""This decision will strengthen people-to-people relations, economic ties, and provide an incentive to strengthen, diversify, and generate additional revenue in our country directly from the tourism industry,"" said Mariam Kvrivishvili."
03_ge_Mariam_Kvrivishvili.csv,"ვიზიტის ფარგლებში გაიმართა შეხვედრები ჩინეთის უმსხვილეს ენერგეტიკულ და ავტომობილების მწარმოებელ კომპანიებთან. როგორც მარიამ ქვრივიშვილმა აღნიშნა, შეხვედრებზე განიხილეს საქართველოს საინვესტიციო შესაძლებლობები, რაც ხელს შეუწყობს ჩინეთიდან დამატებითი ინვესტიციების მოზიდვას, ადგილობრივი წარმოების განვითარებას და ენერგეტიკის სექტორის გაძლიერებას.","During the visit, meetings were held with China's largest energy and automobile manufacturing companies. As Mariam Kvrivishvili noted, the meetings discussed Georgia's investment opportunities, which will help attract additional investments from China, develop local production, and strengthen the energy sector."
04_ge_Maka_Botchorishvili.csv,"მაკა ბოჭორიშვილი პაველ ჰერჩინსკიზე - არ გვჭირდება საზოგადოების პოლარიზების და რადიკალური დღის წესრიგის წახალისება, არ გვჭირდება არც ბნელი წარსული და არც მსგავსი მუქარა - ხელისუფლება ყველაზე კარგად გრძნობს, რომელი გზის გასაყარზე დგას საქართველო (27.04.2026, 14:01)","Maka Bochorishvili on Pavel Herchinsky - We do not need to polarize society and encourage a radical agenda, we do not need a dark past or similar threats - the government feels best at which crossroads Georgia is standing (27.04.2026, 14:01)"
04_ge_Maka_Botchorishvili.csv,"როგორი განმარტებაც არ უნდა მოვისმინოთ, ფაქტები და ქმედებები ფაქტებად და ქმედებებად რჩება. სურათი, რომელსაც ვხედავთ, მიუღებელია, - ამის შესახებ საგარეო საქმეთა მინისტრმა, მაკა ბოჭორიშვილმა ევროკავშირის ელჩთან, პაველ ჰერჩინსკისთან შეხვედრის დასრულების შემდეგ ჟურნალისტებთან განაცხადა.","""No matter what explanation we hear, facts and actions remain facts and actions. The picture we see is unacceptable,"" Foreign Minister Maka Bochorishvili told reporters after a meeting with EU Ambassador Pavel Herczynski."
04_ge_Maka_Botchorishvili.csv,"მისი თქმით, ხელისუფლება ყველაზე კარგად გრძნობს, რომელი გზის გასაყარზე დგას საქართველო და რამდენად არ გვჭირდება არც ბნელი წარსული და არც მსგავსი მუქარები.","According to him, the government feels best at which crossroads Georgia is standing and how much we do not need either the dark past or similar threats."
04_ge_Maka_Botchorishvili.csv,"„ჩვენზე, ქართველებზე და ქართველი ხალხის მიერ არჩეულ ხელისუფლებაზე უკეთ ვერავინ მიხვდება და გაიგებს, რომელ გზაგასაყარზე დგას ეს ქვეყანა. ქართველი ხალხის ნება გამოხატულია საქართველოს ხელისუფლების არჩევანში. ხელისუფლება წარმოადგენს იმ ხალხის ნებას, რომელზეც ასე ღელავენ. შესაბამისად, ხელისუფლება ყველაზე კარგად გრძნობს, რომელი გზის გასაყარზე დგას საქართველო, რამდენად სჭირდება საქართველოს უსაფრთხოებას გაფრთხილება და რამდენად გვჭირდება სტაბილურობა. რამდენად არ გვჭირდება ამ საზოგადოების პოლარიზების და რადიკალური დღის წესრიგის წახალისება. ასევე, არ გვჭირდება არც ბნელი წარსული და არც მსგავსი მუქარები“, - განაცხადა ბოჭორიშვილმა.","""No one can understand and comprehend better than us, Georgians and the government elected by the Georgian people, the crossroads this country is at. The will of the Georgian people is expressed in the choice of the Georgian government. The government represents the will of the people they are so worried about. Accordingly, the government feels best at the crossroads Georgia is at, how much Georgia's security needs to be warned and how much we need stability. How much we do not need to polarize this society and encourage a radical agenda. Also, we do not need either a dark past or similar threats,"" Bochorishvili said."
04_ge_Maka_Botchorishvili.csv,"კითხვაზე, რა იყო პაველ ჰერჩინსკის განცხადებაში მუქარის შემცველი, ბოჭორიშვილმა უპასუხა, რომ მიუღებელია ყველაფერი ის, რაც საზოგადოებაში აღვივებს პოლარიზებას.","When asked what was threatening in Pavel Herchinsky's statement, Bochorishvili replied that anything that stirs up polarization in society is unacceptable."
04_ge_Maka_Botchorishvili.csv,"„ის განცხადებები, ქმედებები, ნაბიჯები, რომელიც ბრიუსელის მხრიდან იდგმება, ის დამოკიდებულება, რომელსაც საქართველოს ხელისუფლებასთან მიმართებაში ვხედავთ, არის მიუღებელი და მიმართულია ამ საზოგადოებაში პოლარიზაციისკენ. მიუღებელია ყველაფერი ის, რაც ჩვენს საზოგადოებაში აღვივებს პოლარიზებას და მიუღებელია რადიკალური დღის წესრიგის წახალისება“, - აღნიშნა საგარეო საქმეთა მინისტრმა.","""The statements, actions, steps that are being taken by Brussels, the attitude that we see towards the Georgian government, are unacceptable and are aimed at polarization in this society. Everything that stirs up polarization in our society is unacceptable, and encouraging a radical agenda is unacceptable,"" the Minister of Foreign Affairs noted."
04_ge_Maka_Botchorishvili.csv,"კითხვაზე, მოისმინა თუ არა მან განმარტება პაველ ჰერჩინსკის მხრიდან მის განცხადებაზე, ბოჭორიშვილმა უპასუხა, რომ აქვთ მოლოდინი, რომ ბრიუსელიდან ის დამოკიდებულება იქნება, რასაც საქართველო იმსახურებს.","When asked whether he had heard an explanation from Pavel Herchinsky about his statement, Bochorishvili replied that they expect that Brussels will give the attitude that Georgia deserves."
04_ge_Maka_Botchorishvili.csv,"„როგორი განმარტებაც არ უნდა მოვისმინოთ, ფაქტები და ქმედებები ფაქტებად და ქმედებებად რჩება. სურათი, რომელსაც ვხედავთ, მიუღებელია. საქართველო არის კეთილსინდისიერი პარტნიორი! მას ევროკავშირთან მიმართებით არაფერი გაუკეთებია იმისთვის, რომ დაზიანებულიყო ევროკავშირის რომელიმე ინტერესი. შესაბამისად, ევროკავშირის მხრიდან ჩვენც მოველით, რომ ბრიუსელიდან ის დამოკიდებულება იქნება, რასაც საქართველო იმსახურებს - კეთილსინდისიერ ურთიერთობაში. ამას ვერ ვხედავთ ამ ეტაპზე და ამის გამოხატულებაა ის ნაბიჯებიც, რასაც ვხედავთ. თუ გვინდა, რომ ურთიერთობები ისევ ნორმალურ რეჟიმში გადავიდეთ, მინიმუმ ერთმანეთს პატივი უნდა ვცეთ და მინიმუმ უნდა იყოს ნდობაზე დაფუძნებული ეს ურთიერთობები, რომელსაც ასეთი განცხადებები, არყევს“, - განაცხადა მაკა ბოჭორიშვილმა.","""No matter what explanation we hear, facts and actions remain facts and actions. The picture we see is unacceptable. Georgia is a bona fide partner! It has not done anything towards the European Union to damage any of the interests of the European Union. Accordingly, we expect from the European Union that Brussels will have the attitude that Georgia deserves - in good faith relations. We do not see this at this stage and the steps we see are a reflection of this. If we want relations to return to normal, we must at least respect each other and at least these relations must be based on trust, which such statements are shaking,"" said Maka Bochorishvili."
04_ge_Maka_Botchorishvili.csv,"ცნობისთვის, საქართველოში ევროკავშირის ელჩ პაველ ჰერჩინსკისა და საგარეო საქმეთა მინისტრ მაკა ბოჭორიშვილს შორის დღეს შეხვედრა გაიმართა. პაველ ჰერჩინსკის შეხვედრაზე დაბარება მის მიერ გაკეთებულ განცხადებას უკავშირდებოდა. შეგახსენებთ იმასაც, რომ ევროკავშირის ელჩმა საქართველოში პაველ ჰერჩინსკიმ ბრიუსელში, ევროპის საგარეო ქმედებათა სამსახურში, სადაც დოკუმენტური ფოტოგამოფენა „საქართველო ფოკუსში“ გაიხსნა, აღნიშნა, რომ საქართველო სწორ ტრაექტორიაზე აღარ იმყოფება. ელჩის თქმით, „ხელისუფლებამ აირჩია ალტერნატიული, ავტორიტარიზმის მოდელი და საქართველოს ევროკავშირს აშორებს“.","For your information, a meeting was held today between the EU Ambassador to Georgia, Pavel Herczynski, and the Minister of Foreign Affairs, Maka Bochorishvili. The summoning of Pavel Herczynski to the meeting was related to a statement he made. We would also like to remind you that the EU Ambassador to Georgia, Pavel Herczynski, noted at the European External Action Service in Brussels, where the documentary photo exhibition “Georgia in Focus” was opened, that Georgia is no longer on the right trajectory. According to the ambassador, “the authorities have chosen an alternative, authoritarian model and are distancing Georgia from the European Union.”"
04_ge_Maka_Botchorishvili.csv,"„საქართველო გზაგასაყარზე დგას. საქართველოს მომავალი ჯერ არ დაწერილა, მაგრამ ის, რაც მომავალ კვირებსა და თვეებში გადაწყდება, განსაზღვრავს, ეკუთვნის საქართველო ევროპული ქვეყნების ოჯახს, რომელიც დაფუძნებულია დემოკრატიაზე, კანონის უზენაესობასა და ადამიანის უფლებებზე, თუ სამწუხაროდ, თავის ბნელ წარსულს დაუბრუნდება. ჩემი მთავარი გზავნილი ქართველი ხალხის მიმართ არის „ნუ დაკარგავთ იმედის“. ჩვენ არ უნდა დავუშვათ, რომ საქართველო და შესანიშნავი, თბილი, სტუმართმოყვარე ქართველი ხალხი დაბრუნდეს ძალადობის, სამოქალაქო ომის, სიღარიბის, გაჭირვების, კორუფციის ბნელ დროში. ეს არ არის ის მომავალი, რომელსაც ისინი იმსახურებენ. როგორც კი ხელისუფლება გამოთქვამს ჩვენთან თანამშრომლობის სურვილს, ჩვენ ყველაფერს გავაკეთებთ იმისათვის, რომ დავეხმაროთ საქართველოს გახდეს ევროკავშირის წევრი“, - განაცხადა ჰერჩინსკიმ, რომლის ციტატასაც „ნეტგაზეთი“ ავრცელებს.","“Georgia stands at a crossroads. Georgia’s future has not yet been written, but what will be decided in the coming weeks and months will determine whether Georgia belongs to the family of European countries, based on democracy, the rule of law and human rights, or, unfortunately, returns to its dark past. My main message to the Georgian people is “do not lose hope”. We must not allow Georgia and the wonderful, warm, hospitable Georgian people to return to the dark times of violence, civil war, poverty, hardship, corruption. This is not the future they deserve. As soon as the government expresses a desire to cooperate with us, we will do everything to help Georgia become a member of the European Union,” said Herczynski, quoted by Netgazeti."
05_ge_Archpriest_Andria.csv,"დეკანოზი ანდრია ჯაღმაიძე - კანდიდატი უნდა იყოს არაუმეტეს 70 წლისა, რაც შეეხება განათლებას, როცა ადამიანს სამსახურში შეაქვს განცხადება, იტყვის, დიპლომი არ მაქვს, მაგრამ განათლებული ვარო?! - სინოდმა უნდა იხელმძღვანელოს მკაცრად, მართვა-გამგეობის დებულებით (28.04.2026, 11:40)","Archpriest Andria Jagmaidze - A candidate must be no older than 70 years old. As for education, when a person applies for a job, he will say, ""I don't have a diploma, but I am educated, right?"" - The Synod must be guided strictly by the regulations of the management board (28.04.2026, 11:40)"
05_ge_Archpriest_Andria.csv,"კრიტერიუმებში ჩვენ ვკითხულობთ, რომ უნდა იყოს ქართველი, უნდა იყოს, ბერი, უნდა იყოს სინოდის წევრი, უნდა ჰქონდეს განათლება და ასაკზე არის მითითება, რომ 40 წელი უნდა ჰქონდეს შესრულებული და არაუმეტეს 70 წლისა უნდა იყოს - მართვა-გამგეობის დებულების შეცვლის უფლება არ აქვს ამ სინოდს და უნდა იხელმძღვანელოს მკაცრად მართვა - გამგეობის დებულებით,- ამის შესახებ საპატრიარქოს საზოგადოებასთან ურთიერთობის სამსახურის უფროსმა დეკანოზმა ანდრია ჯაღმაიძემ განაცხადა.","In the criteria, we read that he must be Georgian, must be a monk, must be a member of the Synod, must have an education, and there is an indication of age, that he must be 40 years old and no older than 70 years old - this Synod does not have the right to change the regulations of the management board and must be strictly guided by the regulations of the management board, - said the senior dean of the Public Relations Service of the Patriarchate, Andria Jagmaidze."
05_ge_Archpriest_Andria.csv,"მისი თქმით, ეკლესიის ცხოვრებისთვის მნიშვნელოვანია, რომ განსაზღვრული წესი დაცული იყოს.",He said that it is important for the life of the church that certain rules be followed.
05_ge_Archpriest_Andria.csv,"„დღეს იქნება სინოდზე სამი საპატრიარქო კანდიდატის გამორჩევა და შემდგომი სინოდი, გაფართოებული სხდომა იქნება უკვე პატრიარქის გამოსავლენად.","""Today, the Synod will select three candidates for the patriarchate, and the subsequent Synod, an expanded session, will be held to select the patriarch."""
05_ge_Archpriest_Andria.csv,"კრიტერიუმებში ჩვენ ვკითხულობთ, რომ უნდა იყოს ქართველი, უნდა იყოს ბერი, უნდა იყოს სინოდის წევრი, უნდა ჰქონდეს განათლება და ასაკზე არის მითითება, რომ 40 წელი უნდა ჰქონდეს შესრულებული და არაუმეტეს 70 წლისა უნდა იყოს.","In the criteria, we read that he must be Georgian, must be a monk, must be a member of the Synod, must have an education, and there is an indication regarding age, that he must be at least 40 years old and no more than 70 years old."
05_ge_Archpriest_Andria.csv,"მე ვარ მათემატიკოსი, სიტყვა არაუმეტეს 70 წლისა, ნიშნავს, რომ 70-ს ნებისმიერი დროის დამატებით უკვე აღარ არის არაუმეტეს 70-ისა. ანუ 70-ს პლუს რაღაც დღეები და თვეები, უკვე უმეტეს 70-ისაა, როგორც მათემატიკოსისთვის, ჩემთვის, ეს არის სრულიად წყალი, თუმცა, ვნახოთ, სინოდი ამაზე რა გადაწყვეტილებას მიიღებს.","I am a mathematician, the word ""no more than 70 years old"" means that with the addition of any time to 70, it is no longer no more than 70. That is, 70 plus some days and months is already more than 70. As a mathematician, for me, this is completely water, although, let's see what decision the Synod will make on this."
05_ge_Archpriest_Andria.csv,"მეორე არის, რომ მართვა-გამგეობის დებულების შეცვლის უფლება არ აქვს ამ სინოდს და უნდა იხელმძღვანელოს მკაცრად მართვა- გამგეობის დებულებით. განათლების თემას რაც შეეხება, როგორ წარმოგიდგენიათ, როდესაც ადამიანს დიპლომი არ აქვს და სამსახურში ვაკანსიაზე შეაქვს განცხადება, რას იტყვის, რომ დიპლომი არ მაქვს, მაგრამ განათლებული ადამიანი ვარო?! ეს არც ერთ სამსახურში არ გაჭრის.","The second is that this synod does not have the right to change the management-board regulations and must be guided strictly by the management-board regulations. As for the topic of education, how can you imagine that when a person does not have a diploma and applies for a job vacancy, what will he say that I do not have a diploma, but I am an educated person?! That will not work in any job."
05_ge_Archpriest_Andria.csv,"ყველა საკითხი შეიძლება დადგეს ინტერპრეტაციის ქვეშ, მაგალითად, დადგეს საკითხი, რას ნიშნავს ქართველი. მე მყავდა მეგობარი, იეზიდი და შინაგანად იყო ძალიან კარგი ქართველი, ახლა ასე თუ ვიმსჯელებთ, ყველაფერი შეიძლება ეჭვქვეშ დავაყენოთ. არსებობს ასეთი ცნებაც „ფარული ბერები“ და ახლა აქ კრიტერიუმში წერია ბერი - „ფარული ბერი“ ნიშნავს, რომ აღკვეცილი არ არის, მაგრამ ბერულად ცხოვრობს ანუ ყველაფერი შეიძლება დადგეს ინტერპრეტაციის ქვეშ. ასე რომ, მე ვფიქრობ, ძალიან მნიშვნელოვანია ეკლესიის ცხოვრებისთვის, რომ წესი, რომელიც განსაზღვრულია, იყოს დაცული.","All issues can be subject to interpretation, for example, the question of what a Georgian means. I had a friend, a Yazidi, and he was a very good Georgian on the inside, now if we judge like that, we can question everything. There is also such a concept as “hidden monks” and now the criteria here say monk - “hidden monk” means that he is not ordained, but lives as a monk, that is, everything can be subject to interpretation. So, I think it is very important for the life of the church that the rule that is defined is observed."
05_ge_Archpriest_Andria.csv,"უმეტესობა ეპარქიებიდან უკვე მივიღეთ ინფორმაცია დელეგატების შესახებ,“-განაცხადა ანდრია ჯაღმაიძემ.","""We have already received information about the delegates from most dioceses,"" said Andria Jagmaidze."
06_ge_Armaz_Akhvlediani.csv,"არმაზ ახვლედიანი - ხელისუფლება მხარს უჭერდა მეუფე შიოს, ეს ცხადზე ცხადია, ის ჩარეული იყო და არის - ეს დავინახეთ და მაქვს ეჭვი, დავინახავთ ისტორიული სინოდის დაწყებამდეც, სადაც უნდა გამოირჩიონ პატრიარქი (28.04.2026, 19:37)","Armaz Akhvlediani - The government supported Bishop Shio, this is clear, he was and is involved - we saw this and I suspect we will see it even before the start of the historic synod, where the patriarch is to be elected (28.04.2026, 19:37)"
06_ge_Armaz_Akhvlediani.csv,"შესაძლოა საბოლოო სხდომისთვის, სადაც პატრიარქი უნდა გამოირჩიოს სინოდმა, გარკვეულწილად შეიცვალოს კონფიგურაცია - დაწინაურდა მეუფე შიო, მაგრამ არ ვიჩქარებდი და საბოლოო დასკვნას არ გავაკეთებდი, - ამის შესახებ პოლიტიკოსმა არმაზ ახვლედიანმა „პალიტრანიუსის“ გადაცემაში „რეზიუმე“ განაცხადა.","Perhaps for the final session, where the Synod is to elect the Patriarch, the configuration may change somewhat - Bishop Shio was promoted, but I would not rush and make a final conclusion, - politician Armaz Akhvlediani stated this in the ""Resume"" program of ""Palitranius""."
06_ge_Armaz_Akhvlediani.csv,"არმაზ ახვლედიანის თქმით, ყველაფერი დამოკიდებული იქნება იმაზე, თუ სად წავა დანარჩენი ორი კანდიდატის ხმები.","According to Armaz Akhvlediani, everything will depend on where the votes of the other two candidates go."
06_ge_Armaz_Akhvlediani.csv,"„მთავარი გადაწყვეტილება წინაა, დღეს მხოლოდ კანდიდატები გამოირჩია სინოდის სხდომამ, ჩვენ უკვე ვიცით მონაცემები, ვინ რამდენი ხმა მიიღო. არც ის დაგვავიწყდეს, რომ შესაძლოა, საბოლოო სხდომისთვის, სადაც პატრიარქი უნდა გამოირჩიოს სინოდმა, არ იქნება გამორიცხული, რომ გარკვეულწილად შეიცვალოს კონფიგურაცია. თუმცა კი, დღეს ჩანს, ვინ დაწინაურდა, დაწინაურდა მეუფე შიო, მაგრამ არ ვიჩქარებდი და საბოლოო დასკვნას არ გავაკეთებდი, სხვებისგან განსხვავებით.","""The main decision is in the past, today only the candidates were selected by the Synod session, we already know the data, who received how many votes. Let's not forget that perhaps, for the final session, where the Synod is to select the Patriarch, it will not be ruled out that the configuration will change to some extent. However, today it is clear who was promoted, Bishop Shio was promoted, but I would not rush and make a final conclusion, unlike others."
06_ge_Armaz_Akhvlediani.csv,"დღეს პატრიარქს არ ირჩევდნენ, დღეს მხოლოდ სამი კანდიდატი იქნა დასახელებული და მაშინ, როდესაც ერთი იქნება გამოსარჩევი, შესაძლოა დანარჩენი ორი შეთანხმდეს იმაზე, სად წავა მათი და აგრეთვე სხვების ხმები“, - განაცხადა არმაზ ახვლედიანმა.","""Today, the patriarch was not elected, today only three candidates were named, and while one is elected, the other two may agree on where their votes and those of others will go,"" said Armaz Akhvlediani."
06_ge_Armaz_Akhvlediani.csv,"არმაზ ახვლედიანის განცხადებით, ცხადზე ცხადია, რომ ხელისუფლება საპატრიარქო არჩევნებში ერევა და მხარს უჭერს მეუფე შიოს.","According to Armaz Akhvlediani, it is clear that the government is interfering in the patriarchal elections and supporting Bishop Shio."
06_ge_Armaz_Akhvlediani.csv,"„ხელისუფლება მხარს უჭერდა მეუფე შიოს, ეს ცხადზე ცხადია. ის ჩარეული იყო და არის. მოდით პირდაპირ ვთქვათ, ყველა სახელისუფლო მედია, დილიდან საღამომდე, აქტიურად, ყველა კონტექსტში, რა თემაზეც არ უნდა ესაუბრათ, პირდაპირ თუ ირიბად მხარს უჭერდა ამ ერთ კანდიდატს. ეს თუ ჩარევა არ არის, მაშინ ჩარევა რა არის?! რაც შეეხება სხვა გზით ჩარევას, მე ამაზე ვერ ვისაუბრებ, არ მაქვს არცერთი ფაქტი, რომ მქონდეს ვიტყოდი. მაგრამ, მაქვს საფუძვლიანი ეჭვი და ვარაუდი, რომ უკეთურ ხელისუფლებას ყველა დროში აქვს ზემოქმედების, ზეგავლენის, ზეწოლის ბერკეტი, მით უფრო იმ ხელისუფლებას, რომელსაც ავტორიტეტი აქვს განადგურებული და სჭირდება, რომ რაღაცას ჩაებღაუჭოს, ამ შემთხვევაში ინერციით მიღებულ ავტორიტეტს ეკლესიის და ეს გამოიყენოს სათავისოდ. ეს ჩვენ დავინახეთ ამ ხნის განმავლობაში და მე ეჭვი მაქვს, ამას ისტორიული სინოდის დაწყებამდეც დავინახავთ, სადაც უნდა გამოირჩიონ საბოლოო პატრიარქი“, - განაცხადა არმაზ ახვლედიანმა.","""The government supported Bishop Shio, this is clear. He was and is involved. Let's be honest, all the state media, from morning to evening, actively, in all contexts, no matter what topic they were talking about, directly or indirectly supported this one candidate. If this is not interference, then what is interference?! As for interference in other ways, I cannot talk about it, I do not have any facts that would say that I have. But, I have a well-founded suspicion and assumption that a bad government always has the leverage of influence, influence, and pressure, especially a government that has destroyed its authority and needs to seize something, in this case the authority of the Church acquired through inertia and use it as a basis. We have seen this throughout this time and I suspect that we will see this even before the start of the historic synod, where the final patriarch will be chosen,"" - said Armaz Akhvlediani."
06_ge_Armaz_Akhvlediani.csv,"ინფორმაციისთვის, წმინდა სინოდმა სამი საპატრიარქო კანდიდატი გამოარჩია. სინოდის გადაწყვეტილებით, პატრიარქობის კანდიდატები იქნებიან: საპატრიარქო ტახტის მოსაყდრე, სენაკისა და ჩხოროწყუს მიტროპოლიტი შიო (მუჯირი), ურბნისისა და რუისის ეპარქიის მიტროპოლიტი იობი და ფოთისა და ხობის მიტროპოლიტი გრიგოლი.","For information, the Holy Synod has selected three candidates for the patriarchate. According to the Synod's decision, the candidates for the patriarchate will be: Metropolitan Shio (Mujiri) of Senaki and Chkhorotsku, Metropolitan Job of the Diocese of Urbnisi and Ruisi, and Metropolitan Grigoli of Poti and Khobi."
06_ge_Armaz_Akhvlediani.csv,"როგორც საპატრიარქოს საზოგადოებასთან ურთიერთობის სამსახურის უფროსმა დეკანოზმა ანდრია ჯაღმაიძემ ჟურნალისტებს განუცხადა, საპატრიარქო ტახტის მოსაყდრე შიომ მიიღო 20 ხმა, დანარჩენმა ორმა კანდიდატმა კი მიიღო 7-7 ხმა.ამასთან, მისივე განმარტებით, სხვა კანდიდატები იყვნენ მეუფე გრიგოლ კაცია, მეუფე დოსითეოსი და მეუფე მელქისედეკი.","As the senior dean of the Patriarchate's Public Relations Department, Andria Jagmaidze, told journalists, the candidate for the patriarchal throne, Shio, received 20 votes, while the other two candidates received 7 votes each. According to his explanation, the other candidates were Bishop Grigol Katsia, Bishop Dositheos, and Bishop Melchizedek."
07_ge_Giorgi_Sharashidze.csv,"გიორგი შარაშიძე - რა ვიცე-პრემიერობაზე და სახელმწიფო მინისტრობაზეა საუბარი, კაბინეტსაც კი არ აძლევენ ნორმალურს, აპარატიც არ ექნება და მდივანიც არ ეყოლება - მდინარაძეს ვურჩევდი, ამ კაბინეტზეც ძალიან ნუ ჩაიციკლება და დისტანციურად იმუშაოს (28.04.2026, 12:04)","Giorgi Sharashidze - What kind of Vice Prime Minister and State Minister are we talking about? They don't even give him a normal cabinet, he won't have an office or a secretary - I would advise Mdinaradze not to get too carried away with this cabinet and to work remotely (28.04.2026, 12:04)"
07_ge_Giorgi_Sharashidze.csv,"რა ვიცე-პრემიერობაზე და სახელმწიფო მინისტრობაზეა საუბარი, კაბინეტსაც კი არ აძლევენ ნორმალურს, აპარატიც არ ექნება და მდივანიც არ ეყოლება მდინარაძეს - ვურჩევდი, რომ ამ კაბინეტზეც ძალიან ნუ იქნება ჩაციკლული და დისტანციურად იმუშაოს სახლიდან, - ამის შესახებ პარტია „გახარია საქართველოსთვის” დეპუტატმა, გიორგი შარაშიძემ, სამართალდამცავი ორგანოების კოორდინირებისთვის სახელმწიფო მინისტრის თანამდებობის შექმნაზე საუბრისას განაცხადა. მისი თქმით, გენერალ-კოორდინატორის დანიშვნა არაფერს არ შეცვლის გარდა იმისა, რომ ეს მისი „დროებითი დაკმაყოფილება და პენსიაზე გაშვება იქნება“.","What kind of Vice Prime Minister and State Minister are we talking about? They don't even give Mdinaradze a normal cabinet, he won't have an office, and he won't have a secretary - I would advise him not to be too busy with this cabinet and to work remotely from home, - Giorgi Sharashidze, an MP from the ""Gakharia for Georgia"" party, said this while talking about the creation of the position of State Minister for the Coordination of Law Enforcement Agencies. According to him, the appointment of a general coordinator will not change anything except that it will be his ""temporary satisfaction and retirement."""
07_ge_Giorgi_Sharashidze.csv,"„დაგეგმილ ცვლილებებს ჩვენი ქვეყნის მოქალაქეების პრობლემების და საქართველოს უსაფრთხოების საკითხების პრობლემების გადაჭრასთან არანაირი კავშირი არ აქვს. ეს არის არაფორმალური მმართველობის მორიგი გამოვლინება. „ოცნებას“ და იმ 89 დეპუტატს, რომელიც პარლამენტში ზის, არ აქვს, გარდა იმისა, რომ ივანიშვილის გადაწყვეტილებები, რომელსაც მათ არავინ არ უთანხმებს, უბრალოდ „გააპრავონ”. რა ვიცე-პრემიერობაზე და სახელმწიფო მინისტრობაზეა საუბარი, კაბინეტსაც კი არ აძლევენ ნორმალურს, აპარატიც არ ექნება და მდივანიც არ ეყოლება მდინარაძეს. მას ვურჩევდი, რომ ამ კაბინეტზეც ძალიან ნუ იქნება ჩაციკლული და დისტანციურად იმუშაოს მაშინ, სახლიდან.","""The planned changes have nothing to do with solving the problems of our citizens and the security issues of Georgia. This is another manifestation of informal governance. ""Dream"" and the 89 deputies sitting in parliament have nothing to do except to simply ""smash"" Ivanishvili's decisions, which no one agrees with them. What are we talking about as a vice-premier and state minister, they are not even giving him a normal cabinet, he will not have an office, and Mdinaradze will not have a secretary. I would advise him not to be too busy with this cabinet and to work remotely, from home."
07_ge_Giorgi_Sharashidze.csv,"თუ კოორდინაცია არის ასეთი მნიშვნელოვანი - კოორდინაციისთვის სუს-ის ხელმძღვანელს ექვს თვეში არ ხსნიან. სახელმწიფო უსაფრთხოების სამსახური ექვსი წლის ვადით შემთხვევით არ ინიშნება - ეს ჩანაწერი კანონში შემთხვევით არ არის. ვხედავთ, რომ ბოლო ერთ წელიწადში უკვე ორი სუს-ის უფროსი შეიცვალა. ეს მიუთითებს არასტაბილურ გარემოზე და არაფორმალურ მმართველობაზე. ადამიანს ერთ დღეში გენერლობა მიანიჭეს დილით და საღამოს კოორდინატორად დააქვეითეს - ამ ადამიანისგან რა განსაკუთრებული მოლოდინები უნდა შევქმნათ?",If coordination is so important - the head of the State Security Service is not dismissed in six months for coordination. The State Security Service is not appointed for a six-year term by chance - this provision in the law is not accidental. We see that in the last year two heads of the State Security Service have already been changed. This indicates an unstable environment and informal governance. A person was given a generalship in one day in the morning and demoted to coordinator in the evening - what special expectations should we have from this person?
07_ge_Giorgi_Sharashidze.csv,"რაც შეეხება კოორდინატორობას - თავად „ოცნებამ“ შემოიტანა ეს ტერმინი და გუშინ ჩვენი ერთ-ერთი ლიდერი გიგა ფარულავა, იურიდიული კომიტეტის სხდომაზე, როდესაც ფაქტს ამბობდა, რომ კოორდინატორად ნიშნავთო, ისეთი გაღიზიანება მოჰყვა, ლექსიკა და ტონი დაუწუნეს. ეს კოორდინატორი „ოცნების“ მიერ შემოღებული ტერმინია და თუ მათთვის ეს შეურაცხმყოფელია, მაშინ თავად ახსნან საერთოდ საიდან მოიტანეს ეს ტერმინი. ამიტომ, როდესაც ვამბობთ, რომ ეს გენერალ-კოორდინატორის დანიშვნა არაფერს არ შეცვლის გარდა იმისა, რომ უბრალოდ ეს იქნება რაღაცა მისი დაკმაყოფილება დროებით და პენსიაზე გაშვება, ეს არის რეალობა“, - განაცხადა შარაშიძემ.","""As for the term coordinator - ""Otsneba"" itself introduced this term, and yesterday, at the meeting of the Legal Committee, one of our leaders, Giga Parulava, when he mentioned the fact that he was being referred to as a coordinator, there was such irritation, his vocabulary and tone were criticized. This coordinator is a term introduced by ""Otsneba"" and if it is offensive to them, then they should explain themselves where they got this term from. Therefore, when we say that this appointment of a general coordinator will not change anything except that it will simply be something to temporarily satisfy him and send him to retirement, this is reality,"" Sharashidze said."
07_ge_Giorgi_Sharashidze.csv,"ცნობისთვის, პარლამენტი დაჩქარებული წესით იხილავს კანონის პროექტს, რომლის საფუძველზეც საქართველოს მთავრობის შემადგენლობაში სამართალდამცავი ორგანოების კოორდინაციის საკითხებში სახელმწიფო მინისტრის თანამდებობის შემოღება ხდება.","For your information, the Parliament will urgently consider a draft law, based on which the position of State Minister for Coordination of Law Enforcement Agencies will be introduced within the Government of Georgia."
07_ge_Giorgi_Sharashidze.csv,"პროექტის მიხედვით, ახალი სახელმწიფო მინისტრის საქმიანობას მატერიალურ-ტექნიკურად და ორგანიზაციულად მთავრობის ადმინისტრაცია უზრუნველყოფს.","According to the project, the government administration will provide the material, technical and organizational support for the activities of the new state minister."
07_ge_Giorgi_Sharashidze.csv,"მთავრობის საპარლამენტო მდივნის ვახტანგ ბაჩიაშვილის ინფორმაციით, სახელმწიფო მინისტრის უფლებამოსილებები მთავრობის დადგენილებაში დაზუსტდება, სადაც მისი რუტინული თუ სტრატეგიული უფლებამოსილებები გაიწერება.","According to the Government's Parliamentary Secretary Vakhtang Bachiashvili, the powers of the State Minister will be specified in a government resolution, which will specify his or her routine and strategic powers."
07_ge_Giorgi_Sharashidze.csv,სამართალდამცავი ორგანოების კოორდინაციის საკითხებში სახელმწიფო მინისტრის თანამდებობაზე მამუკა მდინარაძე დაინიშნება.,Mamuka Mdinaradze will be appointed as State Minister for Coordination of Law Enforcement Agencies.
08_ge_Classification_wine.csv,"ე.წ. მცირე ზომის მარნების კლასიფიკაცია იცვლება - მცირე ზომის მარნად იმ ტიპის ღვინის საწარმო განისაზღვრება, რომლის წლიური წარმადობაც 25 000 ლიტრ ღვინოს არ აღემატება (16.04.2026, 16:24)","The classification of so-called small wineries is changing - a small winery is defined as a type of wine enterprise whose annual production does not exceed 25,000 liters of wine (16.04.2026, 16:24)"
08_ge_Classification_wine.csv,"ე.წ. მცირე ზომის მარნების კლასიფიკაცია იცვლება - მცირე ზომის მარნად იმ ტიპის ღვინის საწარმო განისაზღვრება, რომლის წლიური წარმადობაც 25 000 ლიტრ ღვინოს არ აღემატება.","The classification of so-called small wineries is changing - a small winery is defined as a type of wine enterprise whose annual production does not exceed 25,000 liters of wine."
08_ge_Classification_wine.csv,"გარდა ამისა, სავალდებულო ხდება საქართველოში წარმოებული დაცული ადგილწარმოშობის დასახელების ალკოჰოლიანი სასმელის, საექსპორტოდ და ადგილობრივ სამომხმარებლო ბაზარზე რეალიზაციისათვის განკუთვნილი ყველა კატეგორიის ღვინის ორგანოლეპტიკური შემოწმება. ეს მოთხოვნა იმ ღვინოზე არ გავრცელდება, რომელიც მცირე ზომის მარანში იქნება წარმოებული.","In addition, organoleptic testing of all categories of alcoholic beverages with a protected designation of origin produced in Georgia, wines intended for export and sale on the local consumer market, will be mandatory. This requirement will not apply to wines produced in small wine cellars."
08_ge_Classification_wine.csv,"შესაბამისი ცვლილებები “ვაზისა და ღვინის შესახებ“ კანონში ხორციელდება, რომელიც გარემოს დაცვისა და სოფლის მეურნეობის სამინისტრომ მოამზადა. პროექტი პარლამენტს მთავრობამ წარუდგინა.","The relevant amendments are being made to the Law on Vine and Wine, which was prepared by the Ministry of Environmental Protection and Agriculture. The draft was submitted to the Parliament by the government."
08_ge_Classification_wine.csv,"პროექტის თანახმად, სარეალიზაციოდ განკუთვნილი, სერტიფიცირებული ალკოჰოლიანი სასმელის ნიშანდება სავალდებულო იქნება. ნიშანდებას ღვინის სააგენტო, გარემოს დაცვისა და სოფლის მეურნეობის მინისტრის მიერ დადგენილი წესით განახორციელებს.","According to the project, the labeling of certified alcoholic beverages intended for sale will be mandatory. The Wine Agency will implement the labeling in accordance with the rules established by the Minister of Environmental Protection and Agriculture."
08_ge_Classification_wine.csv,"„ვაზისა და ღვინის შესახებ“ მოქმედი კანონის გათვალისწინებით, მცირე ზომის მარანში მოიაზრებოდა მეწარმე, რომელსაც ტრადიციული საოჯახო მარანი აქვს და რომლის წლიური წარმადობა 40 000 ლიტრს არ აღემატება. ცვლილებებით, ეს რაოდენობა 40 000-დან 25 000 ლიტრამდე მცირდება.","Under the current Law on Vine and Wine, a small winery was considered an entrepreneur who had a traditional family winery and whose annual production did not exceed 40,000 liters. With the amendments, this number is reduced from 40,000 to 25,000 liters."
08_ge_Classification_wine.csv,"„ვინაიდან მცირე ზომის მარნის ცნებამ და ჭარბმა წარმადობამ ფაქტიურად მისივე მნიშვნელობა დაკარგა, ამ ტერმინში ცვლილების განხორციელების და მცირე ზომის მარანში წარმოებული ღვინის წარმადობის ოდენობის შემცირების საჭიროება დგება.","""Since the concept of a small winery and excessive production has literally lost its meaning, there is a need to change this term and reduce the amount of wine produced in a small winery."""
08_ge_Classification_wine.csv,"გასათვალისწინებელია, რომ აღნიშნული ღვინო ორგანოლეპტიკური მახასიათებლებით, გემოვნური თვისებებით საერთო ზეგავლენას ახდენს ქართული ღვინის რეპუტაციაზე, როგორც ადგილობრივ, ასევე საერთაშორისო ბაზრებზე. სწორედ ამ საკითხის რეგულირებისათვის მნიშვნელოვანია სახლის ღვინის ნაცვლად, ახალი კატეგორიის - ბუნებრივი ღვინის დამატება, რომელზეც არ გავრცელდება სავალდებულო ორგანოლეპტიკური შემოწმება მხოლოდ იმ შემთხვევაში თუ წარმოებულია მცირე ზომის მარანში და ამავდროულად, აღნიშნული ღვინის ეტიკეტზე განთავსდება ბუნებრივი ღვინისათვის განკუთვნილი შესაბამისი ნიშანი, რაც მომხმარებლის წინასწარ ინფორმირებას უზრუნველყოფს თავად პროდუქტის შესახებ.","It should be noted that the aforementioned wine, with its organoleptic characteristics and taste properties, has a general impact on the reputation of Georgian wine, both in local and international markets. To regulate this issue, it is important to add a new category - natural wine, instead of house wine, which will not be subject to mandatory organoleptic testing only if it is produced in a small cellar, and at the same time, the appropriate sign for natural wine will be placed on the label of the aforementioned wine, which will provide advance information to the consumer about the product itself."
08_ge_Classification_wine.csv,"ამასთან, მნიშვნელოვანია ქართული ღვინის ხარისხისა და რეპუტაციის შენარჩუნება როგორც ადგილობრივ, ასევე საერთაშორისო ბაზრებზე და შესაბამისად, მომხმარებლისათვის მაღალი ხარისხის პროდუქტის მიწოდების უზრუნველსაყოფად აუცილებელი ხდება, ყველა კატეგორიის ღვინო - როგორც საექსპორტო, ასევე ადგილობრივ ბაზარზე სარეალიზაციოდ განკუთვნილი - ორგანოლეპტიკურ შემოწმებას დაექვემდებაროს.","In addition, it is important to maintain the quality and reputation of Georgian wine in both local and international markets, and accordingly, to ensure the delivery of a high-quality product to consumers, it is necessary for all categories of wine - both those intended for export and for sale in the local market - to be subjected to organoleptic testing."
08_ge_Classification_wine.csv,"ზემოაღნიშნულიდან გამომდინარე, საკითხის რეგულირებისა და შესაბამისი მექანიზმების დანერგვის მიზნით, მიზანშეწონილია ალკოჰოლიან სასმელზე ნიშანდების შემოღება და ორგანოლეპტიკური შემოწმების ფარგლების გაფართოება”, - განმარტავს გარემოს დაცვისა და სოფლის მეურნეობის სამინისტრო კანონის პროექტზე თანდართულ განმარტებით ბარათში.","""Based on the above, in order to regulate the issue and implement appropriate mechanisms, it is advisable to introduce markings on alcoholic beverages and expand the scope of organoleptic testing,"" the Ministry of Environmental Protection and Agriculture explains in the explanatory note attached to the draft law."
09_ge_Grigol_Gegelia.csv,"გრიგოლ გეგელია - პაველ ჰერჩინსკის საგარეო საქმეთა სამინისტროში დაბარება არის კიდევ ერთი ნათელი დასტური იმისა, რომ ეს ხელისუფლება ემსახურება ანტიქართულ მიზნებსა და მისწრაფებებს (27.04.2026, 12:12)","Grigol Gegelia - Summoning Pavel Herchinsky to the Ministry of Foreign Affairs is another clear proof that this government serves anti-Georgian goals and aspirations (27.04.2026, 12:12)"
09_ge_Grigol_Gegelia.csv,"ჰერჩინსკის დაბარება არის კიდევ ერთი ნათელი დასტური იმისა, რომ ეს ხელისუფლება ყოველთვის ემსახურება ანტიქართულ მიზნებსა და მისწრაფებებს, - ამის შესახებ „ლელო- ძლიერი საქართველოს“ საგარეო მდივანმა გრიგოლ გეგელიამ ევროკავშირის ელჩის პაველ ჰერჩინსკის დაბარებასთან დაკავშირებით განაცხადა.","The summoning of Herchinsky is another clear proof that this government always serves anti-Georgian goals and aspirations, Grigol Gegelia, Foreign Secretary of the ""Lelo - Strong Georgia"" party, said regarding the summoning of European Union Ambassador Pavel Herchinsky."
09_ge_Grigol_Gegelia.csv,"გეგელიას თქმით, იმ დროს, როდესაც საგარეო უწყების მიერ დაბარებულები არ არიან ირანის და უნგრეთის ელჩები, საქართველოს სტრატეგიული პარტნიორების წარმომადგენლების დაბარება აჩვენებს, რომ „ქართული ოცნების“ ხელისუფლება ქვეყნის სტრატეგიული ინტერესების დაზიანებას ემსახურება.","According to Gegelia, at a time when the ambassadors of Iran and Hungary have not been summoned by the Foreign Ministry, the summoning of representatives of Georgia's strategic partners shows that the Georgian Dream government is working to harm the country's strategic interests."
09_ge_Grigol_Gegelia.csv,"„იმ დროს, როდესაც ირანის ელჩი არ არის დაბარებული და არ არის გამოკითხული იმასთან დაკავშირებით თუ რატომ ემუქრებოდა ქართველ ხალხს ასეთი ენით, იმ დროს, როდესაც უნგრეთის ელჩი არ დაუბარებიათ და არ უკითხავთ რუსეთის ჯაშუში რომ მუშაობდა 4 წლის განმავლობაში საქართველოში, რასთან გვქონდა შეხება, იყო თუ არა უნგრეთი ინფორმირებული და როგორ უნდა აღვიქვათ ეს, რომ უნგრული დიპლომატიური საფარის ქვეშ ამ ქალაქში მუშაობდა, მაღალი ალბათობით, რუსეთის ჯაშუში და ასეთ ვითარებაში ბოჭორიშვილი საკუთარ თავს უფლებას აძლევს, რომ თავს დაესხას ყველა იმ ელჩს, რომელიც არის ამ ქვეყნის სტრატეგიული პარტნიორი სახელმწიფოს წარმომადგენელი. იქნება ეს ილიას სახელმწიფო უნივერსიტეტზე გაკეთებული განცხადების გამო თუ ელემენტარული პროდემოკრატიული განცხადებების გამო, იბარებს საქმის გასარჩევად იმ სახელმწიფოების ელჩებს, რომლებიც არიან ჩვენი ქვეყნის ყველაზე მნიშვნელოვანი სტრატეგიული პარტნიორები. ეს თვალნათლივ ადასტურებს, რომ ე.წ. ხელისუფლება არის საქართველოს მტრული ხელისუფლება, რომელიც ყველაფერს აკეთებს ჩვენი ქვეყნის ეროვნული საშინაო თუ საგარეო პოლიტიკური ინტერესების დასაზიანებლად,“ - განაცხადა გრიგოლ გეგელიამ.","""At a time when the Iranian ambassador has not been summoned and has not been questioned about why he threatened the Georgian people with such language, at a time when the Hungarian ambassador has not been summoned and has not been asked about the Russian spy who worked in Georgia for 4 years, what we were dealing with, whether Hungary was informed and how we should perceive it, that under Hungarian diplomatic cover he was working in this city, most likely, a Russian spy, and in such a situation, Bochorishvili gives himself the right to attack all the ambassadors who are representatives of this country's strategic partner state. Whether it is because of the statement made at Ilia State University or because of elementary pro-democracy statements, he summons the ambassadors of those states that are the most important strategic partners of our country to resolve the case. This clearly proves that the so-called government is a hostile government of Georgia, which does everything to undermine the national interests of our country."" ""To harm domestic or foreign political interests,"" Grigol Gegelia said."
09_ge_Grigol_Gegelia.csv,"შეგახსენებთ, ევროკავშირის ელჩმა საქართველოში პაველ ჰერჩინსკიმ ბრიუსელში, ევროპის საგარეო ქმედებათა სამსახურში, სადაც დოკუმენტური ფოტოგამოფენა „საქართველო ფოკუსში“ გაიხსნა, აღნიშნა, რომ საქართველო სწორ ტრაექტორიაზე აღარ იმყოფება. ელჩის თქმით, „ხელისუფლებამ აირჩია ალტერნატიული, ავტორიტარიზმის მოდელი და საქართველოს ევროკავშირს აშორებს“. „საქართველო გზაგასაყარზე დგას. საქართველოს მომავალი ჯერ არ დაწერილა, მაგრამ ის, რაც მომავალ კვირებსა და თვეებში გადაწყდება, განსაზღვრავს, ეკუთვნის საქართველო ევროპული ქვეყნების ოჯახს, რომელიც დაფუძნებულია დემოკრატიაზე, კანონის უზენაესობასა და ადამიანის უფლებებზე, თუ სამწუხაროდ, თავის ბნელ წარსულს დაუბრუნდება. ჩემი მთავარი გზავნილი ქართველი ხალხის მიმართ არის „ნუ დაკარგავთ იმედის“. ჩვენ არ უნდა დავუშვათ, რომ საქართველო და შესანიშნავი, თბილი, სტუმართმოყვარე ქართველი ხალხი დაბრუნდეს ძალადობის, სამოქალაქო ომის, სიღარიბის, გაჭირვების, კორუფციის ბნელ დროში. ეს არ არის ის მომავალი, რომელსაც ისინი იმსახურებენ.როგორც კი ხელისუფლება გამოთქვამს ჩვენთან თანამშრომლობის სურვილს, ჩვენ ყველაფერს გავაკეთებთ იმისათვის, რომ დავეხმაროთ საქართველოს გახდეს ევროკავშირის წევრი“, - განაცხადა ჰერჩინსკიმ, რომლის ციტატასაც „ნეტგაზეთი“ ავრცელებს.","As a reminder, the EU Ambassador to Georgia, Pavel Herczynski, at the European External Action Service in Brussels, where the documentary photo exhibition “Georgia in Focus” was opened, noted that Georgia is no longer on the right trajectory. According to the ambassador, “the authorities have chosen an alternative, authoritarian model and are taking Georgia away from the European Union”. “Georgia is at a crossroads. Georgia’s future has not yet been written, but what will be decided in the coming weeks and months will determine whether Georgia belongs to the family of European countries, based on democracy, the rule of law and human rights, or, unfortunately, will return to its dark past. My main message to the Georgian people is “do not lose hope”. We must not allow Georgia and the wonderful, warm, hospitable Georgian people to return to the dark times of violence, civil war, poverty, hardship, corruption. ""This is not the future they deserve. As soon as the government expresses a desire to cooperate with us, we will do everything to help Georgia become a member of the European Union,"" said Herczynski, quoted by Netgazeti."
09_ge_Grigol_Gegelia.csv,"აღნიშნული განცხადების შემდეგ, ელჩი საგარეო უწყებაში დაიბარეს.","Following the aforementioned statement, the ambassador was summoned to the Foreign Ministry."
10_ge_Shalva_Papuashvili.csv,"შალვა პაპუაშვილი - ზოგიერთი ევროპელი ბიუროკრატი გეოგრაფიაში ვერ ერკვევა, ჰგონია, რომ საქართველოს შეიძლება თავზე გადაახტე და ევროპა აზიას დააკავშირო - გეოგრაფიასთან ჭიდილი ჯერ არავის მოუგია (06.05.2026, 17:39)","Shalva Papuashvili - Some European bureaucrats don't understand geography, they think they can jump over Georgia and connect Europe with Asia - no one has ever won a fight with geography (06.05.2026, 17:39)"
10_ge_Shalva_Papuashvili.csv,"ზოგიერთ ევროპელ ბიუროკრატს ჰგონია, რომ საქართველოს შეიძლება თავზე გადაახტე და ევროპა აზიას ისე დააკავშირო - გეოგრაფიასთან ჭიდილი ჯერ არავის მოუგია! - ამის შესახებ დღეს პარლამენტის თავმჯდომარემ შალვა პაპუაშვილმა განაცხადა.",Some European bureaucrats think that Georgia can be jumped over and connected to Europe and Asia - no one has ever won a battle with geography! - Parliament Speaker Shalva Papuashvili stated this today.
10_ge_Shalva_Papuashvili.csv,"პაპუაშვილის თქმით, “ის ბიუროკრატები, რომლებიც ფიქრობენ, რომ საქართველოს გვერდის ავლით და საქართველოს ვერ დანახვით რაიმეს შეძლებენ, გეოგრაფიასთან კიდევ ერთხელ დამარცხდებიან“.","According to Papuashvili, ""those bureaucrats who think they can achieve anything by bypassing Georgia and not seeing it will once again be defeated by geography."""
10_ge_Shalva_Papuashvili.csv,"“საუკუნეები ასეა - აბრეშუმის გზამ აქ ტყუილად კი არ გაიარა... გაიარა იმიტომ, რომ მაშინაც, ისევე როგორც ახლა, ეს იყო ყველაზე მოკლე და ყველაზე უსაფრთხო დამაკავშირებელი გზა ევროპასა და აზიას შორის. ზოგიერთი ბიუროკრატი გეოგრაფიაში ვერ ერკვევა. როგორც ამის წინ ერთ-ერთ სიუჟეტში ვნახეთ, მათ შორის საფრანგეთის ევროპის საქმეთა მინისტრმა ირანი რუკაზე ვერ მოძებნა. ასევე ვერ მოძებნიან ხოლმე თუ სად არის საქართველო. ზოგიერთ ევროპელ ბიუროკრატს ჰგონია, რომ საქართველოს შეიძლება თავზე გადაახტე და ევროპა აზიას ისე დააკავშირო - გეოგრაფიასთან ჭიდილი ჯერ არავის მოუგია“, - განაცხადა შალვა პაპუაშვილმა.","“Centuries have been like this - the Silk Road did not pass through here in vain... It passed because then, as now, it was the shortest and safest connecting route between Europe and Asia. Some bureaucrats do not understand geography. As we saw in one of the stories before, among them, the French Minister of European Affairs could not find Iran on the map. They also cannot find where Georgia is. Some European bureaucrats think that you can jump over Georgia and connect Europe with Asia - no one has ever won a fight with geography,” said Shalva Papuashvili."
10_ge_Shalva_Papuashvili.csv,"შალვა პაპუაშვილი - ევროპარლამენტის სახით გვყავს საბჭოთა კავშირის სახალხო დეპუტატთა ყრილობის რეინკარნაცია, ხოლო ჩვენ ვფიქრობთ ევროპულად, როგორც დემოკრატიული ქვეყანა, ჩვენს შორის არის ღირებულებითი უფსკრული (06.05.2026,  17:46)","Shalva Papuashvili - In the form of the European Parliament, we have the reincarnation of the Congress of People's Deputies of the Soviet Union, while we think European, as a democratic country, there is a value gap between us (06.05.2026, 17:46)"
10_ge_Shalva_Papuashvili.csv,"ევროპარლამენტის სახით ჩვენ გვყავს საბჭოთა კავშირის სახალხო დეპუტატთა ყრილობის რეინკარნაცია. ჩვენს შორის არის ღირებულებითი უფსკრული. საბჭოთა მენტალიტეტის მქონე ადამიანებთან, გორბაჩოვის თანამებრძოლებთან და ფაშისტური განცხადებებით გამორჩეულ ხალხთან ქართველ ხალხს არაფერი საერთო არ აქვს, - ამის შესახებ პარლამენტის თავმჯდომარემ, შალვა პაპუაშვილმა ჟურნალისტებს ევროპარლამენტის საგარეო საქმეთა კომიტეტის მიერ საქართველოს შესახებ მიღებულ ანგარიშზე დასმული კითხვის საპასუხოდ განუცხადა.","""In the form of the European Parliament, we have the reincarnation of the Congress of People's Deputies of the Soviet Union. There is a value gap between us. The Georgian people have nothing in common with people with a Soviet mentality, Gorbachev's comrades-in-arms and people distinguished by fascist statements,"" Parliament Speaker Shalva Papuashvili told journalists in response to a question on the report on Georgia adopted by the European Parliament's Foreign Affairs Committee."
10_ge_Shalva_Papuashvili.csv,"როგორც პაპუაშვილმა აღნიშნა, ევროპარლამენტთან ქართულ მხარეს სულ უფრო ნაკლები სასაუბრო რჩება.","As Papuashvili noted, the Georgian side has less and less to talk about with the European Parliament."
10_ge_Shalva_Papuashvili.csv,"“ჩვენ ვხედავთ, რომ ამ ხალხთან სასაუბრო სულ უფრო ნაკლები და ნაკლები გვრჩება. ჩვენ ვართ ღირებულებით ორ განსხვავებულ პოლუსზე. ევროპარლამენტის სახით ჩვენ გვყავს საბჭოთა კავშირის სახალხო დეპუტატთა ყრილობის რეინკარნაცია, ამ სიტყვის სრული მნიშვნელობით, ყველაფრით - ესთეტიკით, რასა იუკნევიჩიანეს რუსული აქცენტით, აბსოლუტურად ყველაფრით სრული რეინკარნაცია არის უკვე სახალხო დეპუტატთა ყრილობის, ხოლო ჩვენ ვფიქრობთ ევროპულად, ჩვენ ვფიქრობთ, როგორც დემოკრატიული ქვეყანა, ასე რომ, ჩვენს შორის არის ღირებულებითი უფსკრული. ის რაღაც ღირებულებითი აჯაფსანდალი, რომელიც დღეს ევროპარლამენტში ხდება, ამასთან ჩვენ საერთო არაფერი არ გვაქვს და ვერც გვექნება.","""We see that we have less and less to talk to these people. We are at two different poles in terms of values. In the form of the European Parliament, we have a reincarnation of the Congress of People's Deputies of the Soviet Union, in the full sense of the word, with everything - aesthetics, with the Russian accent of Rasa Yuknevichian, absolutely everything - it is a complete reincarnation of the Congress of People's Deputies, and we think European, we think as a democratic country, so there is a value gap between us. That kind of value clash that is happening in the European Parliament today, we have nothing in common with it and we will never have anything."
10_ge_Shalva_Papuashvili.csv,"ევროკავშირის ეს ინსტიტუცია უნდა შეიცვალოს თვისებრივად იმისთვის, რომ საქართველოს პარლამენტსა და საქართველოს შეეძლოს მასთან რაიმე სახის ურთიერთობა. საბჭოთა მენტალიტეტის მქონე ადამიანებთან, გორბაჩოვის თანამებრძოლებთან და ფაშისტური განცხადებებით გამორჩეულ ხალხთან ქართველ ხალხს არაფერი საერთო არ აქვს”, - განაცხადა პაპუაშვილმა.","""This institution of the European Union must be changed qualitatively so that the Georgian Parliament and Georgia can have any kind of relationship with it. The Georgian people have nothing in common with people with a Soviet mentality, Gorbachev's comrades-in-arms, and people distinguished by fascist statements,"" Papuashvili said."
10_ge_Shalva_Papuashvili.csv,"შალვა პაპუაშვილი - ზელენსკის საქართველოს პრემიერ-მინისტრი სანქცირებულთა სიაში ჰყავს შეყვანილი და ახლა მასთან მისვლა და გასაუბრება მოუწია - ეს მეტყველებს, რამდენად მცდარი იყო უკრაინის ხელისუფლების პოლიტიკა ქართველი ხალხის მიმართ (05.05.2026, 14:59)","Shalva Papuashvili - Zelensky has included the Georgian Prime Minister in the sanctions list and now he had to come and talk to him - this shows how wrong the Ukrainian government's policy towards the Georgian people was (05.05.2026, 14:59)"
10_ge_Shalva_Papuashvili.csv,"ვფიქრობ, ინიციატივა, რომელიც გამოიჩინა პრეზიდენტმა ზელენსკიმ, რომ გასაუბრებოდა საქართველოს პრემიერ-მინისტრს, აჩვენებს, რომ ნებისმიერი პოლიტიკა, რომელიც თავშივე არის უსამართლო, განწირულია მარცხისთვის,- ამის შესახებ საქართველოს პარლამენტის თავმჯდომარემ შალვა პაპუაშვილმა განაცხადა.","""I think the initiative taken by President Zelensky to meet with the Prime Minister of Georgia shows that any policy that is inherently unjust is doomed to failure,"" said Shalva Papuashvili, Speaker of the Parliament of Georgia."
10_ge_Shalva_Papuashvili.csv,"მისი თქმით, უკრაინის პრეზიდენტს საქართველოს პრემიერ-მინისტრი კობახიძე სანქცირებულთა სიაში ჰყავს შეყვანილი და ახლა მასთან მისვლა და გასაუბრება მოუწია.",He said that the Ukrainian President has included Georgian Prime Minister Kobakhidze on the sanctions list and now he had to go and talk to him.
10_ge_Shalva_Papuashvili.csv,"„ვფიქრობ, ეს თავად მეტყველებს იმაზე, თუ რამდენად მცდარი იყო უკრაინის ხელისუფლების პოლიტიკა ქართველი ხალხის მიმართ და იმედს მიჩენს, რომ ეს არის ნიშანი გადააზრებისა, რომ ქართველი ხალხის წინააღმდეგ მოქმედებას შედეგი არ გამოაქვს და ფსონის დადება იმ ძალებზე, რომლებიც ქართველი ხალხის ღალატით არიან ნაკვები, კარგ შედეგს არ მოუტანს. კიდევ ერთხელ, ჩვენ ყოველთვის ვამბობდით და არა მხოლოდ უკრაინასთან მიმართებით, არამედ ყველა იმ ქვეყანასთან და ხელისუფლებასთან მიმართებით, რომელიც საქართველოს მოსახლეობის მიმართ სხვადასხვა სახის უსამართლო პოლიტიკით არის დაკავებული, რომ ჩვენ ვრჩებით ცალმხრივი მეგობრობის ფორმატში, რაც გულისხმობს იმას, რომ ჩვენ ამ ურთიერთობებში ვართ მართლები. ვინც არასწორი ნაბიჯი გადადგა საქართველოსთან დაკავშირებით, საბოლოო ჯამში, იმედია, რომ გააცნობიერებს საკუთარი ნაბიჯის სიმცდარეს. ჩვენ ყოველთვის მზად ვართ, რომ გადავიაზროთ ყველა ეს ურთიერთობა.","""I think this itself speaks to how wrong the policy of the Ukrainian government was towards the Georgian people and gives me hope that this is a sign of rethinking, that acting against the Georgian people does not yield results and betting on the forces that are fed by the betrayal of the Georgian people will not bring good results. Once again, we have always said, and not only in relation to Ukraine, but also in relation to all those countries and governments that are engaged in various unfair policies towards the Georgian population, that we remain in the format of one-sided friendship, which means that we are right in these relations. Whoever took the wrong step towards Georgia will, in the end, hopefully, realize the error of their step. We are always ready to reconsider all these relations."
10_ge_Shalva_Papuashvili.csv,"4 წელზე მეტია უკრაინის ხელისუფლებისგან, სამწუხაროდ, ვხედავთ პოლიტიკას, რომელიც არა თუ ქართველი ხალხის წინააღმდეგ არის მიმართული, უკრაინელის ხალხის ინტერესსაც არ ემსახურება. 4 წელია ვხედავთ, რომ ეს ურთიერთობა სწორედ უკრაინის ხელისუფლების გადაწყვეტილებით არის იმ წერტილზე მისული, სადაც არის. ჩვენ ამ ურთიერთობაში ყოველთვის ხაზს ვუსვამდით, რომ საქართველო და საქართველოს ხელისუფლება ყოველთვის მხარს ვუჭერდით უკრაინელ ხალხს და უკრაინას, არ არსებობს რეზოლუცია რომელსაც ჩვენ მხარი არ დავუჭირეთ. თუკი ვინმეს აქვს ნაბიჯი გადასადგმელი და გამოსასწორებელი, ეს არის უკრაინის ხელისუფლება.","For more than 4 years, unfortunately, we have seen a policy from the Ukrainian government that is not only directed against the Georgian people, but also does not serve the interests of the Ukrainian people. For 4 years, we have seen that this relationship has reached the point where it is precisely due to the decision of the Ukrainian government. We have always emphasized in this relationship that Georgia and the Georgian government have always supported the Ukrainian people and Ukraine, there is no resolution that we have not supported. If anyone has a step to take and correct, it is the Ukrainian government."
10_ge_Shalva_Papuashvili.csv,"როდესაც შენი ქვეყნის და ხალხის გვერდში მდგომ ხელისუფლების წარმომადგენლებს უწესებ სანქციებს, ეს არის ყველაფერი, გარდა მადლიერების გამოხატვისა. რაც შეეხება სხვა ქცევებს, ყველა ჩვენგანი ვიყავით ამ ყველაფრის მომსწრე, ჩვენი თვალით ვნახეთ და ჩვენი ყურით მოვისმინეთ, როდესაც პრეზიდენტმა ზელენსკიმ პირდაპირ მოითხოვა, რომ საქართველოს ხელისუფლებას მებრძოლები დაეორგანიზებინა და გაეშვა უკრაინაში საომრად და ამით ღიად ჩართულიყო, როგორც მხარე, რუსეთ-უკრაინის ომში. ამას ქართულად ჰქვია „ომში ჩათრევა“, არ ვიცი უკრაინულად რას ეძახიან.“- განაცხადა პაპუაშვილმა.","When you impose sanctions on government officials who stand by your country and people, this is anything but an expression of gratitude. As for other behaviors, we were all witnesses to all this, we saw it with our own eyes and heard it with our own ears when President Zelensky directly demanded that the Georgian government organize fighters and send them to fight in Ukraine, thus openly engaging, as a party, in the Russian-Ukrainian war. This is called “drag into war” in Georgian, I don’t know what they call it in Ukrainian,” Papuashvili said."
10_ge_Shalva_Papuashvili.csv,"შალვა პაპუაშვილი - სიმბოლურია, რომ 9 მაისამდე რამდენიმე დღით ადრე, იუკნევიჩიანე, რომელიც ფაშისტური განცხადებებით გამოირჩევა, რეზოლუციის ავტორია - ევროპარლამენტი თავს აჩენს, როგორც მემკვიდრე საბჭოთა კავშირის სახალხო ყრილობისა (05.05.2026, 14:52)","Shalva Papuashvili - It is symbolic that a few days before May 9, Yuknevichian, who is distinguished by his fascist statements, is the author of the resolution - the European Parliament presents itself as the successor to the People's Congress of the Soviet Union (05.05.2026, 14:52)"
10_ge_Shalva_Papuashvili.csv,"რამდენიმე დღეში გვექნება კიდევ ერთი აღნიშვნა ფაშიზმზე გამარჯვების დღისა და სიმბოლურია, რომ 9 მაისამდე რამდენიმე დღით ადრე, იუკნევიჩიანე, რომელიც გამოირჩევა ფაშისტური განცხადებებით ქართველი ხალხის მიმართ, ამ რეზოლუციის ავტორია,- ამის შესახებ საქართველოს პარლამენტის თავმჯდომარემ, შალვა პაპუაშვილმა განაცხადა.","In a few days we will have another celebration of Victory over Fascism Day, and it is symbolic that a few days before May 9, Yuknevichiane, who is distinguished by his fascist statements towards the Georgian people, is the author of this resolution, - said the Chairman of the Parliament of Georgia, Shalva Papuashvili."
10_ge_Shalva_Papuashvili.csv,"როგორც პაპუაშვილმა ევროპარლამენტის საგარეო საქმეთა კომიტეტის მიერ საქართველოს შესახებ მიღებულ ანგარიშზე დასმული კითხვის საპასუხოდ აღნიშნა, კიდევ ერთხელ ადასტურებს ევროპარლამენტი, რომ დღითიდღე თავს იმკვიდრებს როგორც „საბჭოთა კავშირის საკავშირო სახალხო დეპუტატთა ყრილობის მემკვიდრე“.","As Papuashvili noted in response to a question posed by the European Parliament's Foreign Affairs Committee on the report on Georgia, the European Parliament once again confirms that it is establishing itself day by day as the ""successor to the All-Union Congress of People's Deputies of the Soviet Union."""
10_ge_Shalva_Papuashvili.csv,"„რაც შეეხება ქართველი ხალხის მიმართ მორიგ მტრულ ანგარიშს, თუ რეზოლუციას, რაც მზადდება, ამაში ახალი არაფერია. კიდევ ერთხელ ადასტურებს ევროპარლამენტი, რომ დღითიდღე თავს იმკვიდრებს როგორც საბჭოთა კავშირის საკავშირო სახალხო დეპუტატთა ყრილობის მემკვიდრე. თავს აჩენს, როგორც მემკვიდრე საბჭოთა კავშირის სახალხო ყრილობისა. რაც გასაკვირი არაა იმის გათვალისწინებით, რომ ვხედავთ საბჭოთა მოქალაქეებს ევროპარლამენტის რიგებში, საბჭოთა ნომენკლატურის თუ ელიტის წარმომადგენლებს, რომლებიც ევროპარლამენტში არიან მოკალათებულები. ვგულისხმობ ბალტიის ქვეყნების და აღმოსავლეთ ევროპის ზოგი ქვეყნის წარმომადგენელს. როგორც მოსკოვის საკავშირო ყრილობა იღებდა მტრულ გადაწყვეტილებებს საქართველოსთან დაკავშირებით, ასევე ბრიუსელის საკავშირო პარლამენტი იღებს დღეს ამგვარ მტრულ გადაწყვეტილებებს.","""As for another hostile report or resolution against the Georgian people that is being prepared, there is nothing new in this. Once again, the European Parliament confirms that day by day it is establishing itself as the successor of the All-Union Congress of People's Deputies of the Soviet Union. It is presenting itself as the successor of the People's Congress of the Soviet Union. Which is not surprising considering that we see Soviet citizens in the ranks of the European Parliament, representatives of the Soviet nomenclature or elite who are ensconced in the European Parliament. I mean representatives of the Baltic states and some Eastern European countries. Just as the Moscow All-Union Congress made hostile decisions regarding Georgia, the Brussels All-Union Parliament is making such hostile decisions today."
10_ge_Shalva_Papuashvili.csv,"ამ რეზოლუციის ანგარიშის ავტორი არის იუკნევიჩიანე, რომელიც გამოირჩევა ფაშისტური განცხადებებით ქართველი ხალხის მიმართ, რაც ნიშანდობლივია. რამდენიმე დღეში გვექნება კიდევ ერთი აღნიშვნა ფაშიზმზე გამარჯვების დღისა და სიმბოლურია, რომ 9 მაისამდე რამდენიმე დღით ადრე, ადამიანი, იუკნევიჩიანე, რომელიც გამოირჩევა ფაშისტური განცხადებებით ქართველი ხალხის მიმართ, ამ რეზოლუციის ავტორია.“,- აღნიშნავს პაპუაშვილი.","The author of this resolution report is Yuknevichiane, who is distinguished by fascist statements towards the Georgian people, which is noteworthy. In a few days we will have another celebration of Victory over Fascism Day, and it is symbolic that a few days before May 9, a person, Yuknevichiane, who is distinguished by fascist statements towards the Georgian people, is the author of this resolution,” Papuashvili notes."
10_ge_Shalva_Papuashvili.csv,"გარდა ამისა, პაპუაშვილის თქმით, „ბრიუსელი და უცხოური დაფინანსებაა სწორედ ის, ვინც საქართველოში კლავს თავისუფალ მედიას, იმორჩილებს მედიას საკუთარი პროპაგანდისთვის“.","In addition, according to Papuashvili, ""Brussels and foreign funding are precisely what is killing free media in Georgia, subjugating the media for its own propaganda."""
10_ge_Shalva_Papuashvili.csv,"რაც შეეხება უვიზო მიმოსვლის გადახედვასთან დაკავშირებულ კითხვას, გრძნობს თუ არა აღნიშნულზე პასუხისმგებლობას „ქართული ოცნება“. პარლამენტის თავმჯდომარის თქმით, „მიხეილ სააკაშვილის ფანკლუბი დაემუქრება ქართველ ხალხს სხვადასხვა ინსტრუმენტებით“.","As for the question related to the review of visa-free travel, does the Georgian Dream feel responsible for this? According to the Speaker of the Parliament, “Mikheil Saakashvili's fan club will threaten the Georgian people with various tools.”"
10_ge_Shalva_Papuashvili.csv,"„ევროპარლამენტს რაც შეეხება, მიხეილ სააკაშვილის ფანკლუბი ნუ დაგველაპარაკება ჩვენ რაიმე ღირებულებაზე, რაიმე წესებზე, რაიმე კანონზე, ესენი არიან მიხეილ სააკაშვილის ფანკლუბი და ამით ყველაფერია ნათქვამი.","""As for the European Parliament, Mikheil Saakashvili's fan club should not talk to us about any values, any rules, any laws. They are Mikheil Saakashvili's fan club and that says it all."""
10_ge_Shalva_Papuashvili.csv,"როდესაც ხარ დიქტატორის, მწამებლის, კორუმპირებული ადამიანის ფანკლუბის წევრი, ეს არის განაჩენი.","When you are a member of the fan club of a dictator, a torturer, a corrupt person, that is a sentence."
10_ge_Shalva_Papuashvili.csv,"გასაგებია, რომ მიხეილ სააკაშვილის ფანკლუბი დაემუქრება ქართველ ხალხს სხვადასხვა ინსტრუმენტებით. ამაში გასაკვირი არაფერია. როგორც სხვა დროს ცდილობდნენ, რომ დაგვაზიანონ, საბოლოო ჯამში ამას ვერ მიიღებენ. მთავარ რამეს ვერ მიიღებენ, ქართველმა ხალხმა იმოქმედოს მათი პოლიტიკური დღის წესრიგით.","It is understandable that Mikheil Saakashvili's fan club will threaten the Georgian people with various tools. There is nothing surprising in this. Just as they tried to harm us at other times, they will ultimately not accept this. The main thing they will not accept is that the Georgian people act according to their political agenda."
10_ge_Shalva_Papuashvili.csv,"არც ქართული ჟურნალისტიკა აინტერესებთ, არც ქართველი ხალხის კარგად ყოფნა, ერთადერთი, რაც იუკნევიჩიანეს და მსგავს აკვიატებული აზრების მქონე ადამიანებს აინტერესებთ, არის რომ საქართველო გამოიყენონ იარაღად რუსეთის წინააღმდეგ. ჩვენ ვართ დანახული, როგორც იარაღი რუსეთის წინააღმდეგ, ისინი სხვა დანიშნულებას ჩვენ ხალხში ვერ ხედავენ“, -განაცხადა შალვა პაპუაშვილმა.","""They are not interested in Georgian journalism, nor in the well-being of the Georgian people. The only thing Yuknevichiane and people with similar obsessive thoughts are interested in is using Georgia as a weapon against Russia. We are seen as a weapon against Russia, they see no other purpose in our people,"" Shalva Papuashvili said."
10_ge_Shalva_Papuashvili.csv,"შალვა პაპუაშვილი - დღევანდელი მოშლილი საერთაშორისო სისტემა გეოპოლიტიკური დაძაბულობით, ეკონომიკური გაურკვევლობითა და უსაფრთხოების დინამიკის ცვალებადობით ხასიათდება. (07.05.2026, 13:57)","Shalva Papuashvili - Today's fractured international system is characterized by geopolitical tension, economic uncertainty, and changing security dynamics. (07.05.2026, 13:57)"
10_ge_Shalva_Papuashvili.csv,"ჩემთვის დიდი პატივია, მონაწილეობა მივიღო საპარლამენტო დიპლომატიის შესახებ დისკუსიაში PAM-ის წევრი და პარტნიორი ქვეყნების პარლამენტების თავმჯდომარეებისა და პრეზიდენტების პირველი სამიტის ფარგლებში. საქართველოს ისტორიული კავშირები ხმელთაშუა ზღვის რეგიონთან ათასწლეულებს ითვლის და მოხარულები ვართ, რომ ვაგრძელებთ ამ ტრადიციას მას შემდეგ, რაც 35 წლის წინ ოფიციალურად მოვიპოვეთ დამოუკიდებლობა, - ამის შესახებ საქართველოს პარლამენტის თავმჯდომარემ შალვა პაპუაშვილმა, ხმელთაშუა ზღვის საპარლამენტო ასამბლეის (PAM) წევრი და პარტნიორი ქვეყნების პარლამენტების თავმჯდომარეების რიგით პირველ სამიტზე სიტყვით გამოსვლისას განაცხადა.","“It is a great honor for me to participate in the discussion on parliamentary diplomacy within the framework of the first Summit of Speakers and Presidents of Parliaments of PAM Member and Partner Countries. Georgia’s historical ties with the Mediterranean region go back thousands of years, and we are pleased to continue this tradition after we officially gained independence 35 years ago,” said Shalva Papuashvili, Speaker of the Parliament of Georgia, a member of the Parliamentary Assembly of the Mediterranean (PAM) and a partner country, in his speech at the first Summit of Speakers of Parliaments of the Partner Countries."
10_ge_Shalva_Papuashvili.csv,"როგორც შალვა პაპუაშვილმა აღნიშნა, დღევანდელი მოშლილი საერთაშორისო სისტემა გეოპოლიტიკური დაძაბულობით, ეკონომიკური გაურკვევლობითა და უსაფრთხოების დინამიკის ცვალებადობით ხასიათდება.","As Shalva Papuashvili noted, today's fractured international system is characterized by geopolitical tension, economic uncertainty, and changing security dynamics."
10_ge_Shalva_Papuashvili.csv,"მისი თქმით, საზოგადოება არის წესებზე დაფუძნებული საერთაშორისო წესრიგის ჩამოშლის მოწმენი, რაც საგანგაშო პროცესია და ეჭვქვეშ აყენებს სახელმწიფოებს შორის სტაბილურობის, თანამშრომლობისა და ნდობის საფუძვლებს.","According to him, society is witnessing the collapse of the rules-based international order, which is an alarming process and calls into question the foundations of stability, cooperation, and trust between states."
10_ge_Shalva_Papuashvili.csv,"„განსაკუთრებული პატივია თქვენ წინაშე გამოსვლა PABSEC-ის პრეზიდენტის პოზიციიდან, რაც მაძლევს შესაძლებლობას, გავაჟღერო შავი ზღვის რეგიონის ქვეყნების პარლამენტარების ხმა. დღესდღეობით ჩვენი რეგიონი მსოფლიო არასტაბილურობის ეპიცენტრშია - მიმდინარეობს რუსეთ-უკრაინის ომი, რომელიც უკვე ოთხ წელზე მეტ ხანს გრძელდება.","""It is a special honor to address you from the position of President of PABSEC, which gives me the opportunity to voice the voices of parliamentarians from the countries of the Black Sea region. Today, our region is at the epicenter of global instability - the ongoing Russia-Ukraine war, which has been going on for more than four years."
10_ge_Shalva_Papuashvili.csv,"როგორ შეუძლია საპარლამენტო დიპლომატიას, ხელი შეუწყოს რეგიონულ მშვიდობასა და რეგიონთაშორის თანამშრომლობას? მაშინ, როდესაც გლობალური ორგანიზაციები ვერ ახერხებენ შედეგების მიღწევას, რეგიონულ ფორმატებს ეძლევათ უნიკალური შესაძლებლობა, უკეთესობისკენ შეცვალონ რეალობა: ჩვენ გვაერთიანებს საერთო პრაგმატული ინტერესები, რომლებიც უშუალოდ ჩვენი მოსახლეობის მიერ არის ჩვენზე დელეგირებული, რადგან პარლამენტები პირდაპირ გამოხატავენ ხალხის ნებას.","How can parliamentary diplomacy contribute to regional peace and interregional cooperation? When global organizations fail to achieve results, regional formats have a unique opportunity to change reality for the better: we are united by common pragmatic interests that are directly delegated to us by our populations, because parliaments directly express the will of the people."
10_ge_Shalva_Papuashvili.csv,"შესაბამისად, რეგიონული გაერთიანებები ქმნიან ჩარჩოს, რომლის საშუალებითაც მეზობელ ქვეყნებს შეუძლიათ აწარმოონ დიალოგი, განიხილონ საერთო გამოწვევები და პრაქტიკულ გადაწყვეტილებებს მიაღწიონ. ხმელთაშუა ზღვის, შავი ზღვისა და ყურის რეგიონები ერთმანეთთან დაკავშირებული სივრცეებია, სადაც გაძლიერებულ თანამშრომლობას შეუძლია ხელშესახები შედეგების მოტანა. გაძლიერებული საპარლამენტო გაცვლები შესაძლოა სტაბილურობის, ინოვაციებისა და მდგრადი განვითარების ხიდად იქცეს. ეს კავშირები მშვიდობას დამატებით შანსებს მისცემს.","Accordingly, regional associations provide a framework through which neighboring countries can engage in dialogue, discuss common challenges, and find practical solutions. The Mediterranean, Black Sea, and Gulf regions are interconnected spaces where enhanced cooperation can yield tangible results. Enhanced parliamentary exchanges can serve as a bridge to stability, innovation, and sustainable development. These connections will give peace additional chances."
10_ge_Shalva_Papuashvili.csv,რეგიონთაშორისი თანამშრომლობის რომელი მთავარი მიმართულებები შეგვიძლია გამოვყოთ მშვიდობისა და სტაბილურობის მისაღწევად?,What are the main directions of interregional cooperation that can be identified to achieve peace and stability?
10_ge_Shalva_Papuashvili.csv,"დაკავშირებადობა ამ თანამშრომლობაში ცენტრალურ ადგილს იკავებს. სტრატეგიული სატრანზიტო მარშრუტების, მათ შორის შუა დერეფნის განვითარება, ევროპასა და აზიას შორის ვაჭრობასა და ეკონომიკურ ურთიერთობებს ახლებურად აყალიბებს. ეს დერეფნები თანამშრომლობის არხებია, რომლებიც ჩვენს რეგიონებს აახლოებს და გლობალური მიწოდების ჯაჭვების მოწყვლადობას ამცირებს. დაკავშირებადების საკითხი მჭიდროდ არის დაკავშირებული ენერგეტიკულ უსაფრთხოებასთან, რომელიც ჩვენი საერთო მომავლისთვის გადამწყვეტ თემად იქცა. ენერგიის წყაროებისა და მარშრუტების დივერსიფიკაცია აუცილებელია სტაბილურობისა და მედეგობის უზრუნველსაყოფად, განსაკუთრებით ევროპისთვის. ალტერნატიულ ენერგორესურსებსა და ინფრასტრუქტურაზე თანამშრომლობის გაძლიერებით, ჩვენ ხელს შევუწყობთ ეკონომიკურ ზრდას და უფრო უსაფრთხო და მდგრად ენერგეტიკულ გარემოს შევქმნით“, - განაცხადა შალვა პაპუაშვილმა.","Connectivity is central to this cooperation. The development of strategic transit routes, including the Middle Corridor, is reshaping trade and economic relations between Europe and Asia. These corridors are channels of cooperation that bring our regions closer and reduce the vulnerability of global supply chains. The issue of connectivity is closely linked to energy security, which has become a crucial issue for our common future. Diversification of energy sources and routes is essential to ensure stability and resilience, especially for Europe. By strengthening cooperation on alternative energy resources and infrastructure, we will contribute to economic growth and create a more secure and sustainable energy environment,” said Shalva Papuashvili."
10_ge_Shalva_Papuashvili.csv,"შალვა პაპუაშვილი პაველ ჰერჩინსკის წერილით მიმართავს (08.05.2026, 10:34)","Shalva Papuashvili addresses Pavel Herchinsky with a letter (08.05.2026, 10:34)"
10_ge_Shalva_Papuashvili.csv,"საქართველოს პარლამენტის თავმჯდომარე შალვა პაპუაშვილი ევროკავშირის ელჩს, პაველ ჰერჩინსკის წერილით მიმართავს.","The Speaker of the Parliament of Georgia, Shalva Papuashvili, is writing to the European Union Ambassador, Pavel Herchinsky."
10_ge_Shalva_Papuashvili.csv,"პაპუაშვილი წერილს სოციალურ ქსელში ავრცელებს და წერს, რომ ჰერჩინსკის ევროპის დღესთან დაკავშირებით მიმართავს.",Papuashvili is spreading the letter on social media and writes that he is addressing Herchinsky on the occasion of Europe Day.
10_ge_Shalva_Papuashvili.csv,"„გილოცავთ ევროპის დღეს. ამ მნიშვნელოვან დღეს, სიმბოლური აღნიშვნის გარდა, უნდა დავფიქრდეთ იმაზე, თუ რეალურად რა არის ევროპა, როგორ აისახება მისი მნიშვნელობა მოქალაქეთა ცხოვრებაზე და როგორ განაპირობებს ის საქართველოსა და ევროკავშირის მომავალს.","""Congratulations on Europe Day. On this important day, in addition to the symbolic celebration, we should reflect on what Europe really is, how its importance affects the lives of citizens, and how it determines the future of Georgia and the European Union."""
10_ge_Shalva_Papuashvili.csv,"რობერ შუმანმა, ევროკავშირის ერთ-ერთმა დამფუძნებელმა მამამ და დიდმა ფრანგმა სახელმწიფო მოღვაწემ, მისი ისტორიული განცხადება სწორედ ამ დღეს, მეორე მსოფლიო ომის დასრულების მეხუთე წლისთავზე, გააკეთა. „შუმანის დეკლარაციას“ საფუძვლად ედო ერთი უმთავრესი მიზანი: უზრუნველეყო, რომ ომს აღარასოდეს გაენადგურებინა ევროპა. დეკლარაციის სულისკვეთება მკაფიო იყო - მშვიდობა ერთიანობით, თანამშრომლობა ურთიერთპატივისცემით და სტაბილურობა პასუხისმგებლობის გაზიარებით. ევროკავშირის დღევანდელი პოლიტიკაც სწორედ ამ ხედვის ფონზე უნდა შეფასდეს.","Robert Schuman, one of the founding fathers of the European Union and a great French statesman, made his historic declaration on this very day, the fifth anniversary of the end of the Second World War. The “Schuman Declaration” was based on one overarching goal: to ensure that war would never again destroy Europe. The spirit of the declaration was clear – peace through unity, cooperation through mutual respect, and stability through shared responsibility. It is against this vision that the current policies of the European Union must be assessed."
10_ge_Shalva_Papuashvili.csv,"რობერ შუმანისგან განსხვავებით, გასულ წელს, ევროპის დღეს, ქართველი ხალხისადმი თქვენს მიმართვაში, თქვენ არჩიეთ მეორე მსოფლიო ომის დასრულების წლისთავის უგულებელყოფა და, სანაცვლოდ, აქცენტი გააკეთეთ თქვენს პოლიტიკურ პრეტენზიებზე მასპინძელი ქვეყნის მიმართ. თუმცა, ალბათ ღირს შეხსენებად, რომ არა, სხვა ანტიფაშისტურ ერებთან ერთად, ქართველი ხალხის დღევანდელი თაობების მშობლები და პაპა-ბებიები, ვერც ფაშიზმი დამარცხდებოდა და არც ევროკავშირი და ევროპის დღე იარსებებდა. საქართველოში არ არსებობს ოჯახი, რომელმაც ამ ომში მსხვერპლი არ გაიღო. ევროპის დღის გამარჯვების დღისგან გამიჯვნა ჩვენთვის მიუღებელია. ამიტომ, იმედი მაქვს, რომ 9 მაისს, თქვენს შეკრებაზე, სათანადო პატივს მიაგებთ 300,000 ქართველს, რომელმაც სიცოცხლე დადო ფაშიზმისაგან თავისუფალი ევროპისათვის.","Unlike Robert Schuman, in your address to the Georgian people on Europe Day last year, you chose to ignore the anniversary of the end of World War II and instead focused on your political claims against the host country. However, it is perhaps worth recalling that without the parents and grandparents of today's generations of Georgian people, along with other anti-fascist nations, fascism would not have been defeated, nor would the European Union and Europe Day have existed. There is not a family in Georgia that did not sacrifice itself in this war. The separation of Europe Day from Victory Day is unacceptable to us. Therefore, I hope that on May 9, at your gathering, you will pay due respect to the 300,000 Georgians who gave their lives for a Europe free from fascism."
10_ge_Shalva_Papuashvili.csv,"„ევროპის ერთიანობა ვერ იქნა მიღწეული და ჩვენ მივიღეთ ომი“ - ევროკავშირის დღევანდელი ხელმძღვანელობის მოქმედებები აჩვენებს, რომ ის ვერ იაზრებს შუმანის დეკლარაციის ამ ფუძემდებლურ დასკვნას. ევროკავშირის მიმდინარე პოლიტიკა არ ტოვებს სხვაგვარი ახსნის სივრცეს, გარდა იმისა, რომ ის მიმართულია დაპირისპირების გაღრმავებისა და უთანხმოებების ზრდისკენ. ევროპარლამენტის უსამართლო და პოლიტიკურად მოტივირებული რეზოლუციები, პოლიტიკური და ეკონომიკური შურისძიების არაერთი მუქარა, საქართველოს შიდა საქმეებში მუდმივი ჩარევა - ეს მხოლოდ რამდენიმე მაგალითია იმ მიზანმიმართული მცდელობებისა, რომლებიც მიზნად ისახავს დაპირისპირების წაქეზებას როგორც საქართველოს შიგნით, ისე საქართველო-ევროკავშირის ურთიერთობაში. ნამდვილი ერთიანი ევროპა არის ის, რომელიც არა მხოლოდ მომავალ ომებს აღკვეთს, არამედ მიმდინარე კონფლიქტებსაც დაასრულებს. თუმცა, სამწუხაროდ, საქართველოს მიმართ ბრიუსელის პოლიტიკაში ქართველ ხალხსა და ევროკავშირს შორის ერთიანობის მიღწევის განზრახვა არსად იკვეთება.","“European unity has not been achieved and we have accepted war” - the actions of the current leadership of the European Union show that it cannot comprehend this fundamental conclusion of the Schuman Declaration. The current policy of the European Union leaves no room for explanation other than that it is aimed at deepening the confrontation and increasing disagreements. Unjust and politically motivated resolutions of the European Parliament, numerous threats of political and economic retaliation, constant interference in the internal affairs of Georgia - these are just a few examples of deliberate attempts aimed at inciting confrontation both within Georgia and in Georgia-EU relations. A truly united Europe is one that will not only prevent future wars, but also end current conflicts. However, unfortunately, the intention to achieve unity between the Georgian people and the European Union is nowhere to be seen in Brussels’ policy towards Georgia."
10_ge_Shalva_Papuashvili.csv,"„ევროპა ერთ მომენტში ან ერთი გეგმით ვერ შეიქმნება“ - განაცხადა რობერ შუმანმა თავის ცნობილ დეკლარაციაში. სამწუხაროდ, დღესდღეობით ვხედავთ, რომ შუმანის ეს ბრძნული სიტყვები უგულებელყოფილია, ხოლო ევროკავშირის პოლიტიკა ვიწრო პოლიტიკური ინტერესებითა და ცრუ და ხელოვნურად შექმნილი იდეოლოგიების საფუძველზე ხორციელდება, რომლებიც უგულებელყოფენ ევროპის მოსახლეობის კულტურულ სიმდიდრეს, იდეოლოგიურ მრავალფეროვნებასა და პოლიტიკურ პლურალიზმს. ევროპული ინტეგრაციის გზაზე საქართველოსთვის პოლიტიკური და იდეოლოგიური ჩარჩოების დაწესების მცდელობაც ამ ვიწრო, უშედეგო და ზედაპირული პოლიტიკის კარგი მაგალითია.","“Europe cannot be built in a single moment or with a single plan,” said Robert Schuman in his famous declaration. Unfortunately, today we see that these wise words of Schuman are being ignored, and the EU’s policy is being implemented based on narrow political interests and false and artificially created ideologies that ignore the cultural richness, ideological diversity and political pluralism of the European population. The attempt to impose a political and ideological framework on Georgia on its path to European integration is also a good example of this narrow, ineffective and superficial policy."
10_ge_Shalva_Papuashvili.csv,"ქართველი ხალხი არ საჭიროებს ევროპული გზისკენ მიმართულების ჩვენებას. საქართველო თავად არის ევროპული ცივილიზაციის თანაშემოქმედი და ამიტომ სადაც საქართველოა, იქ არის ევროპაც. ევროპული ინტეგრაცია არ უნდა ნიშნავდეს ბრიუსელის ერთპიროვნულ ბატონობას საქართველოზე, არამედ ის უნდა იყოს სხვა ევროპულ ერებთან ჩვენი ისტორიული კავშირების ჭეშმარიტი განმტკიცება, როგორც თანასწორი თანასწორთან.","The Georgian people do not need to be shown the direction of the European path. Georgia itself is a co-creator of European civilization, and therefore where Georgia is, there is Europe. European integration should not mean Brussels' unilateral domination over Georgia, but rather it should be a genuine strengthening of our historical ties with other European nations, as equals with equals."
10_ge_Shalva_Papuashvili.csv,"ევროპის დღემ ისიც უნდა შეგვახსენოს, რომ ევროკავშირის ვერცერთი ხელმძღვანელობა ვერ გააუქმებს ისეთ ევროპულ იდეალებს, როგორებიცაა ეროვნული დამოუკიდებლობა, ქრისტიანული ღირებულებები და ცხოვრების ტრადიციული წესი, მხოლოდ იმიტომ, რომ მათ განსხვავებული იდეოლოგიური შეხედულებები აქვთ. სწორედ ევროკავშირის ამ დამფუძნებელ სულისკვეთებასთან შეუთავსებლობას ავლენენ ისინი, ვინც მეტისმეტად ერთობიან დემოკრატიულად არჩეული ხელისუფლებების წინააღმდეგ ე.წ. „რეჟიმის ცვლილების“ გეგმებით, აწესებენ ადამიანის ბუნებასთან შეუთავსებელ იდეოლოგიებს და ტრადიციებში არსებული განსხვავებების უგულებელყოფით, ცდილობენ ერთგვაროვანი ცხოვრების წესის დანერგვას.","Europe Day should also remind us that no EU leadership can abolish European ideals such as national independence, Christian values ​​and traditional ways of life simply because they have different ideological views. It is precisely those who are too united against democratically elected governments with so-called “regime change” plans, impose ideologies incompatible with human nature and, ignoring differences in traditions, try to impose a uniform way of life that are incompatible with this founding spirit of the EU."
10_ge_Shalva_Papuashvili.csv,"„ქვანახშირისა და ფოლადის თანამეგობრობის“ შექმნის იდეა, რომელიც რობერ შუმანმა 1950 წლის 9 მაისს წარადგინა, მიზნად ისახავდა „ცხოვრების დონის ამაღლებას და მიღწევების შენარჩუნებას“. მას კარგად ესმოდა, რომ მშვიდობა საჭიროებს მყარ ეკონომიკურ ფუნდამენტს. სწორედ ამ იდეაზე იყო დაფუძნებული მთელი ევროპული პროექტი. თუმცა, დღეს ევროკავშირის ხელმძღვანელობას, როგორც ჩანს, ეს საბაზისო პრინციპიც დავიწყებული აქვს. სხვა რით უნდა აიხსნას, ყოველგვარი უსაფრთხოების გარანტიებისა და ეკონომიკური მხარდაჭერის შეთავაზების გარეშე, რუსეთის წინააღმდეგ ეკონომიკურ დაპირისპირებაში ჩართვის დაჟინებული მოწოდებები, რომელზე დაყოლაც გამოიწვევდა არა მხოლოდ საქართველოს ეკონომიკურ ნგრევას, არამედ რეგიონულ არასტაბილურობასაც, რაც ევროპას მნიშვნელოვანი ენერგორესურსებისა და გეოეკონომიკური მარშრუტების გარეშე დატოვებდა.","The idea of ​​creating a “Coal and Steel Community”, which Robert Schuman presented on May 9, 1950, aimed to “raise living standards and maintain achievements”. He understood well that peace requires a solid economic foundation. The entire European project was based on this idea. However, today the leadership of the European Union seems to have forgotten this basic principle. How else to explain the persistent calls for involvement in an economic confrontation with Russia, without any security guarantees or offers of economic support, which, if followed, would lead not only to the economic collapse of Georgia, but also to regional instability, leaving Europe without important energy resources and geo-economic routes."
10_ge_Shalva_Papuashvili.csv,"ევროპის დღის იდეაში ჩადებული საწყისი ევროპული მისწრაფებებიდან გადახვევამ ევროკავშირი მიიყვანა იმ მდგომარეობამდე, როდესაც საქართველოს მიმართ მისი პოლიტიკა დაყვანილია ძალადობის, სიძულვილის ენისა და რადიკალიზმის მხარდაჭერამდე. გასულ წელს, ორჯერ, წერილობით მოგმართეთ მოწოდებით, დაგეგმოთ სიძულვილის ენის და ძალადობის გახშირებული ფაქტები, თუმცა უშედეგოდ. ძალადობისა და რადიკალიზმის პოლიტიკურად მოტივირებული წაყრუების მძიმე შედეგები, ყველაზე კარგად, გასული წლის 4 ოქტომბერს გამოჩნდა, როდესაც ევროკავშირის პრესსპიკერის ცნობილი განცხადებით ძალადობისთვის რიტორიკული მწვანე შუქის ანთებამ, რადიკალური ჯგუფები, პრეზიდენტის სასახლის შტურმზე წაიყვანა. მას შემდეგ, უკვე შვიდ თვეზე მეტი ხნის განმავლობაში, არც ერთ ევროპელ მაღალჩინოსანს საჯაროდ არ დაუგმია გადატრიალების ეს მცდელობა, თითქოს, ძალადობრივი გადატრიალებები ევროპულ პოლიტიკაში ნორმალური პრაქტიკა იყოს.","The deviation from the original European aspirations embedded in the idea of ​​Europe Day has led the European Union to a situation where its policy towards Georgia has been reduced to supporting violence, hate speech and radicalism. Last year, we wrote to you twice with a call to plan for the increased incidence of hate speech and violence, but to no avail. The grave consequences of the politically motivated suppression of violence and radicalism were best seen on October 4 of last year, when the EU spokesperson’s famous statement, giving a rhetorical green light for violence, led radical groups to storm the presidential palace. Since then, for more than seven months, not a single senior European official has publicly condemned this coup attempt, as if violent coups were normal practice in European politics."
10_ge_Shalva_Papuashvili.csv,"საქართველოსთან დაკავშირებით გაკეთებული უკანასკნელი მიუღებელი და ჩვენი ხალხის მიმართ მუქარის შემცველი განცხადებები, თითქოს ქვეყანა „ბნელ წარსულს“ უბრუნდება, კიდევ ერთხელ წარმოაჩენს, რამდენად არასწორია ევროკავშირის ამჟამინდელი პოლიტიკა. თუმცა რეალობას ქართველი ხალხის პერსპექტივიდან თუ შევხედავთ, შესაძლოა, თავად ევროპა მიდიოდეს იმ ბნელი წარსულისკენ, რომლის თავიდან აცილებასაც რობერ შუმანი და მისი თაობის სხვა დიდი მოღვაწეები ცდილობდნენ.","The latest unacceptable and threatening statements made about Georgia, as if the country is returning to its “dark past,” once again demonstrate how wrong the current policy of the European Union is. However, if we look at reality from the perspective of the Georgian people, it may be that Europe itself is heading towards the dark past that Robert Schuman and other great figures of his generation tried to avoid."
10_ge_Shalva_Papuashvili.csv,"საქართველოს აქვს სამომავლო გზის მკაფიო შეთავაზება. აგრესიული რიტორიკის შეწყვეტა, მავნე პოლიტიკის გადახედვა და უსამართლო რეზოლუციების გაუქმება არის ის, რაც გახსნიდა გზას ნამდვილი დიალოგისთვის, გონივრულობისთვის და ერთიანობისთვის, რაც არის კიდეც ევროპის დღის თავდაპირველი სულისკვეთება.","Georgia has a clear offer of a way forward. Cessation of aggressive rhetoric, revision of harmful policies, and repeal of unjust resolutions are what would pave the way for genuine dialogue, reason, and unity, which is the original spirit of Europe Day."
10_ge_Shalva_Papuashvili.csv,"თუ გვინდა, რომ ევროპის დღემ შეინარჩუნოს თავისი მნიშვნელობა, მაშინ ის კვლავ უნდა ნიშნავდეს იმას, რასაც თავდაპირველად წარმოადგენდა - მშვიდობას, თანამშრომლობას და ერთიანობას, დაფუძნებულს ერების და მათი იდენტობის პატივისცემაზე“, - ნათქვამია პაპუაშვილის წერილში.","""If we want Europe Day to retain its meaning, then it must once again mean what it originally represented - peace, cooperation and unity, based on respect for nations and their identities,"" Papuashvili's letter states."
11_ge_Khatia_Dekanoidze.csv,"ხატია დეკანოიძე - თუ შევხედავთ, რა ხდება სომხეთში, ნახავთ, რომ ფუნქცია, რაც საქართველოს ჰქონდა, ყოფილიყო რეგიონის ლიდერი, აღარ არსებობს - ივანიშვილის დანაშაულის და „ანტი ქართული ოცნების“ გამო კარგავს საქართველო ამ ფუნქციას (06.05.2026, 12:00)","Khatia Dekanoidze - If we look at what is happening in Armenia, we will see that the function that Georgia had, to be the leader of the region, no longer exists - Georgia is losing this function due to Ivanishvili's crimes and the ""Anti-Georgian Dream"" (06.05.2026, 12:00)"
11_ge_Khatia_Dekanoidze.csv,"დღეს ივანიშვილმა და „ანტი ქართულმა ოცნებამ“ საქართველოს დააკარგვინა გრძელვადიანი მშვიდობის, განვითარების, პროგრესისა და ეკონომიკური კეთილდღეობის ფუნქცია. ქართველ ხალხს დააკარგვინა კეთილდღეობის და გამდიდრების შესაძლებლობა, ევროინტეგრაციის შესაძლებლობა. ეს არის ისტორიული დანაშაული,- ამის შესახებ „ნაციონალური მოძრაობის“ ერთ-ერთმა ლიდერმა ხატია დეკანოიძემ განაცხადა.","Today, Ivanishvili and the ""Anti-Georgian Dream"" have deprived Georgia of the function of long-term peace, development, progress and economic prosperity. They have deprived the Georgian people of the opportunity for prosperity and enrichment, the opportunity for European integration. This is a historical crime, - said Khatia Dekanoidze, one of the leaders of the ""National Movement""."
11_ge_Khatia_Dekanoidze.csv,"მან საზოგადოებას 22 წლის წინ 6 მაისს აჭარის „რუსეთისა და დესპოტის მმართველობისგან გათავისუფლება“ მიულოცა და აღნიშნა, რომ სწორედ ამ დღეს დაიწყო ახალი ფურცელი საქართველოს ისტორიაში, რომელიც გულისხმობდა რეგიონის ლიდერობას.","He congratulated the public on the ""liberation of Adjara from Russian and despotic rule"" 22 years ago on May 6, noting that on this day a new page in the history of Georgia began, which meant the leadership of the region."
11_ge_Khatia_Dekanoidze.csv,"„გილოცავთ საქართველოს უახლეს ისტორიაში ერთ-ერთ ყველაზე გამორჩეულ თარიღს- საქართველოში აჭარის დაბრუნებას. 22 წლის წინ საქართველოს უახლეს ისტორიაში ზუსტად 6 მაისს მოხდა ერთ-ერთი უმნიშვნელოვანესი მოვლენა, როდესაც საქართველოს გულში დაბრუნდა აჭარა, გათავისუფლდა რუსული მმართველობისგან, გათავისუფლდა დესპოტის მმართველობისგან და დაიწყო პრეზიდენტ მიხეილ სააკაშვილთან, მის გუნდთან ერთად, მრავალ გულმხურვალე პატრიოტთან ერთად ძალიან მნიშვნელოვანი აღმასვლა და დიახ, საქართველომ დაიწყო ახალი ფურცელი, რომელიც გულისხმობდა რეგიონის ლიდერობას, განვითარებას ტექნოლოგიებში, განათლებაში, აღმოსავლეთ ევროპის გაფართოების კონტექსტში, აშშ-ისთან სტრატეგიული პარტნიორობის კონტექსტში, რაც იყო ჩვენი ერის ნამდვილად ისტორიული მისია. ეს იყო დღე, როდესაც ჩვენ სრულიად სხვა სახელმწიფოებრივ განვითარებაზე გადავედით და ჩვენმა გუნდმა შეძლო ნამდვილად საქართველოს მოეპოვებინა რეგიონული ლიდერის ფუნქცია. დღეს ივანიშვილმა და „ანტი ქართულმა ოცნებამ“ საქართველოს დააკარგვინა გრძელვადიანი მშვიდობის, განვითარების, პროგრესისა და ეკონომიკური კეთილდღეობის ფუნქცია. ქართველ ხალხს დააკარგვინა კეთილდღეობის და გამდიდრების შესაძლებლობა, ევროინტეგრაციის შესაძლებლობა. ეს არის ისტორიული დანაშაული და თუ შევხედავთ, რა ხდება ჩვენს მეზობელ სომხეთში და მინდა მათ ვუსურვო ძალიან დიდი წარმატება, ნახავთ რომ ის ფუნქცია, რომელიც საქართველოს ჰქონდა, ყოფილიყო რეგიონის ლიდერი, ჰქონოდა ძალიან ბევრი მდგრადი მშვიდობის პროექტები, ეს ფუნქცია აღარ არსებობს. სომხეთში უკანასკნელ დღეებში განვითარებული მოვლენები არ არის მხოლოდ ევროკავშირის, აშშ-ის ან კანადის პოლიტიკური მხარდაჭერა ჩვენი მეზობლების მიმართ, ეს არის საინვესტიციო პროექტები, რომელიც ნამდვილად გულისხმობს გრძელვადიან მშვიდობას. ჩვენ ასეთი პროექტები მრავლად გვქონდა, მათ შორის, მიხეილ სააკაშვილი, რომელიც დღეს პოლიტიკური პატიმარია, იყო უშუალოდ ჩართული ბათუმის ტექნოლოგიური უნივერსიტეტის განვითარებაში, მშენებლობაში და მე თვითონ ძალიან ამაყი ვარ, რომ მონაწილეობას ვიღებდი ამ ტექნოლოგიური უნივერსიტეტის მშენებლობაში. ეს უნივერსიტეტი უნდა გამხდარიყო ნამდვილად საქართველოს ერთ-ერთი მნიშვნელოვანი ჰაბი განათლების, ტექნოლოგიების, ახალი საკომუნიკაციო სისტემების და ახალი განათლების ეტაპზე გადასვლის შესაძლებლობა. სომხეთში რაც ხდებოდა, ეს არ არის მხოლოდ პოლიტიკური მხარდაჭერა, ეს არის ეკონომიკური მხარდაჭერა, რომელიც უზრუნველყოფს გრძელვადიან მშვიდობას. ყველა ადამიანი, რომელიც ჩართული იყო საქართველოს განვითარების უმნიშვნელოვანეს ეტაპებზე, დღეს ადევნებს თვალყურს თუ როგორ კარგავს ქვეყანა ივანიშვილის დანაშაულის გამო, „ანტი ქართული ოცნების“ გამო ამ ფუნქციას. 400 მილიარდი ინვესტიცია, სამხედრო ტექნოლოგიური თანამშრომლობა საფრანგეთთან, ამერიკის შეერთებულ შტატებთან, ენერგეტიკული უსაფრთხოების პროექტები, ყველაზე მნიშვნელოვანი ახალი დერეფანი, რომელზეც საუბრობს ახლა ევროკომისია, ევროკავშირი, აშშ და კანადა, უდიდესი ინვესტიციები, რომლებიც არის მშვიდობის, მდგრადი განვითარების და პროგრესის ერთ-ერთი ყველაზე მნიშვნელოვანი სფერო, ამას კარგავს საქართველო“, - განაცხადა დეკანოიძემ.","""Congratulations on one of the most significant dates in the recent history of Georgia - the return of Adjara to Georgia. 22 years ago, on May 6, one of the most important events in the recent history of Georgia took place, when Adjara returned to the heart of Georgia, was freed from Russian rule, was freed from the rule of a despot, and began a very significant rise together with President Mikheil Saakashvili, his team, and many ardent patriots. And yes, Georgia began a new page, which meant regional leadership, development in technologies, education, in the context of Eastern European expansion, in the context of a strategic partnership with the United States, which was a truly historic mission of our nation. This was the day when we moved to a completely different state development and our team was able to truly establish Georgia as a regional leader. Today, Ivanishvili and the ""Anti-Georgian Dream"" have made Georgia lose the long-term hope of peace, development, progress, and economic The function of prosperity. The Georgian people were deprived of the opportunity for prosperity and enrichment, the opportunity for European integration. This is a historical crime, and if we look at what is happening in our neighboring Armenia, and I want to wish them great success, you will see that the function that Georgia had, to be a leader in the region, to have many sustainable peace projects, this function no longer exists. The events that have developed in Armenia in recent days are not just political support from the European Union, the USA or Canada towards our neighbors, these are investment projects that really mean long-term peace. We had many such projects, including Mikheil Saakashvili, who is now a political prisoner, was directly involved in the development and construction of the Batumi Technological University, and I myself am very proud to have participated in the construction of this technological university. This university should have become one of the most important hubs of Georgia in education, technologies, new communication systems and the possibility of moving to a new stage of education. ""What was happening in Armenia is not just political support, it is economic support that ensures long-term peace. Everyone who was involved in the most important stages of Georgia's development is watching today how the country is losing this function due to Ivanishvili's crime, due to the ""anti-Georgian Dream"". 400 billion investments, military-technological cooperation with France, the United States, energy security projects, the most important new corridor that the European Commission, the European Union, the United States and Canada are now talking about, huge investments that are one of the most important areas of peace, sustainable development and progress, Georgia is losing this,"" Dekanoidze said."
12_ge_Irakli_Kupradze.csv,"ირაკლი კუპრაძე - ანტიქართული „ოცნების“ მიერ თავდაცვის მინისტრის ჩაყვანა ანაკლიის ცარიელ სანაპიროზე, სადაც არაფერი მიმდინარეობს, ფოტოსესია და მინისტრების წრეზე სიარული, არის სასაცილო პროპაგანდა, რომელსაც არ დავიჯერებთ! (07.05.2026, 13:56)","Irakli Kupradze - The anti-Georgian ""Dream"" taking the Minister of Defense to the empty Anaklia beach, where nothing is happening, a photo shoot and walking around the circle of ministers, is ridiculous propaganda that we will not believe! (07.05.2026, 13:56)"
12_ge_Irakli_Kupradze.csv,"ანტიქართული „ოცნების“ მიერ, გუშინ, თავდაცვის მინისტრის ჩაყვანა ანაკლიის ცარიელ სანაპიროზე, სადაც არანაირი სამუშაოები არ მიმდინარეობს, ფოტოსესია და „ქართული ოცნების“ მინისტრის წრეზე სიარული, არის სასაცილო პროპაგანდა, რომელსაც საქართველოს მოქალაქეები არ დავიჯერებთ, - ამის შესახებ „ლელო-ძლიერი საქართველოს“ გენერალურმა მდივანმა, ირაკლი კუპრაძემ ბრიფინგზე განაცხადა.","The anti-Georgian ""Dream"" party's yesterday's photoshoot of the Defense Minister on the empty Anaklia beach, where no work is being done, and the ""Georgian Dream"" minister walking around in a circle is ridiculous propaganda that Georgian citizens will not believe, - Irakli Kupradze, the Secretary General of ""Lelo-Strong Georgia"", stated at a briefing."
12_ge_Irakli_Kupradze.csv,"მისივე თქმით, 2020 წელს უნდა მიეღო ანაკლიის პორტს პირველი გემი, დღეს კი ვხედავთ არარსებულ პროექტს, ჩაშლილ მოლაპარაკებებს და ქვეყნიდან გაძევებულ დასავლელ ინვესტორებს.","According to him, the Anaklia port was supposed to receive its first ship in 2020, but today we see a non-existent project, failed negotiations, and Western investors expelled from the country."
12_ge_Irakli_Kupradze.csv,"„ანტიქართული „ოცნება“ საკუთარ ტყუილებში ჩაიკარგა. ისინი იხრჩობიან იმ პროპაგანდასა და ტყუილებში, რასაც აწარმოებენ. გუშინ, ანტიქართული „ოცნების“ პროპაგანდისტული საშუალებებით გავრცელდა სიუჟეტები, რომლის მიხედვითაც, თითქოს ანაკლიის პორტის მშენებლობა დაიწყო. ეს არის კიდევ ერთი ბლეფი და ტრიუკი ბიძინა ივანიშვილის მხრიდან, რომელიც მიუთითებს, რომ აქამდე, 6 წლის განმავლობაში გაკეთებული განცხადებები „ქართული ოცნების“ მხრიდან ტყუილი იყო. მერამდენეჯერ, ალბათ, რამდენიმე ათეული შემთხვევაა, როდესაც დააანონსეს, რომ დღეს დაიწყო ანაკლიის პორტის მშენებლობა. სინამდვილეში, ყველაფერი არის ტყუილი, პროპაგანდა და ბლეფი ბიძინა ივანიშვილის მხრიდან.","""The anti-Georgian ""Dream"" has lost itself in its own lies. They are drowning in the propaganda and lies that they are producing. Yesterday, the propaganda media of the anti-Georgian ""Dream"" spread stories according to which the construction of the Anaklia port had begun. This is another bluff and trick on the part of Bidzina Ivanishvili, which indicates that the statements made so far, over the past 6 years, by the ""Georgian Dream"" were lies. There have been probably several dozen cases when they announced that the construction of the Anaklia port had begun today. In fact, everything is a lie, propaganda and bluff on the part of Bidzina Ivanishvili."
12_ge_Irakli_Kupradze.csv,"2024 წელს, მორიგი მსგავსი ტრიუკის პირობებში, ბიძინა ივანიშვილი და მისი პროპაგანდისტული მანქანა გამოვიდა და თქვა, რომ სულ რამდენიმე დღეში, ხელშეკრულება გაფორმდებოდა ჩინურ კონსორციუმთან, რომელიც მშენებლობასაც დაიწყებდა. დღეს, კიდევ ერთხელ დასტურდება რომ აქამდე ნათქვამი ყველა დაპირება, ყველა თარიღი იყო ტყუილი. მხოლოდ მშრალი პროპაგანდა ივანიშვილის და ანტიქართული „ოცნების“ მხრიდან.","In 2024, in the midst of another similar stunt, Bidzina Ivanishvili and his propaganda machine came out and said that in just a few days, an agreement would be signed with a Chinese consortium, which would also begin construction. Today, it is once again confirmed that all the promises made so far, all the dates were lies. Just dry propaganda from Ivanishvili and the anti-Georgian “Dream”."
12_ge_Irakli_Kupradze.csv,"2026 წელს, დღეს, არ არსებობს არც ინვესტორი, არც დასრულებული და აშენებული ანაკლიის პორტი, აღარ არსებობს მასტერპლანი, გენერალური გეგმა, რომელიც უნდა ყოფილიყო შეთანხმებული მრავალგზის. ეს გენერალური გეგმაც და მასტერპლანიც ნაგავში მოისროლეს. შეუკვეთეს ეკონომიკის სამინისტროს მხრიდან ახალი ე.წ. მასტერპლანი, რომლის მიხედვითაც, საერთოდ მიზნობრიობას და შედეგობრიობას ეჭვქვეშ აყენებს ივანიშვილი და მისი ანტიქართული „ოცნება“.","In 2026, today, there is neither an investor, nor a completed and built Anaklia port, there is no longer a master plan, a general plan, which should have been agreed upon many times. Both this general plan and the master plan were thrown in the trash. A new so-called master plan was ordered from the Ministry of Economy, according to which Ivanishvili and his anti-Georgian “dream” are questioning the purposefulness and effectiveness of the project."
12_ge_Irakli_Kupradze.csv,"გუშინ, ანტიქართული „ოცნების“ მიერ, თავდაცვის მინისტრის ჩაყვანა ანაკლიის ცარიელ სანაპიროზე, სადაც არანაირი სამუშაოები არ მიმდინარეობს, ფოტოსესია და „ქართული ოცნების“ მინისტრის წრეზე სიარული არის სასაცილო პროპაგანდა, რომელსაც საქართველოს მოქალაქეები არ დავიჯერებთ. ფაქტი ერთია: მაშინ, როდესაც 2020 წელს უნდა მიეღო ანაკლიის პორტს პირველი გემი, დღეს ვხედავთ არარსებულ პროექტს, ჩაშლილ მოლაპარაკებებს, ქვეყნიდან გაძევებულ დასავლელ ინვესტორებს, ამერიკელ და ევროპელ ინვესტორებს. ამ პირობებში, შეუძლებელია ივანიშვილმა ააშენოს ანაკლიის პორტი. მას არ უნდა ანაკლიის პორტის აშენება, მას ინტერესი აქვს რომ საქართველომ ეს უმნიშვნელოვანესი სტრატეგიული ობიექტი დაკარგოს.","Yesterday, the anti-Georgian “Dream” took the Minister of Defense to the empty Anaklia coast, where no work is underway, a photo shoot, and the “Georgian Dream” minister walking around in a circle is ridiculous propaganda that Georgian citizens will not believe. The fact is one: while the Anaklia port was supposed to receive its first ship in 2020, today we see a non-existent project, failed negotiations, Western investors, American and European investors expelled from the country. Under these conditions, it is impossible for Ivanishvili to build the Anaklia port. He does not want to build the Anaklia port, he has an interest in Georgia losing this most important strategic facility."
12_ge_Irakli_Kupradze.csv,"ცხადად გახსნილია ახალი შესაძლებლობების ფანჯარა, რაც გამოხატულია ჩვენი პარტნიორების კიდევ ერთხელ ხმამაღლა გაჟღერებული დაინტერესებით, რომ შავი ზღვა არის ჩვენი პარტნიორების ინტერესი. ამ შესაძლებლობას ივანიშვილი აკარგვინებს ქვეყანას, პროპაგანდით ცდილობს ფონს გასვლას.","A window of new opportunities has clearly opened, which is expressed by the once again loudly voiced interest of our partners, that the Black Sea is in the interest of our partners. Ivanishvili is making the country lose this opportunity, trying to fade into the background through propaganda."
12_ge_Irakli_Kupradze.csv,"„ლელო ძლიერი საქართველო“ არის პოლიტიკური პარტია, რომელიც ამ ეროვნული და სტრატეგიული ობიექტის მთავარი მხარდამჭერია. პროექტის, რომელსაც ჰქვია „ანაკლია“. ჩვენ გვაქვს კონკრეტული გეგმა, როგორ უნდა აშენდეს ანაკლიის პროექტი. ხელისუფლებაში მოსვლის შემდეგ, აუცილებლად, პირველივე ნაბიჯად უნდა გადაიდგას ის, რომ ეროვნული და სტრატეგიული მნიშვნელობის პროექტად გამოცხადდეს ანაკლიის პორტი, ყველა ხელშეკრულება უნდა იყოს საჯარო, არა „შავი ფარდის“ მიღმა, როგორც ივანიშვილი აკეთებს, იქნება ეს „არაბული ქალაქები“, თუ სხვა. დაუშვებლად უნდა იქნეს ცნობილი ჩინური და რუსული ინვესტიციების არსებობა, რომელიც შესაძლებელია ეწინააღმდეგებოდეს საქართველოს ეროვნულ ინტერესებს. ანაკლიის პორტი უნდა აშენდეს სახელმწიფოს ჩართულობით, დასავლელ, ამერიკელ პარტნიორებთან თანამშრომლობის პრინციპით.","""Lelo Strong Georgia"" is a political party that is the main supporter of this national and strategic facility. The project, which is called ""Anaklia"". We have a specific plan on how to build the Anaklia project. After coming to power, the first step must be to declare the Anaklia port a project of national and strategic importance, all agreements must be public, not behind a ""black curtain"", as Ivanishvili does, whether it is ""Arab cities"" or something else. The existence of Chinese and Russian investments, which may contradict Georgia's national interests, must be made public. The Anaklia port must be built with the involvement of the state, on the principle of cooperation with Western, American partners."
12_ge_Irakli_Kupradze.csv,"რამდენმა მინისტრმაც არ უნდა ისეირნოს ანაკლიის სანაპიროზე, სადაც არანაირი სამუშაოები არ მიმდინარეობს, ჩვენ პორტს აუცილებლად ავაშენებთ“, - აღნიშნავს კუპრაძე.","""No matter how many ministers walk along the Anaklia coast, where no work is underway, we will definitely build the port,"" Kupradze notes."
12_ge_Irakli_Kupradze.csv,"შეგახსენებთ, გუშინ, ეკონომიკისა და მდგრადი განვითარების მინისტრი მარიამ ქვრივიშვილი გუშინ, ანაკლიის ნავსადგურის ტერიტორიაზე მიმდინარე სამუშაოებს ვიცე-პრემიერ, თავდაცვის მინისტრ ირაკლი ჩიქოვანთან ერთად გაეცნო. როგორც ეკონომიკის მინისტრმა აღნიშნა, „პროცესი უკვე საკმაოდ აქტიურ ფაზაშია შესული“.","As a reminder, yesterday, Minister of Economy and Sustainable Development Mariam Kvrivishvili, together with Vice Prime Minister and Minister of Defense Irakli Chikovani, inspected the ongoing works on the territory of the Anaklia port. As the Minister of Economy noted, ""the process has already entered a fairly active phase."""
13_ge_Levan_Makhashvili.csv,"ლევან მახაშვილი - ევროპარლამენტის დოკუმენტებმაც, ევროპარლამენტმაც, სამწუხაროდ ფასი დაკარგა - ერთადერთი სპორტული ინტერესიღაა დარჩენილი, აბა, წინაზე უარეს დოკუმენტს შეიმუშავებენ თუ რამე სიახლე გვექნება (05.05.2026, 14:29)","Levan Makhashvili - The documents of the European Parliament, the European Parliament itself, have unfortunately lost their value - the only thing left is sports interest, so they will develop a worse document than the previous one or we will have something new (05.05.2026, 14:29)"
13_ge_Levan_Makhashvili.csv,"ეს დოკუმენტი თავის დამატებიანად, რომლებმაც კიდევ უფრო მკვეთრად გააუარესა საწყისი, სრულიად აცდენილია რეალობას - ჩვენთვის და საზოგადოებისთვის ევროპარლამენტის დოკუმენტებმაც, ევროპარლამენტმაც, სამწუხაროდ ფასი დაკარგა, რადგან ის არ ემსახურება თანამშრომლობის და დიალოგის დღის წესრიგს, - ამის შესახებ პარლამენტის ევროინტეგრაციის კომიტეტის თავმჯდომარემ, ლევან მახაშვილმა განაცხადა, რითაც ევროპარლამენტის საგარეო საქმეთა კომიტეტის მიერ საქართველოს შესახებ მიღებულ ანგარიშს გამოეხმაურა.","This document, with its additions, which have further worsened the initial situation, is completely out of touch with reality - for us and the public, the documents of the European Parliament, as well as the European Parliament, have unfortunately lost their value, because they do not serve the agenda of cooperation and dialogue, - said Levan Makhashvili, Chairman of the European Integration Committee of the Parliament, responding to the report adopted by the European Parliament's Foreign Affairs Committee on Georgia."
13_ge_Levan_Makhashvili.csv,"მისი თქმით, დღეს ევროპარლამენტის დღის წესრიგი არ მოდის თანხვედრაში საქართველო-ევროკავშირის და ზოგადად საქართველოს უკეთესი, მშვიდობიანი მომავლის დღის წესრიგთან.","According to him, today the agenda of the European Parliament does not coincide with the agenda of a better, peaceful future for Georgia, the European Union, and Georgia in general."
13_ge_Levan_Makhashvili.csv,"„რა გითხრათ, თქვენც იცით, რასაც გავუკეთებდით ამ რეზოლუციას [მაკულატურაში ჩავაბარებდი] - მარტივი მიზეზის გამო: ეს დოკუმენტი თავის დამატებიანად, რომლებმაც კიდევ უფრო მკვეთრად გააუარესა საწყისი დოკუმენტი, სრულიად აცდენილია რეალობას. განსაკუთრებით ამ დღეებში და ამ კვირებში კარგად ჩანს, რეალურად ვინ არის დიალოგის ხელის შემშლელი. ეს არის სწორედ ევროპარლამენტი, ამ კონკრეტული პოლიტიკური ჯგუფების სახით, რომლებიც საკუთარი ვიწრო პოლიტიკური დღის წესრიგიდან გამომდინარე, მაქსიმალურად ცდილობენ დიალოგის ხელშეშლას. თუ დავაკვირდებით წინა წლების განვითარებებს, სწორედ ასე ხდებოდა ხოლმე: როდესაც იყო ურთიერთობის გადატვირთვის, დიალოგის, თანამშრომლობის პერსპექტივა ამის სრულიად საპირისპირო დინებით ცურავდა ხოლმე ევროპარლამენტი და დღესაც იმავეს ვაკვირდებით.","""What can I say, you know what we would do to this resolution [I would send it to waste paper] - for a simple reason: this document, with its additions, which have even more sharply worsened the initial document, is completely out of touch with reality. Especially in these days and these weeks, it is clear who is actually obstructing the dialogue. It is precisely the European Parliament, in the form of these specific political groups, which, based on their own narrow political agenda, are trying their best to obstruct the dialogue. If we observe the developments of previous years, this is exactly what happened: when there was a prospect of resetting relations, dialogue, cooperation, the European Parliament swam in the completely opposite direction, and we are still observing the same thing today."""
13_ge_Levan_Makhashvili.csv,"ამიტომ ჩვენთვის და საზოგადოებისთვის ევროპარლამენტის დოკუმენტებმაც, ევროპარლამენტმაც, სამწუხაროდ ფასი დაკარგა, რადგან ის არ ემსახურება თანამშრომლობის და დიალოგის დღის წესრიგს. დღეს ევროპარლამენტის დღის წესრიგი არ მოდის თანხვედრაში საქართველო-ევროკავშირის და ზოგადად საქართველოს უკეთესი, მშვიდობიანი მომავლის დღის წესრიგთან“, - განაცხადა ლევან მახაშვილმა.","""That is why, for us and the society, the documents of the European Parliament, and the European Parliament, have unfortunately lost their value, because they do not serve the agenda of cooperation and dialogue. Today, the agenda of the European Parliament does not coincide with the agenda of a better, peaceful future for Georgia-the European Union and Georgia in general,"" said Levan Makhashvili."
13_ge_Levan_Makhashvili.csv,"კითხვაზე, რომ ევროპარლამენტის საგარეო საქმეთა კომიტეტი მიღებული ანგარიშით რამდენიმე ქართული მედიის დასანქცირებას ითხოვს, მახაშვილმა უპასუხა, რომ ღიმილისმომგვრელია ეს განცხადებები და ჩანაწერები ამ კონკრეტულ დოკუმენტში.","When asked about the European Parliament's Foreign Affairs Committee's report calling for the sanctions against several Georgian media outlets, Makhashvili replied that these statements and notes in this specific document are laughable."
13_ge_Levan_Makhashvili.csv,"ცნობისთვის, ევროპარლამენტის საგარეო საქმეთა კომიტეტმა საქართველოს შესახებ ანგარიში მიიღო. ევროპარლამენტის საგარეო საქმეთა კომიტეტში საქართველოს შესახებ ყოველწლიურ ანგარიშს მხარი 53-მა ევროპარლამენტარმა დაუჭირა, ხოლო მის წინააღმდეგ ხმა 14-მა მისცა.","For your information, the European Parliament's Foreign Affairs Committee has adopted a report on Georgia. The annual report on Georgia was supported by 53 MEPs in the European Parliament's Foreign Affairs Committee, while 14 voted against it."
01_aluda_ketelauri_ge.csv,"I. მაცნე მოიდა შატილსა: – ქისტებმა მოგვცეს ზიანი, დაგვიწიოკეს მწყემსები, ავნია, ავი-ზნიანნი.","I. A messenger came to Shatila: - The Kists have harmed us, they have killed our shepherds, they have harmed us, they have harmed us."
01_aluda_ketelauri_ge.csv,"ალუდა ქეთელაური კაცია დავლათიანი, საფიხვნოს თავში დაჯდების, სიტყვა მაუდის გზიანი; ბევრს ქისტს მააჭრა მარჯვენა, სცადა ფრანგული ფხიანი. ცუდას რად უნდა მტერობა, კარგია მუდამ მტრიანი!","Aluda is a man of Ketela, a man of power, who sits on the head of a scepter, a man of the word of Maud; he has cut many a kist with his right hand, he has tried to be a French pkhian. Why does evil need enmity, good is always an enemy!"
01_aluda_ketelauri_ge.csv,"ქისტებს წაუსხამ ცხენები, ალუდაისიც ფთიანი. გუმან აქვ, გადაავლიონ არხოტის თავი მთიანი, გადაბერტყინონ ნალითა ქუჩი მთებისა ცვრიანი.","I will give the horses to the Kists, and the Aludais to the Ptya. I think they will cross the mountainous head of Arkhot, and they will cross the snowy street of the mountains with their horses."
01_aluda_ketelauri_ge.csv,"ეს რო ალუდამ გაიგო, თოფს დაუპირა ტალიო; აისხა იარაღები, გააფხავიდის ხმალიო; გაუშინჯიდის ვადანი, ხმალს არ მაუტყდეს ტარიო.","When Aluda heard this, he aimed his gun at the target; he drew his weapons, his sword was drawn; he tightened his grip, lest the sword break the hilt."
01_aluda_ketelauri_ge.csv,"ცისკრის ხანია, მტერს მისდევს კლდის შავარდენი ჩქარიო. გათენებისას ჭიუხში შურთხმა დარეკა ზარიო, ძაღლებს კი სძინავ თეოზე, ჯერ არ გაშლილა ცხვარიო.","It is dawn, the enemy is pursued by the black swiftness of the rock. At dawn, a bell rang in the barn, and the dogs were sleeping on the mat, the sheep had not yet been grazed."
01_aluda_ketelauri_ge.csv,"მალე შააგდო ალუდამ ქისტების ნავალს თვალიო. მარჯვედვე გადაეწია, თოფმა გაიღო ჩქამიო: ერთს ქურდ-კანტალას ღილღველსა ცუდი დაუდგა წამიო; გადავარდება ცხენზეით, ყელ-თავქვე ეკიდებისა; ნატყვიარი სჭირს ბეჭის თავს, ზედ ცეცხლი ეკიდებისა; ამხანიგ-მოკლულ ღილღველი ჩახმახსა ეზიდებისა. გამასტყვრა მუცალის თოფი, კლდის პირი დაიშლებოდა, ნაძოძი ტყვიის ალუდას კალთაში ჩაეშლებოდა.","Soon Aluda caught sight of the Kistian fleet. He turned right, and the gun fired: One of the thieves, Kantala, had a bad moment with his rifle; he fell from his horse, hanging by his neck; a bullet hit his shoulder, and a fire was lit on top; the rifleman pulled the trigger on his slain comrade. The rifle of the mutineer was about to fall, and the edge of the cliff was about to collapse, and the bullet was about to fall into Aluda's lap."
01_aluda_ketelauri_ge.csv,"– არა გჭირსაა, რჯულ-ძაღლო?! – მუცალი ეუბნებოდა. – ნუ გგონავ, მჭირდეს, რჯულ-ძაღლო, ყმასა გუდანის ჯვრისასა. ხმა ალუდაის თოფისა ჭეხასა ჰგვანდა ცისასა.","– Are you in trouble, you law-dog?! – the mutt was saying to him. – Don't think I'm in trouble, you law-dog, with the threshing floor. The sound of Aludai's rifle was like the crack of a bell in the sky."
01_aluda_ketelauri_ge.csv,"– არ მოგხვდაუა, რჯულ-ძაღლო? – ისევ ეძახის იმასა.","“Don't you understand, you dog?” he calls again."
01_aluda_ketelauri_ge.csv,"– მუცალს არა სჭირს, რჯულ-ძაღლო, ნამტვრევს მაშლიდა კლდისასა…","– My stomach doesn't hurt, you dog, I'm just breaking a bone on the rock..."
01_aluda_ketelauri_ge.csv,"– ოჰო, ქუდ გაუხვრეტია, წვერებსა სტუსავს თმისასა.","– Oh, the hat is torn, the hair is sticking out of the beard."
01_aluda_ketelauri_ge.csv,"– მაღლა დაგიცდა, ბეჩავო, კენჩხას არა სჭირს ძვლისასა. გამოსტყვრა მუცალის თოფი, ტყვია ჩქამს იზამს მქისესა, გაუტეხს ქეთელაურსა საპირის-წამლეს რქისასა.","– You've been hit high, Bechavo, Kenchkha doesn't have a bone to grind. Mutsali's rifle is fired, the bullet hits the Mkise, it breaks the Ketelauri's horn with its sharp edge."
01_aluda_ketelauri_ge.csv,"– არც ახლა გჭირსა, რჯულ-ძაღლო? – ზედაც დაჰვედრებს იმასა.","– Aren't you in trouble now, you law-abiding dog? – The top will also beg for it."
01_aluda_ketelauri_ge.csv,"– არა სჭირს, არა, რჯულ-ძაღლო, ყმასა გუდანის ჯვრისასა, გამმარჯვედ ჯვარი დაჰყვების, ძალს შაახვეწებს ღვთისასა. გულს არ ჰხვდა, ნუ გეგონების, ამტვრევდა წამლის ქისასა. რაკი სრევაზე მიდგება, ჯავრს არც მე შავჭამ მტრისასა.","– No problem, no, you dog of the law, the young man at the cross of the threshing floor, you will follow the cross with victory, you will seek strength from God. His heart did not understand, do not think, he was breaking the medicine bag. Since he is going to the slaughter, I will not even eat the black enemy."
01_aluda_ketelauri_ge.csv,"შატილიონის ნასროლი ქისტს უმტვრევს გულის ფიცარსა. – არც ახლა გჭირსა, რჯულ-ძაღლო?! – შამაუჭყივლებს ქისტასა.","The shot from Chatillon breaks the heart of Kista. “Aren't you in trouble now, you dog of the law?!” Kista snorts."
01_aluda_ketelauri_ge.csv,"– გულში მჭირს, გულში, რჯულ-ძაღლო, ვაჰ ცდასა მუცალისასა! ძმაც ხო მამიკალ, მეც მამკალ, რა ვუთხრა მადლსა ღვთისასა?","– My heart aches, my heart, you dog of the law, oh the temptation of the Mutsalis! My brother also killed my father, I also killed my father, what can I say to the grace of God?"
01_aluda_ketelauri_ge.csv,"მუცალს არ სწადის სიკვდილი, ფერს არა ჰკარგავს მგლისასა, მაჰგლეჯს, დაიფევს წყლულშია წვანეს ბალახსა მთისასა. ერთიც ესროლა ალუდას, ხანს არა ჰკარგავს ცდისასა. თოფიც ალუდას გადუგდო, ერთს კიდევ ეტყვის სიტყვასა: – ეხლა შენ იყოს, რჯულ-ძაღლო, ხელს არ ჩავარდეს სხვისასა.","The wolf does not want to die, he does not lose the color of a wolf, a hound, he lies in a wound in the green grass of the mountain. He also shot Aluda, he does not waste time in trying. He also pointed the gun at Aluda, he says one more word: - Now it's yours, you dog, don't let it fall into someone else's hands."
01_aluda_ketelauri_ge.csv,"სიტყვა გაუშრა პირზედა, დაბლა გაერთხა მიწასა. ალუდას თოფი არ უნდა, ატირდა როგორც ქალიო; არ აჰყრის იარაღებსა, არ ეხარბება თვალიო. თავით დაუდვა ხანჯარი, ზედ ეკრა სპილოს ძვალიო, გულზედ ძეგლიგი დაადვა, მკლავზედ ფრანგული ხმალიო. მარჯვენას არ სჭრის მუცალსა, იტყოდა: „ცოდვა არიო; ვაჟკაცო, ჩემგან მოკლულო, ღმერთმა გაცხონოს მკვდარიო. მკლავზედავ გებას მარჯვენა, შენზედ ალალი არიო, შენ ხელ შენს გულზედ დამიწდეს, ნუმც ხარობს ქავის კარიო, კარგი გყოლია გამდელი, ღმერთმ გიდღეგრძელოს გვარიო!“ სიგძივ გაჰხურა ნაბადი, ზედ გადაადვა ფარიო.","The word dried up on his face, he fell down on the ground. Aluda did not want a gun, he wept like a woman; he does not throw away weapons, he does not covet his eyes. He placed a dagger on his head, he put an ivory on it, he placed a monument on his heart, a French sword on his arm. He did not cut his right hand in the stomach, he would say: ""There is no sin; brave man, killed by me, may God save you, dead. Geba's right hand is on my arm, there is no red on you, you put your hand on your heart, do not rejoice, O Kavis Kari, you have a good time, may God prolong your life!"" Nabad closed his eyes in a daze, he put a shield on top."
01_aluda_ketelauri_ge.csv,"II. მზემ აიწია ცაზედა, ნისლებმ დაწირეს ხევები; მისჯარებიან ცის კიდეს კავკასიონის დევები. აშლილან სანადიროდა ქორებ, ფრინველთა მლევლები; სოვნი არწივებს მასდევენ, მუქთად ჭამისთვის მხლებლები.","II. The sun has risen in the sky, the mists have covered the ravines; The Caucasus mountains are at the edge of the sky. The hawks, the hunters of birds, are busy hunting; The owls are chasing the eagles, the hunters of the dark."
01_aluda_ketelauri_ge.csv,"ჯიხვნი მაებნენ მყინვარსა, მადლი რქათ ადგა ღვთისაო. ხევი-ხევ შამოყრანტალებს ყორანი ავის ხმისაო: „მამკვდარა ქისტი მუცალი, თვალნ უნდა ვსჭამნე ყმისაო, გულ-ღვიძლი ამოვარიდო, კალთა დავხურო მხრისაო“.","The glaciers are melting, the grace of God has risen. The ravens are croaking from valley to valley with their evil voices: ""I am a dead cyst, I want to eat the eyes of the servant, I want to cut out the heart and liver, I want to cover the shoulder with a skirt."""
01_aluda_ketelauri_ge.csv,"შატილს ჯერ არ ჩასწდომია შუქი შუადღის მზისაო, არ ჩაუშვებენ ჩამსვლელსა, ცა ახურია კლდისაო. ყმა მოიდოდა გორი-გორ, არ ეწონება თავია; პირს დასწოლია ნისლები, გულით ნადენი, შავია. ტახტაზე დაუკიდებავ მუცალის ძმისა მკლავია, ვერცხლით მორთული ბაზალა, ეგ ხოროსნული ხმალია. მეება ჭიუხიანსა, სადაც იმედას ქავია, ზაფხულს თოფის ხმას იყურებს, ზამთარ ჩამუდის ზვავია. ბევრჯელ მაასწრო დელგმამა, ჰყეფდა ყორანი შავია. დაჰფამფალებდა თავზედა გაუმაძღარი სვავია, ვერვინ მაჰრივა იღბალი, ვერავინ უყვა ავია. ურჯულოს ხელებსავ ადნობს ზედ მზის სხივები მწვავია. გველმა ვერ გაჭრა ლიბოი, დღესაც ცოცხალივ არია. ზოგჯერ ავდარი დადგება, ზოგჯერ მზე ბრწყინავს, დარია. რა უყვათ, ბევრი უნახავ ულვაშ-აშლილი მკვდარია! ბევრჯელ წასულა საჭალოდ დახოცილთ სისხლის ღვარია; შაუღებია წითლადა ავი არდოტის წყალია.","The light of the midday sun has not yet reached Shatil, they will not let him in, the sky is like a rock. The servant would come from the mountains, he would not lift his head; the mists have settled on his face, his heart is filled with tears, it is black. On the throne hangs the arm of Mutsali's brother, a silver-decorated basala, that Khorosn sword. In the village of Chiukhian, where Imeda is, in the summer he watches the sound of a gun, in the winter there is an avalanche of snow. Delgma has followed me many times, the raven is black. A greedy raven was flapping its wings on his head, no one has ever stolen his luck, no one has ever been able to save him. The sun's rays are burning on the hands of the wicked. The snake could not cut the Liboy, he is still alive today. Sometimes the Avdar will rise, sometimes the sun will shine, Daria. What have you seen, many unseen dead, with disheveled mustaches! The blood of the slain has gone to many places, the river is red; the water of the Ardot River is black."
01_aluda_ketelauri_ge.csv,"ვისაც მტერობა მასწყურდეს, გააღოს სახლის კარია, სისხლ დაიგუბოს კერაში, თვითანაც შიგვე მდგარია. ღვინოდაც იმას დაჰლევდეს, პურადაც მოსახმარია. პირჯვარი დაიწეროდეს, მითამ საყდარში არია. სისხლშია ჰქონდეს ქორწილი, იქ დაიწეროს ჯვარია, დაიპატიჟოს სტუმრები, დაამწკრიოდეს ჯარია. სისხლში დაიგოს ლოგინი, გვერდს დაიწვინოს ცალია ბევრი იყოლოს შვილები, ბევრი ვაჟი და ქალია; იქვე საფლავი გათხაროს, იქ დაიმარხოს მკვდარია.","Whoever thirsts for enmity, let him open the door of the house, let him boil blood in the hearth, and he himself is standing inside. Let him drink wine, and eat bread. Let him make a sign of the cross, and there is no one in the throne. Let him have a wedding in blood, let him make a sign of the cross there, invite guests, and line up the army. Let him make a bed in blood, and let him lie down on his side, and let him have many children, many sons and women; let him dig a grave nearby, and bury the dead there."
01_aluda_ketelauri_ge.csv,"შენ რო სხვა მაჰკლა, შენც მოგკვლენ, მკვლელს არ შაარჩენს გვარია.","If you kill someone else, they will kill you too. The murderer will not be spared a name."
01_aluda_ketelauri_ge.csv,"შატილს გადმოდგა ბანებზედ ხევსურთ ქალი და რძალია, გამეეგებნენ ალუდას ძმა-ძმისწულები სამნია. ბევრს უნდა ამბის გაგება, ბევრნი მოვიდნენ სხვანია. მიულოციან ალუდას: – სახელიანიმც ხარია! ბებერი ჰკითხავს უშიშა ალუდას ამბავს ცდისასა. უამბობს ქეთელაური ამბავს ღილღველის მგლისასა: „აქით წასულმა, უშიშავ, კვალი შავაჭერ მთისასა, მოკლედავ გადავეწივე. ნავალ დავატყვე ქვიშასა. ორნ იყვნენ, თოფი ვიხმარე, წვერს ვერ ვუწვდენდი ხმლისასა. იმ ცხონებულსა მუცალსა რკინა სდებიყო გულადა!","A Khevsur woman and her daughter-in-law came to Shatili from the huts, and Aluda's brothers and sisters came to meet him. Many wanted to hear the story, many came from other places. They congratulated Aluda: - The name is also Kharia! The old man asks the fearless Aluda about the story of the trial. Ketelauri tells the story of the wolf of Ghilgveli: ""Having left here, fearless, I quickly overtook the traces of the black mountain. I caught him in the sand with a boat. There were two of them, I used a rifle, I couldn't reach the tip of the sword. The iron of that saved Mutsali's belly was pierced with a gulada!"
01_aluda_ketelauri_ge.csv,"– რას ამბობ? ქისტის ცხონება არ დაწერილა რჯულადა. – მით ვაქებ ვაჟკაცობასა, არ იყიდება ფულადა. სამ მე ვესროლე, სამ – იმან, მესამით დავასრულია. მკერდზე ნაკრავმა ტყვიამა გაუნაძოძა გულია. ნატყვიარს ბრძამით იფევდა, ისრე დალია სულია. სულს არ აცლიდა ამოსვლას, კიდევ მიხსენა რჯულია.","– What are you saying? The salvation of the Kist is not written in the law. – I praise bravery, it is not sold for money. I shot three times, three times – with that, I finished with the third. The bullet that hit his chest pierced his heart. He was covering the bullet with his spear, the arrow was drinking his soul. His soul did not hesitate to rise, he remembered the law again."
01_aluda_ketelauri_ge.csv,"ჩვენ ვიტყვით, კაცნი ჩვენა ვართ, მარტოთ ჩვენ გვზდიან დედანი; ჩვენა ვსცხონდებით, ურჯულოთ კუპრში მიელის ქშენანი. ამის თქმით ვწარა-მარაობთ, ღთიშვილთ უკეთეს იციან. ყველანი მართალს ამბობენ განა, ვინაცა ჰფიციან?!","We will say, we are men, our mothers alone give birth to us; we live, the wicked are waiting for us in the coffin. Saying this, we are being cruel, the gods know better. Do they all speak the truth, who swears?!"
01_aluda_ketelauri_ge.csv,"ვერ გავიმეტე მუცალი მარჯვენის მოსაჭრელადა, გული გამიწყრა, არა ჰქნა, რაც საქნელია ძნელადა: „დაე დააკლდეს სახელსა, მე გირჩევნივარ მრჩევლადა“.","I couldn't bear to cut off the right-hand man's waist, my heart ached, I didn't do what was difficult to do: ""Let him be cut off from the name, I advise you as a counselor."""
01_aluda_ketelauri_ge.csv,"ხევსურთა ახალ-უხლები გადაიქციან ტყემლადა, ავად შაჰხედნეს ალუდას, შაუძრახნიან ხმელადა: „მოკვდი, სიკვდილი გირჩევნავ, რა ხარ სიცრუის მთქმელადა; აიხსენ გველის-პირული, დიაცთ გადუგდე ცხემლადა; ფარი – ქსლის ჩასაბეჭავად, ხირიმ – გაუდვან გარადა; დამბაჩა გამაადგებისთ საბრუნლად, თითისტარადა! გამუქცევიხარ ქისტიშვილს, გადუქცევიხარ ქალადა. მაჰკალ, მარჯვენა არ მასჭერ, უკვენ მისდევდი მა რადა?!“","The young men of Khevsur will turn into a tkemla, the sick Shahkhedne's Aluda, the Shaudzrakhnian's Khmelada: ""Die, I prefer death to you, what a liar you are; Remember the snake-faced one, you are a corpse; A shield – to bind the net, Khirim – to break the guard; They will make me a truncheon, a finger-shaped one! You have escaped from Kistishvili, you have escaped from Kalada. Mahkal, you do not hold my right hand, why were you chasing me?!"""
01_aluda_ketelauri_ge.csv,"ზურგი აქციეს ალუდას პირითა ჯავრიანითა; თავ-თავის სახლებს მიჰმართეს ჭერხოთით კარიანითა. გაწირეს ქეთელაური გულითა ნარიანითა, სახელსა ალუდაისას იძახდენ ბრალიანითა.","They turned their backs on Aluda with their faces covered with mud; they headed for their houses with their roofs covered with doors. They sacrificed Ketela with their hearts burning with fire, and they called upon the name of Aluda with their guilt."
01_aluda_ketelauri_ge.csv,"შატილს მინდიაც მოიდა ზერდაგით რვალიანითა, წელზე ნარტყამის ფრანგულით, მკლავითა ფარიანითა, თორმეტის ქისტის მამკლავი შუბითა ტარიანითა. ირემს ჰგავ მინდის წითლაი შუბლითა მთვარიანითა.","Shatil's mind also came with a golden dagger, a belt around his waist, a shield on his arm, a twelve-piece quiver with a spear on its head. Mindi's face is like a deer, with a red moon on its forehead."
01_aluda_ketelauri_ge.csv,"ალუდას აუგს ეტყოდენ სიტყვითა შხამიანითა. იწყინა, შუბლი დაკეცა ნაოჭით ზარიანითა. – ნუ იტყვით ვაჟკაცის აუგს ენითა ქარიანითა. ადვილად მტერი მოგიკვდესთ, ადვილ გავიგო მართალი. ბევრ დაღონება არ გვინდა, ერთი დღის მეყოს საგძალი, გზა-კვალი არ ამერევა, ყოველ მხრივ ვიცი სავალი. დღესავ მოგივათ მინდია, მანამ დაბძანდეს მრავალი.","They spoke to the ear of Aluda with poisonous words. He felt sad, his forehead creased with a wrinkle. – Do not speak to the ear of a brave man with a windy tongue. It is easy for your enemy to die, it is easy for me to understand the truth. We do not want to be too much, I will have a day's rest, the path and the trail do not confuse me, I know the way in every direction. I will come to you today, I hope, before many are scattered."
01_aluda_ketelauri_ge.csv,"ქუსლი ჰკრა, წითლა გამალდა, ნიავქარივით მავალი.","The heel clicked, the red glow faded, moving like the breeze."
01_aluda_ketelauri_ge.csv,"III. დაბნელდა, წყალნი ტირიან, კალთა გვეხურვის ღამისა; დროა ვარსკვლავთა ჟიკჟიკის, მცვრევა ბალახზედ ნამისა, მკვდართ სულთ საფლავით გამოსვლის, დრო მათ სიმღერის წყნარისა.","III. It is dark, the waters are weeping, the night is closing in on us; it is the time for the stars to twinkle, for the dew to fall on the grass, for the souls of the dead to come out of the grave, for the quiet of their song."
01_aluda_ketelauri_ge.csv,"დევნი გამოვლენ კლდიდამა, ხევ-ხუვში ეხეტებიან. ყველამ ივახშმა და ახლა საძილედ ემზადებიან. – პურ მიირთვიო, – ალუდას და-დედან ეხვეწებიან. – მე პურ არ მინდა, დედაო, გული შამეკრა რადამე, წუხელ ცუდ სიზმრები ვსინჯე, რიგში ვიყოდი სადამე. წინ გვედვა მიცვალებული, ხევსურნ შაწყენით ისხდენა. სალაშქროდ დამზადებულნი, ზოგნი კარებზე იდგენა. მენაც იქ ვიყავ, ვსტიროდი, როგორც წესია კაცისა. გუმანი მქონდა სალაშქროდ, ხანიც მოვიდა წასვლისა.","The pursuers emerge from the cliffs, they wander through the ravines. Everyone has had dinner and is now getting ready for bed. “Eat some bread,” Aluda’s mother and father beg. “I don’t want any bread, mother, my heart is pounding, I had bad dreams last night, I was in line for a while. Ahead of us was a dead man, a raven sitting in mourning. Prepared for a hike, some of them were waiting at the doors. I was there too, crying, as is the custom of a man. I had a feeling I was going to hike, and the time had come to leave."
01_aluda_ketelauri_ge.csv,"ერთს წამს ხელ ვინამ დამტაცა, ტარი ჩამიდვა ხანჯრისა. შავხედენ, მუცალი იყო, ტანთ ეცვა ჯაჭვი რვალისა, გულზედ ემჩნივა ნიშანი მე-დ იმის ბრძოლის წამისა, ეფინა ნატყვიარშია ლეგა საფევი ბრძამისა. კლდედ იდგა, გაუტეხლადა, ცრემლ არ ჩამოსდის თვალისა.","At one point, someone grabbed my hand, and I put the hilt of my dagger in it. He was dark-skinned, bald, and wore a brass chain around his body. On his heart was a mark from that moment of battle, and his head was covered with bullets. He stood like a rock, unbroken, no tears fell from his eyes."
01_aluda_ketelauri_ge.csv,"„მინდა სიკვდილი, არ ვკვდები, მამკალო, მითხრა ხვეწნითა. თქვენ დაგრჩეს წუთისოფელი, მე კი წავიდე ქვეყნითა, დაძეღით, ხევსურთ შვილებო, ლაშქრობით, ხმლების ქნევითა“.","""I want to die, I won't die, Mamkalo,"" he told me, pleadingly. You will remain in this world, and I will go through the country, with a vengeance, sons of Khevsur, on a campaign, waving swords."""
01_aluda_ketelauri_ge.csv,"დავჯე, ჯამ ვინამ დამიდგა, კაცის ხორც იყო წვნიანი, ვსჭამდი, მზარავდა თუმცაღა კაცის ხელ-ფეხი ძვლიანი. რასა ვსჩადიო, ვსჯავრობდი, უმსგავსი, შაჩვენებული.","I sat down, someone brought me a bowl, the human flesh was juicy, I ate it, it made me sick, although the human hands and feet were bony. What was I doing, I was walking, incomparable, shown off."
01_aluda_ketelauri_ge.csv,"„ჭამეო, – რამამ მიძახა, ნუ ჰხდები გაშტერებული: კიდევ მიმირთვით ალუდას წვენ-ხორცი გაცხელებული“. მიმატეს კაცის ულვაშით წვენ-ხორცი შანელებული…","“Eat,” Rama called to me, “don’t be mad: serve me some more Aluda’s juice and meat, heated.” They brought me juice and meat, seasoned with a man’s mustache…"
01_aluda_ketelauri_ge.csv,"სიზმართ დამტანჯეს, იმით ვარ გუნება-აღელვებული.","I was tormented by a dream, and I am so upset about it."
01_aluda_ketelauri_ge.csv,"IV. თენდება, მთის წვერნ დაწითდენ, ნისლნი აგროვდენ მთებზედა. დგება, იღვიძებს სოფელი, მგზავრი მიდ-მოდის გზებზედა. სოვნი სამგზაგროს წავიდენ, მთა-ბარს მაავლეს თვალია; რამდენს ფრაშ-ფრაშში არიან, ცას ვერ გაავლეს კვალია!","IV. It is getting dark, the mountain tops are red, the mists are gathering on the mountains. The village is waking up, the traveler is coming and going on the roads. The owls have gone on a journey, the mountain-bar is their eyes; How many are in the dust, the sky is unable to trace them!"
01_aluda_ketelauri_ge.csv,"ვინ მოდის წითლის ცხენითა, გამაიარა წყალია? – მოხველ მშვიდობით! – მინდიას ხევსურთა შაუძრახნიან. – რა მაიტანე ამბავი? – შორითვე დაუძახიან.","Who is coming on a red horse, has the water passed me? – Welcome! – The Khevsurians of Mindia are shouting. – What news have you brought me? – They call from afar."
01_aluda_ketelauri_ge.csv,"– ახლებო, სისხლი გიფუისთ, სჭრითა და ჰკერავთ გულითა, გულს ათრევინებთ გონებას, თავს აჭრეინებთ ცულითა, ადვილ ვერ იცნობთ ვაჟკაცსა მის ვაჟკაცურის რჯულითა! ერთურთს ნუ დააჩაგვრინებთ, გული-დ გონება ძმანია. მართალი არი ალუდა, თავს არ დამექცნენ ცანია! თუ არა გჯერათ, ქისტისა, აი, მოჭრილი მკლავია. ენა ქარქაშში გეჭიროსთ, ადვილ ნუ იტყვით სიტყვასა, ადვილ ნუ იტყვით ვაჟკაცზე, არა ვარგაო, იმასა! ხელი ალუდას მიართვის: – წაიღ, მიაკარ ქავადა!","– My friends, you are bleeding, you are cutting and sewing with your heart, you are dragging your heart with your mind, you are chopping your head with an axe, you cannot easily recognize a brave man by his bravery! Do not oppress each other, the heart and mind are brothers. Aluda is right, do not attack me! If you do not believe me, Kistisa, here is a severed arm. Hold your tongue in a knot, do not easily say a word, do not easily say about a brave man, it is not right, that's it! He holds his hand to Aluda: – Take it, take the sword!"
01_aluda_ketelauri_ge.csv,"– თუ ხელის მოჭრა მდომიყო, გან ვერ მოვსჭრიდი თავადა? ვერ გიქნავ კარგად, მინდიავ, საქმე მოგირთავ ავადა; რაად მინდარის, ვერ მიხმლობს, არ გამოდგება ფარადა; მთაში წავიღო, არ მითიბს, არც მარგებს თივის კავადა. წაიღე, თუ გწამ უფალი, ნუღარ მაჩვენებ თვალითა. კაის ყმის მარჯვენა არი, გული მეწვება ბრალითა. რაად სწყრებიან ხევსურნი, რადა ტყვრებიან ჯავრითა?! მტერს მოვკლავ, კიდევ არ მოვსჭრი მარჯვენას მაგათ ჯაბრითა! „წესი არ არის მტრის მოკვლა, თუ ხელ არ მასჭერ დანითა“. ვაი ეგეთას სამართალს, მონათლულს ცოდვა-ბრალითა!","– If I were to cut off your hand, why wouldn’t I cut it off, my lord? You can’t do it well, my lord, I’ll make you a sick man; Why do you think that Mindaris, he can’t catch me, the veil won’t work; I’ll take him to the mountains, he won’t feed me, nor will he feed me a haystack. Take him, if you believe in the Lord, don’t show me your eyes again. The right hand of a servant is mine, my heart burns with guilt. Why are the Khevsurs crying, why are they throwing themselves with a javelin?! I will kill the enemy, I won’t cut off the right hand with those javelin! “It is not the custom to kill an enemy unless you hold his hand with a knife.” Woe to such justice, baptized with sin and guilt!"
01_aluda_ketelauri_ge.csv,"V. ჟამი მოვიდა საუფლო. ხალხი ხატობას დიოდა: უნდა აცნობონ ბატონსა, ვისაც კი რამა სტკიოდა. მოქუჩდა ქალი და კაცი სახვეწრით ცხვრით და ხარითა; მიართმევდიან ბატონსა სახვეწარს ბეღლის კარითა.","V. The hour of the Lord has come. The people are going to the temple: they must inform the Lord, who is in pain. A woman and a man are gathered with a beggar, with sheep and oxen; they bring the beggar to the Lord through the barn door."
01_aluda_ketelauri_ge.csv,"ეს ვინღა მოდგა, ნისლივით, თითბრით ნაზიკის ხმალითა? ხევის ბერს აძლევს მოზვერსა, დადგა დახრილის თავითა.","Who is this that has come, like a mist, with a thin sword in his hand? He gives the ravine monk a bow, he stands with his head bowed."
01_aluda_ketelauri_ge.csv,"– ვის ამწყალობნებ, ალუდავ, ამა კურატით შავითა? – ჰკითხავს ალუდას ხუცესი გადაწეულის მკლავითა. დიდია ჩვენი ბატონი, გუდანის ჯვარი თავითა, საყმონიც ძლიერნი ჰყვანან, ღვთითა და ღვთისა ძალითა. კარგი ყმა უყვარს ბატონსა, წყალობა ემეტებისა; ვაჟკაცნი იმედიანნი ჩვენს ბატონს ებედებისა. მითხარ სახელი, ვის სწირავ, იმასამც შაეწირება. – ხანჯარს აიძრობს, დიდების სათქმელად დაეღირება.","– Whom do you show mercy to, Aludav, with this black robe? – Aludav asks the priest with his outstretched arm. Our master is great, the cross of the threshing floor is his head, and the three servants are strong, by God and God's power. A good servant is loved by the master, mercy is bestowed upon him; brave men hope in our master's mercy. Tell me the name of whom you are sacrificing, and that person will be sacrificed to. – He raises his dagger, and he stands up to speak his praises."
01_aluda_ketelauri_ge.csv,"– ეგ სამხვეწროა, ბერდიავ, ძოღან მოკლულის ქისტისა. მუცალს ეტყოდენ სახელად, მაუნათლავის შვილისა. კარგადაც დამიწყალობნე, გამიმეტებავ მისთვინა, როგორც უნდომლად მოკლულის თავის ლამაზის ძმისთვინა.","– That is a beggar, Berdyaev, the son of the murdered Dzogan. They called him Mutsal, the son of the godfather. Have mercy on me, I will forgive him, as I have forgiven the beautiful brother of the murdered."
01_aluda_ketelauri_ge.csv,"– გაურჯულებულს არჯულებ, შენ ეგ არ შაგიხდებისა, ქისტისად საკლავის დაკვლა კარგად არ მოგიხდებისა. მამით არ მოდის ანდერძი, პაპითა-დ პაპის-პაპითა, გონთ მოდი, ქრისტიანი ხარ, ურჯულოვდები მაგითა; ეშმაკს ნუ მისდევ… ეგ სიტყვა როგორ ამოგცდა ბაგითა?! რამდენ სხვა მაჰკალ, შენს ქავზე ხელებ ჯღრდესავით ჰკიდია, ზოგი ლეკისა, სხვა ქისტის, მარჯვენეების ხიდია; ციკანიც არვის დაუკალ, განღამც კურატი დიდია. როგორ ვახვეწო უფალსა ძაღლი, ძაღლების ჯიშისა, მანამ სჯობს ცანი დამექცნენ, ზურგი გამისკდეს მიწისა, ან თუ ზღვამ დამნთქას უძირომ, სადილი ვსჭამო ქვიშისა! ფერი ედება ბერდიას, ფერი სხვა-რიგის შიშისა.","– You are a fool, you don’t do that, it doesn’t suit you to slaughter a slaughtered animal like a cistern. A will doesn’t come from your father, from your grandfather, come to your senses, you are a Christian, you are a cistern; don’t follow the devil… How did that word escape your lips?! How many other cisterns, your hands hang like a thorn on your head, some are for the lek, others for the cistern, the right-wingers; you have not killed a gypsy, the night is a big cistern. How can I beg the Lord for a dog, a breed of dog, before the sky falls on me, my back breaks off the earth, or if the sea falls on me without sleep, I eat my dinner on the sand! The color is like a bird, the color of a different kind of fear."
01_aluda_ketelauri_ge.csv,"– ზღვენსა ნუ გამიმსუბუქებ, მადლი თუ გწყალობს ღვთისაო, ყმა ვარ მეც გუდანის ჯვრისა, ხევსური თქვენის წყლისაო, მითამ ერთნი ვართ, ბერდიავ, მცხოვრებნი ერთის მთისაო.","– Do not ease my burden, if God has mercy on you, I am also a slave of the cross of the threshing floor, a slave of your water, for we are one, Berdyaev, inhabitants of one mountain."
01_aluda_ketelauri_ge.csv,"– ტყუილად სცდები, ალუდავ, ტყუილად იცვეთ პირსაო.","– You are mistaken, Aludav, you are hiding your face in vain."
01_aluda_ketelauri_ge.csv,"გაჯავრდა ქეთელაური, ფერი დაიდვა მგლისაო; ხელი გაიკრა ფრანგულსა, შუქი ამოხდა მზისაო. უქნივა მოზვერს ქედზედა, თავი მიგორავს ძირსაო. თან შაეხვეწა ბატონსა, ნუ შამიცოდებ შვილსაო, ალლადა ჰქონდეს მუცალსა, მაგ მოუნათლავ გმირსაო.","Ketelauri was furious, his color turned to wolf; he shook his hand at the Frenchman, the light of the sun shone. He nodded at the horse's back, his head rolled down. He begged his master, ""Don't let me know, my son, that I may have a son, that unbaptized hero."""
01_aluda_ketelauri_ge.csv,"ბერდია ჯაგარაშლილი ხალხისკე იზამს პირსაო. – გაგონილაა, – იძახდა, – ასრე აგდება რჯულისა: საკლავს თვითონ ჰკლავს ალუდა, მამხსენე ქისტის სულისა, ხალხო, მინდარის გავიგო პასუხი თქვენის გულისა. დაჯარდით, ხევსურთ შვილებო, ყველანი – დიდნი, მცირენი, სამართალი ვქნათ, ვუმტვრიოთ ალუდას სახლის დირენი; ნუ დაინანებთ, ექმნენით ცოლ-შვილის ამატირენი. მოკვეთილ იყოს, სხვა ქვეყნის ცა-ღრუბლის შანამზირები. წადით, უმტვრიეთ შავ-ბნელსა სახლისა, ციხის კარები. ცეცხლი მიეცით საძნოვარს, – ცასა სწვდებოდეს ალები, სათემოდ გამოირეკეთ ცხვარი, ძროხა და ხარები. შატილს ცოლ-შვილი უტირეთ, გუდანს – შინშნი და ქალები; ჰრისხამდეს ჩვენი ბატონი, არ არის შასაბრალები.","Berdia is a man of the people, a man of the people. – Hear, – he cried, – the law is being thrown away: Aluda himself kills, remember the soul of Kist, people, I will hear the answer of your hearts. Sit down, sons of Khevsur, all of you – great, small, let us do justice, let us break the door of Aluda's house; do not regret, let us become lovers of wives and children. May they be cut off, you who watch the sky and clouds of another country. Go, break the doors of the black and dark house, the prison. Give fire to the treasure, – let the flames reach the sky, let the sheep, cows and oxen be scattered. Weep for Shatil's wife and children, for Gudan - the women and girls; may our master be angry, there are no excuses."
01_aluda_ketelauri_ge.csv,"ამის გამგონე მინდიას მაუწყლიანდის თვალები, ვეღარასა ჰშველს ალუდას, გულზე გადიწყვის მკლავები, შასმულებმ ხევსურთ შვილებმა მაიმარჯვიან ფარები, უნდა სცან ქეთელაურსა, კაპასად ჟღერენ რვალები. ჯარად დამსხდართა ხევსურთა თავზედ წაადგა ბალღები, ერთს ხელში დაუჭერია მარჯვენის ნახრავ ძვალები.","Hearing this, Mindia's eyes watered, Aluda could no longer help, her arms were raised over her heart, the sons of the Khevsurs, who were fighting, raised their shields, they wanted to see Ketelauri, the drums sounded like a drum. The Khevsurs, who had formed an army, were thrown over their heads, one of them held the broken bones of the right-hand man in his hand."
01_aluda_ketelauri_ge.csv,"– ვაჟნო, ვინდომებ თქვენთვისა წყალობას ბატონისასა, საკარგყმო დამალეინეთ, მოგიტანთ ხელსა მტრისასა. ყორანს მიჰქონდა ბრჯღალითა, ყურეს უმარჯვდა კლდისასა. იმ დროსა ვსტყორცნე ისარი ლაღად მიმავალს ცისასა; მართალ გამოდგა ნასრევი, ყორანს უვლიდა ფრთისასა; კლანჭით გაუშვა ნადავლი, გადმეესრია მიწასა.","– My son, I hope for your master's mercy, hide your good deeds, I will bring you the hand of the enemy. The raven was carrying a spear, the bay was right on the rock. At that time I shot an arrow flying in the sky; the arrow turned out to be right, the raven was following it on its wing; it released the prey with its claws, and threw it to the ground."
01_aluda_ketelauri_ge.csv,"– მუცალის მარჯვენა არი, მიზეზი ხევსურთ რჩევისა, – წყრომით იტყოდა მინდია, – მიზეზი იმათ წყევისა; მე მივუტანე ალუდას, ფერი დავადევ წყენისა; რო არ მიიღო ალუდამ, სიღრმე ვაჩვენე ხევისა.","– The right side of the chest is the reason for the advice from the Khevsurs, – Mindia would say angrily, – the reason for their discontent; I brought it to Aluda, I painted the color of resentment; When Aluda didn't accept it, I showed the depth of the Khevy."
01_aluda_ketelauri_ge.csv,"– წაიღეთ, – ამბობს ბერდია, – ტოტი ურჯულო ძაღლისა, არა ვართ ხევსურთ შვილები ყმანი ეშმაკის, ალისა. ძაღლს მიუგდიან საჭმელად ხელი მუცალის მკლავისა. პირი არ ახლო ქოფაკმა, მორთო ღმუილი ბრალისა.","– Take it, – says Berdia, – a branch of a lawless dog, we are not Khevsur children of the devil, the devil. They throw the hand of the mutsali's arm to the dog to eat. The dog did not close its mouth, it let out a howl of guilt."
01_aluda_ketelauri_ge.csv,"ხევისბერ იტყვის ბერდია: – ხევსურნო, ნახეთ თვალითა: ძაღლი ძაღლის ძვალს არ სტეხსო, თქმულია იმავ თავითა. ქისტის მარჯვენას ბალღები დაბლა ათრევენ კავითა.","Khevisber will say to Berdia: – Khevsurno, see with your own eyes: a dog does not break a dog's bone, it is said with that head. The right-hand side of the cyst is dragged down with a knife."
01_aluda_ketelauri_ge.csv,"VI. თოვლი სთოვს, ქარი ბობოქრობს, ყელებ შაკრულა მთებისა; ჩამოდის ხევად ზოვები, ჩამონასხლეტნი კლდებისა. გაუბამ ყინულს ლურჯადა უბე-კალთები წყლებისა, მიუნაქრია ერთიან ვიწრო სავალი გზებისა.","VI. The snow is falling, the wind is howling, the throats of the mountains are shaking; The streams descend into the ravines, the rocks are falling. The blue-green slopes of the waters are covered with ice, the narrow paths are blurred."
01_aluda_ketelauri_ge.csv,"ვის მასწყენია სიცოცხლე, გზას ის ვინ გაუდგებისა? წინ მიდის მგზავრი, მიჰკვალავს, ხუთიც უკვენა ჰყვებისა. სიმშილით შაწუხებული მთას ღმუის ჯოგი მგლებისა.","Who is sad about life, who will stand in the way? A traveler goes ahead, follows, five of them also tell stories. A pack of wolves, tormented by hunger, howls on the mountain."
01_aluda_ketelauri_ge.csv,"„კარგს ნურას ჰნახავთ, ხევსურნო,“ ერთი დიაცი სწყრებისა. „ავაჰმე, ჩვენო სახ-კარო, ქვა-ქვაზე აღარ დგებაო, ციხეზე, ჭერხოს ბოძებზე ეხლა ყოვები სხდებაო“.","""You will not see anything good, Khevsurno,"" one of the diatsi of Stskhrebi said. ""Avahme, our house-gate, no stone is built on stone anymore, on the fortress, on the roof poles, now the crows are sitting."""
01_aluda_ketelauri_ge.csv,"დედა ეტყოდა ალუდას: – შვილო, იარე ნელაო, შენთან ვერ გავძლებთ ვერც მენა, ვერც შენი ცოლი ლელაო, ბალღები აგვიბოჟირდა, ხელ-ფეხ დაგვიზრა ძნელაო. ვაჰმე, რა უგზოდ დავდივართ, ვაჰმე, როგორა ბნელაო! ნეტავ არ დასჭირდებაა ხევსურთა შენი შველაო?! ვის რა წყალ-ჭალა გვისტუმრებს, სად რა-რა დავილევითა? უბინო, უსახ-კარონი სხვაკანაც დავიწყევითა. ვეღარ მიუვალთ ჩვენს სახ-კარს, გაღმა შატილის ხევითა. თავის მიწა-წყლის გაწირვა ძნელი ყოფილა მეტადა; მამაკვდავს დავფერებივარ, გონი გამხდია რეტადა. მუხლებ არ მამდევს, გულშია ბნელი ჩამიდგა სვეტადა. ვაჰ, მამა-პაპის საფლავნო, კლდენო, დამდგარნო მწვეტადა!","Mother would say to Aluda: - My son, walk slowly, neither Mena nor your wife Lela can keep up with you, our children are tired, our hands and feet are weak. Wow, how pathless we are walking, wow, how dark it is! I hope the Khevsurs don't need your help?! Whose water and brook will visit us, where will we drink? We have forgotten our home, the faceless caron and other people. We can't reach our home, like the Shatili ravine on the other side. It was very difficult to sacrifice our land and water; I am saddened by the death of my father, my mind has become dull. My knees do not bend, a dark pillar has settled in my heart. Wow, the graves of my father and grandfather, the stones, the standing pillars!"
01_aluda_ketelauri_ge.csv,"ჯავრობით ეტყვის ალუდა: – დიაცნო, ნუ ხართ ყბედადა, მოდით, მამყევით, ვიდინოთ, ღმერთმ ეს გვარგუნა ბედადა, ჯვარს არ აწყინოთ, თემს ნუ სწყევთ, ნუ გადიქცევით ცეტადა!","Aluda will say with a loud voice: - Diatsno, don't be a fool, come, follow me, let's go, God has made this our tribe, don't offend the cross, don't curse the community, don't run away from the city!"
01_aluda_ketelauri_ge.csv,"ერთხელ მაუნდა ალუდას, ერთხელ მობრუნვა თავისა: „მშვიდობით, საჯიხვეებო, გამახარელნო თვალისა! მშვიდობით, ჩემო სახ-კარო, გულში ამშლელო ბრალისა! მშვიდობით, ჩვენო ბატონო, ყმათად მიმცემო ძალისა!“","Once he bowed to Aluda, once he turned his head: ""Farewell, you who delight my eyes! Farewell, my friend, who removes the guilt from my heart! Farewell, our master, who gives me strength as a slave!"""
01_aluda_ketelauri_ge.csv,"გაწირეს მგზავრთა სამუდმოდ წყალი და მიწა თავისა. შტერად დამდგარან მთის წვერნი, ისმის ხვივილი ქარისა. გადვიდნენ, ქედი გადავლეს, თხრილი აღარ ჩანს კვალისა. ერთი მაისმა შორითა მწარე ქვითინი ქალისა.","They sacrificed the travelers' water and land forever. The mountain peaks stood as a barrier, the howling of the wind was heard. They left, they crossed the ridge, the ditch was no longer visible. One May heard the bitter cry of a woman in the distance."
02_host_and_guest_ge.csv,"I. ღამის წყვდიადში ჩაფლული, გამტკნარებულის სახითა, მოსჩანს ქისტეთის მიდამო სალის კლდეების ტახტითა. ბნელს ხევზე მოჰყეფს მდინარე, გულამღვრეული ჯავრითა. გადმოხრილიყვნენ მთანიცა, ხელ-პირს იბანდენ წყალზედა; ბევრი მომკვდარა მათს მკერდზე, სისხლს ვერ იხდენენ ტანზედა; ძმის მკვლელის სისხლი სწყურია, კაცი რომ მოდის გზაზედა. გზას ვამბობ, თორემ რა გზაა, ვიწრო ბილიკი კლდეზედა? სავალად მეტად ძნელია, ფეხს ძლივ აცილებს ფეხზედა. გაღმა სჩანს ქისტის სოფელი არწივის ბუდესავითა, – საამო არის საცქერლად დიაცის უბესავითა. სოფლის თავს სძინავს შავ ნისლსა დაფიქრებულის სახითა. ყურს უგდებს არე-მარესა, გულ-ლაღობს სანახავითა.","I. Hidden in the darkness of the night, in the form of a shriveled one, the Kisteti region is visible from the throne of the Sali rocks. A river flows through the dark ravine, with a raging torrent. The mountains have bent down, washing their hands and faces in the water; Many dead people are on their chests, they cannot wash the blood from their bodies; The blood of the murderer of his brother is thirsty, when a man comes on the road. I say the road, otherwise what is the road, a narrow path on the rocks? It is very difficult to walk, one can hardly move one's foot from the other. On the other side, the village of Kist is visible like an eagle's nest, - it is beautiful with the unspoken voice of the diatsi. The head of the village sleeps in a black mist, like a thoughtful person. He listens to the surroundings, his heart is filled with wonder."
02_host_and_guest_ge.csv,"სტუმარი ცოტა ხანისა ხვალ სხვაგან წავა აქითა. წავა, გადივლის გორებსა, ქედებსა ყინულიანსა; აბნელებს, უხილავად ჰქმნის ქვეყანას ხილულიანსა. თუ მონადირეს ატირებს, გზა-დაკარგულსა კლდეშია, ალაღებს მგელსა და ქურდსა, მოარულთ სიბნელეშია.","The guest will leave here for a while tomorrow. He will go, passing through the hills, the icy ridges; He darkens, making the visible world invisible. If he makes the hunter cry, he is lost in the rock, he is the wolf and the thief, he is in the darkness of those who walk."
02_host_and_guest_ge.csv,"II. ზევიდამ ვინღაც უცნობმა კლდის ლოდი გადმოაგორა, მგზავრმა შეჰხედა პირ-აღმე, წინ უდგას მაღალი გორა. ყურს უგდებს… ცოტა ხანს შემდეგ მოესმა ქვიშის ჩხრიალი. მგზავრი სიათას იმარჯვებს: მტერი არ იყოს ტიალი. შესცქერის გაფაციცებით ფეხზე შემდგარის თოფითა, ჰხედავს, რომ მოალაჯუნებს კაცი ორ-კაპის ჯოხითა. შავი რამ მოსთრავს პირ-თავქვე, ქვიშა ქანავდა იმითა. არას ამბობდა უცნობი, სიტყვა არ მოსდის პირითა. უპრჭყვინავს სალტა თოფისა, ვით წვიმის ცვარი დილითა.","II. Zevida Some stranger rolled a boulder from the rock, the traveler looked up and down, a high hill stood ahead. He listened… After a while, he heard the rustling of sand. The traveler was overcome with fear: the enemy must not be a tyrant. He looked at the man standing with his rifle, and saw that a man was beating him with a two-legged stick. Something black was smeared on his face and head, sand was being thrown with it. The stranger said nothing, no words came out of his mouth. The muzzle of the rifle sparkled, like the dew of rain in the morning."
02_host_and_guest_ge.csv,"– ვინ ხარ, რა სულიერი ხარ, რას იარები ამ დროსა?","– Who are you, what kind of spirit are you, what are you doing these days?"
02_host_and_guest_ge.csv,"– ვინ გინდა? მონადირე ვარ, კაცს შენ ვერ გხედავ სანდოსა.","– Who do you want? I'm a hunter, you don't see a man you can trust."
02_host_and_guest_ge.csv,"– რაობით სანდო არა ვარ? სიტყვას რად ამბობ მცდარესა? ვითომ, რომ დავხეტიალობ შენებრ ამ კლდიან მხარესა? მეც მონადირე გახლავარ, დღეს კი ვეხეტე უბრალოდ.","– How can I not be trusted? Why do you say that I am a liar? As if I would wander like you on this rocky side? I was also a hunter, but today I simply wandered."
02_host_and_guest_ge.csv,"– წესია მონადირისა, ხომ მაინც დაჰრჩი უვალოდ?","– It's the hunter's rule, you still have to pay, right?"
02_host_and_guest_ge.csv,"– ესეც ვალია, ძმობილო, ძლივსღა დავათრევ ფეხებსა, სულ დავიარე ჭიუხი, არა ვსტოვებდი ხევებსა. ზედ შავი ნისლი ჩამოწვა, ნიავი მოსცა ძლიერი, ხევებით შემომღმუოდა, როგორაც მგელი მშიერი. თვალწინ გზას ვეღარ ვირჩევდი, კლდეზე გადვარდნას ვლამობდი, ხამად ვარ, გეზი არ ვიცი, ამით ძლიერა ვწვალობდი.","– This is also my duty, my dear, I could barely drag my feet, I walked all over the valley, not leaving the ravines. A black fog settled over me, a strong breeze blew, it chased me through the ravines, like a hungry wolf. I could no longer choose the path in front of me, I was afraid of falling off a cliff, I am helpless, I don't know the way, I was struggling so hard."
02_host_and_guest_ge.csv,"ბევრგან დავაფრთხე ნადირი, ცხადად ფეხის ხმა მესმოდა, ან როცა გადაფრენილის ჯიხვის რქა კლდეებს ესმოდა. ის იყო გულის საკლავი, თვალით ვერაფერს ვხედავდი, სროლას, ან მოკვლას ვინ იტყვის, წინ სვლას ვეღარა ვბედავდი.","I have hunted game in many places, I could clearly hear the sound of footsteps, or when the horn of a flying stag echoed through the rocks. It was a heart-wrenching sight, I could see nothing with my eyes, who can say whether to shoot or kill, I dared not move forward."
02_host_and_guest_ge.csv,"უცნობი ახლოს მივიდა, შორი-ახლოსა მდგომარე, „გამარჯვებაო“ მისძახა, „ნუ სჩივი, ნუ ხარ მწყრომარე“.","The stranger approached, standing a short distance away, and called out, ""Victory!"" ""Don't complain, don't be a whiner."""
02_host_and_guest_ge.csv,"– შენც გაგიმარჯოს, ძმობილო, ჰხოცო ნადირი მხტომარე.","– May you also be blessed, my dear, by killing the jumping game."
02_host_and_guest_ge.csv,"– აი ნადირი, რას სჩივი? – უჩვენა ჯიხვი რქიანი, მკვდარი, რქებ-გადაგდებული, დადუმებული, ჭკვიანი. – თუ გინდა ეხლავ გავიყოთ, როგორც ამხანაგთ, ორადა, ჩიჩქიც არ მინდა მე მეტი, გავინაწილოთ სწორადა. ამაღამ ჩემთან წამოდი, სახლი არ მიდგა შორადა. სადაური ხარ, ძმობილო? სახელიც მითხარ შენია. ნუ სწუხარ, საზრდო შენთვისაც დღეს უფალს გაუჩენია. წილი გდებია შენაცა ამ ჩემგან მოკლულს ჯიხვშია. რად გიკვირს, არ გეხუმრები, არც გეფერები პირშია. მაშ, თუ ეს ასე არ არის, რად შამეფეთე ამ დროსა?! შაჰრცხვეს, ჩემ თავად, ვინც შენა ნაწილი დაგიკარგოსა. რა გქვიან? სახელი მითხარ, ხევსური სჩანხარ იერით.","– Here is the game, what are you complaining about? – The deer showed him a horned, dead, hornless, silent, intelligent one. – If you want to divide it now, like comrades, I don’t want any more, I don’t want any more, let’s divide it fairly. Come to me tonight, my house is not far away. Where are you, my dear? Tell me your name. Don’t worry, the Lord has prepared food for you today too. You too have a share in this deer that I killed. Why are you surprised, I’m not joking, I’m not even flattering you. So if that’s not the case, why are you so proud of me at this time?! Shame on you, my lord, for losing a part of you. What is your name? Tell me your name, you look like a Khevsuri."
02_host_and_guest_ge.csv,"– ნუნუა მქვიან, ძმისაო, გადმოხვეწილი ჭიელით, – იცრუა ზვიადაურმა, თვისი სახელი დამალა. რა ქნას? მის სახელს იცნობენ, ქისტებს ბევრს სისხლი ავალა; ბევრს ქისტს მოაჭრა მარჯვენა, უდროდ საფლავში ჩალალა.","“My name is Nunua, brother, with a twisted worm,” Zviadauri lied, hiding his name. What can he do? His name is known, he has shed blood on many a cyst; he has cut many a cyst with his right hand, he has gone to an untimely grave."
02_host_and_guest_ge.csv,"– შენი სახელიც მასწავლე, ჩემი ხომ გითხარ მართლადა.","- Teach me your name too, you told me mine, right?"
02_host_and_guest_ge.csv,"– ჯოყოლა მქვიან, ძობილო, ალხასტაისძე გვარადა; არ მოგვიხდება, ერთურთში სიტყვა ვიუბნოთ მცდარადა. სახლი აქ ჯარეგას მიდგა, ქავი და ციხე კარადა. ამაღამ ჩემთან წამოდი, მე გაგიძღვები თავადა. თუ კარგად არ დაგიხვდები, არც დაგიხვდები ავადა. ხვალ თითონ იცი, ძმობილო, საითაც გინდა, იარე. ზოგს მე გიამბობ ჩემს დარდსა, ზოგიც შენ გამიზიარე.","– My name is Jokola, my dear, my family name is Alkhastaisdze; we will not speak a word to each other, for we are not mistaken. The house here is close to Jarega, the stone and the castle are a closet. Come with me tonight, I will guide you, my lord. If I do not welcome you well, I will not welcome you sick either. Tomorrow you know for yourself, my dear, go wherever you want. I will tell you some of my sorrows, and you will share them with me."
02_host_and_guest_ge.csv,"– საცა არ მიხნავ, ძმობილო, იქ ვმკო – ეს სადაურია? ყელი მოგიჭრავ ჯიხვისთვის, ფეხებიც ჩატყაულია. გესტუმრო, უარს არ გეტყვი, გიშველი ჯიხვის ზიდვასა, წილს კი არ მოგთხოვ, იცოდე, თავს არა ვკადრებ იმასა.","– Why don't you plow, my dear, I'll plow there – what's the point? I'll cut your throat for the yoke, my legs are also tied. I won't refuse you a visit, I'll help you pull the yoke, but I won't ask for a share, you know, I'm not capable of that."
02_host_and_guest_ge.csv,"შამოატყავეს ნადირი, წავიდნენ ჯარეგაშია, ბევრი იუბნეს ამბავი, ერთურთს გაეცნენ გზაშია.","They hunted game, went to Jarega, told many stories, and got to know each other on the way."
02_host_and_guest_ge.csv,"III. მივიდნენ, კოშკები დაჩნდა, აქა-იქ ჰყეფენ ძაღლები; კარებში იცქირებიან ცნობისმოყვარე ბალღები. დაეტყო ცხადად კლდის მსგავსად სიპით ნაგები სახლები.","III. They arrived, towers appeared, dogs barked here and there; curious children peered through the doors. Houses built of mud, like rocks, were clearly visible."
02_host_and_guest_ge.csv,"– აი, ეს ჩემი ოჯახი, ჩემი ციხე და სახლია; მობრძანდი, როგორც ძმა ძმასთან, ნათლიმამასთან – ნათლია.","– This is my family, my castle and home; come to me as brother to brother, godmother to godmother – godfather."
02_host_and_guest_ge.csv,"ცოლს დაუძახა ჯოყოლამ: – გამოიხედე კარშია! – ეტყობა თავმოწონება მასპინძელს საუბარშია. სდგანან დერეფანს, უცდიან… ცეცხლი ჰკრთებოდა ღველფზედა, ჩონგურს უკრავდა, დროული კაცი რამ უჯდა გვერდზედა. დაჰმღერდა გმირობისასა, მამა-პაპათა ცდისასა: როგორ არბევდნენ ფშავ-ხევსურთ, სისხლს არ არჩენდენ ძმისასა; ყველგან მადლობას სწირავენ მარჯვენას კაის ყმისასა.","Jokola called to his wife: – Look at the door! – It seems that the host is talking smack. They stand in the corridor, waiting… The fire was crackling on the stove, the chonguri was playing, a wise man sat next to him. He sang about heroism, about the trials of his fathers: How they fought with the Pshav-Khevsurs, they did not shed the blood of their brothers; everywhere they give thanks to the right-hand man Kai."
02_host_and_guest_ge.csv,"გამოჩნდა ქალი ლამაზი, შავის ტანსაცმლით მოსილი, როგორაც ალყა ტანადა, ვარსკვლავი ციდამ მოცლილი.","A beautiful woman appeared, dressed in black, like a herd of cattle, her face adorned with stars."
02_host_and_guest_ge.csv,"– აი, სტუმარი მოგგვარე, – ღვთის წყალობაა ჩვენზედა, – როგორც დაგვხვდები, დიაცო, ეხლა ჰკიდია შენზედა.","– Here, we have a guest, – God's mercy is upon us, – as you meet us, deacon, now it's hanging over you."
02_host_and_guest_ge.csv,"ქალმა სალამი მიართო: – სტუმარო, მოხვედ მშვიდობით! – შენდაც მშვიდობა, გაცოცხლოს თავის ქმრითა და წილობით!","The woman greeted him: - Guest, come in peace! - Peace to you too, may you live with your husband and your share!"
02_host_and_guest_ge.csv,"სტუმარს აბჯარი წაუღო, მიიპატიჟეს შინაო; ქალი მისდევდა უკანა, ჯოყოლა მიდის წინაო; თან მისდევს ზვიადაური, ძმობილი გაიჩინაო.","He took the guest's armor, invited him home; the woman followed behind, the donkey went ahead; Zviadauri followed him, and he gave birth to a son."
02_host_and_guest_ge.csv,"IV. კაცი რომ სჩანდა სახლშია, ჭაღარ-შერთული, ხნიერი, წამოდგა ისიც ფეხზედა, როგორც კლდის ვეფხვი, ძლიერი. სტუმრად მოსული უცნობი, სტუმარს პატივს სცემს სხვისასა, ფეხზე ადგომა წესია, წესს ვერ დაარღვევს მთისასა. მაგრამ როს ნახა უცნობი, ფერი დაედო მგლისაო; ადვილად აიცნობოდა, რასაც ჰფიქრობდა ისაო. არ ეჭაშნიკა დროულს ქისტს დანახვა უცხოს ყმისაო. გული სცემს ბრაზმორეული, სახეც არ ჰმალავს ამასა, ხანჯრისკე ხელი მიუდის, ჩუმად სინჯავდა დანასა, მაგრამ სტუმარი სხვის სახლში ვერ გაშლის ხათაბალასა. ადგა და ჩუმად გავიდა, თითზე იკბინა მწარედა, სამჯერ ჩაიკრა გულს ხელი, როცა გავიდა გარედა.","IV. The man who seemed to be at home, a bearded, old man, stood up like a strong rock tiger. A stranger who came as a guest respects the guest, standing up is a rule, one cannot break the rule in the mountains. But when he saw a stranger, he turned wolfish; it was easy to recognize what he was thinking. It was not uncommon for a wise man to see a stranger's servant. His heart was pounding, he did not hide his face from it, he reached for the dagger, silently testing the knife, but a guest in another's house cannot open the hatchet. He stood up and silently left, biting his finger bitterly, he clasped his hand to his heart three times as he went outside."
02_host_and_guest_ge.csv,"წავიდა, კარი-კარ დადის, ენასა ჰლესავს შხამითა: „ქისტებო, ჩვენი მოსისხლე შემოგვეპარა ღამითა. სჩანს, რო ჯოყოლა ვერ იცნობს, არ უნახია თვალითა ეგ ჩვენი ამომგდებელი, ჩვენი მრბეველი ძალითა; გაუმაძღარი მუდამ ჟამს ჩვენის სისხლით და ძვალითა დღეს ჩვენს ხელთ არის, ვეცადოთ, ვაგემოთ გემო მწარია, მაგათ მოკლული ამ ზაფხულს გვყავს უპატრონო მკვდარია. სთქვით, თუ არ ვამბობ სიმართლეს, თუ ჩემი სიტყვა მცდარია?! გაიგოს ჩვენმა დუშმანმაც, არ გვაქვს უჯიშო გვარია. მიკვირს ჯოყოლას ჭკვისაგან, მტერს რად გაუღო კარია, ვისა ჰმასპინძლობს ჭკვათხელი, ცნობაზე რად არ არია?! ცხვირიდამ უნდა ვადინოთ ზვიადაურსა ძმარია, თუ არა, დიაცთ დაუთმოთ ჩვენი ხმალი და ფარია“.","He went, going door to door, his tongue licking with venom: ""Kistes, our bloodthirsty one has crept up on us at night. It seems that Jokola does not know us, he has not seen our slayer with his eyes, our oppressor with his strength; he is always hungry for our blood and bones, today he is in our hands, let us try, let us taste the bitter taste, we have the dead bodies of those killed this summer without an owner. Tell me, if I am not telling the truth, if my word is false?! Our enemy will also understand, we do not have a noble family. I am surprised at Jokola's intelligence, why did he open the door to the enemy, who does the clever one host, why is he not on the list?! We must pour vinegar down Zviadauri's nose, or else we will surrender our sword and shield to him."""
02_host_and_guest_ge.csv,"აღელვდენ ქისტის შვილები, ყველამ შაიბა ხმალია, აღელვდა მთელი სოფელი: ბალღი, კაცი და ქალია. უნდა შასწირონ თავის მკვდარს ზვიადაურის თავია; უნდა მტრის საფლავზე დაკლან, როგორაც წესი არია.","The children of Kist were excited, everyone had a sword, the whole village was excited: children, men, and women. They wanted to sacrifice the head of Zviadauri to their dead; they wanted to slaughter him on the grave of their enemy, as is customary."
02_host_and_guest_ge.csv,"გაგზავნეს ერთი მზვერავი, თან აბარებენ ჩუმადა, მივიდეს ჯოყოლასთანა მეზობლურადა, ძმურადა; სოფლის განზრახვა არა გზით მას არ ჩაუგდოს ყურადა. ივახშმოს, იმუსაიფოს, გაიგოს სტუმრის ლოგინი; ღამე დაესხნენ, შაკონონ, არ უნდესთ ბევრი ლოდინი. მივიდა მოყურიადე ლაქარდიანის ენითა, სახელს ულოცავს ჯოყოლას, ლაღობს, არ არის წყენითა. ხალბათობს, ამბობს ამბებსა, ენას აკვესებს კვესითა. ვინ იცის, გული სავსე აქვს გველის შხამით და გესლითა.","They sent a scout, they sent him with them quietly, to go to Jokola's house, to be a neighbor, to be a brother; the village's intentions should not be revealed to him by any means. To dine, to be entertained, to find out the guest's bed; they attacked him at night, they shook, they did not expect to wait long. He came to listen in the language of Lacardian, he congratulates Jokola by name, he laughs, he is not angry. He chats, he tells stories, his tongue is watered with snot. Who knows, his heart is full of snake venom and snot."
02_host_and_guest_ge.csv,"ივახშმეს. თვისი სტუმარი მასპინძელს მოსწონს გულითა. „კარგი ვაჟკაცი ეტყობა“, – ფიცულობს თავის რჯულითა: „ეს ერთი ცნობა, ხვალ ძმობა, ერთად შევთვისდეთ სულითა“… მიიპატიჟა საძილედ, დაუთმო თვისი ლაჭანი. – არაო, – სტუმარი ეტყვის, – არ მინდა ლეიბ-საბანი. მე დერეფანში დავსწვები, შინ ძილს არც კი ვარ ჩვეული…","They had dinner. The host liked his guest with all his heart. “He seems like a good man,” he said, swearing by his law: “This is just a message, tomorrow we will be brothers, let's get together in spirit”… He invited him to sleep, gave him his bed. “No,” the guest said, “I don't want a mattress and blanket. I'll sleep in the hallway, I'm not even used to sleeping at home…”"
02_host_and_guest_ge.csv,"ასრულდა მისი წადილი, გულიდამ ამოწეული, მოყურიადეს ეს უნდა, ამად არს აქ მოწვეული. წავიდა გახარებული, შეატყობინა ყველასა. მამლის საჯდომი თუ იცის, მეტი რა უნდა მელასა?!","His wish was fulfilled, his heart was lifted up, he wanted to hear this, that's why he was invited here. He went away happy, he told everyone. If he knows the cock's seat, what more does the fox want?!"
02_host_and_guest_ge.csv,"V. – რა ამბავია, დიაცო? ხმალი მინდა და ხანჯარი! სახუმრო საქმე არაა, თავზე დაგვესხა მტრის ჯარი! ნამდვილ აკლებას გვიპირობს, გვღალატობს ჩვენი სტუმარი; ძმობით და მეგობრობითა შემოგვაპარა ლაშქარი! სუ, დაიცადე!.. მოვსტყუვდი… ჩვენი ქისტები არიან. რისთვის მოვიდნენ ამ დროსა, რას ბჭობენ, ვის რა სწადიან?! ყური დაუგდე კარგადა, კაცისა მესმის ხრიალი. რა მქისე ხმაურობაა, რა საზარელი გრიალი! ჩემს სტუმარსა ჰკვლენ, სწორედა, უდგასთ ხანჯრების პრიალი. უყურე უნამუსოთა, ჩემს ოჯახს როგორ ჰქელავენ! ჩაიგდეს ჩემი კაცობა, ფეხს ქვეშ ტყლაპივით სთელავენ, გავიგო, აბა, წავიდე, რაზე, რისთვისა ჰღელავენ?!","V. – What is the matter, priest? I want a sword and a dagger! This is no joke, an enemy army has attacked us! Our guest is planning a real defeat, betraying us; An army has infiltrated us with brotherhood and friendship! Oh, wait!.. I was fooled… They are our Kists. Why have they come at this hour, what are they talking about, who are they trying to get?! Listen carefully, I can hear the man’s screams. What a loud noise, what a terrible scream! They are killing my guest, that’s right, the gleam of daggers is standing there. Look at the fools, how they are insulting my family! They have taken my manhood, they are trampling it underfoot like a rag, I understand, well, I should go, what are they talking about, why are they talking about?!"
02_host_and_guest_ge.csv,"ეს სთქვა ჯოყოლამ, წამოდგა, ხელ-ხანჯრიანი წავიდა. გააღო სახლის კარები, შეუპოვარად გავიდა. – რას სჩადით? – შემოუძახა: – ვის სტუმარს ჰბოჭავთ თოკითა? რად სტეხთ საუფლო ჩვენს წესსა, თავს ლაფს რად მასხამთ კოკითა? ჩემს სჯულსა ვფიცავ, სისხლს დავღვრი, განანებთ ბრიყულს ქცევასა, განანებთ, თუმცა ძმანი ხართ, ჩემის კაცობის ქელვასა!..","Jokola said this, stood up, and left with a dagger in his hand. He opened the doors of the house and left without a word. “What are you doing?” he shouted. “Whose guest are you tying up with a rope? Why are you breaking our rules, my lord? Why are you smearing your head with a cloth? I swear by my law, I will shed blood, you are ashamed of your shameless behavior, you are ashamed, although you are brothers, of my manhood!”"
02_host_and_guest_ge.csv,"– რას ამბობ, შტერო, რას ამბობ? რად არ მოდიხარ ცნებასა? მოსისხლე სტუმრის გულისთვის ძუძუს ვინ მოსჭრის დედასა?! – შემოუძახეს ქისტებმა ერთხმად, ძლიერად, ჭექითა: – შენ და შენს სტუმარს, ორივეს ერთად გადგისვრით ბექითა. თემს რაც სწადიან, მას იზამს თავის თემობის წესითა. მთელის ქისტეთის ამომგდე სტუმრად რადა გყავ სახლშია? ზვიადაურის სახელი ბავშვმაც კი იცის მთაშია. ეს იყო მუდამ, ჭკვათხელო, ჩვენის გაჟლეტის ცდაშია, მგლურად რო გვეტევებოდა, რო გვიჯდებოდა გზაშია.","– What are you saying, Shter, what are you saying? Why don't you come to your senses? Who would cut off a mother's breast for the sake of a sworn guest?! – The Kistians shouted in unison, loudly, and thunderously: – We will put you and your guest together in the same place. Whatever they teach the community, they do according to their own community rules. Why do you have the whole of Kisteti as a guest in your house? Even a child knows the name of Zviadauri in the mountains. He was always, clever man, trying to trick us, when he attacked us like a wolf, when he got in our way."
02_host_and_guest_ge.csv,"ჯოყოლა ცოტას შეფიქრდა, პირს სინანული წაესო, თითქოს ნატყორცი ისარი ზედ გულის კოვზზე დაესო.","Jokola thought for a moment, his face filled with regret, as if a shot arrow had landed on the tip of his heart."
02_host_and_guest_ge.csv,"– თვით ამან მოკლა შენი ძმა არყიანებში თოფითა, ჩვენ ვიცნობთ მაგის სახესა, გადალესულსა ცოფითა. „გახლავართ ზვიადაური!“ – ჩამოგვკიოდა გორითა; სულ კარგად ვიცით, ცხადადა, თვალს ვადევნებდით შორითა. აავსო ფშავ-ხევსურეთი აქით წასხმულის ძროხითა. უკან გაუდგა ლაშქარსა ფეხმარდი, ლეგის ჩოხითა. თავს რად იმურტლავ, ბეჩავო, გაუმაძღარის ღორითა? გული როგორ არ გერევა მაგასთან ჯდომა-ყოფნითა?!","– This man himself killed your brother in the birch groves with a rifle, we know his face, covered with rabies. “We are confused, Zviadauri!” – he shouted at us from the hill; we know everything well, he said, we were watching from afar. He filled Pshav-Khevsureti with the cows of the one who was taken here. He retreated from the army, with a footman, with a legion of pigs. Why are you beating yourself up, you wretch, with a greedy pig? How is it that your heart doesn’t ache from sitting with him?!"
02_host_and_guest_ge.csv,"– ეგ მართალია, იქნება… რა უნდა მითხრათ მაგითა, მითც ვერ მიაბამთ ჩემს გულსა თქვენს გულისთქმასთან ძაფითა. დღეს სტუმარია ეგ ჩემი, თუნდ ზღვა ემართოს სისხლისა, მითაც მე ვერ ვუღალატებ, ვფიცავ ღმერთს, ქმნილი იმისა. მე გთხოვ გაუშვა, მუსაო, ნუ სტანჯავ უდიერადა, როცა გასცდება ჩემს ოჯახს, იქ მოეპყარით ავადა. ვის გაუყიდავ სტუმარი? ქისტეთს სად თქმულა ამბადა? რა დავაშავე ისეთი, რომ მომიხედით კარადა? თვის რჯული დაგვიწყებიათ, მიტომ იქცევით მცდარადა; ჩემს ოჯახს პასუხს რით აძლევთ? სახლში ხართ, განა შარადა! ვაი თქვენ, ქისტის შვილებო, მომდგარნო ჩემს კარს ჯარადა! უიარაღოს აწვალებთ, გული რასა ჰგრძნობს თავადა?","– That is true, it will be… What can you tell me, you cannot tie my heart to your desires with a thread. Today he is my guest, even if the sea is filled with blood, I will not betray him, I swear to God, the creator of that. I beg you to let him go, Musa, do not torment him, when he goes beyond my family, treat him badly there. Who did you sell the guest to? Where was this said to Kisteti? What did I do that you looked at my closet? You have forgotten its law, that is why you behave wrongly; how do you answer my family? You are at home, are you a charade! Woe to you, children of Kisteti, who stand at my door like a scoundrel! You are hurting an unarmed man, what does your heart feel?"
02_host_and_guest_ge.csv,"მუსა (ჯოყოლას): შენაც ამასთან შაგკონავთ, თემის პირს რომ სტეხ, თავხედო! ჩვენის ნარჩევის დარღვევა შენ როგორ უნდა გაჰბედო? აჰყეფდი ქოფაკივითა, აბდა-უბდაობ შტერადა; ამ გიაურის გულისთვის ძმებსაც ეპყრობი მტერადა. არ იცი, რომ შენი საქმეც დღეიდან წავა ცერადა?!","Musa (to Jokola): You're also being shamed for insulting the community, you insolent one! How dare you violate our choice? You're acting like a scoundrel, you're talking nonsense; for the sake of this Giauri, you're even treating your brothers like scoundrels. Don't you know that your business will go down the drain from today?!"
02_host_and_guest_ge.csv,"ჯოყოლა (მუსას): რაო? ქოფაკო?! შენ ამბობ? ახლა ძაღლადაც გამხადე?! – იძრო ხანჯარი, მუსასა გულში უმარჯვა ვადამდე. – უყურე თვით ძაღლს, უყურე, გამითამამდა სადამდე! ჩემის კაცობის დამქცევნო, ლანძღვასაც მემართლებითა? ალლახსა ვფიცავ, გაგმუსრავთ, მანამ ამკაფავთ ხმლებითა, გრისხავდესთ ცა-ქვეყნის მადლი, უსამართლობას ჰშვრებითა!","Jokola (to Musa): What? You bastard?! You're saying that? Now you've turned me into a dog too?! - He drew his dagger, piercing Musa's heart before it was time. - Look at the dog itself, look, how dare he dare me! You who have taken away my humanity, are you even justified in cursing me? I swear by Allah, I will crush you, until you cut me with your swords, may the grace of heaven and earth be poured out, you who are throwing injustice!"
02_host_and_guest_ge.csv,"– რა ქმნა უღმერთომ, რა ქმნაო, გაგიჟდა, ჭკვაზე მცდარია… – ჯოყოლას თავზე დაეცა მთლი ქისტების ჯარია, ხელი შეუკრეს… არ მისცეს ნება, ეხმარა ხმალია… ხელ-ფეხშეკრული დერეფანს დააგდეს, როგორც მკვდარია, წყევლა ხალხისა ჭექაა, ნაფურთხი – წვიმის ცვარია. წამოიყვანეს დაჭრილი, ზვიადაურიც სტანია.","– What has the godless done, what has he done, he has gone mad, he is beyond reason… – The entire army of Kists fell on Jokola, they tied his hands… They did not let him, they used the sword to help him… They threw him down the corridor, hand and foot tied, as if he were dead, the curse of the people is thunder, the spit is raindrops. They brought him out wounded, Zviadauri is also there."
02_host_and_guest_ge.csv,"რას ამბობს ზვიადაური? სახე რადა აქვს მტკნარია? ბოღმა მიტომ ჰკლავს ვაჟკაცსა, რომ ხელთ არა აქვს ხმალია: „ჩამიგდეთ ხელში, ძაღლებო, კარგი დაგიდგათ დარია“. ამას ამბობდა დინჯადა, სხვად არას მოუბარია. მიჰყავდათ სასაფლაოზე, სადაც ქისტების მკვდარია, უნდა თავის მკვდარს შესწირონ, რომ იქ უზიდოს წყალია, მსახურად ჰყავდეს, მორჩილად, და გაუბანდოს ჯღანია…","What does Zviadauri say? Why does his face look so fresh? Bogma Mitomo kills a brave man because he doesn't have a sword in his hand: ""Give me your hands, you dogs, it's good that you have Daria."" Dinjada said this, he didn't say anything else. They were taking him to the cemetery where the Kists' dead are, they wanted to sacrifice their dead, so that there would be water there, to have him as a servant, obedient, and to wash his clothes..."
02_host_and_guest_ge.csv,"VI. სოფლისა გაღმა გორია, დამწვარი, ქვიშიანია. ბევრი წევს იქა ვაჟკაცი, გულ-ლომი, ჯიშიანია. ძირს მისდგამს ბექი მდუმარე, ნაღვარი, თიხიანია. ხმალ-ხანჯრის, თოფის მხმარეთი არა სძგერს გული მაგარი; იმათ სჭამს მიწა უენო, სასტიკი, გაუმაძღარი; მასში ეშლება ყველასა ადამიანის იერი… ვერ გვიხსნის სიკვდილის ბჯღალით ძალა, ვერც სიტყვა ცბიერი. ბუნების ცოდვა ესაა, მუდამ საწყინო ჩემია: ავსა და კარგსა ყველას ჰკლავს, არავინ გადურჩენია. ყველა მგზავრთათვის ინთქმევა, როცა იღუპვის გემია!..","VI. Beyond the village is a hill, burnt, sandy. Many brave men lie there, lion-hearted, of good character. The ground is silent, muddy, and clayey. The heart of a brave man is not stirred by the sword, dagger, or gun; the land devours them, cruel, insatiable, and greedy; in it the human form of all is lost... Neither power nor cunning words can save us from the snares of death. This is the sin of nature, it is always my misfortune: it kills all the good and the bad, no one is spared. A cry for all passengers, when the ship is doomed!.."
02_host_and_guest_ge.csv,"მზე ჯერ არ ამოსულიყო, ნამს ჯერ ბალახზე ეძინა, არ დაებერა ნიავსა, დაბლა არ ჩამოეფინა, ურიცხვი კაცი და ქალი ჭალაზე შამოეფინა. მოჰყავდა ზვიადაური ხელშეკონილი გროვასა, ყველას უხარის მის მოკვლა, ან ვინ დაიწყებს გლოვასა?! სიკვდილი ყველას გვაშინებს, სხვას თუ ჰკვლენ, ცქერა გვწადიან; კაცნი ვერ ჰგრძნობენ ბევრჯელა, როგორ დიდს ცოდვას სჩადიან. რამდენი ავსული ვიცი, წარბშაუხრელად დადიან; თავის მტანჯველის შემუსრვა ან კი ვის არა სწადიან?!","The sun had not yet risen, the dew had not yet fallen on the grass, the breeze had not yet blown, the countless men and women were lying on the grass. Zviadauri was being led to the heap, everyone was happy to kill him, or who would start mourning?! Death scares us all, if they kill someone else, they will make us cry; people do not realize how many times they have sinned, how great a sin they have committed. I know how many have gone, they walk around without a smile on their face; they are trying to crush their tormentor, or who else?!"
02_host_and_guest_ge.csv,"VII. აი საფლავიც ქისტისა, ხალხი მოერტყა გარსაო, მოლა მოჰყვება ლოცვასა, იხსენებს თავის მკვდარსაო:","VII. Here is the tomb of Kist, the people have gathered around it, the mullah leads the prayer, remembering his dead:"
02_host_and_guest_ge.csv,"„ნუ იტანჯები, დარლაო, ნუ შეიწუხებ თავსაო, მოვსდეგით შენნი მოძმენი შენის სამარის კარსაო, მსხვერპლსაცა გწირავთ, იხარე, არ გაჭმევთ მტრისა ჯავრსაო“.","""Do not suffer, Darla, do not be troubled, your brothers have come to the door of your house, we will also offer you sacrifices, rejoice, you will not be eaten by the enemy's gluttony."""
02_host_and_guest_ge.csv,"– ძაღლ იყოს თქვენის მკვდრისადა! – ვაჟკაცი იღებს ხმასაო, ბეწვს იშლის ბრაზმორეული, როგორაც ვეფხვი – თმასაო. საკირის ცეცხლი ედება სამსხვერპლოს გულის-თქმასაო. რა მოსდრეკს წარბ-დაღრუბლილსა, ქედ-ჩაჟანგებულს მთასაო!","– May a dog be your dead! – A brave man takes up the voice, his fur is torn out in anger, like a tiger – his hair. The fire of the incense is placed on the altar, on the heart-word. What is the mountain, whose brow is clouded, whose ridge is rusted!"
02_host_and_guest_ge.csv,"აქცევენ ზვიადაურსა, ყელში აბჯენენ ხმალსაო:","They turn Zviadauri into a sword, they thrust it into his throat:"
02_host_and_guest_ge.csv,"„დარლასამც შაეწირები“, ყველა დასძახის მასაო.","""Darlasam, too, Shaetsirbi,"" everyone shouts at him."
02_host_and_guest_ge.csv,„ძაღლ იყოს თქვენის მკვდრისადა!“ – უპასუხებდა ხალხსაო.,"""May your dead body be a dog!"" - the people would have replied."
02_host_and_guest_ge.csv,"არ იდრიკება ვაჟკაცი, არ შეიხრიდა წარბსაო.","A man does not hesitate, he does not frown."
02_host_and_guest_ge.csv,"გაოცდენ ქისტის შვილები, ხალხი დგებოდა ყალყსაო. „ლამის რომ არ შაეწიროს, ერთი უყურეთ ძაღლსაო!“ ¹ ჰყვირიან, თანაც ნელ-ნელა ყელში ურჭობენ ხმალსაო. „ძაღლ იყოს“, ყელში ამბობდა, მანამ მოსჭრიდენ თავსაო! „უცქირეთ, ერთი უცქირეთ, არ ახამხამებს თვალსაო!“ სიცოცხლე ჰქრება, სისხლი დის, – ზვიადაური კვდებოდა, გული ვერ მოჰკლა მტრის ხელმა, გული გულადვე რჩებოდა. და ამ სურათის მნახველი ერთი დიაცი ბნდებოდა, ცრემლებს ჰმალავდა ლამაზი, ხალხზე უკანა დგებოდა. მიშველებასა ჰლამობდა: „ნუ ჰკლავთ!“ ეძახის გულიო, ფიქრობდა ბრაზმორეული: ნეტავი მომცა ცულიო, ნეტავი ნებას მაძლევდეს დედაკაცობის რჯულიო, რომ ეგ ვაცოცხლო, სხვას ყველას გავაფთხობინო სულიო. ნეტავი იმას, ვინაცა მაგის მკლავზედა წვებოდა, ვისიცა მკერდი, აწ კრული, მაგის გულ-მკერდსა სწვდებოდა! ნეტავი იმას ოდესმე ქმრის ტრფობა გაუცვდებოდა?!","The children of Kist were amazed, the people were standing in a circle. “If only he hadn’t sacrificed a lamb, just watch the dog!” They shouted, and slowly they were thrusting the sword into his throat. “Let him be a dog,” he would say into his throat, until his head was cut off! “Stare, just stare, he won’t blink!” Life is fading, blood is flowing, – Zviadauri was dying, the enemy’s hand could not kill his heart, the heart remained a heart. And one of the women who saw this picture was confused, hiding her tears beautifully, standing behind the people. She was begging for help: “Don’t kill him!” Her heart was calling, she thought in anger: I wish she had given me an axe, I wish the law of womanhood would allow me to keep him alive, to tear out the souls of all the others. I wish she would lie on his arm, whose chest, now curled, would touch his heart! I wish she would ever grow tired of her husband's love?!"
02_host_and_guest_ge.csv,"ქისტები გაწყრენ, იტკიცეს: ვერ აუსრულდათ წადილი, ვერ გაუკეთეს თავის მკვდარს მის შესაფერი სადილი. დაკლულმა დაჰკლა მათ გული და გაუცრუა ქადილი. შეურაცხყოფილთ უნდოდათ ერთად გაეძროთ ხანჯრები და გაეკეთათ მკვდრის გვამზე სისხლით ნაღები ფანჯრები. მაგრამ ვერ ჰბედვენ, სცხვენიანთ: „ცოდვაა!“ – ყველა ჰფიქრობდა. ხალხის გული და გონება სასინანულოდ მიჰქროდა. სთქვეს, როცა სახლში გაბრუნდენ, თავ-თავქვე ჩამოდიოდენ: ხომ მაგას არ მოვუკლავდით მტრებს, ავს რომ არ სჩადიოდენ? კარგი ვაჟკაცი ყოფილა, ყველა ალლახსა ჰფიცავდა, იმიტომ ვეფხვებრ გვებრძოდა, თავის მიწა-წყალს იცავდა. მაგრამ მტერს მტრულად მოექე, თვითონ უფალმა ბრძანაო, ის სჯობს, რაც მალე ვეცდებით, გულში ჩავურჭოთ დანაო.","The Kists were angry and hurt: they could not fulfill their vows, they could not prepare a suitable meal for their dead. The murdered man broke their hearts and betrayed their love. The insulted wanted to pull out daggers together and make blood-stained windows on the dead man's body. But they could not, they were ashamed: ""It is a sin!"" - everyone thought. The hearts and minds of the people were filled with remorse. They said that when they returned home, they would come down one after another: wouldn't we have killed our enemies like that, if they had not done this? He was a good man, everyone swore by Allah, that's why he fought like a tiger, defending his land and water. But if he treated the enemy as a enemy, the Lord himself said, it is better that we try to plunge a knife into his heart soon."
02_host_and_guest_ge.csv,"წავიდნენ. ზვიადაური ზეზე გაწირეს ტიალად. თუნდა ძაღლებმა ათრიონ, ფრინველთა ჯიჯგნონ ზიარად; არ შაეწირა, ეგდოსო, ეგეც ეყოფა ზიანად. ამას იძახდენ ქისტები თავმოწონებით, ხმიანად. ამ ხმასვე იმეორებდენ ბნელი ხევები მთიანად.","They left. They sacrificed Zviadauri Zeze as a sacrifice. Let the dogs drag him, let the birds chirp as a sacrifice; Don't sacrifice, let it be, that's enough as a sacrifice. The Kists shouted this with self-satisfaction, loudly. The dark ravines repeated this same voice in the mountains."
02_host_and_guest_ge.csv,"ჩამოდგა საღამოს ჟამი, მთიდამ მზის სხივი ჩამოხდა, სიბნელე მოიპარება, სინათლეს სული ამოჰხდა. დადგნენ, სულ დადგნენ მზის სხივნი, აღარ ელავდა ქვიშაო; აღარსადა სჩანს, გამქრალა თეთრი თმა შავის მთისაო; ნაღვლით ნაქარგი, ნაქსოვი სახე იმ სალის კლდისაო, რო მუდამ მგლოვიარეა, ცრემლი ანკარა სდისაო. სიკვდილსა გლოვა უხდება, მკვდარ ძმას – ტირილი დისაო, ტყესა – ხარ-ირმის ნაფრენი, ზოგ დროს – ყმუილი მგლისაო. ვაჟკაცსა – ომში სიკვდილი, ხელში – ნატეხი ხმლისაო, ომს – ლხინი გამარჯვებულთა და დამარცხება მტრისაო.","Evening has come, the sun's rays have set on the mountain, darkness has stolen, the light has lost its soul. They have stopped, the sun's rays have stopped altogether, the sand no longer shines; nowhere is it visible, the white hair of the black mountain has disappeared; the face embroidered with bile, woven with wool, of that rock of the valley, which is always in mourning, tears flowing down the valley. Mourning is appropriate for death, for a dead brother - the cry of a deer, for the forest - the flight of a bull-deer, sometimes - the howl of a wolf. For a brave man - death in war, in his hand - a fragment of a sword, for war - the joy of the victors and the defeat of the enemy."
02_host_and_guest_ge.csv,"ზვიადაურსა გლოვობდა შფოთვა და ბორგვნა წყლისაო, ნიავად ჩამონადენი ოხვრა მაღალის მთისაო. ცრემლი ნისლების ჯარისა ნაბრძანებია ღვთისაო. და წყაროს პირზე დიაცი, – ტურფა, ლამაზი, – ქისტისა, შუბლზე და მკერდზე წყალს ისხამს, დრო და დრო გული მისდისა. ბევრი იტირა ჩუმადა, თუმცა დრო და დრო ჰკრთებოდა, ზვიადაურის სიკვდილი თვალებში ელანდებოდა. სტიროდა, მაგრამ ტირილი არ იყო, ეხათრებოდა: ერთ მხრივ ხათრი აქვს თემისა, მეორით – ღმერთი აშინებს; ქისტეთის მტრისა მოზარეს თავს რისხვას გადმოადინებს. ეს ფიქრი გონებისაა, გული თავისას შვრებოდა, კაცის კაცურად სიკვდილი გულიდან არა ჰქრებოდა. ქალის გულს იგი სურათი შიგ გაეყარა ისრადა; იმან დაადვა ლამაზსა დაკლულის გლოვა კისრადა. სიბნელეს უცდის, მივიდეს, ღამით იტიროს მკვდარიო; იმას აღარა ჰფიქრობდა, ჯოყოლა როგორ არიო. ვის ცოლი ვის ქმარსა სტირის? რას სჩადის ჭკვაზე მცდარიო?! იქნება ჰკლავენ ჯოყოლას, სახლსაც შაუხსნეს კარიო!","Zviadauri was mourning the turmoil and the roar of the water, the sigh of the high mountain flowing in the breeze. The tears of the army of the mists were ordered by God. And at the mouth of the spring, the grass, the beautiful, the water of Kist, poured on his forehead and chest, from time to time his heart ached. He cried a lot in silence, although from time to time he cried, the death of Zviadauri was reflected in his eyes. He cried, but there was no crying, he was worried: on the one hand he had a good time for the community, on the other – God is frightening him; he will unleash his wrath on the head of the enemy of Kist. This thought is of the mind, the heart was beating on its own, the death of a man in a manly way did not disappear from the heart. The woman's heart was pierced by that image; that beautiful woman put the mourning of the slain on her neck. He waited for the darkness to come, for the dead to cry at night; he no longer thought about how Jokola was. Whose wife is crying for whose husband? What is he doing, you fool?! They're going to kill Jokola, they're going to open the door to his house!"
02_host_and_guest_ge.csv,"წამოდგა, იხედებოდა როგორც დამფთხალი ნადირი, ხედნებ-ხედნებით ამოვლო ხევის კლდიანი ნაპირი; წყვდიადში საზარლად ისმის წყალთ ანაძრახი საყვირი. ამოვლო კრძალვით საფლავთან, მკვდარსა მუხლ-მოყრით დაეყრდნო, ქვითინებს გულამოსკვნითა, ცრემლსა სიპი ქვა დაედნო. აიხსნა დანა, მიჰმართა ზვიადაურსა იმითა, ააჭრა ნიშნად, სახსოვრად სამი ბალანი პირითა, ჩიქილის ტოტში შეხვია ბროლის თითებით თლილითა…","He stood up, looking like a hunted game, looking around the rocky bank of the ravine; in the darkness, the sound of a trumpet moving with the water is heard terribly. He went to the grave with reverence, knelt down by the dead man, sobbed heartily, and placed a stone on the stone to dry his tears. He unsheathed his knife, pointed it at Zviadauri, cut three leaves with his mouth as a sign, as a memento, and with his crystal fingers he cut them into a branch of a sycamore tree..."
02_host_and_guest_ge.csv,"ეს რა ხმა ესმის, დგანდგარი? ყურებს გაუდის ჟივილი… საფლავებიდამ მოესმის მკვდრების წყრომა და ჩივილი! თითქოს ბალღებიც ატირდენ, გაუდისთ მწარედ წივილი! საერთო წყრომის ხმა ისმის, საერთო გულის ტკივილი: „რას შვრება უნამუსოვო“, გამწარებულნი ჩიოდენ, – „მაღალი ღმერთი გრისხავდეს!“ სამარით შემოჰკიოდენ. აჩქარებული ღრუბლები ცის პირზე გადმოდიოდენ.","What is this sound you hear, standing? A scream fills your ears… From the graves you can hear the groans and lamentations of the dead! As if even the children were crying, their cries were heard bitterly! The sound of a common groan is heard, a common heartache: “What is this, you fool?” they complain bitterly, – “May the high God rise!” they shout with a loud voice. The clouds are rushing across the sky."
02_host_and_guest_ge.csv,"გაიქცა, მირბის, იხედავს, – მკვდარნი მისდევენ, სწორია. „შინით სად გაგვეხვეწები, აქით თუ გაგვეშორია?!“ ხმა ისმის დანადევნები, მასვე იძახის გორია, გარშემო დაყუდებული განა ერთი და ორია. „უნამუსოვო!“ მისძახდენ ტან დაწკეპილნი დეკანი, ბალახნი, ქვანი, ქვიშანი, იმ არე-მარეს მდებარნი. აგერ, საფლავით ამოდგა მისი მკვდარი ძმა ებარი, თავის ტოლებში უსწორო, ქისტეთს გათქმული მხედარი. თან მიჰკიოდა თავის დას, სიტყვა პირს მოსდის მჭეხარი: „ვაჰ, დაო, დაო, რა მიყავ? რისხვა რად დამეც მედგარი? მეორეს საფლავში ჩამდევ, ერთს სამარეში მდებარი! მაგით მიმტკიცებ დობასა, შენი ქალობა ეგ არი?!“","He ran, he ran, he saw – the dead are chasing him, it’s true. “Where are you going to hide from us, if we’re leaving here?!” A voice is heard from the desert, the mountain calls out to him, there are one or two of them lying around. “Ungrateful!” The tall trees, the grass, the sand, the people of that area call out to him. Here, his dead brother Ebari rose like a tomb, unequaled among his peers, a knight known as Kisteti. He was hugging his sister, and the blacksmith’s words came to his lips: “Wow, sister, sister, what are you doing to me? Why are you angry with me? You put me in another’s grave, you put me in a tomb! That’s how you prove to me, Doba, is that your womanhood?!”"
02_host_and_guest_ge.csv,ბილიკზე მოსუნსულებდა სასაფლაოსკე მყეფარი.,A cemetery digger was walking along the path.
02_host_and_guest_ge.csv,"VIII. – სად მიხვალ, სადა, წყეულო, საითკე მიეჩქარები?! ვინ გაჭმევს კაის ყმის ლეშსა? ძაღლო, დაგიდგა თვალები! შენს საჯიჯგნადაც გამხდარა ზვიადაურის ძვალები?! – სთქვა ეს აღაზამ და ქვებსა ესროდა ხშირა-ხშირადა. მირბის და მისდევს შმაგადა კლდიანის ხევის პირადა. ხმა ისევ ესმის მკვდრებისა, მას ბანს აძლევენ მთანიცა, სამდურავს ეუბნებიან აღაზას გიშრის თმანიცა.","VIII. – Where are you going, where are you going, you cursed one, why are you rushing?! Who will feed you on the carcass of Kai's servant? Dog, your eyes are closed! Have the bones of Zviadauri become thin even for your sake?! – Aghaza said this and threw stones at him often and often. He runs and chases Shmagada along the rocky gorge. He hears the voice of the dead again, the mountain gives him a bath, and the Samdura tells Aghaza that his hair is dry."
02_host_and_guest_ge.csv,"მოუახლოვდა თავის სახლს, სინათლე მოსჩანს იქითა; უნდა იძახოს: „მიშველეთ“, ხმა მიაწვდინოს შიგითა. მაგრამ ვერ ამბობს ვერაფერს, ოფლი წყლად მოსდის შუბლზედა. მივიდა სულშეხუთული და გადაიქცა ზღუბლზედა.","He approached his house, he could see the light from there; he wanted to shout, ""Help me,"" to raise his voice from within. But he could say nothing, sweat was running down his forehead. He arrived, breathless, and turned to the threshold."
02_host_and_guest_ge.csv,"კერის პირს იჯდა ჯოყოლა, მუხლი გადეგდო მუხლზედა. „ვაჰმეო,“ – ეს კი იძახა, სიტყვა გაუშრა ენაზე. ქმარმა მოჰხვია ცოლს ხელი და მიითრია კერაზე. – რა დაგემართა, დიაცო? – ჩაეკითხება მშფოთარე, – სხვა სადარდელი მაკლია, ახლა შენ მექმნა მოზარე?! რა დაგემართა, რა არი? მითხარ, გახსენი ბაგეო! ხომ არვინ მოიწადინა გადაეგორე მკლავზეო? მითხარ, არ გაჭმევ იმის ჯავრს, ვანანებ ემავ წამზეო. ჩემის ნამუსის შემბღალავს მალე მოვიყვან ჭკვაზეო, როგორც ვანანე მუსასა მიხდომა სხვისა კარზეო. – პასუხს ელოდა ცოლისგან, დასჩერებოდა თავზეო. და თანაც ხანჯარს ჰბღუჯავდა, ხელი ეკიდა ტარზეო.","The man was sitting at the edge of the hearth, his knee resting on his knee. “Wahmeo,” – he cried out, the word escaping his tongue. The husband grabbed his wife’s hand and dragged her to the hearth. – What happened to you, priest? – he asked anxiously, – I have no other worries, now you have made me a fool?! What happened to you, what is it? Tell me, open your mouth! Did anyone want you to roll over on my arm? Tell me, you will not eat the poison of the one who has betrayed me in a moment. I will soon bring the one who has violated my honor to his senses, just as Vanane Musa had done to someone else’s door. – He was waiting for an answer from his wife, he would stop at his head. And at the same time he was swinging his dagger, his hand hanging on his belt."
02_host_and_guest_ge.csv,"ქალი ვერაფერს ამბობდა, გაჰმტკნარებოდა სახეო. თავს დასტრიალებს ჯოყოლა, ელის, რას ეტყვის ცოლია. შუაღამის დროს აღაზამ თან-თან მოიცა გონია. უთხრა ჯოყოლას: – „რას ამბობ? თავი რად დაიღონია? რად მოიგონებ იმასა, რაიც არ მოსაგონია? სულ ტყუილია… კაცისა არსად მინახავს ჭაჭანი, ვინ გამიბედავს მაგასა, რად მინდა ლეჩაქ-კაბანი?!","The woman said nothing, her face was pale. Jokola shook his head, waiting to see what his wife would say. At midnight, Aghaza came to see Gonya. He said to Jokola: - ""What are you saying? Why are you so upset? Why do you think of something that shouldn't be thought of? It's all a lie... I've never seen a man with a beard anywhere, who would dare to do that to me, why do I want a lechak-kaban?!"""
02_host_and_guest_ge.csv,"სასაფლაოდამ დავბრუნდი, შენს ცხენს ვეძებდი ხევებში, ცხენის მაგივრად ბედკრული შიგ გევერიე დევებში. დამიხვდა შავ-ნაბდიანი, უზარმაზარის ტანისა: ჯერაც თვალებში მიელავს სიმყრალე იმის კანისა; დიდ-ყურა, კბილებ-ღაჯუნა, უმსგავსო, ფერად შავისა; ხელები გამომიწვადა, დიდი ხელები თავისა, მთის ოდნად სჩანდა მის თავზე მოშავფრო ქუდი ტყავისა. თან მითხრა: ჩემთან წამოდი, ჩემთან იცხოვრე, ქალაო, ბევრი მაქვს ოქრო და ვერცხლი, არაფერს დაგიმალაო. მე გამოვიქეც, შევშინდი, დევიც მომდევდა ღრიალით; მთელი ქვეყანა იძვროდა იმის ფეხებქვეშ გრიალით; მზარავდა ეს ხმაც, მთა-ბარიც წაღმა-უკუღმა ტრიალით, ძლივს მოვაღწიე და გამცნე ჩემი ვაება ხრიალით“.","I returned from the cemetery, I was looking for your horse in the ravines, instead of a horse I wandered among the demons, miserable. I found a black-haired one, with a huge body: the grayness of its skin still shines in my eyes; big-eared, with fangs, incomparable, black in color; my hands were burning, big hands on my head, a blackened leather hat on his head seemed like a mountain peak. He said to me: Come with me, live with me, girl, I have a lot of gold and silver, I will not hide anything from you. I ran out, I was afraid, the demon was also following me with a roar; the whole country was shaking under its feet with a roar; this sound terrified me, the mountain-bar with its rolling back and forth, I barely reached it and it made me realize my woe with a roar."
02_host_and_guest_ge.csv,"ჯოყოლა ეტყვის: – დევს გარდა სხვა რამ საქმეა კიდევა, ჩემს ჭკვას არ სჯერა ნათქვამი, ჩემი ფიქრები ირევა. ნამტირალევი რადა ხარ? ღაწვებზე ცრემლი გდენია; ჩქარა სთქვი, სწორედ მითხარი, თორემ ვერ მომითმენია! სადარდო, საგულისხმო რამ გრძნობა გულს გადაგფრენია. ჩემს თვალებს ვერ დაემალვის იმ გრძნობის ნაკვალევია; არ შაიძლება არ დაჩნდეს ნასვამი, დანალევია!..","Jokola will say: - There are other things to do besides the bed, my mind does not believe what is being said, my thoughts are confused. Why are you crying? Tears are streaming down your cheeks; speak quickly, tell me exactly, otherwise I will not be able to listen! A feeling of sadness, a significant thing has flowed through your heart. The traces of that feeling cannot be hidden from my eyes; it is impossible not to appear drunk, drunk!.."
02_host_and_guest_ge.csv,"– რა დაგიმალო, ჯოყოლავ, ან რად შემრისხავ თქმისადა? – ეტყოდა ცოლი და ნაზი თრთოლა მიეცა ხმისადა: – ცრემლები შემიწირია იმ შენის მეგობრისადა. ძლიერ შემბრალდა ბეჩავი, რომ უცხოეთში კვდებოდა, არც ნათესავი, არც მოძმე, რომ ვისმე შეჰბრალებოდა! მაგრამ, როს ჰკლავდენ ხანჯრითა, ოდნავაც არა ჰკრთებოდა. იქნებ შენც გცოდე, ღმერთსაცა, მაგრამ ვიტირე, რა ვქნაო!..","– What did you hide from me, you liar, or why did you make me angry by saying that? – his wife would say, and a gentle trembling came to her voice: – I shed tears for that friend of yours. I felt so sorry for the poor man, dying abroad, with no relatives or friends to pity! But when they killed him with a dagger, he didn't even flinch in the slightest. Maybe I sinned against you, against God, but I cried, what could I do!.."
02_host_and_guest_ge.csv,"– მაგისთვის როგორ შეგრისხავ? ტყუილს სჯობს სიმართლის თქმაო. იტირე?! მადლი გიქნია, მე რა გამგე ვარ მაგისა? დიაცს მუდამაც უხდება გლოვა ვაჟკაცის კარგისა.","– How can I scold you for that? It's better to tell the truth than to lie. Are you crying?! Thank you, what am I to do with this? Even a young man always has to mourn the good of a brave man."
02_host_and_guest_ge.csv,"IX. მეორეს დილას აღაზამ ძროხა გარეკა მთისაკე, ჩამოდიოდენ ფრინვლები, იზიდებოდენ მკვდრისაკე; აღაზაც მიიპარება სასაფლაოს თავს კლდისაკე. იქიდამ აფთხობს ყორნებსა, სვავთა მხარ-მოფარფაშეთა, ორბებსა გაუმაძღრებსა, მკვდრის ლეშზე მოყაშყაშეთა; ხელს ამუშავებს და ჰმალავს თვალებს, მზებრ მოკაშკაშეთა. კლდიდამ გადისვრის კენჭებსა და თან წინდას ქსოვს ვითომა, ოსტატობს, ხალხმა ვერ შესძლოს იმის ფიქრების მიხდომა.","IX. The next morning, the cow, the mountain goat, was grazing, the birds were coming down, the dead were being carried away; the goat also stole to the head of the cemetery, the rock goat. There he scolded the ravens, the ravens that flapped their wings, the ravens that were greedy, the ravens that were gnawing at the dead man's corpse; he worked and hid his eyes, which were as bright as the sun. The rock goat was throwing pebbles and weaving socks, he was so skillful that people could not even imagine his thoughts."
02_host_and_guest_ge.csv,"X. ბისოს მოვიდა ამბავი, ვით ნაქუხარი მეხადა: „მოუკლავთ ზვიადაური, ცით ჩამოსული სვეტადა, ფშავ-ხევსურეთის ფარ-ხმალი, გამოსადეგი მეტადა!“ შავის ამბისა გამგონეთ ზარი გამართეს დედათა.","X. The news came to Biso, as if shouting: ""Zviadauri will be killed, the star that came down from the sky, the shield and sword of Pshav-Khevsureti, the most useful!"" Hearing the news of the black one, the mothers rang the bell."
02_host_and_guest_ge.csv,"ბისოს ტიროდა ბებერი, მოსთქვამს, ქვითინებს მწარედა: „ბედკრული რად ვარ ცოცხალი? მეც მიწას მიმაბარეთა; მკლავნი მაჩვენეთ შვილისა, მოიტათ, ჩამაბარეთა! ჩემის შვილისა მარჯვენით გულს მიწა მომაყარეთა; ვაჰმე, რადა ვარ ცოცხალი? რისთვის-ღა ვსთელავ არეთა?! მკვდარნო, რად არ მეც ადრევე თქვენთან არ დამიბარეთა? როგორ ვიგონო თავის ძე ურჯულოს არე-მარეთა?!“","The old man wept bitterly, saying, ""Why am I alive, poor thing? You have tied me to the ground too; Show me your son's arms, take them, tie them to me! You have laid the ground on my son's right heart; Alas, why am I alive? Why am I trampling the fields?! Dead ones, why didn't you call me to you earlier? How can I hear my son's wickedness in the fields?"""
02_host_and_guest_ge.csv,"ვაჟკაცთ გაიგეს ამბავი, გასაგონარი ჭირითა, ერთმანეთს გადაეძრახნენ ბოღმით შემკულის პირითა: „რად გიკვირთ, როცა ჩვენს მფარველს ცხარის ცრემლითა ვსტირითა?!“ გამოიტანეს შუბები დუმით ნაპოხის ცხვირითა, ფარ-ხმალით მოკაზმულები ჯარს ამზადებენ დილითა. ეს ხომ ახალი არ არის, სისხლმა იდინოს მილითა. იძახის აპარეკაი: „საგძალი გინდათ კვირისა!“ „ქუდზე კაც უნდა წავიდეს!“ – ბაბურაული ჰყვირისა. აღელვებულთა ბორგვნაა, ხმა არ გეგონოსთ სტვირისა!","The brave men heard the news, with a loud roar, and shouted at each other with their mouths adorned with a crown of thorns: “Why are you surprised when we cry out to our protector with hot tears?!” They brought out their spears with their noses smeared with mud, and the men, armed with shields and spears, are preparing the army for the morning. This is not new, blood is flowing like a pipe. The aparaka shouts: “You want a scythe for the week!” “A man with a hat must go!” – Baburauli shouts. The excitement is palpitating, don’t you hear the sound of the trumpet!"
02_host_and_guest_ge.csv,"XI. – კარში გამოდი, ჯოყოლავ, წყნარად ნუ სწევხარ კერასა, რამდენი ხალხი მოერტყა იმ ჩვენის მთების წვერასა! ჩვენთან მოდიან სტუმრადა, ჩვენ გვიპირობენ წვევასა. შეგვანანებენ დედათა შვილთა აკვნების რწევასა. საქონელს ერეკებიან, რეულობაა როგორი?! აავსო ჯარმა, შეჰხედე, ჯარეგის თავი, სამ-გორი, დამთხვალთა მენახირეთა კლდეები მოსდევს ნაგორი. წადი, უშველე თავისებს, მტრის დასახვედრად მირბიან, შენც ისე წადი, ჯოყოლავ, როგორაც სხვანი მიდიან.","XI. – Go out the door, Jokolav, don’t go quietly to the hearth, how many people have gathered at the top of our mountains! They come to us as guests, they intend to invite us. They make us forget the cradles of mothers and children. They are calling for cattle, what kind of a mess is it?! The army has filled up, look, the head of the herd, three hills, the rocks of the fallen herders are followed by the hills. Go, save your own, they are running to meet the enemy, you too, Jokolav, go just as others are going."
02_host_and_guest_ge.csv,"– გავყვე?! რას ამბობ, ჭკვა-თხელო? არ გამივლევენ ახლოსა! მარტოკამ უნდა ვიომო, მთელმა ჯარეგამ მნახოსა; ვინ ერთგულია, ვინ არა, ქვეყანამ დაინახოსა. ქისტებს ორგული ვგონივარ, გამდგარი თავის რჯულზედა, ჰფიქრობენ, ვითომ ჯოყოლამ თავი გაჰყიდა ფულზედა, ქისტეთის მოღალატე ვარ, ხელაღებული სულზედა; მოაქვთ და ცოცხალს მადებენ საფლავის ქვასა გულზედა.","– I followed you?! What are you saying, you clever one? They won't let me pass close by! I must live alone, for the whole village to see me; Who is loyal, who is not, for the world to see. The Kists consider me a traitor, standing on my own principles, they think that Jokola sold himself for money, I am a traitor to Kisteti, a traitor to my soul; they bring me and lay me alive on the tombstone above my heart."
02_host_and_guest_ge.csv,"ამას ამბობდა ჯოყოლა, თან აბჯარს ისხამს ტანზედა: წელზე შაიბა ფრანგული, თოფი გადიგდო მხარზედა, ქისტს არ მაუდის ჯიშადა მუზარადის დგმა თავზედა. მარტოკა მიდის ცალს მხარეს, თავდადებული ცდაზედა, მტრის დასახვედრად სხვანია შამოეფინნენ მთაზედა.","This was what Jokola said, while he was wearing armor: a French belt around his waist, a rifle slung over his shoulder, a helmet on his head, and a helmet on his head. He walked alone, determined to fight, while others were hiding on the mountain to meet the enemy."
02_host_and_guest_ge.csv,"XII. ჩამოდის ხევსურთა ჯარი დროშა მოჰქონდა წინასა; მიჰმართეს სასაფლაოსა, მდუმარეს ქისტთა ბინასა: მოძებნონ თავისი მკვდარი, მოკრიბონ გმირის ძვალები, ზვიადაურის მტანჯველთა ძირში მოსთხარონ თვალები.","XII. The Khevsur army arrives, carrying a flag in front; They head for the cemetery, the silent dwelling of the Kists: To search for their dead, to gather the bones of the hero, to dig their eyes into the feet of Zviadauri's tormentors."
02_host_and_guest_ge.csv,"დაუხვდათ ქისტის ჯარიცა, ხევ-ხევის პირას მალული; შამოესროლეს თოფები, მაჟრები შემოსალტული; გზას არ უთმობენ ხევსურთა ბიჭები ამოსხარტული. ორივე მხრიდამ თოფებსა ზედ დაკიჟინით ისვრიან, ორსავე საქმე აწუხებს, ორნივე მედგრად იბრძვიან. ბლომად დალია ტყვიამა სისხლი, – მოძოვა ქუჩია, მაინც არ გატყდენ ქისტები, სდგანან ვით ციხე-ბურჯია. ბაბურაულმა ხევსურთა ხმალ-და-ხმალ ჩასვლა ურჩია. მივიდა საქმე ხმალზედა, ფარმა გზა მისცა საკაფი, საძევარი აქვთ ხევსურთა ძვირი განძი და ალაფი. ფარო, ნუ ჰმტყუვნობ გორდასა, შენა ხარ მაგის ჯალაფი; თავქვე მორბინალთ ხევსურთა წინ კლდე დაუხვდათ წარაფი.","They met the Kist soldiers, hidden at the edge of the ravine; they fired their rifles, their muskets were in their hands; the Khevsur boys, their backs up, did not give way. They were shooting at each other with their rifles on both sides, both were worried about the matter, both were fighting steadily. The bullets had drunk blood in abundance, - the street was a pasture, still the Kist did not break, they stood like a fortress-tower. Baburaul advised the Khevsurs to attack with swords. The matter came to the sword, the plow gave way to the plow, they have the Khevsurs' precious treasure and the hay. Peacock, do not deceive me, Gorda, you are the one who is the slayer; the Khevsurs, who are in a hurry, have found a rock in front of them, the slayer."
02_host_and_guest_ge.csv,"კლდიდამ გადუხტა უეცრად ქისტი ხმალ-მოღერებითა, აკვირვებს ქისტის ლაშქარსა მტრის ჯარის მოგერებითა. ზოგს მოტყუება ეგონა, ამბობდენ მოჩვენებითა: – ეგ ვინ უხვდება ხევსურთა? ჩვენი მხარეა, ვინ არი?","Klidida suddenly attacked the Kist with swords and spears, surprising the Kist army with the blows of the enemy army. Some thought it was a deception, they said in a mocking voice: - Who is this, Khevsur? Is it our side, who is it?"
02_host_and_guest_ge.csv,"– ეგ უნდა ჯოყოლა იყოს, სწორედ, ნამდვილად ის არი! – სთქვა ერთმა, სხვანიც დასთანხმდენ, გაოცებულნი უცქერენ. როგორ არ უფთხის გროვასა, თუმცა ხმალ-ხანჯრებს უღერენ. მოჰკლეს კიდეცა, იქცევა, მკერდს ხანჯრის წვერით უწერენ.","– That must be Jokola, that's right, it's definitely him! – said one, the others agreed, staring in amazement. How can he not be afraid of the pile, even though they are stabbing him with swords and daggers. They have even killed him, it seems, they are marking his chest with the tip of a dagger."
02_host_and_guest_ge.csv,"ქისტთ გაუხარდათ დიაღაც, – „მოჰკლან, თუ მოჰკლეს – ახია! ეხლაც მასხარად აგვიგდო, წინად ხომ ბევრჯელ აგვრია, სოფლისა გადრა ინდომა, ჩვენ კი ტალახში გაგვრია. მარტოკა მტრის ჯარს დაუხვდა, სწორედ დავლათით დაგვრია.“","The Kist were also happy, - ""Let them kill him, if they kill him - oh my! He's making fun of us now too, he's already beaten us many times before, he's been a villager, and he's dragged us through the mud. He met the enemy army alone, and he beat us right in the face."""
02_host_and_guest_ge.csv,"ხევსურთ ჯოყოლა გასწირეს მკვდარი, კლდის თავსა, კეტამზე. თითონ დაესხნენ ქისტებსა, ჩამოეფინნენ ფერდაზე. გახდა ხმალ-ხანჯრის ტრიალი, დაკრული მიდის მკერდამდე; ფარ-ხმალის ჩხერა, წკრიალი ცას ადიოდა ღმერთამდე.","The Khevsurs sacrificed Jokola, the dead, on the top of the rock, on Ketam. They attacked the Kists one by one, they fell on the ground. The sword and dagger became a whirlwind, the pierced one reaching the chest; the clash of shields, the crackling of arrows, went up to the sky, to the gods."
02_host_and_guest_ge.csv,"გაიქცა ქისტის ლაშქარი, კოშკებს მიჰმართა გრიალით, უკან მისდევენ ხევსურნი, თავზე ჩაჩქნების პრიალით; მოკრიბეს სასაფლაოზე ზვიადას ძვლები ტრიალით: ზოგი სად ეგდო, ზოგი სად, ფრინველთ ნაჯიჯგნი ფრიალით.","The Kist army fled, heading for the towers with a roar, the Khevsurians chased after them, with a roar of thunder on their heads; they gathered Zviada's bones in the cemetery with a roar: some lay here, some where, with a fluttering sound, chirping with birds."
02_host_and_guest_ge.csv,"მოკრიბეს ძვლები ხურჯინში და გამობრუნდნენ შინათვე, ასრულეს გულის წადილი, დანაპირები წინათვე. გამოირეკეს ცხვარ-ძროხა, გადმოავლიეს მთანია; ამოიყარეს მტრის ჯავრი, სადარდო რაღა არია?! უცხოეთს მაინც არ დაჰრჩათ, შინ მოაქვთ თავის მკვდარია, ფშავ-ხევსურეთის იმედი, ქავ-ციხე, რკინის კარია. მოძმენი დაიტირებენ თავის მკვდარს თავის წესზედა, მიაბარებენ სამარეს მამა-პაპათა გვერდზედა: ძვირად ღირს დანადინარი თავისის ცრემლი მკერდზედა!","They gathered the bones in a coffin and returned home, fulfilling their heart's desire, their promise from before. They drove out the sheep and cows, they crossed the mountains; they drove out the enemy's horde, what is there to worry about?! They still did not leave the foreign land, they brought home their dead, the hope of Pshav-Khevsureti, the fortress, the iron gate. The relatives will mourn their dead on their graves, they will lay them beside their ancestors: The tears of their own tears on their chests are worth a lot!"
02_host_and_guest_ge.csv,"XIII. – უცხოს კაცისა მოზარევ, ხევსურთ მოგიკლეს ქმარია. წადი, იტირე, აღაზავ, სამარეს მიაბარია. თავს დაჰყრანტალებს ყორანი, წვერ-ულვაშს უცრის ქარია.","XIII. – You are a stranger to a man, you are the husband of Khevsur. Go, weep, mourn, he has been taken to the grave. A raven is pecking at your head, the wind is blowing on your beard and mustache."
02_host_and_guest_ge.csv,"– შენს მტერსა ისეთი ყოფნა, რო ჩემი ყოფნა მწარია! აღარვინ მივლის ახლოსა, არვინ მიჭირა მხარია. იქვე დავმარხე კლდის თავზე, საფლავიც გავუთხარია; სუყველამ ზურგი მაქცია, ყველაყა განზე მდგარია. სასაფლაოც კი შემიკრეს, რო დამემარხა ცხედარი: ჯოყოლამ გვიღალატაო, მაგის ადგილი ეგ არი, საცა მარტოკა ომობდა, ჩვენთვისა ჩირქის მცხებარი, თემის პირისა გამტეხი, ორგული, დაუდეგარი. ცეცხლი მწვავს, ძმაო, ცეცხლი მწვავს უალო, მოუდებარი; გულს მიკლავს, გონებას მირევს ფიქრები გაუგებარი!","– Your enemy is such that my existence is bitter! No one comes near me anymore, no one holds my hand. I buried myself there on top of a rock, I dug a grave; everyone turned their backs on me, everyone stands aside. They even built a cemetery to bury my body: Jokola betrayed us, that's his place, he fought alone, he is ours, a pus-burning fire, a breaker of the community's mouth, a traitor, a relentless one. The fire burns me, brother, the fire burns me, unquenchable; it kills my heart, my mind is confused by incomprehensible thoughts!"
02_host_and_guest_ge.csv,"ცოლი სტიროდა ჯოყოლას, ცრემლს ასხურებდა ხშირადა, არჩვი ყელ-გადაგდებული, თმა-ხშირი, მთვარე პირადა, ეკერებოდა გულ-მკერდზე ქმარს მარგალიტის ღილადა.","The wife wept for Jokola, shedding tears often, her hair downcast, her moon-like face, she would sew a pearl button to her husband's chest."
02_host_and_guest_ge.csv,"XIV. ღამეა ბნელი, დელგმაა, დგანდგნარებს არე-მარეო. ღმერთო, მოჰხედე ტანჯულთა, უშველე, შაიწყალეო! კარგი კარგია მაინცა, – ბეჩავი შაიყვარეო! ტანჯულთა ლოცვა-მუდარა გულს ვარდად დაიყარეო! თუ არ უშველი, საწყლების სულები მიიბარეო!.. გეყო მაგდენი მუქარა, ღრუბელო, გადიყარეო!","XIV. The night is dark, the wind is blowing, the clouds are blowing. God, look at the suffering, help, O merciful one! It is good, it is good, - O merciful one! Pour the prayers and prayers of the suffering into the hearts of the suffering like roses! If you do not help, call upon the spirits of the waters!.. You have so many threats, O cloud, flee!"
02_host_and_guest_ge.csv,"მდინარე მოჰქუხს, მრისხანებს, ზედ ასქდებოდა ლოდებსა, დღესაც ისევე ბოროტობს, არ იცის, რისთვის ჰგოდებსა. არ ეშინიან ტანჯვისა, იმან არ იცის სიკვდილი. ერთი რამ იცის მხოლოდა: ცრემლის ღვრა, მაღლა ყვირილი, მუდამ ჟამს უცინარობა, მარტო ტირილი, ტირილი…","The river roars, rages, it used to pour over the rocks, it still rages today, it doesn't know why it cries. It is not afraid of suffering, it doesn't know death. It knows only one thing: shedding tears, screaming loudly, always in a state of absurdity, only crying, crying..."
02_host_and_guest_ge.csv,"ქარი სცემს, დაბლა ხევებით ჩამოკიჟინებს მთებითა; ქალი სდგას, მდინარეს დასცქერს, კლდეზე, გაშლილის თმებითა; სხივ მიხდილს ვარსკვლავს მაგონებს მკრთალად მთრთოლარის ყბებითა. არ იღებს ხმასა… შემკრთალი ჰკრთის, რომ დასცქერის მდინარეს; რა საზარლადა ხმაურობს, როგორ საზარლად მდინარებს! ლაშ-დაღრენილი, სასტიკი შავი ხეობა მძვინვარებს, „თავს ნუ იკლავო!“ აბა, თუ ერთმა ურჩიოს მაინცა. დახუჭა ქალმა თვალები, მსწრაფლად მორევში ჩაიქცა.","The wind blows, rushing down the ravines and mountains; A woman stands, gazing at the river, on a rock, with her hair spread; The ray reminds me of a pale star with her jaws trembling faintly. She makes no sound… She sighs, snorting, as she gazes at the river; How terribly it roars, how terribly it flows! The roaring, cruel black gorge rages, “Don’t kill yourself!” Well, if only one person would advise her. The woman closed her eyes and quickly plunged into the whirlpool."
02_host_and_guest_ge.csv,"– რაღად ვიცოცხლო, რიღასთვის? ამას ჰფიქრობდა ქალია. – ქისტეთში ჩემი ერთგული კენჭიც კი არსად არია. ორთავ შევცოდეთ ქისტებსა, მათ შამიჩვენეს ქმარია… მე უფრო დიდი ცოდვა მაქვს, უცხოსთვის ცრემლი ვღვარია.","– Why should I live, for Riga? This is what the woman thought. – My faithful pebble is nowhere to be found in Kisteti. We have sinned against the Kisteti, they have shown me a husband… I have a greater sin, I shed tears for a stranger."
02_host_and_guest_ge.csv,"წაიღო წყალმა აღაზა, ლამსა და ქვიშას შაჰრია.","The water took away the city, the city of mud and sand."
02_host_and_guest_ge.csv,"XV. იმ კლდის თავს, საცა ჯოყოლა მოჰკლეს ხევსურთა ბრძოლაში, ღამ-ღამ ჰხედავენ სურათსა ზვავისგან ნაგალს გორაში: კლდის თავს წადგება ჯოყოლა, სასაფლაოსკე იძახებს: „ზვიადაურო, ძმობილო, რად არ მაჩვენებ შენს სახეს?!“ სასაფლაოდამ წამოვა აჩრდილი ფარ-ხმალიანი, გულზე უწყვია დაკრეფით მკლავები სამკლავიანი. მივა და მიესალმება თავის ძმობილსა მდუმარედ. იქვე აღაზაც ამოდის სახე მოწყენით, მწუხარედ. ენთება ცეცხლი მათ გვერდით, მკრთალადა ბჟუტავს მთაზედა; იმათ ჰმასპინძლობს აღაზა, ჯიხვის მწვადს უწვავს ალზედა. ვაჟკაცობისას ამბობენ, ერთ-ურთის დანდობისასა, სტუმარ-მასპინძლის წესზედა ცნობის და და-ძმობისასა.","XV. At the top of that rock, where Jokola was killed in the Khevsur battle, every night they see a picture of him buried in the mountain by an avalanche: Jokola goes to the top of the rock, the cemetery calls out: “Zviadauro, my brother, why don’t you show me your face?!” A shadow with a shield and a sword appears from the cemetery, his three-armed arms are tied around his heart. He comes and greets his brother silently. Aghaza also appears there, his face sad and sorrowful. A fire burns next to them, flickers faintly on the mountain; Aghaza hosts them, roasts a roast of lamb on the fire. They say about bravery, about trusting one another, about the rules of guest-host, about recognition and brotherhood."
02_host_and_guest_ge.csv,"როცა მათ ჰხედავს ერთადა კაცი, ვერ ძღება ცქერითა; მაგრამ გაჩნდება ჯანღი რამ კურუმად შავის ფერითა, დაეფარება სანახავს წერა-მწერელის წერითა. ზედ აწევს ჯადოსავითა, არ დაიმტვრევა კვერითა, ვერც შეულოცავს მლოცავი, არც აიხდება ხელითა.","When a man sees them together, he cannot be satisfied with his gaze; but a black thing appears, dark as a cloud, and is covered with the writing of a scribe. It rises above him with a spell, it cannot be broken with a hammer, nor can the one who prays bless it, nor can it be lifted up with a hand."
02_host_and_guest_ge.csv,"მხოლოდ მდინარის ხმა ისმის, დაბლა მიქანავს ხველითა და უფსკრულს დასცქერს პირიმზე მოღერებულის ყელითა…","Only the sound of the river is heard, dragging me down with a cough and gazing into the abyss with a throat that is bent over the edge..."
03_the_snake_eater_ge.csv,"I. სასტუმროს იყვნენ ხევსურნი, ლუდი ედუღა წიქასა; ისხდენ ბანზედ და ღრეობდენ, თასებით ჰსვამდენ იმასა; ზოგნი უკრავდენ ფანდურსა, ზედ დაჰმღეროდენ დიდადა, მსმენელთა გრძნობას უდებდენ საგმირო ამბებს ხიდადა; აღგზნებით გმირთა სახელებს ლექსებში სთვლიდენ წმიდადა; მოხუცნი ჩიბუხებს სწევდენ, ბოლი ეხვიათ ნისლადა, განმარტავდიან მათ ამბავს, შანდობა თქვიან გმირთადა. ახლების საწურთნელადა იხსენებდიან ქებითა: „თქვენ იცით, ამას იქითა კაცად ვინც გამასდგებითა!“","I. The Khevsurians were in the hotel, beer was brewing in the vat; they sat on the benches and chatted, drinking it from cups; some played the pandur, sang a great song, and filled the listeners' hearts with heroic tales; with excitement they recited the names of the heroes in verses; the old men smoked their pipes, and, blowing in the mist, explained their stories, and praised the heroes. They remembered the young men with praise: ""You know, that's the man who made me!"""
03_the_snake_eater_ge.csv,"კრებაში ერთი ვინმე სჩანს სახე-მკრთალი და მშვიდია, როგორც თაფლს მწერი, ეხვევა იმას მცირე და დიდია. დაღვრემილს წელზე ხმალი ჰრტყავ, მხარ-იღლივ ფარი ჰკიდია. მუხლებს წინ თავშიშველანი ორნი უსხედან ჩოქითა, თასებს აწვდიან, იღებენ შავს ლუდსა დიდის გობითა. – შასვი, მინდიავ, – ეტყვიან, – კაი ლუდია, სვიანი, გვითხარი რამე, ღვთის მადლსა, ერთი ქართული გზიანი.","In the assembly, someone appears, his face pale and calm, like a bee stinging honey, and small and great embrace him. A sword is slung over his waist, a shield hangs from his shoulder. Two men, their heads bowed in front of their knees, are kneeling, offering cups, drinking black beer from a large goblet. “Shasvi, Mindiav,” they say, “It’s good beer, Sviani, tell us something, by the grace of God, a Georgian traveler.”"
03_the_snake_eater_ge.csv,"– მთვრალმა რა გითხრათ, კაცებო, ჭკუა სასმელმა დაძალა, სათქმელი მემრისთვის დარჩეს, თუ კი სიკვდილმა მაცალა. – ასწია კარახანასა, გადიწურა და დაცალა.","– What can a drunkard tell you, men? Drink has made my mind dull, what I have to say is left to the memory, or death has taken me. – He climbed up to the bar, emptied it, and emptied it."
03_the_snake_eater_ge.csv,"ტყვეობით დაბრუნებული ძმებში ყოფნითა სტკბებოდა, როგორაც სხვანი მრავალნი, ისიც ლუდითა თვრებოდა.","Having returned from captivity, he enjoyed being among his brothers, and like many others, he also got drunk on beer."
03_the_snake_eater_ge.csv,ამ მინდიაზე ამბობდენ დაუჯერებელს ამბებსა: მინდია ტყვედა ჰყოლია თორმეტს წელს თურმე ქაჯებსა.,Unbelievable stories are being told about this Mindia: It turns out that Mindia was held captive by the Kadjians for twelve years.
03_the_snake_eater_ge.csv,"ტყვეობამ ფრიად დაჩაგრა, სამშობლოს გარეთ ყოფნამა; მიდის დრო, განვლო მრავალმა აღდგომამა და შობამა, მაგრამ მინდიას ტყვეობას არ ექნა დასასრულია, გული დაუდნო მონებამ, ამოსვლას ლამობს სულია. აგონდებოდა თავისი ჩამოთოვნილი მთებია, ჩაბნელებული ხევები, უსწორ-მასწორო გზებია, მის ბედის მგლოვიარენი დედა, მამა და ძმებია, თავისი ქოხი მწირული, სამოთხედ მისაღებია, ეშველათ, ბევრჯელ ხატ-ღმერთსა მხურვალედ შაჰვედრებია.","Captivity oppressed him greatly, being outside his homeland; time passed, many Easters and Christmases passed, but Mindia's captivity had no end, her heart was weary of slavery, her soul yearned for a return. She remembered her fallen mountains, her darkened ravines, her uneven roads, her mother, father, and brothers mourning her fate, her humble hut, which was like a paradise, for help, she fervently prayed to many idols."
03_the_snake_eater_ge.csv,"ბოლოს სთქვა: „თავსა მოვიკლავ, ასეთს სიცოცხლეს სჯობია!“ ქაჯთათვის ცეცხლზე ნადგამი სადილად ნახა ქობია. იცოდა, გველსა ჰხარშავდენ, იმასა სჭამდენ ხშირადა; ქაჯნი ქაჯობით იტანდენ გველის მიღებას პირადა, და თავის თავზე იფიქრა, რომ ექცეოდა ჭირადა.","Finally he said: ""I will kill myself, it is better than life like this!"" He saw the snake on the fire as a dinner for the Kajis. He knew that when they cooked a snake, they often ate it; the Kajis tolerated the snake in private with great reluctance, and he thought to himself that he was being treated with contempt."
03_the_snake_eater_ge.csv,"აიღო ერთი ნაჭერი, ზიზღით, ქურდულად შეჭამა და ამ დროს მოწყალეს თვალით ტყვეს გადმოჰხედა ზეცამა: ახალად სული ჩაედგა, ახალი ხორცი აისხა; გულის ხედვა და თვალების, როგორც ბრმას და ყრუვს, გაეხსნა. ესმის დღეიდან ყოველი, რასაც ფრინველნი გალობენ, ან მცენარენი, ცხოველნი, როდის ილხენენ, წვალობენ. რაც კი რამ დაუბადია უფალს სულიერ-უსულო, ყველასაც თურმე ენა აქვს, არა ყოფილა ურჯულო.","He took a piece, ate it with disgust, like a thief, and at that moment, with a merciful eye, the sky looked down on the prisoner: a new soul was breathed into him, new flesh was poured out; the sight of his heart and the sight of his eyes, like the blind and deaf, were opened. From that day on, he could hear everything that the birds sang, or the plants, the animals, when they were born, howling. Whatever the Lord created spiritually, all of them turned out to have a language, and he was not a sinner."
03_the_snake_eater_ge.csv,"ამას ჰგრძნობს, უკვირს თითონაც ტყვეს თვის ბუნების ცვალება. შეიგნო, ჭამა გველისა ქაჯთაგან იყო ზმანება. სიბრძნე აჩვენეს გველადა, რომ ჰზიზღებოდა საჭმელად, თუმც „შენც ჭამეო, მინდიავ“, არა ზარობდენ სათქმელად.","He feels this, and is surprised at the change in his nature. He understands that eating the snake was a dream from the snakes. They showed the snake wisdom, that it was abhorrent to eat, although they did not hesitate to say, ""You eat too, I swear."""
03_the_snake_eater_ge.csv,"შეიგნო სიბრძნე ქაჯების ამიერიდამ ტყვემაო; მას მუსაიფი დაუწყო ცამ, დედამიწამ, ტყემაო. მხოლოდ ბოროტმა მის გულში ვერ მოიკიდა ფეხია, სხვა დანარჩენი ქაჯური ყველა ისწავლა ხერხია. მას აღარაფრის ეშინის, თუნდ თავს დაატყდეს მეხია. ქაჯნი ბრაზობენ, რა ჰხედვენ – გამეცნიერდა გლეხია. აღარ აშინებს ტყვეობა, აღარც ხრიკები ქაჯური, დღეს თუ ხვალ, იმედიანობს, ქაჯებს უჭიროს პანჩური.","He learned wisdom from the Kadzhis' captivity; the sky, the earth, the forest began to be his enemy. Only evil could not gain a foothold in his heart, all the other Kadzhis learned their tricks. He is no longer afraid of anything, even if lightning strikes him. The Kadzhis are angry, what are they looking at - he has become a peasant. He is no longer afraid of captivity, nor of the Kadzhi's tricks, today or tomorrow, he hopes that the Kadzhis will catch the punch."
03_the_snake_eater_ge.csv,"მალია ტყვიასავითა, გრძნეული, როგორც გველია, აღმერთებს, ნუგეშად ჰსახავს ფშავ-ხევსურეთი მთელია, გვირგვინოსანი თამარი სულ-მუდამ ამის მთქმელია: „ოღონდ მინდია თან მყვანდეს, მასთან მთიელი ერია, რაც უნდ ძალიან ეცადოს, ვერას დამაკლებს მტერია“. იცის მტრის დასამარცხები და შემმუსვრელი ფანდია; თუ დაჭრილს ცოცხალს მიუსწრო, ნუ აქვს სიკვდილის დარდია. შუაზე გაჭრილს გაჰკურნავს მის უებარი წამალი; მით არ მცირდება ომებში, მუდამ ჯარი ჰყავ მრავალი; შორს არის ამბად წასული მისი თავგადასავალი.","Malia is like a bullet, astute as a snake, she adores him, the whole of Pshav-Khevsureti is a consolation, the crowned Tamar is always saying this: “But Mindia is taking me with her, there is a mountain people with her, no matter how hard she tries, the enemy will not be able to defeat me.” She knows how to defeat and destroy the enemy; if she catches up with the wounded alive, she should not worry about death. The medicine that is cut in half heals her; she does not diminish in wars, she always has a large army; her adventures are far away."
03_the_snake_eater_ge.csv,"II. როცა კი გაზაფხულდება, გამოიღვიძებს ქვეყანა: სილაღე, სიმხიარულე დასეირნობენ ყველგანა. გაჩნდება ჩირთი, ყვავილნი ეკონებიან მწვანესა, მინდია გაფაციცებით სულ მიმოივლის მთა-ველსა. ყველა მცენარეს და მღილსა ის ეგებება სალმითა, ბუნებაც „ვაშას“ უძახის მდიდრად მორთულის ალმითა, ყვავილნი ყელ-გადაგდებით, დახატულები კალმითა, „მინდიას გაუმარჯოსო“, ერთხმად ასტეხენ ჟიჟინსა, ხეები ფოთლებს არხევენ, ბუნება იწყებს ბიბინსა, და მერე სათითაოდა ყველა მოჰყვება ტიტინსა: „მე ვარო ა მ ი ს წამალი“; სხვა გაიძახის – „ი მ ი ს ა“; მინდიაც მოსწყვეტს, თან მიაქვს, ჯერ ზედ ნამი აქვთ დილისა.","II. When spring comes, the country awakens: joy and happiness are everywhere. The grass grows, the flowers bloom in the green, the mindia walks around the mountains and fields with its hooves. It greets all the plants and trees with its greetings, and nature calls out “Vasha” with its richly decorated branches, the flowers, drawn with a pen, “Long live Mindia”, in unison, the trees shake their leaves, nature begins to hum, and then one by one everyone joins in the cry: “I am the medicine of A M I ​​S”; another one shouts – “I M I S A”; the mindia also cuts it off, takes it with them, they still have the dew of the morning on them."
03_the_snake_eater_ge.csv,"თურმე ზნედა სჭირთ ყვავილთა: ოღონდ ეწამლონ სნეულთა, სიცოცხლით გაფუფუნებულს არად აგდებენ სხეულთა; სალხინოდ ჰსახვენ, კაცთ სარგოდ, ძვალ-ხორცთა ჩამორღვეულთა. ყვავილთ ეს ზნე სჭირთ და ხეებს თურმე მოუვათ ტირილი; მარტოკა მინდიას ესმის მათი კვნესა და ჩივილი. ამისგან მისი ცხოვრება ძალიან დაცარულია: მივიდა ხესთან ცულითა, სთქვა: „უნდა მოვჭრა ესაო!“ შემოჰკრავს ცულსა და ამ დროს ხის შამოესმის კვნესაო: „ნუ მომკლავ, ჩემო მინდიავ, ნუ დამიბნელებ მზესაო, უიარაღო რომა ვარ, მიტომ მიბრიყვებ ხესაო?!.“ დაუდუნდება მკლავები, შტერად გაჰხედნებს ზეცასა. სხვა ხეს მიჰმართავს, ის უფრო მეტად დაიწყებს კვნესასა. ხელცარიელი წამოვა, ვერ მოიყოლებს შეშასა, და რომ ღველფზედა არ გაქრეს ცეცხლი, აანთებს თივასა ან ჩალას, გამხმარს ჯოყრებსა, თან მიაშველებს წივასა; თუ სად ხმელს წიწკრებს იპოვნის, არც დაიწუნებს იმასა. მაინც ღმერთს ჰმადლობს, მაინცა, საღამოსა და დილასა.","It turns out that flowers have a moral problem: they only poison the sick, they reject the bodies that are full of life; they portray them as a nuisance, as a waste for people, as broken bones and flesh. Flowers have this moral problem, and it turns out that trees have come to cry; lonely Mindia hears their groans and complaints. Her life is very empty because of this: she went to the tree with an axe, said: “I must cut this down!” She swings the axe and at that moment she hears the tree groan: “Do not kill me, my Mindia, do not darken my sun, I am an unarmed Roman, why are you tormenting me, a tree?!” She folds her arms, looks up at the sky in anger. She points to another tree, and it begins to groan even more. He comes empty-handed, unable to gather firewood, and if the fire does not go out in the firewood, he will light hay or straw, dry the sticks, and carry the hay with him; if he finds dry hay anywhere, he will not refuse it. Still, he thanks God, still, in the evening and in the morning."
03_the_snake_eater_ge.csv,"სხვებსაც მას ურჩევს: „კაცებო, მოდით, ნუ ჰშვრებით ცოდვასა; ნუ მასჭრით ხესა, დავჯერდეთ ჯოყრებს, ხმელს წიწკრებს ცოტასა“. არავინ უსმენს, არქმევენ ამ გვარს მის რჩევას ბოდვასა: – „ღმერთს ჩვენთვის გაუჩენია სარგოდა, მოსახმარადა!“ და დღესაც არავინ ჰზოგავს ვერხვ-წიფელს მოსაკლავადა.","He advises others: “Come, men, let us not be consumed by sin; let us not cut down trees, let us be content with sticks, with a few dry twigs.” No one listens, they call this kind of advice a delusion: – “God has created a garden for us, to use!” And even today no one spares the need to cut down poplars and birches."
03_the_snake_eater_ge.csv,"III. როცა ყანის მკას დაიწყებს, გიჟია, გადარეული: ერთს ფეხს აქ მოსჭრის, ერთს იქა, საგულე-ჩამოხეული; სულ გადასთელავს ყანასა, გაჰბურდღნის, გაატიალებს, მინამ ღონე აქვ მკლავშია, ციბრუტივითა ტრიალებს, და როცა დაიქანცება, გაიშხლართება მიწაზე.","III. When he begins to reap the harvest, he is mad, delirious: he cuts off one leg here, another there, his heart is torn out; he tramples the whole field, he thrashes about, he makes noise, he is in a state of fatigue here and there, he spins like a gypsy, and when he is exhausted, he collapses on the ground."
03_the_snake_eater_ge.csv,"რო ჰკითხოთ: „ასე რად სჩადი?“ ის გიპასუხებსთ იმაზე: – რას ამბობთ, კაცნო, არ გესმისთ, მიტომ მიწუნებთ ქცევასა. ის როდი იცით, თავთავნი როგორ მიწყებენ ხვეწნასა; უნდა იცოდეთ, ჰხედავდეთ თავთვების ყელის წევასა, ათი-ათასი ყოველ მხრივ რომ დაიქუხებს ერთადა, – ხელ-ნამგლიანი როცა ვარ, მნახავენ თავის ღმერთადა: – „არა, მე მომჭერ, მინდიავ, ნუ მტოვებ, შენი კვნესამე!“ „არა, მე, – სხვა გაიძახის, – უფრო მაშინებს ზეცა მე. პატარა ნისლიც რო ვნახო, ჩამოვიშლები ტანითა. ვაი თუ სეტყვა მოვიდეს, ყელი გამომჭრას დანითა“. სხვა უფროც ჰყვირის: „ნუ მწირავ, იხარე თავის ჯანითა!“ გამაგიჟებენ ბოჟირით, გადავირევი ბრალითა: ვცდილობ და ყველას ვერ ვწვდები ორის ხელით და თვალითა და ამ დროს თავადაც ვხდები მოსაბრუნები წყალითა. ყანასა სეტყვა აშინებს, – კაცთ უსაზრდოოდ დარჩენა, თორემ ვით ნამგალს, სეტყვასა სით შაუძლიან წახდენა?!. კაცთ სარგოდ თავსა ჰზოგავენ თავთავნი ოქროს ფერანი, – არ სწადით ოხრად ლპებოდენ, ჰკენკდენ ყვავნი და ძერანი. მიტომ ჩქარობენ მომკასა, ერთად ჟივიან ყველანი, ჰსურთ პურად იქცნენ, საჭმელად, რომ მითი გაძღნენ მშიერნი, – მკვდართ კაცთა შანდობა ვუთხრათ, ძალნი ვახსენოთ ციერნი.","If you ask: “Why did you do this?” he will answer you: – What are you saying, man, you do not understand, that is why you hate my behavior. You do not know how the heads begin to beg me; you should know, if you look at the throats of the heads, when ten or a thousand will be bent together on each side, – when I am with a sickle in my hand, they will see me as their god: – “No, I will hold you, I pray, do not leave me, your groan!” “No, I,” another will cry out, – the sky is more terrifying to me. If I see even a small mist, I will fall down with my body. Alas, if hail comes, it will cut my throat with a knife.” Another will cry out even more: “Do not sacrifice me, rejoice in your life!” They drive me mad with madness, I am overcome with guilt: I try and I cannot reach everyone with both hands and eyes, and at this time I myself become a flood of water. The hail is frightening the fields, - people are left without food, otherwise they can be killed like a sickle, by hail?!. People are saving their heads for the sake of their gold, - they do not want to rot in the ochre, the flowers and the trees are dying. Therefore they hurry to the meadow, they all live together, they want to become bread, to eat, so that the hungry may be satisfied, - let us tell the dead the glory of men, let us remember the powers of the heavens."
03_the_snake_eater_ge.csv,"IV. ხატობა ჰქონდათ ხევსურთა, ლუდის სმა არი, ღრეობა. დიდს მლოცავს მოიპატიჟებს გუდანის ჯვარის დღეობა. ხალხია დაჯერებული, ბჭობენ უფროსნი მრავალსა: ზოგნი ამბობენ სხვის ამბავს, სხვანი – თავგადასავალსა; ამბობენ ვაჟკაცობისას, თოფისასა და ხმლისასა, ჯაჭვის მჭრელს წელზე ვინ ირტყამს, ყველა აქებდა იმასა. უსმენენ მოწიწებითა, თუ ვინ რას იტყვის ცდისასა. თანაც გააბეს მსჯელობა გველის-მჭამელის ცოდნაზე, ხის მჭრელის, ბალახთ მთიბელის, მათ ჩანადინარს ცოდვაზე.","IV. They had the Khevsurs' image, beer drinking, and revelry. The great one will be invited to the feast of the Cross of the Forge. The people are convinced, the elders are talking about many things: some tell someone else's story, others - about adventures; they say about bravery, about the gun and the sword, about the chain cutter, everyone praised him. They listen with reverence to what each one will say in the trial. Moreover, they have discussed the knowledge of the snake-eater, the woodcutter, the grass cutter, and the sin of their prey."
03_the_snake_eater_ge.csv,"ჩალხია ეტყვის კრებასა: „მიკვირს ეგ თქვენი ფიქრია, წინავაც ბევრჯელ გითხარით, ეხლაც იმასვე ვიტყვია: ენა თუ ჰქონდეს ხე-ქვათა, ჩვენც რად არ გაგვიგონია? ჩვენს სატყუებლად მინდიას სიცრუე მოუგონია. ჩვენც მისებრ კაცნი არა ვართ, ჩვენც ყურები გვსხავ, მგონია?! მე სამალავად არ ვამბობ, თითონაც მისდის ყურშია; თუ ამას მართალს არ ვამბობ, იფიქროს თავის გულშია. ვსთქვათ, სიბრალული კარგია ხე-ქვა-ბალახთი, ცხოველთი… კაცის კვლა ყველასა სჭარბობს, თუნდ მტერი იყოს ყოველთი. მაშ აღარც კაცს უნდა ვკლავდეთ, გეტყვით, მისმინეთ, მე რასა: მტრისას, ხმლით ნაჭერს, მინახავ, მინდია სდგამდეს გორასა. რად სჩადის ამას, ხომ რჯულიც კლვისას არ გვაძლევს ნებასა, მაგრამ ვკლავთ იმას, ვინაცა ჩვენსა დაარღვევს შვებასა, ან მამულს გვართმევს, ან ცოლსა, ან გვიშლის რჯულის ცნებასა. მაშინ არც ღმერთი გვიცოდვებს მტრისად შაქცევას ხელისას, ეგრევე, ოღომც ვიცხოვროთ, მოჭრას წიფლის და თელისას“.","Chalkhia will say to the assembly: “I am surprised that you think so, I have told you many times before, and now I will say the same: if trees and stones have a language, why haven’t we heard it? Mindia has invented lies to deceive us. We are not men like him, do you think we are pricking our ears?! I am not saying this in secret, it is in his ears; if I do not say this truthfully, he thinks in his heart. Let us say that pity is good for trees, stones, grass, animals… The killing of a man surpasses all, even if everyone is an enemy. So we should not kill a man anymore, I will tell you, listen to me, what do I do: cut off a piece of an enemy with a sword, you will see, Mindia stands on the hill. Why does he do this, after all, the law does not allow us to kill, but we kill that, ""Whoever violates our peace, or takes away our land, or our wife, or deprives us of the concept of the law. Then God will not allow us to become enemies, even if we live in a state of ignorance, to cut down the beech and the fir."""
03_the_snake_eater_ge.csv,"– არ სტყუის, არა, ჩალხია, მინდია ცრუობს სწორედა, ათასნაირი ტყუილი თვალწინ აგვიგო ყორედა, – ამბობდენ ხალხში ზოგები გაუბედავად, დონედა.","""He's not lying, no, he's a fool, he's lying, that's right, he told us a thousand lies right in front of our eyes,"" some in the crowd said, hesitantly, in a low voice."
03_the_snake_eater_ge.csv,"– მაგ ფიქრს რომ მივყვეთ, შენს მტერსა, როგორღა გვეცხოვრებისა? ის რად ვიცოდვოთ, უფლისგან რაიც არ გვეცოდვებისა?!. თემთ რო გვარიგებს მაგაზე, ძალიან ცუდად შვრებისა. კარგთაგან იმედი გვაქვის მუდამ შველის და რგებისა და არა ჩვენის დაღუპვის, ჩვენის ცხოვრების ვნებისა!.. – ეს იყო გამონასკული აზრი ხევსურთა კრებისა…","– If we follow that thought, your enemy, how can we live? Why should we sin, when we do not know what the Lord has done to us?! The communities that teach us about it are very bad. We always hope for the good, for salvation and prosperity, and not for our destruction, for the passion of our lives!.. – This was the original thought of the Khevsur assembly…"
03_the_snake_eater_ge.csv,"მინდია იქავე იჯდა, თვალთაგან ცრემლი სდიოდა. არვინ იცოდა, თუ იმას გული რისაგან სტკიოდა. თვალნი მიეპყრნო ერთს მხარეს, ხალხისა არა ესმოდა; გამოერკვია ფიქრიდან, როცა ბერდია ეტყოდა: – რად არ ყურს გვიგდებ, მინდიავ, ნეტავ რისათვის სტირია? ეს არც კი მიკვირს შენგანა, არც სხვისგან გასაკვირია – ერთს წამში ცხრაჯერ შასცვალო გლოვა-ტირილზე ლხინია. – და მთელმა ხევსურთა გუნდმა მინდიასკე ქნა პირია…","Mindia was sitting there, tears streaming from her eyes. No one knew what was hurting her heart. She turned her eyes to one side, not hearing the people; she was pulled out of her thoughts when Berdia said: – Why don't you listen to us, Mindia, what are you crying for? I'm not surprised by this, nor is it surprising by anyone else – someone who cries nine times in a second is happy to hear her cry. – And the entire Khevsur team turned their faces to Mindia..."
03_the_snake_eater_ge.csv,"– ჰო და სთქვი, – კვლავ სთხოვს ბერდია, – გულზე რა ჭირი გჭირია? – აგერ იმ ჩიტებს ყურს ვუგდებ, – თითით უჩვენა ჩიტებზე, ორნი ფრთებ-ჩამოშვებულნი იფნის ქვეშ ისხდენ სიპებზე. – ერთი მეორეს უამბობს სიკვდილის ამბავს შვილებზე; მარცხნით მჯდომარე დედაა, მარჯვნისკე – ამბის მთხრობელი, თქვენს მტერს, რომ გულ-მოკლულადა შვილებსა ტირის მშობელი.","“Yes, and tell me,” Berdia asks again, “what is troubling you?” “I’m listening to those birds,” he pointed to the birds, two of them sitting on their perch under the ash tree with their wings down. “One is telling the other the story of the death of her children; the one sitting on the left is the mother, the one on the right is the storyteller, telling your enemy that the mother is crying for her children with a broken heart."
03_the_snake_eater_ge.csv,"ჩიტებს ეხლაღა შესცქერის ხევსურთა კრება სრულია, ჩიტთაგან ერთი იმ დროსა, თითქო მოჰსვლოდეს რულია, სიპიდან დაბლა დაეცა და განუტევა სულია. რომელი მოკვდა ორთაგან, ამის გაგება – რჯულია! ხევსურთ შაჰხედეს ერთმანერთს გაოცებულის თვალითა; ნუ თუ ასეთი ცოდნაო იქნება კაცის ძალითა? დარწმუნდენ იმის ცოდნაში, საქმე წინ ედვა ყველასა, მაგრამ ნაგრძნობსა გულითა გონებით ჰშველენ ვერასა: ბალახსაც სთიბენ, ნადირს ჰკვლენ, შეშით ანთებენ კერასა. ქათმის ხორცს რა შეაძულებს, თქვენვე მითხარით, მელასა?! ვინ ჩამოჯდება ღველფზედა, თუ ზედ არ ჰხედავს ძელასა?!.","The Khevsur assembly is now full of birds, one of the birds, as if they were flying, fell down from the sky and gave up its spirit. Which of the two died, it is a matter of law to know! The Khevsurs looked at each other with astonished eyes; Can such knowledge be achieved by human power? They are convinced of the knowledge that the task is ahead of everyone, but they help Vera with their hearts and minds, feeling: they also cut grass, kill game, light the hearth with firewood. What can a fox hate chicken meat, tell me yourself?! Who will sit on a log if he does not see the stake above?!"
03_the_snake_eater_ge.csv,"V. ბევრჯელ მოუნდათ ლაშქრობა ლეკ-სპარსებ, ქისტებ, თურქთანა, გამარჯვებულნი მოდიან ხევსურეთს ვაჟნი მუდამა. ზღუდე გამაგრდა ქართლისა, მტერს შაუკერეს სუდარა. ერი თუ მტრის მძლეველია, მის მეტი არა უნდა რა. მანამ მინდია ჰბელადობს, ხევსურებს არა უშავთ რა, ვეღარვინ ჰბედავს რჩოლასა, მყუდროობაა ყველგანა… ნეტავი იმას, ვისაც კი მადლიერი ჰყავს ქვეყანა.","V. Many times they wanted to march against the Lek-Persians, the Kists, and the Turks, the victorious men of Khevsureti always return. The walls of Kartli are fortified, the enemy is a sword of Shaukere. If a nation is victorious over the enemy, nothing more is needed. As long as Mindia rules, the Khevsureans are not harmed, no one dares to rebel, there is peace everywhere... Blessed is he who has a grateful country."
03_the_snake_eater_ge.csv,"VI. ფრიალო კლდის თავს სახლი დგა, ცას ებჯინება ბანითა, ირგვლივ მთებია დიდრონი, აყრილნი სრულის ტანითა, გადალესილნი თოვლითა, მოუღალავნი ჯანითა. ერთხელ თუ ჰნახე ამგვარად, სულ გინდა ჰსინჯო თვალითა. იმაზე ლამაზებია, როცა ჰღელავენ მწვანითა. თუნდ მზე დაადგესთ გულ-მკერდზე, ზვავი სდიოდესთ ჭექითა, – ახველდებიან ხევები, ვით ავადმყოფნი ჭლექითა, მაინც სიტურფე იმათი ნაკურთხი არის ზეცითა. ბევრჯელ დაჰბრუნავს თავზედა გრილი ნიავი კვნესითა. ზაფხულში შავი ღრუბლები სანთლებს უნთებენ კვესითა. იქ ხომ ხვნით არავინა ჰხნავს, არც ვინ რას სთესავს თესითა, მარტო ჯიხვები დადიან კლდეებზე რქების ლესითა. და სალნი კლდენი, პირ-ქუშნი, უფსკრულს ჩასულნი ფესვითა, არც რო სულზედა ფიქრობენ, არც სუქდებიან ლეშითა, უსალმო-უალერსონი, გამომზირალნი ბრეშითა.","VI. A house stands on the top of a rocky cliff, its roofs reach the sky, and all around are large mountains, covered with snow, and tireless in spirit. Once you have seen it like this, you want to taste it with your eyes. It is even more beautiful when it is green. Even if the sun sets on your chest, and an avalanche rolls down with thunder, the ravines cough, as if sick with a cold, still the peat is blessed by heaven. A cool breeze often turns its head with a sigh. In summer, black clouds light candles with ashes. No one plows there, nor does anyone sow anything with seeds, only deer walk on the rocks with the ashes of their horns. And the salt rocks, the mouths of the scoundrels, with their roots in the abyss, neither thinking of the soul, nor fattening on carrion, without salt, are torn by the breach."
03_the_snake_eater_ge.csv,"სახლზე კოშკია მიდგმული, შემურვილია ბოლითა, დღე-მუდამ შაძრწუნებული ჯაზეირების სროლითა. რა დაასვენებს საბრალოს, მინამდე ირგვლივ მტრებია, მინამდე შურის ძიება კაცის ტომს გულში სდებია, ნასროლი ტყვია მტრისაგან მკერდზე მრავალი სცხებია!","A tower is built on the house, it is covered with bullets, it is constantly shaken by the shots of the jazers. What will give the poor man rest, there are enemies all around him, the search for revenge is in the heart of the human tribe, there are many wounds on the chest from the enemy's bullets!"
03_the_snake_eater_ge.csv,"სახლიდან ისმის ჯავრობა, ხმა კამათობის, წყრომისა; ბევრნიც არავინ არიან, – საუბრის კილო ორისა. ღველფზედა ცეცხლი ანთია, გაჩაღებული შეშითა, იქით მხარეზე დიაცი მოჩანს ბალღების გვერდითა, აქეთ მარტოკა ხევსური ბევრს რასმე მოსთქვამს ხვნეშითა.","From the house comes the sound of quarreling, of anger; many are no one, - a mere whisper of conversation. A fire is burning on the hearth, blazing with firewood, on the other side a lone wolf is seen beside the children, here a lonely Khevsuri is saying something to many in a low voice."
03_the_snake_eater_ge.csv,"(ქმარი) ის დღე გაშავდეს, რას დღესაც შენ მე დაგისვი ცოლადა. მინამდე კაცი არ მაჩნდა მიწაზე თავის ტოლადა. სრულ შენგან გავხდი, წყეულო, უგერგილოდ და ყროლადა. რა ვარ? განაღა კაცი ვარ, ღირსი, ცის ქვეშე ვიდოდე?! იმადვე ყოფნის, რაც ვიყავ, ნეტავ წამალი ვიცოდე!.. ფუჭია ჩემი სიცოცხლე, დღეს მჯობ შავის კლდის ლოდია, თქვენგან მჭირს ჭირი უწამლო, უფალს თქვენგანა ვცოდია. შვილებიც ჭირად გამიხდა, შამაცვლევინეს ფიქრია, დაკარგულს სულს და ხორცზედა ეხლა დღე და ღამ ვტირია.","(Husband) May the day be dark, when you married me today. Until now, I have not had a man on earth like you. I have become completely cursed, unworthy and worthless because of you. What am I? Am I a man, worthy, to walk under the sky?! I will remain as I am, if only I knew the medicine!.. My life is in vain, today I would rather be a black rock, I suffer from you, a disease without poison, I suffer from you, the Lord. My children have also become a disease, the thought of Shamatslevin, now I weep day and night for my lost soul and flesh."
03_the_snake_eater_ge.csv,"(ცოლი) მე რად მაბრალებ თავის ბრალს, შინ როს მოგივედ ძალითა? გზად არ მიტევდი მიმავალს, მავსებდი ცოდვა-ბრალითა: „მზიავ, ძალიან მიყვარხარ“, ცრემლებს აბნევდი თვალითა და ჩემს ძმათ ჩემის გულისად შინ უხდებოდი ხმალითა. წინაზე ტკბილი შაქარი ეხლა გემწარე რისადა? ან შვილთა ყოლას რად ჰგლოვობ, მდურვას რად იტყვი ღვთისადა?! თავისი ცოლი და შვილი ვის გადაუგდავ სხვისადა? ჩვენ რადა გვსახავ მიზეზად შენის გუნების ცვლისადა?","(Wife) Why do I blame myself for my sins, when I forced you to come home? You did not leave me on the way, you filled me with guilt and sin: ""My dear, I love you very much,"" you wiped away tears with your eyes and, for the sake of my brother, you fought me with a sword. Why is the previously sweet sugar now bitter to you? Or why do you mourn the birth of children, why do you say goodbye to God?! Who would give his wife and child to someone else? Why do you consider us the reason for your change of heart?"
03_the_snake_eater_ge.csv,"(ქმარი) იმიტომ, უჭკო დიაცო, რომ სწუწუნებდი, სჩიოდი: „სიცივე ბალღებს მილევსო“, შვილ-მამკვდარივით ჰკიოდი: „ბერდიას რამდენ შეშა აქვ, როგორს ცეცხლს ანთებს, ჰნახოდი“, ცხოვრების მაგალითადა ბრიყვები დამისახოდი. გულზე მოსაყვანს ქართულსა ჩემს გასაგონად ამბობდი, გეწადა კაი ცხოვრება, მოწამლულს ქადას აცხობდი. და მეც დღეს-ხვალეობითა, ცოტ-ცოტად, ნელაობითა დავიწყე თავის რწმენასთან მოქცევა მელაობითა: დღეს მოვჭერ ერთი ჭანდარი, თუმც მემუდარა ბევრია: „რად სჩადი მაგას, მინდიავ, ვითომ არ იყავ მტერია?!“ ხვალ ორი მოვჭერ, და ასე გული ჩავიდევ ქვისაო, რომ სულ აღარა მეგრძნო რა, ძალაც ვითხოვე ღვთისაო. შენ ჯიხვის ხორცსა ჰნატრობდი, თუ ვის მოკლული გსმენია, რამდენჯერ ჩემი გულ-მკერდი ამ ჩივილს გაუსენია: „ყმაწვილნ უხორცოდ დაზდილნი რა ვაჟკაცობას იზამენ? არსად არ გამიგონია ასრე გაზდილი სხვისა მენ“. ახ, რატომ ამის თქმამდინა არ დაგეყარა მიწა შენ!.. მეც მივყევ – ვხოცე ნადირი, გასუქ-გალაღეთ ლეშითა, თავის ბალღებით ჰხარობდი, მე დავრჩი თავის ტეხითა. სჯობდა კი ასე გახდომას გავთაულიყავ მეხითა; დაკარგულს ვეღარ მოვხელავ ვერა რომელის ხერხითა.","(Husband) Because, you foolish old man, you complained, complained: “The cold is killing my children,” you cried like a dead child: “How much firewood Berdia has, how much fire it lights,” you used to set me up as an example of life, fools. To bring it to my heart, you used to say in Georgian for me to hear, you wanted a good life, you used to bake a poisoned cake. And I, too, day by day, little by little, slowly, began to turn to my faith like a fox: today I will cut one stick, although I have many desires: “Why did you do that, my dear, pretending not to be an enemy?!” Tomorrow I will cut two, and so my heart will become like stone, that I will no longer feel anything, I even asked God for strength. You longed for the flesh of a deer, if you have ever heard of anyone killed, how many times has my heart and soul been filled with this complaint: “What kind of bravery can young men, who are born without flesh, do? I have never heard of anyone else’s slaughter.” Oh, why didn’t the earth throw you down to tell me this!.. I too will do it – I will kill the game, fatten you up with the carcass, rejoice in the head’s young, I will remain with the head’s head. It would be better to be struck down with lightning than to be like this; I will not be able to find the lost by any means."
03_the_snake_eater_ge.csv,"(ცოლი) ან შენ რა გიჭირს ისეთი, თავს რად იტკივებ ძალადა; შეშის ჭრას, ნადირთ ხოცვასა სხვან რად არ სთვლიან ბრალადა?","(Wife) Or what is wrong with you, why do you hurt yourself so much? They don't consider cutting firewood, killing game, or anything else a crime?"
03_the_snake_eater_ge.csv,"(ქმარი) არ იცი, არა, ჭკვა-თხელო, ყბედო, ზეზერე მგრძნობარევ, თავისა სასიამოვნოდ წუთისოფლისა მცნობარევ! არა ღირს იმად – ვიგლოვო თვისი ცოდნა და ძალია, რომ ჩემთან ერთიც მათგანი, ბრიყვო, აღარსად არია?!. არ უღირს, მკვდარმა იცოდეს თავის სიკვდილი, – მკვდარია, იგლოვოს თავისი თავი, თვის ყოფნა შესაზარია? სხვა ყოფნა, ამაზე მწარე, მიპოვნე შესადარია! ამ გვარი მკვდარი დღეს მე ვარ, სხვა მკვდრებს რა უჭირთ მკვდრობითა! არიან მოსვენებულნი, არაფერს გრძნობენ გრძნობითა. რითიღა ვარგო ქვეყანას, დავცარიელდი ცოდნითა: ყვავილნი არას მეტყვიან, აღარც ცნობა მაქვს იმათი; განა მეტიღა იქნება კაცმა თავს უგდოს ხიფათი? აღარა მესმის ფრინველთი, აღარა მესმის ყანისა, აღარ მსმენია მას შემდეგ ტკბილი სალამი მწვანისა. ეს არაფერი, სხვაფრივაც აღარ ვვარგივარ არადა; გინდა აქ ვეგდო მთაშია, გინდა ჩავიდე ბარადა, ჩემ ფერას უკეთურებსა არვინ იყიდის ჩალადა. ვეღარას ვარგებ ქვეყანას მტრის მამგერებელს ჯარშია, მიტომ, რომ წინანდებული ცნება აღარ მაქვს თავშია. რატომ მალედვე არ გაქრა ჩემი ვარსკვლავი ცაშია! დღესნამდე მტრები შინაით ვერა ძვრებოდენ კარშია შიშით, და ეს რომ გაიგონ, მოვლენ, მიწა-მტვრად გვაქცევენ, ჩვენ სახლებს, ციხე-კოშკებსა ნაოხრად გადააქცევენ. ცოცხალი ამას ვერ ვნახავ, თქვენი დღეც გათაულია, თქვენგან დავკარგე გონება, წმინდა გავყიდე რჯულია… ახლა ქვეყანაც დავღუპო, თქვენ პირში გედგასთ სულია!.. ან მე რად მინდა სიცოცხლე, ან თქვენ გაცოცხლოთ რაღადა, თუ მთელი ჩემი არსება აღარ იქნება საღადა?!. ან აქ რა პირით ვიცოცხლო? თავს რით ვიმართლებ ღმერთთანა? ყველასთან შარცხვენილი ვარ – ცოცხლებთანა და მკვდრებთანა. რისთვისღა მინდა აბჯარი, რისათვის მინდა ხმალია, თუ კი ჩემს მტრისად დაკრულსა აღარ ექნება ძალია?! ამ მიწის ამონაცენი ჩემი სესხი და ვალია, როგორღა ან პური ვჭამო, როგორ დავლიო წყალია?!","(Husband) Don't you know, no, you clever, talkative, sensitive, knowing the world to your own pleasure! Isn't it worth it – to mourn your own knowledge and strength, that not one of them is with me, you fool, anywhere?! Isn't it worth it for a dead person to know his own death – he is dead, to mourn his own existence, is his existence terrible? Find another existence, more bitter than this, that compares to me! I am the dead person today, what trouble do other dead people have with their mortality! They are at rest, they feel nothing with their senses. What good am I to the world, I have become empty of knowledge: flowers will not say no to me, I no longer have any knowledge of them; will a man be more likely to throw himself into danger? I no longer hear the birds, I no longer hear the corn, I have not heard the sweet greeting of the green since then. This is nothing, I am no longer fit for anything else; whether I want to live here in the mountains, or go down to the forest, no one will buy my color for straw from the wicked. I am no longer fit for the country, for the enemy is in the army, because I no longer have the concept of the past in my head. Why has my star not disappeared in the sky sooner! Until now, the enemies have not been able to move from house to house in fear, and if they hear this, they will come, they will turn us into dust, they will turn our houses, castles and towers into ruins. I can't see this alive, your days are over, I've lost my mind to you, I've sold the holy law... Now I'll destroy the world too, you have a soul in your mouth!.. Or why do I want to live, or why should you live, if my whole being will no longer be worthless?! Or with what mouth can I live here? How can I justify myself to God? I'm ashamed of everyone - the living and the dead. Why do I want armor, why do I want a sword, if the one who has become my enemy will no longer have power?! The destruction of this land is my debt and debt, how can I eat bread, how can I drink water?!"
03_the_snake_eater_ge.csv,"ადგა და გულხელ დაკრეფით გამოეფარა კარზედა. მთათ რომ შეჰხედა მაღალთა, დაიქვითინა მწარედა. მთანი ჩამოშრენ, პირ-თავქვე ქოთით მოდიან ღვარები, ხევებში ზვავი შათხელდა ვეშაპის მინაგვარები. აჩქამდა ბუერაზედა ანკარა წვიმის ცვარები, ველებზე ბზინვენ ყვავილნი – თამარ-დედოფლის თვალები. კლდის პირზე მოსულს პირი-მზეს გულ-მკერდში ვენაცვალები!.. მთაზე უვნებლად გადმოხდენ პირ-იქითული მგზავრები. მთის კალთებს ჰშვენის ცხვარ-ძროხა, როგორც ლამაზს ქალს ხალები; გაცოცხლებულა მთა-ბარი ზამთრისგან დანაწვალები. ქვეყნად ბევრია ბეჩავი, ბევრია შასაწყალები, ერთი რო ვნახოთ, სხვას ბევრსა ვერ ჰხედვენ ჩვენი თვალები!","He stood up and covered himself with a blanket. When he looked at the mountains, he felt a pang of sadness. The mountains were falling, torrents were pouring down their faces, and in the ravines, avalanches like whales were rolling. The raindrops on the banks of the river were dripping, and flowers were shining in the fields - the eyes of Queen Tamar. Having come to the edge of the cliff, we will exchange the face of the sun for the heart and chest!.. The travelers who had come to the mountain safely descended from the mountains. Sheep and cows adorn the mountain slopes, like moles on a beautiful woman; the mountains, scorched by winter, have come to life. There are many poor people in the world, many poor people, if we see one, our eyes cannot see much else!"
03_the_snake_eater_ge.csv,"სოფლებში ხმაურობაა, ძახილ-ძუხილი დიდია: „გააგებინეთ, სად არი გველის-მჭამელი მინდია; ქისტების მოდის ლაშქარი, არღუნს ჩატეხეს ხიდია, დახვედრა მტრისა, ვაჟებო, ეხლა ჩვენზედა ჰკიდია!“ დიდი მზადება შაექნათ, ხალხი ზღვასავით ღელავდა, საით მხარესაც გაჰხედავ, თოფი და ხმალი ელავდა. კარგა ხანია ხევსურნი მტრის რაზმებს აღარ სცელავდენ, მათ აოხრებულს ბანაკსა უწყალოდ აღარ სთელავდენ; ომისკე დამშეულები ძლივს მოელიან დილასა, ყველას ისა აქვს გულშია – ბელადს ვინ მოჰკლავს წინასა, თავსა და მარჯვენას მასჭრის, შინ მოვა სახელიანი, საკარგყმოდ თასი მიერთმის ხატობას სანთლებიანი. გვარიც დარჩება იმისი სამუდმოდ საქებიანი. ციხე-კოშკებში შადიან დიაცნი ბალღებიანი; მზად შაუნახეს ქმარ-შვილთა გუდები საგძლებიანი.","There is a lot of noise in the villages, the shouts are loud: ""Let them know where the snake-eater Mindia is; the army of Kists is coming, the bridge over the Arghun has been broken, the enemy's arrival, boys, is now hanging over us!"" Great preparations are being made, the people are as excited as the sea, wherever you look, rifles and swords are waiting. For a long time, the Khevsurs have not attacked the enemy's troops, they have not mercilessly trampled their devastated camp; those who are ready for war can hardly wait for the morning, everyone has one thing in their hearts - who will kill the leader in front, cut off his head and right hand, will come home with a name, a cup of good luck will be added to his image with candles. His name will remain forever praised. In the castles and towers, the Diats are happy with their children; The groomsmen and children were ready to meet."
03_the_snake_eater_ge.csv,"VIII. ბინდდება. ბნელი ხევები იმურებიან შავადა. თვალს ისე ეჩვენებიან, თითქო გამხდარან ავადა. მთები მაღლები, კლდეები, ლაღი არაგვი თავადა – მოწყენილია სუყველა, ვხედავ, ჩუმადა ტირიან. მხოლოდ თამამად შიკრიკნი სოფლითი-სოფლად ყვირიან: „ვინაც ხვალ ლაშქარს დააკლდეს, ამოვარდებამც ძირიან!“","VIII. It is getting dark. The dark ravines are turning black. They seem to the eye as if they have become thin. The mountains are high, the rocks, the beautiful Aragvi River itself – everyone is sad, I see them crying silently. Only the brave Shikriks shout from village to village: “Whoever misses the army tomorrow, will be defeated!”"
03_the_snake_eater_ge.csv,"გარეთ აღარსად ცეცხლი ჩანს, არ ისმის სტვენა წყემსისა, კარში აღარა დასტოვეს დანაფასები ნემსისა. სოფლად მილაგდენ ყველანი, კოშკ-ციხეები ჰფარავენ, ცხვარ-ძროხას, საგანძურებსა ფარულს ალაგას ჰმალავენ.","There is no fire outside, no whistle of a cow is heard, no valuable needle is left at the door. Everyone is wandering in the countryside, hiding in towers and castles, hiding sheep and cows, hidden treasures in the fields."
03_the_snake_eater_ge.csv,"ცოტა რამ მკრთალი ნათელი ხახმატს ხატშია ჩნდებოდა, სანთლები ენთო ყორეზე, ალი იფნებსა ჰხვდებოდა, ხან ცისკრად გამოაშუქის, ხან კი მინელდის, ჰქრებოდა, სულ-მაბრძოლ სნეულსა ჰგავდა, ტანჯვა-ვაებით კვდებოდა.","A faint light appeared in the icon of Khakhmat, candles burned on the altar, the flame met the ashes, sometimes illuminating the dawn, sometimes fading, it looked like a patient who was fighting, dying in agony and pain."
03_the_snake_eater_ge.csv,"სხვა იქ კაცის ძე არა ჩანს, ორნი ჰყუდიან ველზედა, ერთს სისხლიანი ხანჯარი უპყრავ, სისხლი აქვს ხელზედა; მათ წინ დაკლული კურატი წამოწოლილა გვერდზედა.","No other son of man is seen there, two are lying on the field, one is holding a bloody dagger, blood is on his hand; in front of them lies the slain priest on his side."
03_the_snake_eater_ge.csv,"ბერდია (ხევისბერი) წყალობა მოგცეს, მინდიავ, იმ გულზედა და წესზედა, რა ფიქრითაცა სწირავდე, იმედოვნებდე ღმერთზედა; ნუმც მოგეშლება სახელი, მინამ ხმალი გრტყავ წელზედა. იმედო ხევსურეთისავ, მწყალობელიმც გყავ ჯვარია, მუდამამც გამარჯვებული მიგყავ და მოგყავ ჯარია! მგონია, მეათე დაჰკალ წელსა, გასწყვიტე ძროხები, რას ეხვეწები მაგდენსა, რა გაქვის შანაცოდები? ერთი წესია, ორიცა, შენ ხვეწნა მეტის-მეტია. ნურასამც ვაწყენ ამით ღმერთს, რაც ეხლა დავიყბედია.","Berdia (Khevisberi) May mercy be bestowed upon you, Mindia, on that heart and on that rule, with whatever thought you sacrifice, trust in God; let not your name be destroyed, for I am striking a sword against my waist. Hope of Khevsureti, the merciful one has a cross, He always leads you victorious and leads you as an army! I think it is the tenth year of the year, you have slaughtered the cows, why do you beg so much, what do you say you are asking for? There is one rule, two, you are asking too much. Let me not offend God with what I have just said."
03_the_snake_eater_ge.csv,"(მინდია) ყევარი ხარი კიდევ მყავ, სამი თუ ოთხი ფურები, იმათაც აუსახელებ, ოღომც მამირჩეს წყლულები.","(Mindia) I still have a pair of bulls, three or four of them, you can't even tell me about those, but they're still sore from my father's wounds."
03_the_snake_eater_ge.csv,"(ბერდია) რა წყლული, კაცო, შენ წყლული ჩვენ არვის გაგვიგონია, შენ წყლულიანებს სხვებს არჩენ ათასობითა, მგონია.","(Berdia) What a sore, man, we've never heard of your sore, you've had thousands of sores, I think."
03_the_snake_eater_ge.csv,"(მინდია) სხვა რამ საქმეა, ბერდიავ, ადვილ ვერ ვიტყვი იმასა: თავის მარცხს კაცნი ვერ ვიტყვით, ჩქარა ვიუბნებთ სხვისასა. ფულის პატრონნი, თუ იცი, ყველგან გაჰხსნიან ქისასა? ხვალ, ხვალე-ზეგავ გაიგებთ, მაცნე რო მოვა მთისასა.","(Mindia) It's a different matter, Berdyaev, I can't say that easily: we can't admit our own failures, we're quick to blame others. Do you know that the owners of money will open their wallets everywhere? Tomorrow, the day after tomorrow, you'll hear that the messenger will come to the mountain."
03_the_snake_eater_ge.csv,"(ბერდია) შენა ხარ ჩვენი იმედი, ხევსურთ დავლათიც შენთანა. ჩვენა გვწამ, შენაც ხომ იცი, რომ ჰლაპარაკობ ღმერთთანა, ხატიც გამმარჯვედ დაგყვების, კარგად იციან ყველგანა. ნუმც მოგეშლება დავლათი წმინდის გიორგის ძალითა, ნუმც გაგვიმეტებს უფალი, არ გიმფარველოს კალთითა. აიღო თასი ხელშია და კვლავ დაიწყებს ბერდია: „სადიდებულო გიორგის და სამწყალობლო შენია!.. შენ მეშველიმც-ა, რაც უფალს ხატები გაუჩენია, შენი მერჩოლი, ცოცხალი ერთიც ნუ დაურჩენია. ხვალ თუ ხვალე-ზეგ უცილოდ ომი გვექნება მტერთანა, მანამ ცოცხალი გვყევიხარ, რას გახდებიან ჩვენთანა?!“ ეს რომ სთქვა, მლოცავს თვალები აევსო ცხელის ცრემლითა, არ შამნიშნოსო, მობრუნდა და მოიწმინდა ხელითა. დაემხო საჯარის წინა, როგორც მოჭრილი ცელითა ჯოყარი რამა, თუ ფიჩხი, შასაკონავი წნელითა. ლოცულობს თვალ-ცრემლიანი, აზრი არ ისმის ლოცვისა. ასე მხურვალედ მლოცველი ვერ ნახა ვერა როდისა წინად ბერდიამ, – ეს უკვირს: უფრო ტანჯვაა გლოვისა, ვიდრე გულ-დაწყნარებული წყალობის გამოთხოვისა. ცრემლი სდის, ჩუმი ქვითინი აბჯრის ჟღერაში ერევა, ლოცულობს, დაჩოქილია, ხანიც მრავალი ელევა. „უსმინე, ხახმატის ჯვარო!“ თვითაც უმატებს იგია: „ნუ გაუქარწყლებ ვედრებას, კეთილზე დაარიგია“.","(Berdia) You are our hope, the Khevsur Davlati is with you. We believe in you, you also know that you are talking to God, the icon will accompany you victoriously, they know it well everywhere. May the Davlati not be interrupted by the power of Saint George, may the Lord not overwhelm us, may He not protect you with His wings. Berdia took the cup in his hand and began again: “Glorious George and your mercy!.. You are also a savior, since the Lord created icons, your mercies, not a single one alive. Tomorrow or the day after tomorrow we will have a war with the enemy without fail, as long as you follow us alive, what will become of us?!” Having said this, the eyes of the beggar filled with hot tears, not noticing, he turned and wiped them with his hand. He bowed down before the altar, like a ram with a cut stick, or a fig tree, with a broken reed. He prays with tearful eyes, the meaning of his prayer is not heard. He had never seen someone praying so fervently before, Berdia was surprised: there is more suffering in mourning than in asking for mercy with a heart that is calm. Tears flow, silent sobs mix with the sound of the armor, he prays, kneeling, and Khan himself is waiting for many. “Listen, Cross of Khakhmati!” He himself adds: “Do not reject his supplication, he has been instructed to do good.”"
03_the_snake_eater_ge.csv,"IX. შუა-ღამისას დაიწყო დელგმა, მოჰხეთქა ღვარები, გატეხეს, თუ სად ლოდების ხევებში იყო კარები და სწორედ არ მიუტანეს ბარს მთისა დანაბარები. ხშირად დაედვა ბალახთა ღრუბელთა ცრემლის ცვარები, გაჰქრა და აღარცა ბჟუტავს ხახმატს ლოდებზე სანთლები. აღარსად ხევისბერი სჩანს, აღარც მლოცავი მტირალი, მარტო საჯარის ყორეა მრისხანედ გამომზირალი და კლდეებს არღვევს არაგვი გაბეზრებული, მყვირალი.","IX. At midnight the thunder began, the ravines burst, they broke where the doors were in the ravines of the rocks, and they did not bring the mountain's offerings to the bar. Often the dew of the tears of the clouds of grass fell, it disappeared and no longer flickers the candles on the rocks of Khakhmat. Nowhere is the Khevisberi visible, no longer the weeping worshiper, only the Sajar's raven looks out in anger and the Aragvi breaks the rocks, bored, screaming."
03_the_snake_eater_ge.csv,"X. დილაზე ფრთა-დაკეცილთა, ნამტირალევთა ღამითა, მთებზე ეძინა ნისლებსა მიტკლით შაკრულის თავითა; ზოგჯერ რო გაგვახარებენ მაცოცხლებელის ცვარითა, სხვა დროს ბედს გვაწყევინებენ ჩანადინარის ავითა. დაბლა ჭალა და ხევები, გუშინ სავსენი ზვავითა, დღეს სიცოცხლითა ხარობენ, გაბადრულნია მწვანითა, და კოშკი დაფიქრებული ხეობას დაჰმზერს მაღლითა.","X. In the morning, with folded wings, in the night of weeping, the mountains slept in the mists, with their heads covered with sugar; Sometimes they make us happy with the life-giving dew, at other times they curse our fate with the wrath of the raven. Below, the ravines and ravines, yesterday filled with snow, today rejoice in life, are filled with greenery, and the tower, thoughtful, looks down on the valley from above."
03_the_snake_eater_ge.csv,"კოშკში მოსჩანან ქალები, როგორც ყვავილნი მთისანი, სძლევენ მტერს, თუ ვერ ხევსურნი – მათ სასაუბრო ის არი. სათოფურებით ჩაჰმზერენ მოუსვენარად ჭალასა და ახვეწებენ თავის ჯარს ღვთისა და ხატის ძალასა. აქით კარგად სჩანს მიდამო: მთა, მთის ყელები ყოველი, ვერ დაემალვის კაცის თვალს მწერი, ვერც ერთი ცხოველი. ზოგები სხედან ფიცარზე, ჰბჭობენ, თან ჰქსოვენ წინდასა, ისინიც სამშობლოსადა ლოცვას ამბობენ წმინდასა.","In the tower, women appear like mountain flowers, defeating the enemy, if they cannot defeat the Khevsurians - they have nothing to talk about. With their rifles, they restlessly gaze at the ravine and refine their army with the power of God and the icon. From here, the surroundings are clearly visible: the mountain, every mountain pass, not an insect, not a single animal can hide from the human eye. Some sit on a plank, they weave, while knitting socks, they also say a holy prayer for their homeland."
03_the_snake_eater_ge.csv,"სანდუა (დედაკაცი) მზიავ, გულ-შამოყრითა ხარ შენ უფრო სხვებზე მეტადა; ქმარას თუ ჰნანობ, თვალ-შურთხო, ვერ ჰქშერობ მოსაკვლელადა, არა გცოდნია, რო ომსა ის ჰსახავს თავის ბედადა და მინდიაის მამკლავი ჯერ არ გაუზდავ დედასა. მაშ მე რაღა ვქნა? ჩემები ბევრნი წავიდნენ ლაშქარსა: ჩემ კაცი, ძმანი სამნივე არ მაჰკლებიან ამქარსა. შენს ქმარს ხო ვერვინ აჯობნებს, ძველებურს იზამს ნაქნარსა, როგორაც ბევრჯელ უწინა, ეხლაც მტერს მისცემს ზიანსა: ვისაც მაუკლავს, ის მაჰკლავს ხარსა ირემსა რქიანსა.","Sandua (female) My dear, you are more generous than others; if you pity your husband, if you envy him, if you cannot bear to kill him, do you not know that he is fighting his own father in the war, and the murderer of Mindiya has not yet told his mother. So what can I do? Many of my people have gone to the army: my husband, my three brothers, do not let me down in this battle. No one can surpass your husband, he will do the same to the old man, as he did many times before, and now he will also harm the enemy: whoever kills me, he kills me like a horned deer."
03_the_snake_eater_ge.csv,"(მზია) ვაჰ მე, რო ვეღარ იბიჭოს, ისეთს სიზმრებსა ჰხედავდა: მთელს ერთს წელს სნეულსა ჰგვანდა, თავის ხორცთ კბილით ჰკვნეტავდა. ცოლ-შვილთ გაგჟლეტთო, იძახდის, თუმც რადღაც არა ჰბედავდა. ხატ-ღმერთს მიეყრდნო, შასწირა, თუ სად რა გვყვანდა საქონი, მოვიდის, პურიც არ ჭამის, ვაპატიჟოდი რამდონი. მარტოკაც ბევრჯელა ვნახე, ჩუმად, ბალღივით ტიროდის: „დავკარგე ძვირი საუნჯე“, თავისთვის ამას იტყოდის. სულ ბანზე იჯდის ღამითა, აშტერდებოდა ცასაო, მოსულს და წასულს, არავის აღარა სცემდა ხმასაო; აღარც სტუმარი უნდოდის, ჩვენ ხომ არა და აღარა, ამ ცოტა ხანში თმა-წვერი დარდმა თუ გაუჭაღარა?!. ბევრჯელ ქურდულად ბნელაში დაუყუროდი ჩუმადა, მაგრამ მის მარტოდ ყოფნასა მე ვერ შაუვედ გულადა. რომ თავს და ხალხსა ტიროდის, ის კი შავიგენ სრულადა: „ვეღარას ვარგებ ქვეყანას“, ტიროდა დაფარულადა. ცოლ-შვილთ კი, უფრო ბოლოს დროს, გვეკიდებოდა მტრულადა.","(Mzia) Oh, I, who could not bear it, saw such a thing in my dreams: he looked like a sick person all over, he was biting his own flesh with his teeth. He would tear his wife and children apart, he would cry, but for some reason he didn't dare. He would lean on the idol-god, he would offer sacrifices, if only the cattle would come, he wouldn't even eat bread, I would invite him over. I saw him alone many times, silently, crying like a child: ""I have lost a precious treasure,"" he would say this to himself. He would sit on the roof all night, staring at the sky, at those who came and went, he wouldn't make a sound to anyone; he didn't even want any guests, not us and not anymore, in this short time, has his hair and beard turned gray from grief?! I watched him silently in the dark like a thief, but I could not bear his loneliness. When he cried for himself and for the people, he cried in secret: ""You are a disgrace to the country."" And towards his wife and children, especially in recent times, he treated us with hostility."
03_the_snake_eater_ge.csv,"(სანდუა) ჩვენ ეგ არ გაგვიგონია, პირველად მესმის შენგანა: მე ისივ მინდია მგონავ, შასადარები მზესთანა. მაგას, ათასი იუბნო, არ დაგიჯერებს ქვეყანა. მიკვირს, ეგ შენთან ნათქვამი რად არ იუბნა სხვებთანა? ვითომ რას ცოდნას გლოვობდა, რომელს ცოდნაზე ჩიოდა? ან თქვენ რის დამნაშავეთი?.. გული იმ რიგად სტკიოდა, რომ ცოლ-შვილთ დასალევადა ხმლისკე ხელ მიუდიოდა?!.","(Sandua) We haven't heard that, this is the first time I'm hearing it from you: I think I'm a fool, I'm a fool, I'm a fool. Even if you say it a thousand times, the world won't believe you. I wonder why you didn't say what you said to others? What knowledge was he mourning, whose knowledge was he complaining about? Or what did you blame him for?.. His heart ached so much that he wanted to kill his wife and children?!"
03_the_snake_eater_ge.csv,"(მზია) ისიო, იმას ამბობდა, ემათ მზემ, არ ვსთქვა მრუდია, – ხელი დაადო შვილებსა, ორივ მის გვერდზე ჰყუდია, – რომ თქვენგან ცოდვაში შაველ, არ-საქნელი ვქენ საქმეო: შეშა ვჭერ, ნადირი ვხოცე, როგორც უბრალო რამეო. ყვავილნი ხმას აღარ მცემენ, აღარც ვარსკვლავნი ღამეო. უფლისგან მომადლებული დიდი ცოდნა და ძალია დავკარგე შენის აყოლით, წელზე რადღა მრტყავ ხმალია? და სხვა ამგვარი ათასი შამიგმის პირზე ცოფითა და ორჯერ-სამჯერ გადურჩი, კინაღამ მამკლა თოფითა. ალბათ ჯერ იმედი ჰქონდა, ხატებს ეხვეწა, იშრომა… თან ჩვენაც ვებრალებოდით და არ დაგვხოცა მიტომა.","(Sun) Yesio, he was saying, the sun, did not say that I am crooked, - he put his hand on his children, both of them were lying next to him, - that we are black in sin, doing useless work from you: I cut firewood, I kill game, as if it were a simple thing. The flowers no longer make a sound to me, nor the stars at night. I have lost the great knowledge and strength bestowed upon me by the Lord by following you, why do you strike me with a sword? And a thousand other such slanders on the face of the Shamigma, and two or three times I was furious, I almost killed me with a gun. Perhaps he still had hope, he begged the icons, he worked hard... And we also felt sorry for him and he did not kill us."
03_the_snake_eater_ge.csv,"(სანდუა) თუ მართალია, რაცა სთქვი, შენგან ცოდვაში შავიდა, უნდა მოგეჭრას ეგ ენა, მაღლა დაგკიდონ კავითა, ძირს ცეცხლი შემოგიკეთონ, დაიწვა იმის ალითა: ქვეყნის ცოდვაში ჩამდგარხარ, ჩვენ ხო ვართ იმის ძალითა!","(Sandua) If what you said is true, that you are blackened by sin, your tongue should be cut out, they should hang you high with a rope, and they should set fire to you, burning you with its flames: You have become the sin of the country, and we are the ones who are in it!"
03_the_snake_eater_ge.csv,"(მზია) ჰო, თუ ბრალი მაქვ რაიმე, ღირსიც ვიქნები დასჯისა; ის ცოდვა რად უნდა იყოს, ფიქრი რო მივეც გარჯისა? ცოლ-შვილნ თუ უნდან ვაჟკაცსა, შნოც უნდა ჰქონდეს ხარჯისა. ჩვენ საქმე ვიცით, დიაცთა რა გაგვეგება აბჯრისა… ეს თითონ უნდა ეფიქრა, კაცი იმისთვინ კაცია: ერთს თუ სხვისათვის არ უვნავ და არა გაუტაცია, ბრალი რად უნდა დაედვას ალალს, არ მქნელსა ცოდვისა? ცოდვა ერთისა სხვამა ზღოს, – მადლად სად თქმულა, როდისა? რაღაც ცუდს გრძნობდა მაინცა, იმითა სწუხდა ბეჩავი, ჩვენზედ იყრიდა ბოლოს ჯავრს, საქმის წინადვე მხედავი. წუხელაც ცუდ სიზმარ ვნახე, რა-რა იქნების, ნეტავი?!","(Mzia) Yes, if I am guilty of something, I deserve to be punished; what sin should it be, to think of giving up the thought of fighting? If a man wants a wife and children, he should also have a sense of expense. We know the business, what do we know about armor… He should think about this himself, a man is a man: if he does not harm one person for another and does not commit adultery, why should he blame the poor man, who has not committed a sin? The sin of one person is another’s fault, – where did he say thank you, when? He felt something bad at least, that was why the poor man was worried, he was finally throwing his anger at us, seeing me before the case even started. Last night I had a bad dream, what will happen, my dear?!"
03_the_snake_eater_ge.csv,"(სანდუა) რა ჰნახე, მზიავ, მიამბე, იქნება ახდეს კარგადა და არ გაგვხადოს უფალმა დასალევ-დასაკარგადა?","(Sandua) What did you see, my friend? Tell me, will it turn out well and will the Lord not make us drink and eat?"
03_the_snake_eater_ge.csv,"(მზია) ცუდი რამ ვნახე, სანდუავ, საზარო, გულის მგმირავი, სულ-ხორცის ამაშფოთები, გონების ამაზრზინავი: მოვარდნილიყო ღვარები, როგორც დევები მქშინავი თან მაარღვევდენ მთა-ბარსა, იდგა დგანდგარი, ღრიალი, ცა-ხმელთა დაქცევას ჰგვანდა, ისეთი ისმის გრიალი. მთებსა სტყდებოდა წვერები, დაბლა ხევებში წვებოდენ; მთებთან ერთადა კლდეებიც თოფებივითა ტყვრებოდენ. ცა ისეთი ჩნდა, ვით კუპრი, შავად ჰღელავდა, შხიოდა, კუპრს აწვიმებდა მიწასა, ცხელი წვეთები სცვიოდა, ღვარები ისევ საზარლად, შეუპოვარად დიოდა. „გვიშველეთ, ვიღუპებითო“, ათასგნით ხალხი ჰკიოდა.","(Sun) I saw a bad thing, Sanduava, horrible, heart-wrenching, soul-stirring, mind-numbing: torrents were falling, like demons roaring and tearing apart the mountains, standing still, roaring, it was like the heavens were turning, such was the roar. The peaks of the mountains were breaking, they were sinking into the ravines below; along with the mountains, the rocks were also shooting like guns. The sky was burning like pitch, it was black, it was roaring, it was raining pitch on the ground, hot drops were falling, the torrents were still flowing terribly, relentlessly. ""Help us, we are perishing,"" people were crying by the thousands."
03_the_snake_eater_ge.csv,"მართლაც ვუყურებ, რომ მოაქვს წყალს ხალხი, ფარი, ხმალია, ათასგან ციხე ირღვევა, ქავ-ციხეებთან სახლია; ამოდენს საბრალოობას მარტო მოზარე აკლია, ჩვენ ვითომ არა გვიჭირდა, ვითომ უვნებლად ვიყვენით, ბოლოსა ვნახე სახლ-კარით რომ ჩვენაც გავირიყენით. მოასქდა ღვარი ზენაით, ლიბო მაჰგლიჯა ციხესა და შეურია ისიცა დაბლა არაგვის რიყესა. სახლიც წაიღო ჭერხოთურ, გაგვიყოლია ჩვენაცა, მინდა ვიძახო – მიშველეთ, ვეღარ ვაგებდი ენასა. ბალღებს კი გულში ვიკრავდი, ხატ-ღმერთსა ვსთხოვდი შველასა. თან გამოსვლასა ვცდილობდი, ვეგანებოდი კიდესა; ბალღებს ვაფარებ პირებზე შავის მანდილის რიდესა. და რამდენჯერაც მივჯარდი ნაპირს, იმდენჯერ მქისია, კაცების სახე წინ დამხვდა შავები, როგორც ფისია. ხელი მკრეს, წყალშივ ჩამაგდეს, თან გადმომძახეს ისია: „სად მოხვალ? წადი, წყალს გაჰყევ, ბძანება არის ღვთისია!“","I really see that the water is bringing people, shields, swords, fortresses are being destroyed in a thousand ways, houses are near fortresses; only the poor are missing from all this misery, we pretended not to be in trouble, pretended to be unharmed, finally I saw through the doors of the houses that we too were drowning. The flood poured down from above, it tore the fortress apart and mixed it with the Aragvi River below. It took the house down to the roof, it followed us too, I wanted to cry out – help me, I could no longer speak. But I held the children in my heart, I asked the icon-god for help. I tried to get out, I was avoiding the edge; I covered my children's faces with the cover of a black scarf. And as many times as I reached the shore, so many times it was dark, the faces of the men in front of me were black as pitch. They cut my hand, threw me into the water, and shouted at me, ""Where are you going? Go, follow the water, it's God's command!"""
03_the_snake_eater_ge.csv,"და ამ დროს ვნახე, ჩვენს წინა წყალს მიაქვს ჩვენი კაცია, შამომიბრუნდა და მითხრა, ტკბილი ხმა ჰქონდა, ნაზია, – „გთხოვ მაპატიო, მზიაო, რაც გლანძღე, გაგაბრაზია; რასაცა ჰხედავ ჩემს თავზე, ღირსი ვარ, სწორედ ახია, ბალღები არ დამიჩაგრო, გთხოვ, კარგად შამინახია!“ მტერს, რომ მე წუხელ ვიტანჯე, მე რო სიზმარი ვნახია!..","And at that moment I saw our man carrying water in front of us, he turned to me and said, his voice was sweet, gentle, “Please forgive me, Mzia, for scolding you, for making you angry; I am worthy of what you see in me, that is, Akhia, don’t beat my children, please, take good care of me, Shamiya!” To the enemy, that I suffered last night, that I had a dream!.."
03_the_snake_eater_ge.csv,"(სანდუა) მაშ ვერ გამოხვედ, წაგიღოთ?",(Sandua) So why don't you come out and take it away?
03_the_snake_eater_ge.csv,"(მზია) ვერა… წაგვიღო, სანდუავ, დედა-შვილები ყველანი.","(Mzia) Vera... He took us, Sanduav, all the mothers and children."
03_the_snake_eater_ge.csv,"(სანდუა) ავი ნურაიმც მოგივათ, ღმერთმა გამყოფნესთ მთელანი.","(Sandua) Evil will come to you, Nurayim, may God protect you all."
03_the_snake_eater_ge.csv,"(საერთო ხმა ქალებისა) მოდიან, მოდის ლაშქარი, ღმერთო, დასწერე ჯვარია!.. მზიავ, წამოდეგ, გაჰხედე, აგერა შენი ქმარია, დროშიონთ მასდევს მხარ-და-მხარ, ამომავალი მთვარია.","(Common voice of women) They are coming, the army is coming, God, cross yourself!.. Mziav, get up, look, there is your husband, he is following him shoulder to shoulder with the flags, the moon is rising."
03_the_snake_eater_ge.csv,"(ერთი დედაკაცი) აგერა ჩვენებ ვაჟები, დედა ენაცვლოსთ მხრებშია… ვაჰმე, რა ლამაზებია, ვინ ჰნახავს იმათ მკვდრებშია!.. ღმერთიმც ნუ მახილებინებს მაგ ამბავს თავის დღეშია.","(One woman) Come on, show us your sons, your mother is on your shoulders... Wow, how beautiful they are, who would have seen them among the dead!... God forbid I should see that story, it's in its own day."
03_the_snake_eater_ge.csv,"(მეორე დედაკაცი) გაჰხედე, ჩემ უნცრუაი იმეებს მისდევს გვერდშია. რა მშვენივრები მიდიან, დედა ენაცვლოსთ მკერდშია!","(Second woman) Look, my untrue dreams are followed by my side. How beautiful they are, they are in the breast of their mother!"
03_the_snake_eater_ge.csv,"(გასათხოვარი ქალი) დამც ენაცვლება თოთიას, ვერ-როგორ ვარჩევ ხალხშია. ვნახე… ძლივ სადამ ვიცანი მიხვრა-მოხვრაზედ, ტანშია. ლაგმის პირს უჭამს ულაყი, დაძაგრულია მკლავშია.","(A woman about to be married) My sister is also replacing Thotia, I can't tell her apart in the crowd. I saw her... I could barely recognize her, she was in her body. The donkey is eating the mouth of the donkey, she is stuck in her arm."
03_the_snake_eater_ge.csv,"(მეორე ქალი) ჩვენ უშიშაიც მარჯვეს ჰყავ, როგორ აგელებს ლურჯასა!.. საქმე რო ხმალზე მიდგება, არც ეგ დაიწყებს კუნჭვასა. მაშინამც მაყურებინა, ფარს რო დაუწყებს ბღუჯვასა.","(Second woman) We have a fearless right hand, how can he beat the blue one!.. When it comes to swords, he won't even start to bend. Then I watched him start to swing his shield."
03_the_snake_eater_ge.csv,"(პირველი ქალი) მე ვერ ვნახავდი ჩემს ძმასა, გამიძნელებდა სუნთქვასა: პირს სხვაგნისაკე ვიზამდი, თვალთ დაუწყებდი ხუჭვასა.","(First woman) I couldn't see my brother, it was hard for me to breathe: I would make a different face, I would start to close my eyes."
03_the_snake_eater_ge.csv,"(მეორე ქალი) მე არა. ძმისა სიკეთე, კარგი ყოფნა და სახელი ისრე კი მინდა, ზექუავ, როგორც ბნელაში სანთელი, დამაშვრალს, მომშიებულსა მოსვენება და საჭმელი. კარგია, ძმისა სიკეთე რო არს ყველაის სათქმელი.","(Second woman) Not me. I want the kindness of a brother, a good life, and a name for myself, as I said, like a candle in the dark, rest and food for the thirsty, and food for the hungry. It is good that the kindness of a brother is something everyone can talk about."
03_the_snake_eater_ge.csv,"(პირველი ქალი) ეგ ვის არ უნდა, შვენაო, ვინ არი ისე ჭკვა-თხელი? მაგრამ და თვალ-დამწვარია ძმის გასაჭირში მნახველი.","(First woman) Who wouldn't want that, Shvena, who's so smart and thin? But it's heartbreaking to see a brother in trouble."
03_the_snake_eater_ge.csv,"(მეორე ქალი) უმისოდ სახელს ვინ მისცემს, თუ კი არა ქნა საქნელი?!.","(Second woman) Who would give her a name without her, if not Kna Sakneli?!"
03_the_snake_eater_ge.csv,"(საერთო ხმა) ღმერთო, უშველე, ხატებო, თქვენ უწინამძღვრეთ მხედართა, ეგრევ უვნებლად გვაჩვენენ, როგორაც ეხლა ვხედავთა.","(Joint voice) God, help us, O icons, the leaders of the soldiers, so that they may appear to us unharmed, as we see them now."
03_the_snake_eater_ge.csv,"ბევრისა გული ღელავდა ათასნაირის შიშითა – ნურც ვის კი გაუკვირდება, კაცთ ეს მოგვიდის ჯიშითა, საშიშს დროს საყვარელს საგანს რო ვიგონებდეთ შიშითა!..","Many hearts were troubled by a thousand fears – no one should be surprised, this happens to us humans in many ways, when in times of danger we think of our beloved objects with fear!"
03_the_snake_eater_ge.csv,"XI. შამწკრივდა მთაზე ლაშქარი, დიდს ვაკეზედა გროვდება. თოფ-იარაღის ბჭყვრიალი მზის სინათლესთან სწორდება. ცხენთ ტერფით ჩამონაგლეჯი თავქვე ლოდები გორდება. აქვე შაექნათ თათბირი მტრის დასახვედრელს წესზედა: ვაკეს ადგილზე ჩავიდენ, თუ მიეგებნენ სერზედა. ყველანი ფეხზედა დგანან, ხელები უდევთ ხმლებზედა. თვალები ყველამ მინდიას მიაპყრო, პასუხს ელოდდენ: ის რომ არაფერს ეტყოდა, ხევსურნი ერთხმად ეტყოდენ.","XI. The army is gathering on the mountain of Shamtskrivda, on the great plain. The crackle of guns is aligned with the sunlight. The stones are rolled under the heads of the horses, torn by the hooves. Here they hold a council on the order of meeting the enemy: they will land on the plain, if they meet the sergeant. Everyone stands on their feet, their hands rest on their swords. Everyone's eyes are fixed on Mindia, waiting for an answer: if he had said nothing, the Khevsurs would have shouted in unison."
03_the_snake_eater_ge.csv,"(ლაშქარი) მუდამ შენს რჩევას ვრჩეობდით, არც რა ზარალი მოგვსვლია. როგორ მოვიქცეთ, გვირჩიე, შენი პასუხი მოკლია?!","(Lashkar) We have always sought your advice, and we have never suffered any loss. How should we act, advise us, is your answer lacking?!"
03_the_snake_eater_ge.csv,"(მინდია) მე ვერას გირჩევთ, ხევსურნო, აღარ ვვარგივარ მრჩევლადა: ის სხვა დრო იყო, სხვა ჭკუა, ეხლა კი ჩემი ნარჩევი გამოგადგებათ ძნელადა. აწონ-დაწონეთ, ჯარი ხართ, ფიქრი შეკარით მთელადა. მე მარტო უნდა ვიომო, მიტომ გამოვედ ველადა; ან როდის საუკუნოდა მე ხალხმა გამაბელადა?!","(Mindia) I can't advise you, Khevsurno, I'm no longer fit to be an advisor: those were different times, different minds, and now my advice will hardly be of any use to you. Weigh it, you are an army, you have all your thoughts in your head. I must speak alone, why did you come out of the field? Or when in the world did the people rule me?!"
03_the_snake_eater_ge.csv,"(ლაშქარი) ღმერთი გაუწყრესთ და ხატი, ვინც რომ შენს რჩევას იქითა ფეხი გადადგას საომრად, თუნდ თავში სცემონ მჯიღითა: მოკვდეს და პირი აევსოს ცივის სამარის თიხითა.","(The army) God has cursed you and your image, whoever steps foot outside your advice to fight, let them be struck on the head with a whip: let them die and their mouths be filled with the clay of the cold Samaria."
03_the_snake_eater_ge.csv,"(მინდია) კარგია… რა ვქნა, არ მწადდა გავრეულიყავ რჩევაში. გეტყვით, რადგანაც ჩამქსოვეთ ამდენს ფიცში და წყევაში. სხვას ვერას გირჩევთ: დაუხვდეთ ქისტებს მოწამლულს ხევაში.","(Mindia) Okay… What should I do, I don't want to get mixed up in advice. I'll tell you, because you've got me so wrapped up in swearing and cursing. I can't recommend anything else: meet the cysts in the poisoned ravine."
03_the_snake_eater_ge.csv,"უსიამოვნო ჩურჩული მორთეს ერთ-ურთში მხედრებმა; დარდი დაჰბადა ადგილმა ქისტების დასახვედრელმა. მაინც რას იზმენ?.. ვერაფერს, რაკი სთქვეს, დაიფიცესა, უარს ვერ იტყვის ლაშქარი, უნდა იქითკე ვლიდესა, საცა მინდიამ უჩვენა ადგილი საომარია, თუნდ ერთმაც აღარ იცოცხლოს, ყველაც იქ დარჩეს მკვდარია.","The riders whispered unpleasantly to each other; the place where the Kists were to meet was a source of concern. What else could they do?... Nothing, since they had sworn, the army would not refuse, they had to march there, where Mindia had shown them the place of war, even if not one of them survived, everyone who remained there would be dead."
03_the_snake_eater_ge.csv,"აღარა ეთქმისთ, წავიდნენ, დროშა ამართეს წინათა, მსუბუქად მოაბიჯებენ, შავარდნებს ჰგვანან მფრინავთა, თან გადიყოლეს მზის სხივი შუბისა წვერთა მბრჭყვინავთა.","They say no more, they have gone, they have raised the flag in front, they will walk lightly, they are like flying knights, they have followed the sun's rays with the tips of their spears shining."
03_the_snake_eater_ge.csv,"XII. ორი დღე არის მთას იქით ომია, დიდი ვაება: მეტად სასტიკი ბრძოლაა, ვეფხვები ლომებს შაება და სისხლის თოკი მთიდამა დაბლა ჭლამდე გაება. ორსვე ერთგვარად არ ჰნახავს, ერთს გაუმარჯვებს ღვთაება.","XII. There is a war beyond the mountain for two days, a great battle: the battle is very fierce, tigers fight lions, and a rope of blood runs down the mountain to the valley below. No two will see the same thing, one will be victorious, the gods will prevail."
03_the_snake_eater_ge.csv,"ხუთსა თუ ექვსსა ხევსურსა, შამურვილებსა სახითა, კაცი მოჰქონდათ ხელდახელ შაკრული კაბალახითა. პირ-აქათ გადმოიყვანეს, დაბლა დააგდეს ვაკეზე და სამდურავით მიჰმართეს ჯავრ-მოსულებმა ბაგეზე.","Five or six Khevsurs, in the form of Shamurvilis, were carrying a man in a shagreen cloak. They took him down, threw him down on the plain, and the Javr-Mossers, like a sledgehammer, headed for the Bage."
03_the_snake_eater_ge.csv,"(ხევსურნი ერთად) კაცო, რად იკლავ ძალად თავს, ძალად სიკვდილი გწადიან? შიგნით რომ იწევ მტრის ჯარში, ხომ ხედავ, რასაც სჩადიან?!. დღემდე ჩვენ ვთელეთ ეგენი, ახლა ეგენი დადიან ჩვენზე, და იქნებ, მინდიავ, ჩვენც მოვაგვაროთ სხვა რამე, ვეცდებით, ბინდმაც ხო გვისწრო, რო გავისარჯნეთ ამ ღამე.","(Khevsurni together) Man, why are you killing yourself by force, they are trying to kill you by force? When you go inside the enemy army, do you see what they are doing?! Until now, we have been trampled by them, now they are coming at us, and maybe, I think, we can also solve something else, we will try, even if the twilight has caught up with us, to get through this night."
03_the_snake_eater_ge.csv,"ეს სთქვეს და იმ წამს გაბრუნდენ, გაიქცენ როგორც ქურდები, ამოღებული ხმლები აქვთ, ხელში უპყრიათ შუბები, ძნელია, თუკი ვიფიქრებთ, სიკვდილ-სიცოცხლის წუთები; რა ქნან! რო შარცხვენ, ძნელია, ტანზე ჩაეცმისთ ჯუბები, თავს დაეხურვისთ მანდილი, და მოეხდებათ ქუდები, თუკი არ გაირჯებიან, როგორც ლაჩრები, ცუდები.","They said this and at that moment they turned around, they ran away like thieves, their swords drawn, their spears in their hands, it is difficult, if we think about it, the moments of life and death; what can they do! When they are ashamed, it is difficult to put on robes, cover their heads with a scarf, and put on hats, if they do not act like cowards, bad people."
03_the_snake_eater_ge.csv,"ტყვე კბილებს აღრჭენს და ცდილობს, უნდა გაიხსნას ხელები, დიდხანსა წვალობს, გორაობს, ვარმისგან განაცხელები. ძმებთან სწადიან სიკვდილი, აღარ რჩებიან მთელები, უჭირსთ და აღარსადა ჰყავ ლაშქარი მისაშველები.","The captive grits his teeth and tries to free his hands, he has been writhing for a long time, rolling around, heated by the heat. They are dying with their brothers, they are no longer whole, they are in trouble and there is no army to help them anywhere."
03_the_snake_eater_ge.csv,"ღამეც გახშირდა კარგადა, ტყვემ აისრულა წადილი, ორივე ხელი გაიხსნა, ფეხზე წამოდგა დაღლილი და ამ დროს ნახა სოფლებში ცეცხლები, – ცუდი ნიშანი. გაიგო, რაც მომხდარიყო, აღარ უნდოდა მისანი. გაშრა, გაფითრდა, ცრემლი კი არ მოსდგომოდა თვალებში; სულ გულში ჩაგუბებულა და გაბნეულა მკლავებში… ქუდს იხდის… სიტყვა ვეღარ სთქვა, ხმლის ტარს შაეხო ცერითა, ამოიწვადა ქარქაშით, გულს მიიბჯინა წვერითა. მკერდიდან სისხლი, ვით წყარო, გადმოუვიდა ჩქერითა, მთვარემაც გადმოაშუქა საჯიხვეების სერითა და დააშტერდა თავის-მკვლელს მოზარე ქალის ფერითა…","The night also grew longer, the prisoner finished his journey, opened both his hands, stood up tiredly and at that moment he saw fires in the villages - a bad sign. When he heard what had happened, he no longer wanted to go. He turned pale, but no tears came to his eyes; he was completely absorbed in his heart and scattered in his arms... He took off his hat... He could not say a word, he touched the hilt of his sword with his thumb, he burned it with a scythe, he clutched his heart with his beak. Blood, like a spring, flowed from his chest, the moon also shone through the series of rays and stared at the murderer with the color of a woman who had been killed..."
03_the_snake_eater_ge.csv,"ნიავიც მიდ-მოდიოდა უდარდოდ, ნელის მღერითა… ფრთა გაჰკრის წვერსა ხმლისასა ამოღერებულს ენითა, შაღებილს ჭიაფერადა კაცის გულ-მკერდის წვენითა, და გათამაშდის მწვანეზე ლაღად, მოლხენით, სტვენითა.","The breeze also came and went, carefree, singing softly... The wing plucked the tip of the sword, its tongue drawn out, the blackened wormwood with the juice of a man's heart and chest, and played on the green, fluttering, fluttering, whistling."
