Source File,Content,Translated Content
01_deputy_economy_minister.csv,"ვახტანგ ცინცაძე - აზიის განვითარების ბანკის ანგარიშში ხაზგასმულია საქართველოს მიმზიდველი ბიზნესგარემო, ასევე მიმდინარე ინფრასტრუქტურული პროექტები, მათ შორის საპორტო და სარკინიგზო მიმართულებით","Vakhtang Tsintsadze - The Asian Development Bank report highlights Georgia's attractive business environment, as well as ongoing infrastructure projects, including port and railway projects"
01_deputy_economy_minister.csv,"აზიის განვითარების ბანკმა აზიის ეკონომიკური პერსპექტივების ანგარიში გამოაქვეყნა, რომლის თანახმად, 2025 წელს ეკონომიკური ზრდა იყო საკმაოდ მაღალი – 7.5 პროცენტი, ხოლო 2026 წელს, მიმდინარე კონფლიქტების ფონზე, აზიის განვითარების ბანკი ელოდება, რომ საქართველოში ეკონომიკური ზრდა 5.5 პროცენტი იქნება, რაც წინა წლის პროგნოზთან შედარებით 0.5 პროცენტული პუნქტით გაუმჯობესებული მაჩვენებელია, – ამის შესახებ ეკონომიკისა და მდგრადი განვითარების მინისტრის მოადგილემ, ვახტანგ ცინცაძემ განაცხადა.","The Asian Development Bank has published the Asian Economic Prospects Report, according to which economic growth in 2025 was quite high – 7.5 percent, and in 2026, against the backdrop of ongoing conflicts, the Asian Development Bank expects economic growth in Georgia to be 5.5 percent, which is an improvement of 0.5 percentage points compared to the previous year's forecast, - said Deputy Minister of Economy and Sustainable Development Vakhtang Tsintsadze."
01_deputy_economy_minister.csv,"როგორც მინისტრის მოადგილემ აღნიშნა, აზიის განვითარების ბანკი ყურადღებას ამახვილებს მიმდინარე ანგარიშის დეფიციტის რეკორდულად დაბალ დონემდე შემცირებაზე, ასევე საერთაშორისო რეზერვების რეკორდულად მაღალ მაჩვენებელზე.","As the Deputy Minister noted, the Asian Development Bank is focusing on reducing the current account deficit to a record low, as well as on the record high level of international reserves."
01_deputy_economy_minister.csv,"ვახტანგ ცინცაძის განცხადებით,  2026 წელს აზიის განვითარების ბანკი ელოდება, რომ საქართველოში საშუალო ინფლაციის დონე 3.8 პროცენტი იქნება, რაც წინა წელთან შედარებით შემცირებული მაჩვენებელია.","According to Vakhtang Tsintsadze, in 2026, the Asian Development Bank expects the average inflation rate in Georgia to be 3.8 percent, which is a decrease compared to the previous year."
01_deputy_economy_minister.csv,"„აზიის განვითარების ბანკი ასევე ხაზგასმით აღნიშნავს, რომ საქართველო ისწრაფვის, გახდეს სავაჭრო, ლოგისტიკური და სატრანსპორტო ჰაბი. ამ მიმართულებით ყურადღება მახვილდება არაერთ რეფორმაზე, რომელიც ხელს უწყობს, მათ შორის, საბაჟო და სხვა პროცედურების გაუმჯობესებას. ბანკი ასევე ხაზს უსვამს იმ ინფრასტრუქტურულ მიღწევებს, რომლებიც საქართველოს გააჩნია როგორც საპორტო, ასევე სარკინიგზო მიმართულებით“, – განაცხადა ვახტანგ ცინცაძემ.","""The Asian Development Bank also emphasizes that Georgia aspires to become a trade, logistics and transport hub. In this direction, attention is focused on a number of reforms that contribute, among others, to the improvement of customs and other procedures. The Bank also emphasizes the infrastructural achievements that Georgia has in both the port and railway sectors,"" said Vakhtang Tsintsadze."
01_deputy_economy_minister.csv,"ეკონომიკის მინისტრის მოადგილის ინფორმაციით, ADB-ს ანგარიშში ხაზგასმულია საქართველოში არსებული მიმზიდველი ბიზნესგარემო, ყურადღება გამახვილებულია თავისუფალ სავაჭრო შეთანხმებებზე, რომლებიც საქართველოს გააჩნია, ასევე იმ მექანიზმებზე, რომლებიც უზრუნველყოფს ინვესტორთა დაცულობას, რაც, საბოლოო ჯამში, ზრდის როგორც ადგილობრივი, ისე საერთაშორისო ინვესტორების  ნდობას და მიმზიდველობას საქართველოსადმი.","According to the Deputy Minister of Economy, the ADB report highlights the attractive business environment in Georgia, focusing on the free trade agreements that Georgia has, as well as the mechanisms that ensure investor protection, which ultimately increases the trust and attractiveness of both local and international investors in Georgia."
02_georgia_to_recognise.csv,"მთავრობის გადაწყვეტილებით, 2010 წლამდე გაცემული დიპლომების აღიარების შესახებ საკანონმდებლო ცვლილებები მომზადდება","By government decision, legislative amendments will be prepared regarding the recognition of diplomas issued before 2010"
02_georgia_to_recognise.csv,"საქართველოს მთავრობის გადაწყვეტილებით, პარლამენტს წარედგინება საკანონმდებლო ცვლილებები, რომელთა საფუძველზეც ათასობით მოქალაქეს მოუგვარდება 2010 წლამდე გაცემული დიპლომის აღიარებასთან დაკავშირებული პრობლემები, – ამის შესახებ საქართველოს განათლების, მეცნიერებისა და ახალგაზრდობის მინისტრმა, გივი მიქანაძემ განაცხადა.","According to the decision of the Georgian government, legislative amendments will be submitted to the Parliament, based on which thousands of citizens will be able to resolve problems related to the recognition of diplomas issued before 2010, - stated the Minister of Education, Science and Youth of Georgia, Givi Mikanadze."
02_georgia_to_recognise.csv,"როგორც მინისტრმა აღნიშნა, ცვლილების თანახმად, 4-წლიანი დასწრებული და 5-წლიანი დაუსწრებელი სწავლების აღიარება მოხდება თანაბრად.","As the minister noted, according to the change, 4-year full-time and 5-year part-time studies will be recognized equally."
02_georgia_to_recognise.csv,"მისი თქმით, ცვლილება შეეხება სტუდენტებს, რომლებიც უნივერსიტეტში აღიარებულ რეჟიმში ჩაირიცხნენ და სწავლა არაღიარებულ რეჟიმში დაასრულეს, ასევე, მოქალაქეებს, რომლებიც საგანმანათლებლო დაწესებულებებმა ლიცენზიის მოპოვებამდე ჩარიცხეს უნივერსიტეტში.","He said that the change will affect students who enrolled in a recognized university and completed their studies in an unrecognized regime, as well as citizens who were enrolled in a university before educational institutions obtained a license."
02_georgia_to_recognise.csv,"„გვქონდა ასეთი მოცემულობა – ჩვენი მოქალაქეები 4-წლიან პროგრამაზე გადიოდნენ ზუსტად იმავე რაოდენობის საგნებს და იღებდნენ იმავე კვალიფიკაციას, როგორსაც 5-წლიან დაუსწრებელზე. აქამდე არსებული კანონმდებლობის თანახმად, 5-წლიანი უთანაბრდებოდა მაგისტრის ხარისხს, ხოლო 4-წლიანს ენიჭებოდა ბაკალავრის ხარისხი. ცვლილებების საფუძველზე, ის, ვინც 4-წლიანი პროგრამა დაასრულა, მაგისტრის ხარისხთან გათანაბრებულ დიპლომს მიიღებს, რაც მნიშვნელოვნად შეუწყობს ხელს მოქალაქეთა დასაქმებას მათთვის სასურველი მიმართულებით.","""We had this situation - our citizens took exactly the same number of subjects in a 4-year program and received the same qualification as in a 5-year part-time program. According to the previous legislation, a 5-year program was equivalent to a master's degree, and a 4-year program was awarded a bachelor's degree. Based on the changes, those who completed a 4-year program will receive a diploma equivalent to a master's degree, which will significantly facilitate the employment of citizens in their desired field."
02_georgia_to_recognise.csv,"2010 წლამდე, სანამ ერთიანი სისტემა ჩამოყალიბდებოდა, განათლების სფეროში არ არსებობდა რეესტრი, რომელიც სტუდენტების ინფორმირებას უზრუნველყოფდა. იყო შემთხვევები, როდესაც კონკრეტული უნივერსიტეტები, რომლებსაც არ ჰქონდათ აკრედიტაცია მინიჭებული, არ ეუბნებოდნენ აბიტურიენტებს ამის შესახებ და მათ ისე რიცხავდნენ. შემდგომში, როდესაც გასცემდნენ დიპლომს, კურსდამთავრებულებს უკვე ამ დოკუმენტის აღიარებაზე ექმნებოდათ პრობლემები.","Until 2010, when a unified system was established, there was no register in the education sector that would ensure the information of students. There were cases when specific universities that were not accredited did not inform applicants about this and enrolled them anyway. Later, when they issued a diploma, graduates had problems recognizing this document."
02_georgia_to_recognise.csv,"ამასთან, რიგ უმაღლეს საგანმანათლებლო დაწესებულებებს ჰქონდათ ავტორიზაცია გარკვეული პერიოდის განმავლობაში და შემდეგ სწავლის პერიოდში შეუწყდათ. ამის შესახებაც არ იყვნენ ინფორმირებულნი სტუდენტები და შემდგომში ამ უნივერსიტეტდამთავრებულ ადამიანებს ჰქონდათ პრობლემები.","In addition, a number of higher education institutions had authorization for a certain period of time and then had it terminated during the study period. Students were not informed about this either, and these university graduates subsequently had problems."
02_georgia_to_recognise.csv,"წარმოდგენილი საკანონმდებლო ცვლილებები საბოლოოდ დაუსვამს წერტილს იმ ხანგრძლივ, პრობლემურ პროცესებს, რომლებსაც ჩვენი მოქალაქეები დიპლომის აღიარებისთვის გადიან – მიდიან სასამართლოში, ასაჩივრებენ პროცესებს, რაც დროსთან და ძალისხმევასთან არის დაკავშირებული. ეს ყველაფერი ერთხელ და სამუდამოდ ისტორიას ჩაბარდება და ათასობით ჩვენი მოქალაქის დიპლომი აღიარებული იქნება“, – განაცხადა გივი მიქანაძემ.","""The presented legislative amendments will finally put an end to the long, problematic processes that our citizens go through to get their diplomas recognized - going to court, appealing the processes, which are time-consuming and effort-consuming. All this will once and for all be history, and the diplomas of thousands of our citizens will be recognized,"" said Givi Mikanadze."
03_good_friday.csv,წითელი პარასკევი სამების საკათედრო ტაძარში,Good Friday at the Holy Trinity Cathedral
03_good_friday.csv,"დღეს წითელი პარასკევია – ვნების კვირეულის ყველაზე მძიმე დღე. მართლმადიდებელი ეკლესია იესო ქრისტეს ჯვარცმას, ჯვრიდან გარდამოხსნასა და დაკრძალვას იხსენებს.","Today is Good Friday – the most solemn day of Holy Week. The Orthodox Church commemorates the crucifixion, removal from the cross, and burial of Jesus Christ."
03_good_friday.csv,"საპატრიარქო ტახტის მოსაყდრე, მიტროპოლიტი შიო ყოვლადწმინდა სამების სახელობის საპატრიარქო ტაძარში დიდ ჟამნობას, მწუხრის ჟამს და გარდამოხსნის გამოსვენებას ასრულებს.","The Patriarchal Throne, Metropolitan Shio, celebrates Great Liturgy, Vespers, and the Intercession of the Transfiguration in the Holy Trinity Patriarchal Cathedral."
03_good_friday.csv,"წითელ პარასკევს ტაძრებში წირვა არ აღევლინება, რადგან, სახარების თანახმად, ადამიანთა ცოდვებისგან გამოსახსნელად უფალმა საკუთარი თავი მსხვერპლად შესწირა. მსახურებისას სამეუფო ჟამნი სრულდება, რომლის დროსაც უფლის ვნების შესახებ სახარება იკითხება.","On Good Friday, no services are held in churches, because, according to the Gospel, the Lord offered himself as a sacrifice to redeem people from their sins. During the service, the Holy Hour is completed, during which the Gospel of the Lord's Passion is read."
04_metropolitan_shio.csv,"მეუფე შიო მუჯირი - უფალს შეწევნისთვის თუ მივმართავთ, ჩვენი სურვილი ნამდვილი და ძლიერი თუ იქნება, ის აუცილებლად მოვა თავისი მადლით, გამოგვასწორებს, განგვწმენდს","Rev. Shio Mujiri - If we turn to the Lord for help, if our desire is genuine and strong, He will surely come with His grace, correct us, and purify us."
04_metropolitan_shio.csv,"უფალი ელოდება ჩვენგან, რომ ჩვენი ცოდვებით დამძიმებული, დაჭრილი სული ვაიძულოთ, მივმართოთ ხსნისა და წყალობისთვის. ჩვენი გამოსწორება, შინაგანი ცვლილება მხოლოდ ღმერთს შეუძლია. ჩვენი ძალებით ეს არ ძალგვიძს, – ამის შესახებ საპატრიარქო ტახტის მოსაყდრემ, სენაკისა და ჩხოროწყუს მიტროპოლიტმა შიომ (მუჯირი) სამების ტაძარში ქადაგებისას განაცხადა, სადაც ცოტა ხნის წინ გარდამოხსნის წესი შესრულდა.","The Lord expects us to force our souls, burdened by our sins, to turn to Him for salvation and mercy. Only God can correct us, to bring about our inner change. We cannot do this by our own strength, - said the Patriarchal Throne, Metropolitan of Senaki and Chkhorotsku Shio (Mujiri) during his sermon in the Trinity Cathedral, where the rite of conversion was recently performed."
04_metropolitan_shio.csv,"მეუფე შიოს თქმით, „ჩვენი სურვილი თუ ნამდვილი, ძლიერი და სერიოზულია, უფალი აუცილებლად მოვა თავისი მადლით, გამოგვასწორებს და განგვწმენდს“.","According to Reverend Shio, ""If our desire is genuine, strong, and serious, the Lord will surely come with His grace, correct us, and purify us."""
04_metropolitan_shio.csv,"„ჩვენი ეკლესიის დიდებული და უძველესი ღვთისმსახურების მეშვეობით, რომელიც შეადგინეს დიდმა წმინდა მამებმა, ცნობილმა ჰიმნოგრაფებმა, საუკეთესო პოეტებმა, მოაზროვნეებმა, ბრძენკაცებმა, გვაქვს საშუალება, არა მხოლოდ შევიტყოთ უფალ იესო ქრისტესთან დაკავშირებული ამბები სახარებიდან, არამედ ღვთისმსახურების მეშვეობით გავხდეთ ამ ამბების მონაწილენი. ამიტომ ჩვენ დღეს გამოვაბრძანეთ წმინდა გარდამოხსნა და ყველანი ვართ მონაწილენი ამ მოვლენის.","“Through the glorious and ancient liturgy of our Church, composed by the great holy fathers, famous hymnographers, the best poets, thinkers, and wise men, we have the opportunity not only to learn the news about the Lord Jesus Christ from the Gospel, but also to become participants in these news through the liturgy. Therefore, today we have ordained the Holy Transfiguration, and we are all participants in this event."
04_metropolitan_shio.csv,"აქ შეკრებილნი არიან, შეკრებილნი ვართ არა ისინი, ვინც ცოტა ხნის წინ ყვიროდნენ – ჯვარს აცვი, ჯვარს აცვი იგი, არამედ ვინც ვეუბნებით უფალს – შეგვინდე უფალო. ჩვენ ეკლესიის მიერ ვართ განსწავლულნი, ვიცით ეკლესიის სწავლება, რომ ჩვენი ცოდვებით კვლავ და კვლავ ჯვარს ვაცვამთ უფალს, იგი მოვიდა დედამიწაზე, განკაცდა, ივნო და მოკვდა იმისთვის, რომ განგვათავისუფლოს ცოდვების ტყვეობის, ცოდვების ტვირთისგან.","Gathered here, we are not those who a short time ago were shouting – crucify him, crucify him, but those who say to the Lord – have mercy on us, Lord. We have been taught by the Church, we know the teaching of the Church that with our sins we crucify the Lord again and again, that He came to earth, became man, suffered and died in order to free us from the captivity of sins, from the burden of sins."
04_metropolitan_shio.csv,"ვინ იყო პირველი ადამიანი, ვინც უფალმა გაათავისუფლა ამ ტვირთისგან? – ერთ-ერთი ჯვარცმული ავაზაკი, გონიერი ავაზაკი, რომელმაც ისე განიცადა უდანაშაულო მაცხოვრის ტანჯვები, რომ თავისი ცოდვები აღიარა და სინანულით მიმართა მაცხოვარს ჯვარიდან. უფალიც სწორედ ამას ელოდება ჩვენგან, რომ ჩვენი ცოდვებით დამძიმებული, დაჭრილი სული ვაიძულოთ, მივმართოთ ღმერთს ხსნისა და წყალობისთვის.","Who was the first person whom the Lord freed from this burden? – One of the crucified thieves, a wise thief, who so experienced the sufferings of the innocent Savior that he confessed his sins and turned to the Savior from the cross in repentance. The Lord expects this from us, to force our souls, burdened by our sins, to turn to God for salvation and mercy."
04_metropolitan_shio.csv,"მრავალი ჩვენგანი, და ზოგიერთი წლების განმავლობაშიც კი, დამოუკიდებლად ცდილობს, რაღაც გამოასწოროს თავის სულში, თავის ცხოვრებაში ღმერთის გარეშე, თავისი ძალებით. ეს უშედეგო მცდელობაა. მხოლოდ ამპარტავნული, უგუნური მცდელობაა, რადგან ჩვენი გამოსწორება, შინაგანი ცვლილება მხოლოდ ღმერთს შეუძლია. ჩვენი ძალებით ეს არ ძალგვიძს. შეიძლება, გარეგნულად ოდნავ შევცვალოთ ჩვენი ქცევა, მაგრამ ჩვენთვის მიუღწეველია, შევიცვალოთ შინაგანად, როგორც ამბობს უფალი, რომ უჩემოდ არაფერი შეგიძლიათ.","Many of us, and some even for years, try to fix something in our souls, in our lives, without God, by our own efforts. This is a futile attempt. It is only an arrogant, foolish attempt, because only God can fix us, change us internally. We cannot do this by our own efforts. We may change our behavior slightly externally, but it is impossible for us to change internally, as the Lord says, “Without Me you can do nothing.”"
04_metropolitan_shio.csv,"ძვირფასო ძმებო და დებო, უფალს სურს ჩვენი გამოსწორება და განწმენდა. შეგახსენებთ, ერთხელ მასთან მივიდა სნეული და მიმართა, უფალო, თუ გნებავს, შეგიძლია, განმწმინდოო. რა მიუგო უფალმა? – მნებავს, განიწმინდეო. უფალს ეს სურს. დაემთხვა ადამიანისა და ღმერთის ნება და ის ადამიანი განიკურნა.","Dear brothers and sisters, the Lord wants to correct and purify us. Let us recall that once a sick man came to Him and said, “Lord, if You are willing, You can make me clean.” What did the Lord answer? “I am willing, be cleansed.” This is what the Lord wants. The will of man and God coincided, and the man was healed."
04_metropolitan_shio.csv,"ასე რომ, ჩვენი გამოსწორებაც, განწმენდაც უფალს უფრო მეტად სურს, ვიდრე ჩვენ გვინდა. ჩვენი სურვილი თუ ნამდვილი, ძლიერი, სერიოზულია და მივმართავთ უფალს შეწევნისთვის, ის აუცილებლად მოვა თავისი მადლით, გამოგვასწორებს და განგვწმენდს. ღმერთმა დაგლოცოთ და გაგაძლიეროთ. ვევედროთ უფალს, მოგვცეს ძალა, შეწევნა, რომ ვიაროთ ჭეშმარიტების, სინათლის გზით და ქრისტესთან ერთად, ამინ“, – განაცხადა მეუფე შიომ.","So, the Lord desires our correction and purification more than we desire. If our desire is genuine, strong, and serious, and we turn to the Lord for help, He will surely come with His grace, correct us, and purify us. May God bless and strengthen you. Let us pray to the Lord to give us strength and help to walk on the path of truth, light, and with Christ, Amen,” said Bishop Shio."
05_people_power.csv,"დიმიტრი ხუნდაძე - მხოლოდ მშვიდობაა ის აუცილებელი პირობა, რაც ეკონომიკის განვითარებას შეუწყობს ხელს, საქართველო თავისი იმპროვიზაციული პოლიტიკით სწორი მიმართულებით მიდის","Dimitri Khundadze - Only peace is the necessary condition that will promote economic development, Georgia is moving in the right direction with its improvisational policy"
05_people_power.csv,"მხოლოდ მშვიდობაა ის აუცილებელი პირობა, რაც ეკონომიკის განვითარებას შეუწყობს ხელს, – ამის შესახებ „ხალხის ძალის“ გენერალურმა მდივანმა, დიმიტრი ხუნდაძემ განაცხადა.","""Only peace is the necessary condition that will contribute to economic development,"" said Dimitri Khundadze, Secretary General of the People's Power Party."
05_people_power.csv,"საქართველოს, როგორც შუა დერეფნის ერთ-ერთი მნიშვნელოვანი მოთამაშის როლზე საუბრისას დიმიტრი ხუნდაძემ აღნიშნა, რომ  ქვეყნის ეკონიმიკური განვითარება შეუნარჩუნებს ქვეყანას რეგიონის ლიდერის ფუნქციას.","Speaking about Georgia's role as one of the important players in the Middle Corridor, Dimitri Khundadze noted that the country's economic development will maintain its role as a regional leader."
05_people_power.csv,"მისი თქმით, ამის მიღწევა მხოლოდ მშვიდობის არსებობის პირობებშია შესაძლებელი, რადგან ომი და განვითარება ერთად წარმოუდგენელია.","According to him, this can only be achieved in the presence of peace, as war and development are inconceivable together."
05_people_power.csv,"„ქვეყნის სატრასპორტო შესაძლებლობების გამოყენებისათვის აუცილებელი პირობაა მშვიდობა. რამდენიმე დღის წინ, როცა ახლო აღმოსავლეთში ვითარება უკიდურესად დაიძაბა, სატრასპორტო-საჰაერო რუკაზე მხოლოდ საქართველოს საჰაერო სივრცე იყო გადატვირთული. ეს იყო ძალიან პატარა მაგალითი იმ დიდ სურათში, რასაც ვამბობ, რომ სატრანზიტო ფუნქციის შესრულებისათვის აუცილებელი პირობაა მშვიდობა.","""Peace is a necessary condition for using the country's transport capabilities. A few days ago, when the situation in the Middle East became extremely tense, only Georgian airspace was congested on the transport-air map. This was a very small example in the big picture, which I am saying is that peace is a necessary condition for fulfilling the transit function."""
05_people_power.csv,"როგორ შეიძლება, ქვეყანა უერთდებოდეს სანქციებს, როდესაც ამით ვერავითარ შედეგეს, თუნდაც დამკვეთისათვის, ვერ მიიღებ? როგორ წარმოგიდგენიათ ქართული სანქციებით რუსეთის ეკონომიკის დანგრევა? ჩვენი ოპონენტები აყენებენ საკითხს, რომ სოციალური მდომარეობის გაუმჯობესებისათვის უნდა გადაიდგას აქტიური ნაბიჯები, პენსიები და ხელფასები უნდა გაიზარდოს, სამუშაო ადგილები უნდა შეიქმნას, ტურიზმი უნდა განვითარდეს და ა.შ. პირდაპირ ციფრებად აქვთ წარმოდგენილი წინადადებები. მაგალითად, გახარიას პარტიის წარმომადგენლებმა შემოიტანეს ინიციატივა, რომ მინიმალური ხელფასი უნდა იყოს 1050 ლარი. „ლელო“ აყენებს საკითხს, რომ 1 000 ლარამდე გაიზარდოს პენსია და ეს ყველაფერი სანქციების ფონზე უნდა მოხდეს? ომის ვითარებაში ეს ხომ წარმოუდგენელია?!","How can a country join sanctions when it can’t achieve any results, even for the customer? How do you imagine the destruction of the Russian economy through Georgian sanctions? Our opponents raise the issue that active steps should be taken to improve the social situation, pensions and salaries should be increased, jobs should be created, tourism should be developed, etc. They have presented their proposals directly in numbers. For example, representatives of the Gakharia party have introduced an initiative that the minimum wage should be 1,050 GEL. “Lelo” raises the issue that the pension should be increased to 1,000 GEL and all this should happen against the backdrop of sanctions? Isn’t this unthinkable in a war situation?!"
05_people_power.csv,"ეს არის თვალთმაქცურად კეთილშობილური განცხადებები. ზოგს წამოსცდება ხოლმე, რომ სჯობს, ცხელი ბომბები ცვიოდეს, ვიდრე მშვიდობა იყოს საქართველოში. განვითარება და ომი – ეს ორი რამ შეუთავსებელია. საქართველო თავისი იმპროვიზაციული პოლიტიკით, ფაქტია, რომ სწორად მიდის.","These are hypocritically noble statements. Some people sometimes think that it is better for hot bombs to fall than for there to be peace in Georgia. Development and war are two incompatible things. Georgia, with its improvisational policy, is on the right track."
05_people_power.csv,"შედარებისთვის, უკრაინაში დღეს არავინ ფიქრობს პენსიების მომატებაზე, სკოლების და საბავშვო ბაღების აშენებაზე. უკრაინაში მხოლოდ ერთი საფიქრალია, რამენაირად გადარჩეს ოჯახის ესა თუ ის წევრი. 10 მილიონზე მეტი ადამიანია უკვე დევნილადაა ქცეული, ეკონომიკა განადგურებულია.","For comparison, in Ukraine today no one is thinking about increasing pensions, building schools and kindergartens. In Ukraine, there is only one thing to think about: how to somehow survive this or that family member. More than 10 million people have already been displaced, the economy has been destroyed."
05_people_power.csv,"ჩვენთან კი ბოლო ერთი წლის განმავლობაში ტურიზის მაჩვენებელმა მოიმატა. 4,4 მილიარდი იყო 2024 წელს, 2025 წელს კი დაფიქსირდა 4,7. ინვესტიციები იზრდება, ქვეყნის ეკონომიკა 100 მილიარდამდე გაიზარდა. სწორედ, აი, აქ არის იმის შესაძლებლობა, რომ ინფრასრუქტურა განვითარდეს, შემოვიდეს ინვესტიციები და კიდევ მეტი ტურისტი. შემდეგ უკვე შესაძლებლებელი იქნება პენსიების უფრო სწრაფად მატება, სამუშაო ადგილების მეტი ინტენსივობით შექმნა – ბოლო პერიოდში 40 ათასით გაიზარდა.","In our country, tourism has increased over the past year. It was 4.4 billion in 2024, and in 2025 it was 4.7. Investments are growing, the country's economy has grown to 100 billion. This is where the opportunity is for infrastructure to develop, investments to come in, and even more tourists. Then it will be possible to increase pensions more quickly, create jobs more intensively - recently it has increased by 40 thousand."
05_people_power.csv,"იმას კი არ ვამბობ, რომ ყველაფერი იდეალურად არის, მე ვამბობ, რომ ამ ურთულეს პერიოდში ასეთი პოლიტიკით არათუ მშვიდობა შევინარჩუნეთ და ომი ავიცილეთ, არამედ ყველა მიმართულებით შევძელით, რომ არის უკეთესი, ვიდრე იყო გუშინ, მაგრამ ეს საკმარისი არ არის და კიდევ უკეთესი გვინდა“, – განაცხადა დიმიტრი ხუნდაძემ.","""I'm not saying that everything is perfect, I'm saying that in this most difficult period, with such a policy, we not only maintained peace and avoided war, but we also succeeded in all directions. It's better than it was yesterday, but it's not enough and we want even better,"" said Dimitri Khundadze."
06_tbilisi_offers_free_metro.csv,აღდგომის დღესასწაულთან დაკავშირებით თბილისში მეტროთი და ავტობუსით მგზავრობა უფასო იქნება,Tbilisi metro and bus travel will be free on Easter
06_tbilisi_offers_free_metro.csv,აღდგომის დღესასწაულთან დაკავშირებით თბილისის მეტრო 12 აპრილის 04:00 საათამდე იმოძრავებს და 11 აპრილის 23:00-დან 12 აპრილის 04:00 საათამდე მგზავრობა უფასო იქნება. ინფორმაციას თბილისის მერია ავრცელებს.,"In connection with the Easter holiday, the Tbilisi Metro will operate until 04:00 on April 12, and travel will be free from 23:00 on April 11 to 04:00 on April 12. The information is being released by the Tbilisi City Hall."
06_tbilisi_offers_free_metro.csv,"ამასთან, დედაქალაქის მერიის გადაწყვეტილებით, 12-13 აპრილისთვის დაწესდა ავტობუსის ცხრა დროებითი მარშრუტიც.","In addition, by decision of the Tbilisi City Hall, nine temporary bus routes were established for April 12-13."
06_tbilisi_offers_free_metro.csv,"„ავტობუსები მგზავრებს 08:00-დან 20:00 საათამდე მუხათგვერდის, ვაშლიჯვრის, კუკიის, ახალი კუკიის, მახათას, საბურთალოს, ღრმაღელის, ველისა და ვარკეთილის სასაფლაოების მიმართულებით გადაიყვანენ.","""Buses will transport passengers from 08:00 to 20:00 to the Mukhatgverdi, Vashlijvari, Kukiya, Akhali Kukiya, Makhata, Saburtalo, Grmageli, Veli and Varketili cemeteries."""
06_tbilisi_offers_free_metro.csv,"ავტობუსები იმოძრავებენ მეტროსადგურებიდან: „მარჯანიშვილი“, „დელისი“, „სარაჯიშვილი“, „ვარკეთილის“ მიმდებარე ტერიტორიიდან, ასევე, „დიდუბის“ ზედა გასასვლელიდან, სადგურის მოედნიდან („თბილისი ცენტრალის“ პირდაპირ), ბესარიონ ჭიჭინაძის ქუჩიდან (კორპუსი N25-ის პირდაპირ) და ვარკეთილის III მასივიდან – შუამთისა და აბაშვილის ქუჩების გადაკვეთიდან.","Buses will operate from the following metro stations: ""Marjanishvili"", ""Delisi"", ""Sarajishvili"", ""Varketili"" from the surrounding area, as well as from the upper exit of ""Didube"", from the station square (directly from Tbilisi Central), from Besarion Chichinadze Street (directly from Building N25) and from Varketili III Massif - from the intersection of Shuamta and Abashvili Streets."
06_tbilisi_offers_free_metro.csv,"აღნიშნული მარშრუტების ავტობუსებით მოქალაქეები ორი დღის განმავლობაში უფასოდ ისარგებლებენ“, – აღნიშნულია თბილისის მერიის ინფორმაციაში.","""Citizens will be able to use the buses on these routes free of charge for two days,"" the Tbilisi City Hall statement states."
07_trailers_and_semi-trailers.csv,ნაქერალას უღელტეხილსა და საჩხერე (სარეკი)-უზუნთა-შქმერი-ზუდალის გზაზე მისაბმელიანი და ნახევრად მისაბმელიანი ავტოტრანსპორტის მოძრაობა აკრძალულია,The movement of trailers and semi-trailers is prohibited on the Nakerala Pass and the Sachkhere (Sareki)-Uzunta-Skhmeri-Zudali road.
07_trailers_and_semi-trailers.csv,თოვის გამო შიდასახელმწიფოებრივი მნიშვნელობის ქუთაისი (მოწამეთა)-ტყიბული-ამბროლაურის საავტომობილო გზის კმ39-კმ60 (ნაქერალას უღელტეხილი) მონაკვეთზე და საჩხერე (სარეკი)-უზუნთა-შქმერი-ზუდალის გზაზე დროებით აკრძალულია მისაბმელიანი და ნახევრად მისაბმელიანი ავტოტრანსპორტის მოძრაობა.,"Due to snowfall, the movement of trailers and semi-trailers is temporarily prohibited on the section of the national importance Kutaisi (Motsameta)-Tkibuli-Ambrolauri highway km39-km60 (Nakerala Pass) and the Sachkhere (Sareki)-Uzunta-Shkmeri-Zudali road."
07_trailers_and_semi-trailers.csv,"ინფორმაციას საქართველოს ინფრასტრუქტურის სამინისტროს საავტომობილო გზების დეპარტამენტი ავრცელებს. მათივე ცნობით, დანარჩენი სახის ავტოტრანსპორტის გადაადგილება თავისუფალია.","The information was released by the Roads Department of the Ministry of Infrastructure of Georgia. According to them, the movement of other types of motor transport is free."
08_vehicle_movement.csv,გუდაური (ფოსტა)-კობის მონაკვეთზე ავტოტრანსპორტის მოძრაობა აკრძალულია,Traffic is prohibited on the Gudauri (Posta)-Kobi section
08_vehicle_movement.csv,"გუდაური (ფოსტა)-კობის მონაკვეთზე ავტოტრანსპორტის მოძრაობა აკრძალულია, – ამის შესახებ ინფორმაციას საქართველოს ინფრასტრუქტურის სამინისტროს საავტომობილო გზების დეპარტამენტი ავრცელებს.","The movement of motor vehicles on the Gudauri (Posta)-Kobi section is prohibited, the Roads Department of the Ministry of Infrastructure of Georgia has announced."
08_vehicle_movement.csv,"როგორც საავტომობილო გზების დეპარტამენტის ინფორმაციაშია აღნიშნული, აღნიშნულ მონაკვეთზე ზვავსაშიშროების საფრთხის დონე მაღალია.","As stated in the information of the Roads Department, the avalanche danger level is high on this section."
08_vehicle_movement.csv,"„საქართველოს ინფრასტრუქტურის სამინისტროს საავტომობილო გზების დეპარტამენტის ინფორმაციით, გარემოს ეროვნული სააგენტოს ცნობით, საერთაშორისო მნიშვნელობის მცხეთა-სტეფანწმინდა-ლარსის საავტომობილო გზის გუდაური (ფოსტა)-კობის მონაკვეთზე ზვავსაშიშროების საფრთხის დონე მაღალია, რის გამოც აღნიშნულ მონაკვეთზე დროებით იკრძალება ყველა სახის ავტოტრანსპორტის მოძრაობა.","""According to the Roads Department of the Ministry of Infrastructure of Georgia, and the National Environmental Agency, the avalanche danger level is high on the Gudauri (Posta)-Kobi section of the Mtskheta-Stepantsminda-Larsi highway of international importance, which is why all types of vehicle traffic are temporarily prohibited on this section."""
08_vehicle_movement.csv,"გარემოს ეროვნული სააგენტოს ცნობით, მლეთა-გუდაურის მონაკვეთზე ავტოტრანსპორტის მოძრაობა განხორციელდება გაუჩერებლად გავლის რეჟიმში“, – ნათქვამია ინფორმაციაში.","According to the National Environmental Agency, vehicle traffic on the Mleta-Gudauri section will be carried out in a non-stop mode,” the information says."
09_vespers_of_the_descent.csv,სამების საკათედრო ტაძარში გარდამოხსნის წესი შესრულდა,The rite of conversion was performed at the Trinity Cathedral
09_vespers_of_the_descent.csv,ყოვლადწმინდა სამების საკათედრო ტაძარში გარდამოხსნის ტრადიციული წესი შესრულდა. მსახურება სიმბოლურად ჯვარცმული იესო ქრისტეს დაკრძალვას და დატირებას ასახავს.,The traditional rite of transfiguration was performed at the Cathedral of the Holy Trinity. The service symbolically depicts the burial and mourning of the crucified Jesus Christ.
09_vespers_of_the_descent.csv,"რიტუალი დღეს საპატრიარქო ტახტის მოსაყდრემ, სენაკისა და ჩხოროწყუს მიტროპოლიტმა შიომ (მუჯირი) მღვდელმთავრებთან ერთად ჩაატარა.","The ritual was performed today by the Patriarchal Enthronement, Metropolitan Shio (Mujiri) of Senaki and Chkhorotsku, together with the hierarchs."
09_vespers_of_the_descent.csv,"დღეს წითელი პარასკევია, ვნების კვირეულის ყველაზე მძიმე დღე. მართლმადიდებელი ეკლესია იესო ქრისტეს ჯვარცმას, ჯვრიდან გარდამოხსნასა და დაკრძალვას იხსენებს.","Today is Good Friday, the most solemn day of Holy Week. The Orthodox Church commemorates the crucifixion, removal from the cross, and burial of Jesus Christ."
09_vespers_of_the_descent.csv,"წითელ პარასკევს ტაძრებში წირვა არ აღევლინება, რადგან, სახარების თანახმად, ადამიანთა ცოდვებისგან გამოსახსნელად უფალმა საკუთარი თავი მსხვერპლად შესწირა. მსახურებისას სამეუფო ჟამნი სრულდება, რომლის დროსაც უფლის ვნების შესახებ სახარება იკითხება.","On Good Friday, no services are held in churches, because, according to the Gospel, the Lord offered himself as a sacrifice to redeem people from their sins. During the service, the Holy Hour is completed, during which the Gospel of the Lord's Passion is read."
09_vespers_of_the_descent.csv,"მორწმუნეები ამ დღეს კვერცხებს წითლად ღებავენ, ასევე აცხობენ პასკებს, რადგან, სახარების თანახმად, იესო ქრისტეს ჯვარცმა იუდეველთა პასექის დღესასწაულზე მოხდა.","Believers dye eggs red on this day and also bake Easter cakes, because, according to the Gospel, the crucifixion of Jesus Christ took place on the Jewish holiday of Passover."
10_water_polo.csv,წყალბურთი | საქართველოს ნაკრებმა თურქეთი დაამარცხა და მსოფლიო თასისკენ დიდი ნაბიჯი გადადგა #1TVSPORT,Water polo | Georgian national team defeated Turkey and took a big step towards the World Cup #1TVSPORT
10_water_polo.csv,საქართველოს წყალბურთელთა ნაკრებმა მსოფლიო თასის საკვალიფიკაციო ეტაპის მერვედფინალური მატჩი თურქეთთან გამართა და 19:12 გაიმარჯვა. ეს იყო ღირსეული რევანში ამავე ნაკრებთან ჯგუფურ ეტაპზე დამარცხებისთვის.,The Georgian water polo team played a round of 16 match of the World Cup qualifying round against Turkey and won 19:12. This was a worthy revenge for the defeat against the same team in the group stage.
10_water_polo.csv,"ამ მოგებით ქართველები მეოთხედფინალში გავიდნენ, სადაც მათი მეტოქე მოგვიანებით გაირკვევა (კანადა-უკრაინას შორის გამარჯვებული). მსოფლიო თასზე მოსახვედრად საქართველოს ნაკრებს კიდევ ორი შეხვედრის მოგება სჭირდება – მეოთხედფინალის და ნახევარფინალის. მსოფლიო თასის სუპერფინალის საგზურს ორი ფინალისტი მიიღებს.","With this win, the Georgians advanced to the quarterfinals, where their opponent will be determined later (the winner between Canada and Ukraine). To qualify for the World Cup, the Georgian team needs to win two more matches – the quarterfinals and the semifinals. Two finalists will qualify for the World Cup Super Final."
10_water_polo.csv,წყალბურთში 2026 წლის მსოფლიო თასი 22-26 ივლისს ავსტრალიაში გაიმართება.,The 2026 Water Polo World Cup will be held in Australia from July 22-26.
01_ge_Irakli_Kobakhidze.csv,"ირაკლი კობახიძე - ისე როგორც პრემიერს, სახელმწიფო მინისტრსაც მთლიანად მთავრობის ადმინისტრაციის რესურსი მოემსახურება, აქ საქილიკო არაფერია, თუმცა ოპოზიცია აქაც ახერხებს  სპეკულაციებს - ეს მათი სახეა და არ არის საინტერესო (28.04.2026, 16:17)","Irakli Kobakhidze - Just like the Prime Minister, the State Minister will also be served by the entire resources of the government administration, there is nothing wrong with this, although the opposition manages to speculate here too - this is their nature and is not interesting (28.04.2026, 16:17)"
01_ge_Irakli_Kobakhidze.csv,"ისევე როგორც პრემიერ-მინისტრს, ვიცე-პრემიერსაც, სამართალდამცავი ორგანოების კოორდინაციის საკითხებში სახელმწიფო მინისტრსაც მთლიანად მთავრობის ადმინისტრაციის რესურსი მოემსახურება - თავადაც ხვდებით, აქ საქილიკო არაფერია, თუმცა ოპოზიცია აქაც ახერხებს სპეკულაციების გავრცელებას - ეს მათი სახეა და არ არის საინტერესო, - ამის შესახებ პრემიერ-მინისტრმა, ირაკლი კობახიძემ ჟურნალისტებთან განაცხადა.","Just like the Prime Minister, the Vice Prime Minister, and the State Minister for Coordination of Law Enforcement Agencies will be served by the entire government administration's resources - as you can see, there is nothing shady here, although the opposition manages to spread speculation here too - this is their nature and it is not interesting, - Prime Minister Irakli Kobakhidze told journalists."
01_ge_Irakli_Kobakhidze.csv,"მისივე თქმით, ახალი სტრუქტურული ერთეულის შექმნის მიზანი სამართალდამცავი სისტემის კიდევ უფრო მეტად გაძლიერებაა.","According to him, the goal of creating a new structural unit is to further strengthen the law enforcement system."
01_ge_Irakli_Kobakhidze.csv,"„ეს ცვლილებები ემსახურებოდა სამართალდამცავი სისტემის კიდევ უფრო მეტად გაძლიერებას. გაჩნდა ახალი რგოლი - კოორდინაციის რგოლი. ამ ფუნქციას მამუკა მდინარაძე მანამდეც ასრულებდა, მაგრამ კონკრეტული უწყებიდან. ეს იყო ფაქტობრივი მდგომარეობა. ჩვენ გადავწყვიტეთ იმ მოცემულობის ფორმალიზება, რაც სწორია, რაც მანამდეც იყო ჩამოყალიბებული. რეალურად, იქნება დამოუკიდებელი სტრუქტურები. ბუნებრივია, ეს არის შინაგან საქმეთა სამინისტრო, სახელმწიფო უსაფრთხოების სამსახური, სახელმწიფო დაცვის სპეციალური სამსახური და მათ საერთო კოორდინაციას უზრუნველყოფს. სახელმწიფო მინისტრი ახალი თანამდებობა არის ამისთვის განკუთვნილი, რაც კიდევ უფრო გააძლიერებს დანაშაულის წინააღმდეგ ბრძოლას, საზოგადოებრივი წესრიგის დაცვაზე ზრუნვას. თქვენ იცით რომ ამ ერთი წლის განმავლობაში ყველა მიმართულებით გვაქვს ფუნდამენტური ცვლილებები,“ - განაცხადა კობახიძემ.","""These changes served to further strengthen the law enforcement system. A new link emerged - the link of coordination. Mamuka Mdinaradze had performed this function before, but from a specific agency. This was the actual situation. We decided to formalize the given situation, which is correct, which had been established before. In reality, there will be independent structures. Naturally, these are the Ministry of Internal Affairs, the State Security Service, the Special State Protection Service, and they will ensure their overall coordination. The new position of State Minister is intended for this, which will further strengthen the fight against crime and care for the protection of public order. You know that during this year we have had fundamental changes in all directions,"" Kobakhidze said."
01_ge_Irakli_Kobakhidze.csv,"ამასთან, პრემიერმა პატიმრობაში მყოფ სუს-ის ყოფილ ხელმძღვანელ, გრიგოლ ლილუაშვილსა და მამუკა მდინარაძეს შორის პარალელების შესახებ დასმულ კითხვას უპასუხა და აღნიშნა, რომ „მაშინ სხვაგვარად წარიმართა პროცესები, ახლა სხვანაირად წარიმართება“.","In addition, the Prime Minister responded to a question about the parallels between the imprisoned former head of the State Security Service, Grigol Liluashvili, and Mamuka Mdinaradze, noting that ""the processes were conducted differently then, and they will be conducted differently now."""
01_ge_Irakli_Kobakhidze.csv,"„მოცემულობა არის რადიკალურად განსხვავებული. კონტექსტი არის სრულიად განსხვავებული. მამუკა მდინარაძე არის გამორჩეულად წარმატებული წევრი ჩვენს გუნდში. კონკრეტულად სახელმწიფო უსაფრთხოების სამსახურში მისი საქმიანობა იყო გამორჩეულად წარმატებული, მათ შორის, კორუფციის მიმართულებით, ტერორისტული დანაშაულის მიმართულებით. ძალიან მნიშვნელოვანი სისტემური ცვლილებები განახორციელა. ეს არის განსხვავებული ფონი, შესაბამისად, განსხვავებულ ფონზე სამომავლო განვითარებაც იქნება განსხვავებული,“ - განაცხადა კობახიძემ.","""The commitment is radically different. The context is completely different. Mamuka Mdinaradze is an exceptionally successful member of our team. Specifically, his work in the State Security Service was exceptionally successful, including in the direction of corruption, in the direction of terrorist crimes. He implemented very important systemic changes. This is a different background, therefore, future development will also be different in a different background,"" Kobakhidze said."
01_ge_Irakli_Kobakhidze.csv,"პარლამენტი დაჩქარებული წესით იხილავს კანონის პროექტს, რომლის საფუძველზეც საქართველოს მთავრობის შემადგენლობაში სამართალდამცავი ორგანოების კოორდინაციის საკითხებში სახელმწიფო მინისტრის თანამდებობის შემოღება ხდება. პროექტის მიხედვით, ახალი სახელმწიფო მინისტრის საქმიანობას მატერიალურ-ტექნიკურად და ორგანიზაციულად მთავრობის ადმინისტრაცია უზრუნველყოფს.","The Parliament will consider an accelerated draft law on the basis of which the position of State Minister for Coordination of Law Enforcement Agencies will be introduced within the Government of Georgia. According to the draft, the activities of the new State Minister will be provided materially, technically and organizationally by the Government Administration."
01_ge_Irakli_Kobakhidze.csv,"მთავრობის საპარლამენტო მდივნის ვახტანგ ბაჩიაშვილის ინფორმაციით, სახელმწიფო მინისტრის უფლებამოსილებები მთავრობის დადგენილებაში დაზუსტდება. მისივე თქმით, სამართალდამცავი ორგანოების კოორდინაციის საკითხებში სახელმწიფო მინისტრი მთავრობის ადმინისტრაციის შენობაში განთავსდება.","According to the Parliamentary Secretary of the Government, Vakhtang Bachiashvili, the powers of the State Minister will be specified in a government resolution. According to him, the State Minister for Coordination of Law Enforcement Agencies will be located in the Government Administration Building."
02_ge_Giorgi_Sharashidze.csv,"გიორგი შარაშიძე - რა ვიცე-პრემიერობაზე და სახელმწიფო მინისტრობაზეა საუბარი, კაბინეტსაც კი არ აძლევენ ნორმალურს, აპარატიც არ ექნება და მდივანიც არ ეყოლება - მდინარაძეს ვურჩევდი, ამ კაბინეტზეც ძალიან ნუ ჩაიციკლება და დისტანციურად იმუშაოს (28.04.2026, 12:04)","Giorgi Sharashidze - What kind of Vice Prime Minister and State Minister are we talking about? They don't even give him a normal cabinet, he won't have an office or a secretary - I would advise Mdinaradze not to get too carried away with this cabinet and to work remotely (28.04.2026, 12:04)"
02_ge_Giorgi_Sharashidze.csv,"რა ვიცე-პრემიერობაზე და სახელმწიფო მინისტრობაზეა საუბარი, კაბინეტსაც კი არ აძლევენ ნორმალურს, აპარატიც არ ექნება და მდივანიც არ ეყოლება მდინარაძეს - ვურჩევდი, რომ ამ კაბინეტზეც ძალიან ნუ იქნება ჩაციკლული და დისტანციურად იმუშაოს სახლიდან, - ამის შესახებ პარტია „გახარია საქართველოსთვის” დეპუტატმა, გიორგი შარაშიძემ, სამართალდამცავი ორგანოების კოორდინირებისთვის სახელმწიფო მინისტრის თანამდებობის შექმნაზე საუბრისას განაცხადა. მისი თქმით, გენერალ-კოორდინატორის დანიშვნა არაფერს არ შეცვლის გარდა იმისა, რომ ეს მისი „დროებითი დაკმაყოფილება და პენსიაზე გაშვება იქნება“.","What kind of Vice Prime Minister and State Minister are we talking about? They don't even give Mdinaradze a normal cabinet, he won't have an office, and he won't have a secretary - I would advise him not to be too busy with this cabinet and to work remotely from home, - Giorgi Sharashidze, an MP from the ""Gakharia for Georgia"" party, said this while talking about the creation of the position of State Minister for the Coordination of Law Enforcement Agencies. According to him, the appointment of a general coordinator will not change anything except that it will be his ""temporary satisfaction and retirement."""
02_ge_Giorgi_Sharashidze.csv,"„დაგეგმილ ცვლილებებს ჩვენი ქვეყნის მოქალაქეების პრობლემების და საქართველოს უსაფრთხოების საკითხების პრობლემების გადაჭრასთან არანაირი კავშირი არ აქვს. ეს არის არაფორმალური მმართველობის მორიგი გამოვლინება. „ოცნებას“ და იმ 89 დეპუტატს, რომელიც პარლამენტში ზის, არ აქვს, გარდა იმისა, რომ ივანიშვილის გადაწყვეტილებები, რომელსაც მათ არავინ არ უთანხმებს, უბრალოდ „გააპრავონ”. რა ვიცე-პრემიერობაზე და სახელმწიფო მინისტრობაზეა საუბარი, კაბინეტსაც კი არ აძლევენ ნორმალურს, აპარატიც არ ექნება და მდივანიც არ ეყოლება მდინარაძეს. მას ვურჩევდი, რომ ამ კაბინეტზეც ძალიან ნუ იქნება ჩაციკლული და დისტანციურად იმუშაოს მაშინ, სახლიდან.","""The planned changes have nothing to do with solving the problems of our citizens and the security issues of Georgia. This is another manifestation of informal governance. ""Dream"" and the 89 deputies sitting in parliament have nothing to do except to simply ""smash"" Ivanishvili's decisions, which no one agrees with them. What are we talking about as a vice-premier and state minister, they are not even giving him a normal cabinet, he will not have an office, and Mdinaradze will not have a secretary. I would advise him not to be too busy with this cabinet and to work remotely, from home."
02_ge_Giorgi_Sharashidze.csv,"თუ კოორდინაცია არის ასეთი მნიშვნელოვანი - კოორდინაციისთვის სუს-ის ხელმძღვანელს ექვს თვეში არ ხსნიან. სახელმწიფო უსაფრთხოების სამსახური ექვსი წლის ვადით შემთხვევით არ ინიშნება - ეს ჩანაწერი კანონში შემთხვევით არ არის. ვხედავთ, რომ ბოლო ერთ წელიწადში უკვე ორი სუს-ის უფროსი შეიცვალა. ეს მიუთითებს არასტაბილურ გარემოზე და არაფორმალურ მმართველობაზე. ადამიანს ერთ დღეში გენერლობა მიანიჭეს დილით და საღამოს კოორდინატორად დააქვეითეს - ამ ადამიანისგან რა განსაკუთრებული მოლოდინები უნდა შევქმნათ?",If coordination is so important - the head of the State Security Service is not dismissed in six months for coordination. The State Security Service is not appointed for a six-year term by chance - this provision in the law is not accidental. We see that in the last year two heads of the State Security Service have already been changed. This indicates an unstable environment and informal governance. A person was given a generalship in one day in the morning and demoted to coordinator in the evening - what special expectations should we have from this person?
02_ge_Giorgi_Sharashidze.csv,"რაც შეეხება კოორდინატორობას - თავად „ოცნებამ“ შემოიტანა ეს ტერმინი და გუშინ ჩვენი ერთ-ერთი ლიდერი გიგა ფარულავა, იურიდიული კომიტეტის სხდომაზე, როდესაც ფაქტს ამბობდა, რომ კოორდინატორად ნიშნავთო, ისეთი გაღიზიანება მოჰყვა, ლექსიკა და ტონი დაუწუნეს. ეს კოორდინატორი „ოცნების“ მიერ შემოღებული ტერმინია და თუ მათთვის ეს შეურაცხმყოფელია, მაშინ თავად ახსნან საერთოდ საიდან მოიტანეს ეს ტერმინი. ამიტომ, როდესაც ვამბობთ, რომ ეს გენერალ-კოორდინატორის დანიშვნა არაფერს არ შეცვლის გარდა იმისა, რომ უბრალოდ ეს იქნება რაღაცა მისი დაკმაყოფილება დროებით და პენსიაზე გაშვება, ეს არის რეალობა“, - განაცხადა შარაშიძემ.","""As for the term coordinator - ""Otsneba"" itself introduced this term, and yesterday, at the meeting of the Legal Committee, one of our leaders, Giga Parulava, when he mentioned the fact that he was being referred to as a coordinator, there was such irritation, his vocabulary and tone were criticized. This coordinator is a term introduced by ""Otsneba"" and if it is offensive to them, then they should explain themselves where they got this term from. Therefore, when we say that this appointment of a general coordinator will not change anything except that it will simply be something to temporarily satisfy him and send him to retirement, this is reality,"" Sharashidze said."
02_ge_Giorgi_Sharashidze.csv,"ცნობისთვის, პარლამენტი დაჩქარებული წესით იხილავს კანონის პროექტს, რომლის საფუძველზეც საქართველოს მთავრობის შემადგენლობაში სამართალდამცავი ორგანოების კოორდინაციის საკითხებში სახელმწიფო მინისტრის თანამდებობის შემოღება ხდება.","For your information, the Parliament will urgently consider a draft law, based on which the position of State Minister for Coordination of Law Enforcement Agencies will be introduced within the Government of Georgia."
02_ge_Giorgi_Sharashidze.csv,"პროექტის მიხედვით, ახალი სახელმწიფო მინისტრის საქმიანობას მატერიალურ-ტექნიკურად და ორგანიზაციულად მთავრობის ადმინისტრაცია უზრუნველყოფს.","According to the project, the government administration will provide the material, technical and organizational support for the activities of the new state minister."
02_ge_Giorgi_Sharashidze.csv,"მთავრობის საპარლამენტო მდივნის ვახტანგ ბაჩიაშვილის ინფორმაციით, სახელმწიფო მინისტრის უფლებამოსილებები მთავრობის დადგენილებაში დაზუსტდება, სადაც მისი რუტინული თუ სტრატეგიული უფლებამოსილებები გაიწერება.","According to the Government's Parliamentary Secretary Vakhtang Bachiashvili, the powers of the State Minister will be specified in a government resolution, which will specify his or her routine and strategic powers."
02_ge_Giorgi_Sharashidze.csv,სამართალდამცავი ორგანოების კოორდინაციის საკითხებში სახელმწიფო მინისტრის თანამდებობაზე მამუკა მდინარაძე დაინიშნება.,Mamuka Mdinaradze will be appointed as State Minister for Coordination of Law Enforcement Agencies.
03_ge_Mariam_Kvrivishvili.csv,"მარიამ ქვრივიშვილი - ჩინეთთან ხელი მოვაწერეთ თავისუფალი ვაჭრობის შეთანხმების განახლებულ ვერსიას, რაც კიდევ უფრო მეტად გააძლიერებს და გაამყარებს ორ ქვეყანას შორის სავაჭრო-ეკონომიკურ ურთიერთობებს (25.04.2026, 11:11)","Mariam Kvrivishvili - We have signed an updated version of the Free Trade Agreement with China, which will further strengthen and consolidate trade and economic relations between the two countries (25.04.2026, 11:11)"
03_ge_Mariam_Kvrivishvili.csv,"ჩინეთის სახალხო რესპუბლიკაში ვიზიტი წარმატებული შედეგებით დასრულდა, რაც დადებითად აისახება საქართველოსა და ჩინეთის ეკონომიკური კავშირების შემდგომ განვითარებაზე, - ამის შესახებ საქართველოს ეკონომიკისა და მდგრადი განვითარების მინისტრმა მარიამ ქვრივიშვილმა განაცხადა.","The visit to the People's Republic of China ended with successful results, which will positively affect the further development of economic ties between Georgia and China, - stated Mariam Kvrivishvili, Minister of Economy and Sustainable Development of Georgia."
03_ge_Mariam_Kvrivishvili.csv,"მინისტრის თქმით, ვიზიტის ფარგლებში გაიმართა უმაღლესი დონის შეხვედრები ჩინეთის სახელმწიფო და კერძო სექტორის წარმომადგენლებთან. მარიამ ქვრივიშვილმა განსაკუთრებული აქცენტი გააკეთა ჩინეთის ეროვნული რეფორმებისა და განვითარების კომიტეტში გამართულ შეხვედრაზე, რომლის დროსაც მხარეები შეთანხმდნენ, რომ ჩამოყალიბდება ინვესტიციების მოსაზიდად საქართველო-ჩინეთს შორის დიალოგის მექანიზმი, რაც ხელს შეუწყობს ჩინეთიდან ინვესტიციების განხორციელებას.","According to the minister, high-level meetings were held with representatives of the Chinese state and private sectors during the visit. Mariam Kvrivishvili placed special emphasis on the meeting held at the National Reform and Development Committee of China, during which the parties agreed to establish a dialogue mechanism between Georgia and China to attract investments, which will facilitate the implementation of investments from China."
03_ge_Mariam_Kvrivishvili.csv,"„კომერციის მინისტრთან ერთად ხელი მოვაწერე თავისუფალი ვაჭრობის შეთანხმების განახლებულ ვერსიას, რაც კიდევ უფრო მეტად გააძლიერებს და გაამყარებს ორ ქვეყანას შორის სავაჭრო-ეკონომიკურ ურთიერთობებს. გარდა ამისა, მივიღეთ უმნიშვნელოვანესი გადაწყვეტილება, რომ შეიქმნება მთავრობათაშორისი ფორმატი, რომელიც უზრუნველყოფს უმსხვილესი ინვესტიციების მოზიდვის, ისევე, როგორც სტრატეგიულ პროექტებში ჩინური კომპანიების ჩართულობის მხარდაჭერას"", - აღნიშნა მარიამ ქვრივიშვილმა.","""Together with the Minister of Commerce, I signed an updated version of the Free Trade Agreement, which will further strengthen and consolidate trade and economic relations between the two countries. In addition, we made a very important decision to create an intergovernmental format that will ensure the attraction of the largest investments, as well as support for the involvement of Chinese companies in strategic projects,"" Mariam Kvrivishvili noted."
03_ge_Mariam_Kvrivishvili.csv,"მინისტრმა ასევე ყურადღება გაამახვილა ჩინეთის ავიაკომპანია China Eastern Airlines - ის ხელმძღვანელებთან გამართულ შეხვედრაზე, რომელზეც მიღებულ იქნა გადაწყვეტილება 15 ივლისიდან შანხაი - თბილისის მიმართულებით პირდაპირი ავიამიმოსვლის დაწყების შესახებ. როგორც მარიამ ქვრივიშვილმა აღნიშნა, შანხაის მიმართულება, ისევე როგორც ზოგადად ჩინეთის ტურისტული ბაზარი საქართველოსთვის სტრატეგიულია და პირდაპირი საჰაერო მიმოსვლა ხელს შეუწყობს ქვეყანაში როგორც ტურისტული ნაკადების ზრდას, ისე მსყიდველუნარიანი ვიზიტორების ჩამოსვლას.","The Minister also drew attention to the meeting with the leaders of China Eastern Airlines, at which a decision was made to launch direct flights from Shanghai to Tbilisi from July 15. As Mariam Kvrivishvili noted, the Shanghai route, as well as the Chinese tourist market in general, is strategic for Georgia, and direct air traffic will contribute to both the growth of tourist flows and the arrival of visitors with purchasing power in the country."
03_ge_Mariam_Kvrivishvili.csv,"„ეს გადაწყვეტილება გააძლიერებს ხალხთაშორის ურთიერთობებს, ეკონომიკურ კავშირებს და სტიმულს მისცემს ჩვენი ქვეყნის ტურიზმის ინდუსტრიის გაძლიერებას, დივერსიფიცირებას და დამატებითი შემოსავლების გენერირებას ჩვენს ქვეყანაში უშუალოდ ტურიზმის ინდუსტრიიდან"", - განაცხადა მარიამ ქვრივიშვილმა.","""This decision will strengthen people-to-people relations, economic ties, and provide an incentive to strengthen, diversify, and generate additional revenue in our country directly from the tourism industry,"" said Mariam Kvrivishvili."
03_ge_Mariam_Kvrivishvili.csv,"ვიზიტის ფარგლებში გაიმართა შეხვედრები ჩინეთის უმსხვილეს ენერგეტიკულ და ავტომობილების მწარმოებელ კომპანიებთან. როგორც მარიამ ქვრივიშვილმა აღნიშნა, შეხვედრებზე განიხილეს საქართველოს საინვესტიციო შესაძლებლობები, რაც ხელს შეუწყობს ჩინეთიდან დამატებითი ინვესტიციების მოზიდვას, ადგილობრივი წარმოების განვითარებას და ენერგეტიკის სექტორის გაძლიერებას.","During the visit, meetings were held with China's largest energy and automobile manufacturing companies. As Mariam Kvrivishvili noted, the meetings discussed Georgia's investment opportunities, which will help attract additional investments from China, develop local production, and strengthen the energy sector."
04_ge_Maka_Botchorishvili.csv,"მაკა ბოჭორიშვილი პაველ ჰერჩინსკიზე - არ გვჭირდება საზოგადოების პოლარიზების და რადიკალური დღის წესრიგის წახალისება, არ გვჭირდება არც ბნელი წარსული და არც მსგავსი მუქარა - ხელისუფლება ყველაზე კარგად გრძნობს, რომელი გზის გასაყარზე დგას საქართველო (27.04.2026, 14:01)","Maka Bochorishvili on Pavel Herchinsky - We do not need to polarize society and encourage a radical agenda, we do not need a dark past or similar threats - the government feels best at which crossroads Georgia is standing (27.04.2026, 14:01)"
04_ge_Maka_Botchorishvili.csv,"როგორი განმარტებაც არ უნდა მოვისმინოთ, ფაქტები და ქმედებები ფაქტებად და ქმედებებად რჩება. სურათი, რომელსაც ვხედავთ, მიუღებელია, - ამის შესახებ საგარეო საქმეთა მინისტრმა, მაკა ბოჭორიშვილმა ევროკავშირის ელჩთან, პაველ ჰერჩინსკისთან შეხვედრის დასრულების შემდეგ ჟურნალისტებთან განაცხადა.","""No matter what explanation we hear, facts and actions remain facts and actions. The picture we see is unacceptable,"" Foreign Minister Maka Bochorishvili told reporters after a meeting with EU Ambassador Pavel Herczynski."
04_ge_Maka_Botchorishvili.csv,"მისი თქმით, ხელისუფლება ყველაზე კარგად გრძნობს, რომელი გზის გასაყარზე დგას საქართველო და რამდენად არ გვჭირდება არც ბნელი წარსული და არც მსგავსი მუქარები.","According to him, the government feels best at which crossroads Georgia is standing and how much we do not need either the dark past or similar threats."
04_ge_Maka_Botchorishvili.csv,"„ჩვენზე, ქართველებზე და ქართველი ხალხის მიერ არჩეულ ხელისუფლებაზე უკეთ ვერავინ მიხვდება და გაიგებს, რომელ გზაგასაყარზე დგას ეს ქვეყანა. ქართველი ხალხის ნება გამოხატულია საქართველოს ხელისუფლების არჩევანში. ხელისუფლება წარმოადგენს იმ ხალხის ნებას, რომელზეც ასე ღელავენ. შესაბამისად, ხელისუფლება ყველაზე კარგად გრძნობს, რომელი გზის გასაყარზე დგას საქართველო, რამდენად სჭირდება საქართველოს უსაფრთხოებას გაფრთხილება და რამდენად გვჭირდება სტაბილურობა. რამდენად არ გვჭირდება ამ საზოგადოების პოლარიზების და რადიკალური დღის წესრიგის წახალისება. ასევე, არ გვჭირდება არც ბნელი წარსული და არც მსგავსი მუქარები“, - განაცხადა ბოჭორიშვილმა.","""No one can understand and comprehend better than us, Georgians and the government elected by the Georgian people, the crossroads this country is at. The will of the Georgian people is expressed in the choice of the Georgian government. The government represents the will of the people they are so worried about. Accordingly, the government feels best at the crossroads Georgia is at, how much Georgia's security needs to be warned and how much we need stability. How much we do not need to polarize this society and encourage a radical agenda. Also, we do not need either a dark past or similar threats,"" Bochorishvili said."
04_ge_Maka_Botchorishvili.csv,"კითხვაზე, რა იყო პაველ ჰერჩინსკის განცხადებაში მუქარის შემცველი, ბოჭორიშვილმა უპასუხა, რომ მიუღებელია ყველაფერი ის, რაც საზოგადოებაში აღვივებს პოლარიზებას.","When asked what was threatening in Pavel Herchinsky's statement, Bochorishvili replied that anything that stirs up polarization in society is unacceptable."
04_ge_Maka_Botchorishvili.csv,"„ის განცხადებები, ქმედებები, ნაბიჯები, რომელიც ბრიუსელის მხრიდან იდგმება, ის დამოკიდებულება, რომელსაც საქართველოს ხელისუფლებასთან მიმართებაში ვხედავთ, არის მიუღებელი და მიმართულია ამ საზოგადოებაში პოლარიზაციისკენ. მიუღებელია ყველაფერი ის, რაც ჩვენს საზოგადოებაში აღვივებს პოლარიზებას და მიუღებელია რადიკალური დღის წესრიგის წახალისება“, - აღნიშნა საგარეო საქმეთა მინისტრმა.","""The statements, actions, steps that are being taken by Brussels, the attitude that we see towards the Georgian government, are unacceptable and are aimed at polarization in this society. Everything that stirs up polarization in our society is unacceptable, and encouraging a radical agenda is unacceptable,"" the Minister of Foreign Affairs noted."
04_ge_Maka_Botchorishvili.csv,"კითხვაზე, მოისმინა თუ არა მან განმარტება პაველ ჰერჩინსკის მხრიდან მის განცხადებაზე, ბოჭორიშვილმა უპასუხა, რომ აქვთ მოლოდინი, რომ ბრიუსელიდან ის დამოკიდებულება იქნება, რასაც საქართველო იმსახურებს.","When asked whether he had heard an explanation from Pavel Herchinsky about his statement, Bochorishvili replied that they expect that Brussels will give the attitude that Georgia deserves."
04_ge_Maka_Botchorishvili.csv,"„როგორი განმარტებაც არ უნდა მოვისმინოთ, ფაქტები და ქმედებები ფაქტებად და ქმედებებად რჩება. სურათი, რომელსაც ვხედავთ, მიუღებელია. საქართველო არის კეთილსინდისიერი პარტნიორი! მას ევროკავშირთან მიმართებით არაფერი გაუკეთებია იმისთვის, რომ დაზიანებულიყო ევროკავშირის რომელიმე ინტერესი. შესაბამისად, ევროკავშირის მხრიდან ჩვენც მოველით, რომ ბრიუსელიდან ის დამოკიდებულება იქნება, რასაც საქართველო იმსახურებს - კეთილსინდისიერ ურთიერთობაში. ამას ვერ ვხედავთ ამ ეტაპზე და ამის გამოხატულებაა ის ნაბიჯებიც, რასაც ვხედავთ. თუ გვინდა, რომ ურთიერთობები ისევ ნორმალურ რეჟიმში გადავიდეთ, მინიმუმ ერთმანეთს პატივი უნდა ვცეთ და მინიმუმ უნდა იყოს ნდობაზე დაფუძნებული ეს ურთიერთობები, რომელსაც ასეთი განცხადებები, არყევს“, - განაცხადა მაკა ბოჭორიშვილმა.","""No matter what explanation we hear, facts and actions remain facts and actions. The picture we see is unacceptable. Georgia is a bona fide partner! It has not done anything towards the European Union to damage any of the interests of the European Union. Accordingly, we expect from the European Union that Brussels will have the attitude that Georgia deserves - in good faith relations. We do not see this at this stage and the steps we see are a reflection of this. If we want relations to return to normal, we must at least respect each other and at least these relations must be based on trust, which such statements are shaking,"" said Maka Bochorishvili."
04_ge_Maka_Botchorishvili.csv,"ცნობისთვის, საქართველოში ევროკავშირის ელჩ პაველ ჰერჩინსკისა და საგარეო საქმეთა მინისტრ მაკა ბოჭორიშვილს შორის დღეს შეხვედრა გაიმართა. პაველ ჰერჩინსკის შეხვედრაზე დაბარება მის მიერ გაკეთებულ განცხადებას უკავშირდებოდა. შეგახსენებთ იმასაც, რომ ევროკავშირის ელჩმა საქართველოში პაველ ჰერჩინსკიმ ბრიუსელში, ევროპის საგარეო ქმედებათა სამსახურში, სადაც დოკუმენტური ფოტოგამოფენა „საქართველო ფოკუსში“ გაიხსნა, აღნიშნა, რომ საქართველო სწორ ტრაექტორიაზე აღარ იმყოფება. ელჩის თქმით, „ხელისუფლებამ აირჩია ალტერნატიული, ავტორიტარიზმის მოდელი და საქართველოს ევროკავშირს აშორებს“.","For your information, a meeting was held today between the EU Ambassador to Georgia, Pavel Herczynski, and the Minister of Foreign Affairs, Maka Bochorishvili. The summoning of Pavel Herczynski to the meeting was related to a statement he made. We would also like to remind you that the EU Ambassador to Georgia, Pavel Herczynski, noted at the European External Action Service in Brussels, where the documentary photo exhibition “Georgia in Focus” was opened, that Georgia is no longer on the right trajectory. According to the ambassador, “the authorities have chosen an alternative, authoritarian model and are distancing Georgia from the European Union.”"
04_ge_Maka_Botchorishvili.csv,"„საქართველო გზაგასაყარზე დგას. საქართველოს მომავალი ჯერ არ დაწერილა, მაგრამ ის, რაც მომავალ კვირებსა და თვეებში გადაწყდება, განსაზღვრავს, ეკუთვნის საქართველო ევროპული ქვეყნების ოჯახს, რომელიც დაფუძნებულია დემოკრატიაზე, კანონის უზენაესობასა და ადამიანის უფლებებზე, თუ სამწუხაროდ, თავის ბნელ წარსულს დაუბრუნდება. ჩემი მთავარი გზავნილი ქართველი ხალხის მიმართ არის „ნუ დაკარგავთ იმედის“. ჩვენ არ უნდა დავუშვათ, რომ საქართველო და შესანიშნავი, თბილი, სტუმართმოყვარე ქართველი ხალხი დაბრუნდეს ძალადობის, სამოქალაქო ომის, სიღარიბის, გაჭირვების, კორუფციის ბნელ დროში. ეს არ არის ის მომავალი, რომელსაც ისინი იმსახურებენ. როგორც კი ხელისუფლება გამოთქვამს ჩვენთან თანამშრომლობის სურვილს, ჩვენ ყველაფერს გავაკეთებთ იმისათვის, რომ დავეხმაროთ საქართველოს გახდეს ევროკავშირის წევრი“, - განაცხადა ჰერჩინსკიმ, რომლის ციტატასაც „ნეტგაზეთი“ ავრცელებს.","“Georgia stands at a crossroads. Georgia’s future has not yet been written, but what will be decided in the coming weeks and months will determine whether Georgia belongs to the family of European countries, based on democracy, the rule of law and human rights, or, unfortunately, returns to its dark past. My main message to the Georgian people is “do not lose hope”. We must not allow Georgia and the wonderful, warm, hospitable Georgian people to return to the dark times of violence, civil war, poverty, hardship, corruption. This is not the future they deserve. As soon as the government expresses a desire to cooperate with us, we will do everything to help Georgia become a member of the European Union,” said Herczynski, quoted by Netgazeti."
05_ge_Archpriest_Andria.csv,"დეკანოზი ანდრია ჯაღმაიძე - კანდიდატი უნდა იყოს არაუმეტეს 70 წლისა, რაც შეეხება განათლებას, როცა ადამიანს სამსახურში შეაქვს განცხადება, იტყვის, დიპლომი არ მაქვს, მაგრამ განათლებული ვარო?! - სინოდმა უნდა იხელმძღვანელოს მკაცრად, მართვა-გამგეობის დებულებით (28.04.2026, 11:40)","Archpriest Andria Jagmaidze - A candidate must be no older than 70 years old. As for education, when a person applies for a job, he will say, ""I don't have a diploma, but I am educated, right?"" - The Synod must be guided strictly by the regulations of the management board (28.04.2026, 11:40)"
05_ge_Archpriest_Andria.csv,"კრიტერიუმებში ჩვენ ვკითხულობთ, რომ უნდა იყოს ქართველი, უნდა იყოს, ბერი, უნდა იყოს სინოდის წევრი, უნდა ჰქონდეს განათლება და ასაკზე არის მითითება, რომ 40 წელი უნდა ჰქონდეს შესრულებული და არაუმეტეს 70 წლისა უნდა იყოს - მართვა-გამგეობის დებულების შეცვლის უფლება არ აქვს ამ სინოდს და უნდა იხელმძღვანელოს მკაცრად მართვა - გამგეობის დებულებით,- ამის შესახებ საპატრიარქოს საზოგადოებასთან ურთიერთობის სამსახურის უფროსმა დეკანოზმა ანდრია ჯაღმაიძემ განაცხადა.","In the criteria, we read that he must be Georgian, must be a monk, must be a member of the Synod, must have an education, and there is an indication of age, that he must be 40 years old and no older than 70 years old - this Synod does not have the right to change the regulations of the management board and must be strictly guided by the regulations of the management board, - said the senior dean of the Public Relations Service of the Patriarchate, Andria Jagmaidze."
05_ge_Archpriest_Andria.csv,"მისი თქმით, ეკლესიის ცხოვრებისთვის მნიშვნელოვანია, რომ განსაზღვრული წესი დაცული იყოს.",He said that it is important for the life of the church that certain rules be followed.
05_ge_Archpriest_Andria.csv,"„დღეს იქნება სინოდზე სამი საპატრიარქო კანდიდატის გამორჩევა და შემდგომი სინოდი, გაფართოებული სხდომა იქნება უკვე პატრიარქის გამოსავლენად.","""Today, the Synod will select three candidates for the patriarchate, and the subsequent Synod, an expanded session, will be held to select the patriarch."""
05_ge_Archpriest_Andria.csv,"კრიტერიუმებში ჩვენ ვკითხულობთ, რომ უნდა იყოს ქართველი, უნდა იყოს ბერი, უნდა იყოს სინოდის წევრი, უნდა ჰქონდეს განათლება და ასაკზე არის მითითება, რომ 40 წელი უნდა ჰქონდეს შესრულებული და არაუმეტეს 70 წლისა უნდა იყოს.","In the criteria, we read that he must be Georgian, must be a monk, must be a member of the Synod, must have an education, and there is an indication regarding age, that he must be at least 40 years old and no more than 70 years old."
05_ge_Archpriest_Andria.csv,"მე ვარ მათემატიკოსი, სიტყვა არაუმეტეს 70 წლისა, ნიშნავს, რომ 70-ს ნებისმიერი დროის დამატებით უკვე აღარ არის არაუმეტეს 70-ისა. ანუ 70-ს პლუს რაღაც დღეები და თვეები, უკვე უმეტეს 70-ისაა, როგორც მათემატიკოსისთვის, ჩემთვის, ეს არის სრულიად წყალი, თუმცა, ვნახოთ, სინოდი ამაზე რა გადაწყვეტილებას მიიღებს.","I am a mathematician, the word ""no more than 70 years old"" means that with the addition of any time to 70, it is no longer no more than 70. That is, 70 plus some days and months is already more than 70. As a mathematician, for me, this is completely water, although, let's see what decision the Synod will make on this."
05_ge_Archpriest_Andria.csv,"მეორე არის, რომ მართვა-გამგეობის დებულების შეცვლის უფლება არ აქვს ამ სინოდს და უნდა იხელმძღვანელოს მკაცრად მართვა- გამგეობის დებულებით. განათლების თემას რაც შეეხება, როგორ წარმოგიდგენიათ, როდესაც ადამიანს დიპლომი არ აქვს და სამსახურში ვაკანსიაზე შეაქვს განცხადება, რას იტყვის, რომ დიპლომი არ მაქვს, მაგრამ განათლებული ადამიანი ვარო?! ეს არც ერთ სამსახურში არ გაჭრის.","The second is that this synod does not have the right to change the management-board regulations and must be guided strictly by the management-board regulations. As for the topic of education, how can you imagine that when a person does not have a diploma and applies for a job vacancy, what will he say that I do not have a diploma, but I am an educated person?! That will not work in any job."
05_ge_Archpriest_Andria.csv,"ყველა საკითხი შეიძლება დადგეს ინტერპრეტაციის ქვეშ, მაგალითად, დადგეს საკითხი, რას ნიშნავს ქართველი. მე მყავდა მეგობარი, იეზიდი და შინაგანად იყო ძალიან კარგი ქართველი, ახლა ასე თუ ვიმსჯელებთ, ყველაფერი შეიძლება ეჭვქვეშ დავაყენოთ. არსებობს ასეთი ცნებაც „ფარული ბერები“ და ახლა აქ კრიტერიუმში წერია ბერი - „ფარული ბერი“ ნიშნავს, რომ აღკვეცილი არ არის, მაგრამ ბერულად ცხოვრობს ანუ ყველაფერი შეიძლება დადგეს ინტერპრეტაციის ქვეშ. ასე რომ, მე ვფიქრობ, ძალიან მნიშვნელოვანია ეკლესიის ცხოვრებისთვის, რომ წესი, რომელიც განსაზღვრულია, იყოს დაცული.","All issues can be subject to interpretation, for example, the question of what a Georgian means. I had a friend, a Yazidi, and he was a very good Georgian on the inside, now if we judge like that, we can question everything. There is also such a concept as “hidden monks” and now the criteria here say monk - “hidden monk” means that he is not ordained, but lives as a monk, that is, everything can be subject to interpretation. So, I think it is very important for the life of the church that the rule that is defined is observed."
05_ge_Archpriest_Andria.csv,"უმეტესობა ეპარქიებიდან უკვე მივიღეთ ინფორმაცია დელეგატების შესახებ,“-განაცხადა ანდრია ჯაღმაიძემ.","""We have already received information about the delegates from most dioceses,"" said Andria Jagmaidze."
06_ge_Armaz_Akhvlediani.csv,"არმაზ ახვლედიანი - ხელისუფლება მხარს უჭერდა მეუფე შიოს, ეს ცხადზე ცხადია, ის ჩარეული იყო და არის - ეს დავინახეთ და მაქვს ეჭვი, დავინახავთ ისტორიული სინოდის დაწყებამდეც, სადაც უნდა გამოირჩიონ პატრიარქი (28.04.2026, 19:37)","Armaz Akhvlediani - The government supported Bishop Shio, this is clear, he was and is involved - we saw this and I suspect we will see it even before the start of the historic synod, where the patriarch is to be elected (28.04.2026, 19:37)"
06_ge_Armaz_Akhvlediani.csv,"შესაძლოა საბოლოო სხდომისთვის, სადაც პატრიარქი უნდა გამოირჩიოს სინოდმა, გარკვეულწილად შეიცვალოს კონფიგურაცია - დაწინაურდა მეუფე შიო, მაგრამ არ ვიჩქარებდი და საბოლოო დასკვნას არ გავაკეთებდი, - ამის შესახებ პოლიტიკოსმა არმაზ ახვლედიანმა „პალიტრანიუსის“ გადაცემაში „რეზიუმე“ განაცხადა.","Perhaps for the final session, where the Synod is to elect the Patriarch, the configuration may change somewhat - Bishop Shio was promoted, but I would not rush and make a final conclusion, - politician Armaz Akhvlediani stated this in the ""Resume"" program of ""Palitranius""."
06_ge_Armaz_Akhvlediani.csv,"არმაზ ახვლედიანის თქმით, ყველაფერი დამოკიდებული იქნება იმაზე, თუ სად წავა დანარჩენი ორი კანდიდატის ხმები.","According to Armaz Akhvlediani, everything will depend on where the votes of the other two candidates go."
06_ge_Armaz_Akhvlediani.csv,"„მთავარი გადაწყვეტილება წინაა, დღეს მხოლოდ კანდიდატები გამოირჩია სინოდის სხდომამ, ჩვენ უკვე ვიცით მონაცემები, ვინ რამდენი ხმა მიიღო. არც ის დაგვავიწყდეს, რომ შესაძლოა, საბოლოო სხდომისთვის, სადაც პატრიარქი უნდა გამოირჩიოს სინოდმა, არ იქნება გამორიცხული, რომ გარკვეულწილად შეიცვალოს კონფიგურაცია. თუმცა კი, დღეს ჩანს, ვინ დაწინაურდა, დაწინაურდა მეუფე შიო, მაგრამ არ ვიჩქარებდი და საბოლოო დასკვნას არ გავაკეთებდი, სხვებისგან განსხვავებით.","""The main decision is in the past, today only the candidates were selected by the Synod session, we already know the data, who received how many votes. Let's not forget that perhaps, for the final session, where the Synod is to select the Patriarch, it will not be ruled out that the configuration will change to some extent. However, today it is clear who was promoted, Bishop Shio was promoted, but I would not rush and make a final conclusion, unlike others."
06_ge_Armaz_Akhvlediani.csv,"დღეს პატრიარქს არ ირჩევდნენ, დღეს მხოლოდ სამი კანდიდატი იქნა დასახელებული და მაშინ, როდესაც ერთი იქნება გამოსარჩევი, შესაძლოა დანარჩენი ორი შეთანხმდეს იმაზე, სად წავა მათი და აგრეთვე სხვების ხმები“, - განაცხადა არმაზ ახვლედიანმა.","""Today, the patriarch was not elected, today only three candidates were named, and while one is elected, the other two may agree on where their votes and those of others will go,"" said Armaz Akhvlediani."
06_ge_Armaz_Akhvlediani.csv,"არმაზ ახვლედიანის განცხადებით, ცხადზე ცხადია, რომ ხელისუფლება საპატრიარქო არჩევნებში ერევა და მხარს უჭერს მეუფე შიოს.","According to Armaz Akhvlediani, it is clear that the government is interfering in the patriarchal elections and supporting Bishop Shio."
06_ge_Armaz_Akhvlediani.csv,"„ხელისუფლება მხარს უჭერდა მეუფე შიოს, ეს ცხადზე ცხადია. ის ჩარეული იყო და არის. მოდით პირდაპირ ვთქვათ, ყველა სახელისუფლო მედია, დილიდან საღამომდე, აქტიურად, ყველა კონტექსტში, რა თემაზეც არ უნდა ესაუბრათ, პირდაპირ თუ ირიბად მხარს უჭერდა ამ ერთ კანდიდატს. ეს თუ ჩარევა არ არის, მაშინ ჩარევა რა არის?! რაც შეეხება სხვა გზით ჩარევას, მე ამაზე ვერ ვისაუბრებ, არ მაქვს არცერთი ფაქტი, რომ მქონდეს ვიტყოდი. მაგრამ, მაქვს საფუძვლიანი ეჭვი და ვარაუდი, რომ უკეთურ ხელისუფლებას ყველა დროში აქვს ზემოქმედების, ზეგავლენის, ზეწოლის ბერკეტი, მით უფრო იმ ხელისუფლებას, რომელსაც ავტორიტეტი აქვს განადგურებული და სჭირდება, რომ რაღაცას ჩაებღაუჭოს, ამ შემთხვევაში ინერციით მიღებულ ავტორიტეტს ეკლესიის და ეს გამოიყენოს სათავისოდ. ეს ჩვენ დავინახეთ ამ ხნის განმავლობაში და მე ეჭვი მაქვს, ამას ისტორიული სინოდის დაწყებამდეც დავინახავთ, სადაც უნდა გამოირჩიონ საბოლოო პატრიარქი“, - განაცხადა არმაზ ახვლედიანმა.","""The government supported Bishop Shio, this is clear. He was and is involved. Let's be honest, all the state media, from morning to evening, actively, in all contexts, no matter what topic they were talking about, directly or indirectly supported this one candidate. If this is not interference, then what is interference?! As for interference in other ways, I cannot talk about it, I do not have any facts that would say that I have. But, I have a well-founded suspicion and assumption that a bad government always has the leverage of influence, influence, and pressure, especially a government that has destroyed its authority and needs to seize something, in this case the authority of the Church acquired through inertia and use it as a basis. We have seen this throughout this time and I suspect that we will see this even before the start of the historic synod, where the final patriarch will be chosen,"" - said Armaz Akhvlediani."
06_ge_Armaz_Akhvlediani.csv,"ინფორმაციისთვის, წმინდა სინოდმა სამი საპატრიარქო კანდიდატი გამოარჩია. სინოდის გადაწყვეტილებით, პატრიარქობის კანდიდატები იქნებიან: საპატრიარქო ტახტის მოსაყდრე, სენაკისა და ჩხოროწყუს მიტროპოლიტი შიო (მუჯირი), ურბნისისა და რუისის ეპარქიის მიტროპოლიტი იობი და ფოთისა და ხობის მიტროპოლიტი გრიგოლი.","For information, the Holy Synod has selected three candidates for the patriarchate. According to the Synod's decision, the candidates for the patriarchate will be: Metropolitan Shio (Mujiri) of Senaki and Chkhorotsku, Metropolitan Job of the Diocese of Urbnisi and Ruisi, and Metropolitan Grigoli of Poti and Khobi."
06_ge_Armaz_Akhvlediani.csv,"როგორც საპატრიარქოს საზოგადოებასთან ურთიერთობის სამსახურის უფროსმა დეკანოზმა ანდრია ჯაღმაიძემ ჟურნალისტებს განუცხადა, საპატრიარქო ტახტის მოსაყდრე შიომ მიიღო 20 ხმა, დანარჩენმა ორმა კანდიდატმა კი მიიღო 7-7 ხმა.ამასთან, მისივე განმარტებით, სხვა კანდიდატები იყვნენ მეუფე გრიგოლ კაცია, მეუფე დოსითეოსი და მეუფე მელქისედეკი.","As the senior dean of the Patriarchate's Public Relations Department, Andria Jagmaidze, told journalists, the candidate for the patriarchal throne, Shio, received 20 votes, while the other two candidates received 7 votes each. According to his explanation, the other candidates were Bishop Grigol Katsia, Bishop Dositheos, and Bishop Melchizedek."
07_ge_Giorgi_Sharashidze.csv,"გიორგი შარაშიძე - რა ვიცე-პრემიერობაზე და სახელმწიფო მინისტრობაზეა საუბარი, კაბინეტსაც კი არ აძლევენ ნორმალურს, აპარატიც არ ექნება და მდივანიც არ ეყოლება - მდინარაძეს ვურჩევდი, ამ კაბინეტზეც ძალიან ნუ ჩაიციკლება და დისტანციურად იმუშაოს (28.04.2026, 12:04)","Giorgi Sharashidze - What kind of Vice Prime Minister and State Minister are we talking about? They don't even give him a normal cabinet, he won't have an office or a secretary - I would advise Mdinaradze not to get too carried away with this cabinet and to work remotely (28.04.2026, 12:04)"
07_ge_Giorgi_Sharashidze.csv,"რა ვიცე-პრემიერობაზე და სახელმწიფო მინისტრობაზეა საუბარი, კაბინეტსაც კი არ აძლევენ ნორმალურს, აპარატიც არ ექნება და მდივანიც არ ეყოლება მდინარაძეს - ვურჩევდი, რომ ამ კაბინეტზეც ძალიან ნუ იქნება ჩაციკლული და დისტანციურად იმუშაოს სახლიდან, - ამის შესახებ პარტია „გახარია საქართველოსთვის” დეპუტატმა, გიორგი შარაშიძემ, სამართალდამცავი ორგანოების კოორდინირებისთვის სახელმწიფო მინისტრის თანამდებობის შექმნაზე საუბრისას განაცხადა. მისი თქმით, გენერალ-კოორდინატორის დანიშვნა არაფერს არ შეცვლის გარდა იმისა, რომ ეს მისი „დროებითი დაკმაყოფილება და პენსიაზე გაშვება იქნება“.","What kind of Vice Prime Minister and State Minister are we talking about? They don't even give Mdinaradze a normal cabinet, he won't have an office, and he won't have a secretary - I would advise him not to be too busy with this cabinet and to work remotely from home, - Giorgi Sharashidze, an MP from the ""Gakharia for Georgia"" party, said this while talking about the creation of the position of State Minister for the Coordination of Law Enforcement Agencies. According to him, the appointment of a general coordinator will not change anything except that it will be his ""temporary satisfaction and retirement."""
07_ge_Giorgi_Sharashidze.csv,"„დაგეგმილ ცვლილებებს ჩვენი ქვეყნის მოქალაქეების პრობლემების და საქართველოს უსაფრთხოების საკითხების პრობლემების გადაჭრასთან არანაირი კავშირი არ აქვს. ეს არის არაფორმალური მმართველობის მორიგი გამოვლინება. „ოცნებას“ და იმ 89 დეპუტატს, რომელიც პარლამენტში ზის, არ აქვს, გარდა იმისა, რომ ივანიშვილის გადაწყვეტილებები, რომელსაც მათ არავინ არ უთანხმებს, უბრალოდ „გააპრავონ”. რა ვიცე-პრემიერობაზე და სახელმწიფო მინისტრობაზეა საუბარი, კაბინეტსაც კი არ აძლევენ ნორმალურს, აპარატიც არ ექნება და მდივანიც არ ეყოლება მდინარაძეს. მას ვურჩევდი, რომ ამ კაბინეტზეც ძალიან ნუ იქნება ჩაციკლული და დისტანციურად იმუშაოს მაშინ, სახლიდან.","""The planned changes have nothing to do with solving the problems of our citizens and the security issues of Georgia. This is another manifestation of informal governance. ""Dream"" and the 89 deputies sitting in parliament have nothing to do except to simply ""smash"" Ivanishvili's decisions, which no one agrees with them. What are we talking about as a vice-premier and state minister, they are not even giving him a normal cabinet, he will not have an office, and Mdinaradze will not have a secretary. I would advise him not to be too busy with this cabinet and to work remotely, from home."
07_ge_Giorgi_Sharashidze.csv,"თუ კოორდინაცია არის ასეთი მნიშვნელოვანი - კოორდინაციისთვის სუს-ის ხელმძღვანელს ექვს თვეში არ ხსნიან. სახელმწიფო უსაფრთხოების სამსახური ექვსი წლის ვადით შემთხვევით არ ინიშნება - ეს ჩანაწერი კანონში შემთხვევით არ არის. ვხედავთ, რომ ბოლო ერთ წელიწადში უკვე ორი სუს-ის უფროსი შეიცვალა. ეს მიუთითებს არასტაბილურ გარემოზე და არაფორმალურ მმართველობაზე. ადამიანს ერთ დღეში გენერლობა მიანიჭეს დილით და საღამოს კოორდინატორად დააქვეითეს - ამ ადამიანისგან რა განსაკუთრებული მოლოდინები უნდა შევქმნათ?",If coordination is so important - the head of the State Security Service is not dismissed in six months for coordination. The State Security Service is not appointed for a six-year term by chance - this provision in the law is not accidental. We see that in the last year two heads of the State Security Service have already been changed. This indicates an unstable environment and informal governance. A person was given a generalship in one day in the morning and demoted to coordinator in the evening - what special expectations should we have from this person?
07_ge_Giorgi_Sharashidze.csv,"რაც შეეხება კოორდინატორობას - თავად „ოცნებამ“ შემოიტანა ეს ტერმინი და გუშინ ჩვენი ერთ-ერთი ლიდერი გიგა ფარულავა, იურიდიული კომიტეტის სხდომაზე, როდესაც ფაქტს ამბობდა, რომ კოორდინატორად ნიშნავთო, ისეთი გაღიზიანება მოჰყვა, ლექსიკა და ტონი დაუწუნეს. ეს კოორდინატორი „ოცნების“ მიერ შემოღებული ტერმინია და თუ მათთვის ეს შეურაცხმყოფელია, მაშინ თავად ახსნან საერთოდ საიდან მოიტანეს ეს ტერმინი. ამიტომ, როდესაც ვამბობთ, რომ ეს გენერალ-კოორდინატორის დანიშვნა არაფერს არ შეცვლის გარდა იმისა, რომ უბრალოდ ეს იქნება რაღაცა მისი დაკმაყოფილება დროებით და პენსიაზე გაშვება, ეს არის რეალობა“, - განაცხადა შარაშიძემ.","""As for the term coordinator - ""Otsneba"" itself introduced this term, and yesterday, at the meeting of the Legal Committee, one of our leaders, Giga Parulava, when he mentioned the fact that he was being referred to as a coordinator, there was such irritation, his vocabulary and tone were criticized. This coordinator is a term introduced by ""Otsneba"" and if it is offensive to them, then they should explain themselves where they got this term from. Therefore, when we say that this appointment of a general coordinator will not change anything except that it will simply be something to temporarily satisfy him and send him to retirement, this is reality,"" Sharashidze said."
07_ge_Giorgi_Sharashidze.csv,"ცნობისთვის, პარლამენტი დაჩქარებული წესით იხილავს კანონის პროექტს, რომლის საფუძველზეც საქართველოს მთავრობის შემადგენლობაში სამართალდამცავი ორგანოების კოორდინაციის საკითხებში სახელმწიფო მინისტრის თანამდებობის შემოღება ხდება.","For your information, the Parliament will urgently consider a draft law, based on which the position of State Minister for Coordination of Law Enforcement Agencies will be introduced within the Government of Georgia."
07_ge_Giorgi_Sharashidze.csv,"პროექტის მიხედვით, ახალი სახელმწიფო მინისტრის საქმიანობას მატერიალურ-ტექნიკურად და ორგანიზაციულად მთავრობის ადმინისტრაცია უზრუნველყოფს.","According to the project, the government administration will provide the material, technical and organizational support for the activities of the new state minister."
07_ge_Giorgi_Sharashidze.csv,"მთავრობის საპარლამენტო მდივნის ვახტანგ ბაჩიაშვილის ინფორმაციით, სახელმწიფო მინისტრის უფლებამოსილებები მთავრობის დადგენილებაში დაზუსტდება, სადაც მისი რუტინული თუ სტრატეგიული უფლებამოსილებები გაიწერება.","According to the Government's Parliamentary Secretary Vakhtang Bachiashvili, the powers of the State Minister will be specified in a government resolution, which will specify his or her routine and strategic powers."
07_ge_Giorgi_Sharashidze.csv,სამართალდამცავი ორგანოების კოორდინაციის საკითხებში სახელმწიფო მინისტრის თანამდებობაზე მამუკა მდინარაძე დაინიშნება.,Mamuka Mdinaradze will be appointed as State Minister for Coordination of Law Enforcement Agencies.
08_ge_Classification_wine.csv,"ე.წ. მცირე ზომის მარნების კლასიფიკაცია იცვლება - მცირე ზომის მარნად იმ ტიპის ღვინის საწარმო განისაზღვრება, რომლის წლიური წარმადობაც 25 000 ლიტრ ღვინოს არ აღემატება (16.04.2026, 16:24)","The classification of so-called small wineries is changing - a small winery is defined as a type of wine enterprise whose annual production does not exceed 25,000 liters of wine (16.04.2026, 16:24)"
08_ge_Classification_wine.csv,"ე.წ. მცირე ზომის მარნების კლასიფიკაცია იცვლება - მცირე ზომის მარნად იმ ტიპის ღვინის საწარმო განისაზღვრება, რომლის წლიური წარმადობაც 25 000 ლიტრ ღვინოს არ აღემატება.","The classification of so-called small wineries is changing - a small winery is defined as a type of wine enterprise whose annual production does not exceed 25,000 liters of wine."
08_ge_Classification_wine.csv,"გარდა ამისა, სავალდებულო ხდება საქართველოში წარმოებული დაცული ადგილწარმოშობის დასახელების ალკოჰოლიანი სასმელის, საექსპორტოდ და ადგილობრივ სამომხმარებლო ბაზარზე რეალიზაციისათვის განკუთვნილი ყველა კატეგორიის ღვინის ორგანოლეპტიკური შემოწმება. ეს მოთხოვნა იმ ღვინოზე არ გავრცელდება, რომელიც მცირე ზომის მარანში იქნება წარმოებული.","In addition, organoleptic testing of all categories of alcoholic beverages with a protected designation of origin produced in Georgia, wines intended for export and sale on the local consumer market, will be mandatory. This requirement will not apply to wines produced in small wine cellars."
08_ge_Classification_wine.csv,"შესაბამისი ცვლილებები “ვაზისა და ღვინის შესახებ“ კანონში ხორციელდება, რომელიც გარემოს დაცვისა და სოფლის მეურნეობის სამინისტრომ მოამზადა. პროექტი პარლამენტს მთავრობამ წარუდგინა.","The relevant amendments are being made to the Law on Vine and Wine, which was prepared by the Ministry of Environmental Protection and Agriculture. The draft was submitted to the Parliament by the government."
08_ge_Classification_wine.csv,"პროექტის თანახმად, სარეალიზაციოდ განკუთვნილი, სერტიფიცირებული ალკოჰოლიანი სასმელის ნიშანდება სავალდებულო იქნება. ნიშანდებას ღვინის სააგენტო, გარემოს დაცვისა და სოფლის მეურნეობის მინისტრის მიერ დადგენილი წესით განახორციელებს.","According to the project, the labeling of certified alcoholic beverages intended for sale will be mandatory. The Wine Agency will implement the labeling in accordance with the rules established by the Minister of Environmental Protection and Agriculture."
08_ge_Classification_wine.csv,"„ვაზისა და ღვინის შესახებ“ მოქმედი კანონის გათვალისწინებით, მცირე ზომის მარანში მოიაზრებოდა მეწარმე, რომელსაც ტრადიციული საოჯახო მარანი აქვს და რომლის წლიური წარმადობა 40 000 ლიტრს არ აღემატება. ცვლილებებით, ეს რაოდენობა 40 000-დან 25 000 ლიტრამდე მცირდება.","Under the current Law on Vine and Wine, a small winery was considered an entrepreneur who had a traditional family winery and whose annual production did not exceed 40,000 liters. With the amendments, this number is reduced from 40,000 to 25,000 liters."
08_ge_Classification_wine.csv,"„ვინაიდან მცირე ზომის მარნის ცნებამ და ჭარბმა წარმადობამ ფაქტიურად მისივე მნიშვნელობა დაკარგა, ამ ტერმინში ცვლილების განხორციელების და მცირე ზომის მარანში წარმოებული ღვინის წარმადობის ოდენობის შემცირების საჭიროება დგება.","""Since the concept of a small winery and excessive production has literally lost its meaning, there is a need to change this term and reduce the amount of wine produced in a small winery."""
08_ge_Classification_wine.csv,"გასათვალისწინებელია, რომ აღნიშნული ღვინო ორგანოლეპტიკური მახასიათებლებით, გემოვნური თვისებებით საერთო ზეგავლენას ახდენს ქართული ღვინის რეპუტაციაზე, როგორც ადგილობრივ, ასევე საერთაშორისო ბაზრებზე. სწორედ ამ საკითხის რეგულირებისათვის მნიშვნელოვანია სახლის ღვინის ნაცვლად, ახალი კატეგორიის - ბუნებრივი ღვინის დამატება, რომელზეც არ გავრცელდება სავალდებულო ორგანოლეპტიკური შემოწმება მხოლოდ იმ შემთხვევაში თუ წარმოებულია მცირე ზომის მარანში და ამავდროულად, აღნიშნული ღვინის ეტიკეტზე განთავსდება ბუნებრივი ღვინისათვის განკუთვნილი შესაბამისი ნიშანი, რაც მომხმარებლის წინასწარ ინფორმირებას უზრუნველყოფს თავად პროდუქტის შესახებ.","It should be noted that the aforementioned wine, with its organoleptic characteristics and taste properties, has a general impact on the reputation of Georgian wine, both in local and international markets. To regulate this issue, it is important to add a new category - natural wine, instead of house wine, which will not be subject to mandatory organoleptic testing only if it is produced in a small cellar, and at the same time, the appropriate sign for natural wine will be placed on the label of the aforementioned wine, which will provide advance information to the consumer about the product itself."
08_ge_Classification_wine.csv,"ამასთან, მნიშვნელოვანია ქართული ღვინის ხარისხისა და რეპუტაციის შენარჩუნება როგორც ადგილობრივ, ასევე საერთაშორისო ბაზრებზე და შესაბამისად, მომხმარებლისათვის მაღალი ხარისხის პროდუქტის მიწოდების უზრუნველსაყოფად აუცილებელი ხდება, ყველა კატეგორიის ღვინო - როგორც საექსპორტო, ასევე ადგილობრივ ბაზარზე სარეალიზაციოდ განკუთვნილი - ორგანოლეპტიკურ შემოწმებას დაექვემდებაროს.","In addition, it is important to maintain the quality and reputation of Georgian wine in both local and international markets, and accordingly, to ensure the delivery of a high-quality product to consumers, it is necessary for all categories of wine - both those intended for export and for sale in the local market - to be subjected to organoleptic testing."
08_ge_Classification_wine.csv,"ზემოაღნიშნულიდან გამომდინარე, საკითხის რეგულირებისა და შესაბამისი მექანიზმების დანერგვის მიზნით, მიზანშეწონილია ალკოჰოლიან სასმელზე ნიშანდების შემოღება და ორგანოლეპტიკური შემოწმების ფარგლების გაფართოება”, - განმარტავს გარემოს დაცვისა და სოფლის მეურნეობის სამინისტრო კანონის პროექტზე თანდართულ განმარტებით ბარათში.","""Based on the above, in order to regulate the issue and implement appropriate mechanisms, it is advisable to introduce markings on alcoholic beverages and expand the scope of organoleptic testing,"" the Ministry of Environmental Protection and Agriculture explains in the explanatory note attached to the draft law."
09_ge_Grigol_Gegelia.csv,"გრიგოლ გეგელია - პაველ ჰერჩინსკის საგარეო საქმეთა სამინისტროში დაბარება არის კიდევ ერთი ნათელი დასტური იმისა, რომ ეს ხელისუფლება ემსახურება ანტიქართულ მიზნებსა და მისწრაფებებს (27.04.2026, 12:12)","Grigol Gegelia - Summoning Pavel Herchinsky to the Ministry of Foreign Affairs is another clear proof that this government serves anti-Georgian goals and aspirations (27.04.2026, 12:12)"
09_ge_Grigol_Gegelia.csv,"ჰერჩინსკის დაბარება არის კიდევ ერთი ნათელი დასტური იმისა, რომ ეს ხელისუფლება ყოველთვის ემსახურება ანტიქართულ მიზნებსა და მისწრაფებებს, - ამის შესახებ „ლელო- ძლიერი საქართველოს“ საგარეო მდივანმა გრიგოლ გეგელიამ ევროკავშირის ელჩის პაველ ჰერჩინსკის დაბარებასთან დაკავშირებით განაცხადა.","The summoning of Herchinsky is another clear proof that this government always serves anti-Georgian goals and aspirations, Grigol Gegelia, Foreign Secretary of the ""Lelo - Strong Georgia"" party, said regarding the summoning of European Union Ambassador Pavel Herchinsky."
09_ge_Grigol_Gegelia.csv,"გეგელიას თქმით, იმ დროს, როდესაც საგარეო უწყების მიერ დაბარებულები არ არიან ირანის და უნგრეთის ელჩები, საქართველოს სტრატეგიული პარტნიორების წარმომადგენლების დაბარება აჩვენებს, რომ „ქართული ოცნების“ ხელისუფლება ქვეყნის სტრატეგიული ინტერესების დაზიანებას ემსახურება.","According to Gegelia, at a time when the ambassadors of Iran and Hungary have not been summoned by the Foreign Ministry, the summoning of representatives of Georgia's strategic partners shows that the Georgian Dream government is working to harm the country's strategic interests."
09_ge_Grigol_Gegelia.csv,"„იმ დროს, როდესაც ირანის ელჩი არ არის დაბარებული და არ არის გამოკითხული იმასთან დაკავშირებით თუ რატომ ემუქრებოდა ქართველ ხალხს ასეთი ენით, იმ დროს, როდესაც უნგრეთის ელჩი არ დაუბარებიათ და არ უკითხავთ რუსეთის ჯაშუში რომ მუშაობდა 4 წლის განმავლობაში საქართველოში, რასთან გვქონდა შეხება, იყო თუ არა უნგრეთი ინფორმირებული და როგორ უნდა აღვიქვათ ეს, რომ უნგრული დიპლომატიური საფარის ქვეშ ამ ქალაქში მუშაობდა, მაღალი ალბათობით, რუსეთის ჯაშუში და ასეთ ვითარებაში ბოჭორიშვილი საკუთარ თავს უფლებას აძლევს, რომ თავს დაესხას ყველა იმ ელჩს, რომელიც არის ამ ქვეყნის სტრატეგიული პარტნიორი სახელმწიფოს წარმომადგენელი. იქნება ეს ილიას სახელმწიფო უნივერსიტეტზე გაკეთებული განცხადების გამო თუ ელემენტარული პროდემოკრატიული განცხადებების გამო, იბარებს საქმის გასარჩევად იმ სახელმწიფოების ელჩებს, რომლებიც არიან ჩვენი ქვეყნის ყველაზე მნიშვნელოვანი სტრატეგიული პარტნიორები. ეს თვალნათლივ ადასტურებს, რომ ე.წ. ხელისუფლება არის საქართველოს მტრული ხელისუფლება, რომელიც ყველაფერს აკეთებს ჩვენი ქვეყნის ეროვნული საშინაო თუ საგარეო პოლიტიკური ინტერესების დასაზიანებლად,“ - განაცხადა გრიგოლ გეგელიამ.","""At a time when the Iranian ambassador has not been summoned and has not been questioned about why he threatened the Georgian people with such language, at a time when the Hungarian ambassador has not been summoned and has not been asked about the Russian spy who worked in Georgia for 4 years, what we were dealing with, whether Hungary was informed and how we should perceive it, that under Hungarian diplomatic cover he was working in this city, most likely, a Russian spy, and in such a situation, Bochorishvili gives himself the right to attack all the ambassadors who are representatives of this country's strategic partner state. Whether it is because of the statement made at Ilia State University or because of elementary pro-democracy statements, he summons the ambassadors of those states that are the most important strategic partners of our country to resolve the case. This clearly proves that the so-called government is a hostile government of Georgia, which does everything to undermine the national interests of our country."" ""To harm domestic or foreign political interests,"" Grigol Gegelia said."
09_ge_Grigol_Gegelia.csv,"შეგახსენებთ, ევროკავშირის ელჩმა საქართველოში პაველ ჰერჩინსკიმ ბრიუსელში, ევროპის საგარეო ქმედებათა სამსახურში, სადაც დოკუმენტური ფოტოგამოფენა „საქართველო ფოკუსში“ გაიხსნა, აღნიშნა, რომ საქართველო სწორ ტრაექტორიაზე აღარ იმყოფება. ელჩის თქმით, „ხელისუფლებამ აირჩია ალტერნატიული, ავტორიტარიზმის მოდელი და საქართველოს ევროკავშირს აშორებს“. „საქართველო გზაგასაყარზე დგას. საქართველოს მომავალი ჯერ არ დაწერილა, მაგრამ ის, რაც მომავალ კვირებსა და თვეებში გადაწყდება, განსაზღვრავს, ეკუთვნის საქართველო ევროპული ქვეყნების ოჯახს, რომელიც დაფუძნებულია დემოკრატიაზე, კანონის უზენაესობასა და ადამიანის უფლებებზე, თუ სამწუხაროდ, თავის ბნელ წარსულს დაუბრუნდება. ჩემი მთავარი გზავნილი ქართველი ხალხის მიმართ არის „ნუ დაკარგავთ იმედის“. ჩვენ არ უნდა დავუშვათ, რომ საქართველო და შესანიშნავი, თბილი, სტუმართმოყვარე ქართველი ხალხი დაბრუნდეს ძალადობის, სამოქალაქო ომის, სიღარიბის, გაჭირვების, კორუფციის ბნელ დროში. ეს არ არის ის მომავალი, რომელსაც ისინი იმსახურებენ.როგორც კი ხელისუფლება გამოთქვამს ჩვენთან თანამშრომლობის სურვილს, ჩვენ ყველაფერს გავაკეთებთ იმისათვის, რომ დავეხმაროთ საქართველოს გახდეს ევროკავშირის წევრი“, - განაცხადა ჰერჩინსკიმ, რომლის ციტატასაც „ნეტგაზეთი“ ავრცელებს.","As a reminder, the EU Ambassador to Georgia, Pavel Herczynski, at the European External Action Service in Brussels, where the documentary photo exhibition “Georgia in Focus” was opened, noted that Georgia is no longer on the right trajectory. According to the ambassador, “the authorities have chosen an alternative, authoritarian model and are taking Georgia away from the European Union”. “Georgia is at a crossroads. Georgia’s future has not yet been written, but what will be decided in the coming weeks and months will determine whether Georgia belongs to the family of European countries, based on democracy, the rule of law and human rights, or, unfortunately, will return to its dark past. My main message to the Georgian people is “do not lose hope”. We must not allow Georgia and the wonderful, warm, hospitable Georgian people to return to the dark times of violence, civil war, poverty, hardship, corruption. ""This is not the future they deserve. As soon as the government expresses a desire to cooperate with us, we will do everything to help Georgia become a member of the European Union,"" said Herczynski, quoted by Netgazeti."
09_ge_Grigol_Gegelia.csv,"აღნიშნული განცხადების შემდეგ, ელჩი საგარეო უწყებაში დაიბარეს.","Following the aforementioned statement, the ambassador was summoned to the Foreign Ministry."
10_ge_Shalva_Papuashvili.csv,"შალვა პაპუაშვილი - ზოგიერთი ევროპელი ბიუროკრატი გეოგრაფიაში ვერ ერკვევა, ჰგონია, რომ საქართველოს შეიძლება თავზე გადაახტე და ევროპა აზიას დააკავშირო - გეოგრაფიასთან ჭიდილი ჯერ არავის მოუგია (06.05.2026, 17:39)","Shalva Papuashvili - Some European bureaucrats don't understand geography, they think they can jump over Georgia and connect Europe with Asia - no one has ever won a fight with geography (06.05.2026, 17:39)"
10_ge_Shalva_Papuashvili.csv,"ზოგიერთ ევროპელ ბიუროკრატს ჰგონია, რომ საქართველოს შეიძლება თავზე გადაახტე და ევროპა აზიას ისე დააკავშირო - გეოგრაფიასთან ჭიდილი ჯერ არავის მოუგია! - ამის შესახებ დღეს პარლამენტის თავმჯდომარემ შალვა პაპუაშვილმა განაცხადა.",Some European bureaucrats think that Georgia can be jumped over and connected to Europe and Asia - no one has ever won a battle with geography! - Parliament Speaker Shalva Papuashvili stated this today.
10_ge_Shalva_Papuashvili.csv,"პაპუაშვილის თქმით, “ის ბიუროკრატები, რომლებიც ფიქრობენ, რომ საქართველოს გვერდის ავლით და საქართველოს ვერ დანახვით რაიმეს შეძლებენ, გეოგრაფიასთან კიდევ ერთხელ დამარცხდებიან“.","According to Papuashvili, ""those bureaucrats who think they can achieve anything by bypassing Georgia and not seeing it will once again be defeated by geography."""
10_ge_Shalva_Papuashvili.csv,"“საუკუნეები ასეა - აბრეშუმის გზამ აქ ტყუილად კი არ გაიარა... გაიარა იმიტომ, რომ მაშინაც, ისევე როგორც ახლა, ეს იყო ყველაზე მოკლე და ყველაზე უსაფრთხო დამაკავშირებელი გზა ევროპასა და აზიას შორის. ზოგიერთი ბიუროკრატი გეოგრაფიაში ვერ ერკვევა. როგორც ამის წინ ერთ-ერთ სიუჟეტში ვნახეთ, მათ შორის საფრანგეთის ევროპის საქმეთა მინისტრმა ირანი რუკაზე ვერ მოძებნა. ასევე ვერ მოძებნიან ხოლმე თუ სად არის საქართველო. ზოგიერთ ევროპელ ბიუროკრატს ჰგონია, რომ საქართველოს შეიძლება თავზე გადაახტე და ევროპა აზიას ისე დააკავშირო - გეოგრაფიასთან ჭიდილი ჯერ არავის მოუგია“, - განაცხადა შალვა პაპუაშვილმა.","“Centuries have been like this - the Silk Road did not pass through here in vain... It passed because then, as now, it was the shortest and safest connecting route between Europe and Asia. Some bureaucrats do not understand geography. As we saw in one of the stories before, among them, the French Minister of European Affairs could not find Iran on the map. They also cannot find where Georgia is. Some European bureaucrats think that you can jump over Georgia and connect Europe with Asia - no one has ever won a fight with geography,” said Shalva Papuashvili."
10_ge_Shalva_Papuashvili.csv,"შალვა პაპუაშვილი - ევროპარლამენტის სახით გვყავს საბჭოთა კავშირის სახალხო დეპუტატთა ყრილობის რეინკარნაცია, ხოლო ჩვენ ვფიქრობთ ევროპულად, როგორც დემოკრატიული ქვეყანა, ჩვენს შორის არის ღირებულებითი უფსკრული (06.05.2026,  17:46)","Shalva Papuashvili - In the form of the European Parliament, we have the reincarnation of the Congress of People's Deputies of the Soviet Union, while we think European, as a democratic country, there is a value gap between us (06.05.2026, 17:46)"
10_ge_Shalva_Papuashvili.csv,"ევროპარლამენტის სახით ჩვენ გვყავს საბჭოთა კავშირის სახალხო დეპუტატთა ყრილობის რეინკარნაცია. ჩვენს შორის არის ღირებულებითი უფსკრული. საბჭოთა მენტალიტეტის მქონე ადამიანებთან, გორბაჩოვის თანამებრძოლებთან და ფაშისტური განცხადებებით გამორჩეულ ხალხთან ქართველ ხალხს არაფერი საერთო არ აქვს, - ამის შესახებ პარლამენტის თავმჯდომარემ, შალვა პაპუაშვილმა ჟურნალისტებს ევროპარლამენტის საგარეო საქმეთა კომიტეტის მიერ საქართველოს შესახებ მიღებულ ანგარიშზე დასმული კითხვის საპასუხოდ განუცხადა.","""In the form of the European Parliament, we have the reincarnation of the Congress of People's Deputies of the Soviet Union. There is a value gap between us. The Georgian people have nothing in common with people with a Soviet mentality, Gorbachev's comrades-in-arms and people distinguished by fascist statements,"" Parliament Speaker Shalva Papuashvili told journalists in response to a question on the report on Georgia adopted by the European Parliament's Foreign Affairs Committee."
10_ge_Shalva_Papuashvili.csv,"როგორც პაპუაშვილმა აღნიშნა, ევროპარლამენტთან ქართულ მხარეს სულ უფრო ნაკლები სასაუბრო რჩება.","As Papuashvili noted, the Georgian side has less and less to talk about with the European Parliament."
10_ge_Shalva_Papuashvili.csv,"“ჩვენ ვხედავთ, რომ ამ ხალხთან სასაუბრო სულ უფრო ნაკლები და ნაკლები გვრჩება. ჩვენ ვართ ღირებულებით ორ განსხვავებულ პოლუსზე. ევროპარლამენტის სახით ჩვენ გვყავს საბჭოთა კავშირის სახალხო დეპუტატთა ყრილობის რეინკარნაცია, ამ სიტყვის სრული მნიშვნელობით, ყველაფრით - ესთეტიკით, რასა იუკნევიჩიანეს რუსული აქცენტით, აბსოლუტურად ყველაფრით სრული რეინკარნაცია არის უკვე სახალხო დეპუტატთა ყრილობის, ხოლო ჩვენ ვფიქრობთ ევროპულად, ჩვენ ვფიქრობთ, როგორც დემოკრატიული ქვეყანა, ასე რომ, ჩვენს შორის არის ღირებულებითი უფსკრული. ის რაღაც ღირებულებითი აჯაფსანდალი, რომელიც დღეს ევროპარლამენტში ხდება, ამასთან ჩვენ საერთო არაფერი არ გვაქვს და ვერც გვექნება.","""We see that we have less and less to talk to these people. We are at two different poles in terms of values. In the form of the European Parliament, we have a reincarnation of the Congress of People's Deputies of the Soviet Union, in the full sense of the word, with everything - aesthetics, with the Russian accent of Rasa Yuknevichian, absolutely everything - it is a complete reincarnation of the Congress of People's Deputies, and we think European, we think as a democratic country, so there is a value gap between us. That kind of value clash that is happening in the European Parliament today, we have nothing in common with it and we will never have anything."
10_ge_Shalva_Papuashvili.csv,"ევროკავშირის ეს ინსტიტუცია უნდა შეიცვალოს თვისებრივად იმისთვის, რომ საქართველოს პარლამენტსა და საქართველოს შეეძლოს მასთან რაიმე სახის ურთიერთობა. საბჭოთა მენტალიტეტის მქონე ადამიანებთან, გორბაჩოვის თანამებრძოლებთან და ფაშისტური განცხადებებით გამორჩეულ ხალხთან ქართველ ხალხს არაფერი საერთო არ აქვს”, - განაცხადა პაპუაშვილმა.","""This institution of the European Union must be changed qualitatively so that the Georgian Parliament and Georgia can have any kind of relationship with it. The Georgian people have nothing in common with people with a Soviet mentality, Gorbachev's comrades-in-arms, and people distinguished by fascist statements,"" Papuashvili said."
10_ge_Shalva_Papuashvili.csv,"შალვა პაპუაშვილი - ზელენსკის საქართველოს პრემიერ-მინისტრი სანქცირებულთა სიაში ჰყავს შეყვანილი და ახლა მასთან მისვლა და გასაუბრება მოუწია - ეს მეტყველებს, რამდენად მცდარი იყო უკრაინის ხელისუფლების პოლიტიკა ქართველი ხალხის მიმართ (05.05.2026, 14:59)","Shalva Papuashvili - Zelensky has included the Georgian Prime Minister in the sanctions list and now he had to come and talk to him - this shows how wrong the Ukrainian government's policy towards the Georgian people was (05.05.2026, 14:59)"
10_ge_Shalva_Papuashvili.csv,"ვფიქრობ, ინიციატივა, რომელიც გამოიჩინა პრეზიდენტმა ზელენსკიმ, რომ გასაუბრებოდა საქართველოს პრემიერ-მინისტრს, აჩვენებს, რომ ნებისმიერი პოლიტიკა, რომელიც თავშივე არის უსამართლო, განწირულია მარცხისთვის,- ამის შესახებ საქართველოს პარლამენტის თავმჯდომარემ შალვა პაპუაშვილმა განაცხადა.","""I think the initiative taken by President Zelensky to meet with the Prime Minister of Georgia shows that any policy that is inherently unjust is doomed to failure,"" said Shalva Papuashvili, Speaker of the Parliament of Georgia."
10_ge_Shalva_Papuashvili.csv,"მისი თქმით, უკრაინის პრეზიდენტს საქართველოს პრემიერ-მინისტრი კობახიძე სანქცირებულთა სიაში ჰყავს შეყვანილი და ახლა მასთან მისვლა და გასაუბრება მოუწია.",He said that the Ukrainian President has included Georgian Prime Minister Kobakhidze on the sanctions list and now he had to go and talk to him.
10_ge_Shalva_Papuashvili.csv,"„ვფიქრობ, ეს თავად მეტყველებს იმაზე, თუ რამდენად მცდარი იყო უკრაინის ხელისუფლების პოლიტიკა ქართველი ხალხის მიმართ და იმედს მიჩენს, რომ ეს არის ნიშანი გადააზრებისა, რომ ქართველი ხალხის წინააღმდეგ მოქმედებას შედეგი არ გამოაქვს და ფსონის დადება იმ ძალებზე, რომლებიც ქართველი ხალხის ღალატით არიან ნაკვები, კარგ შედეგს არ მოუტანს. კიდევ ერთხელ, ჩვენ ყოველთვის ვამბობდით და არა მხოლოდ უკრაინასთან მიმართებით, არამედ ყველა იმ ქვეყანასთან და ხელისუფლებასთან მიმართებით, რომელიც საქართველოს მოსახლეობის მიმართ სხვადასხვა სახის უსამართლო პოლიტიკით არის დაკავებული, რომ ჩვენ ვრჩებით ცალმხრივი მეგობრობის ფორმატში, რაც გულისხმობს იმას, რომ ჩვენ ამ ურთიერთობებში ვართ მართლები. ვინც არასწორი ნაბიჯი გადადგა საქართველოსთან დაკავშირებით, საბოლოო ჯამში, იმედია, რომ გააცნობიერებს საკუთარი ნაბიჯის სიმცდარეს. ჩვენ ყოველთვის მზად ვართ, რომ გადავიაზროთ ყველა ეს ურთიერთობა.","""I think this itself speaks to how wrong the policy of the Ukrainian government was towards the Georgian people and gives me hope that this is a sign of rethinking, that acting against the Georgian people does not yield results and betting on the forces that are fed by the betrayal of the Georgian people will not bring good results. Once again, we have always said, and not only in relation to Ukraine, but also in relation to all those countries and governments that are engaged in various unfair policies towards the Georgian population, that we remain in the format of one-sided friendship, which means that we are right in these relations. Whoever took the wrong step towards Georgia will, in the end, hopefully, realize the error of their step. We are always ready to reconsider all these relations."
10_ge_Shalva_Papuashvili.csv,"4 წელზე მეტია უკრაინის ხელისუფლებისგან, სამწუხაროდ, ვხედავთ პოლიტიკას, რომელიც არა თუ ქართველი ხალხის წინააღმდეგ არის მიმართული, უკრაინელის ხალხის ინტერესსაც არ ემსახურება. 4 წელია ვხედავთ, რომ ეს ურთიერთობა სწორედ უკრაინის ხელისუფლების გადაწყვეტილებით არის იმ წერტილზე მისული, სადაც არის. ჩვენ ამ ურთიერთობაში ყოველთვის ხაზს ვუსვამდით, რომ საქართველო და საქართველოს ხელისუფლება ყოველთვის მხარს ვუჭერდით უკრაინელ ხალხს და უკრაინას, არ არსებობს რეზოლუცია რომელსაც ჩვენ მხარი არ დავუჭირეთ. თუკი ვინმეს აქვს ნაბიჯი გადასადგმელი და გამოსასწორებელი, ეს არის უკრაინის ხელისუფლება.","For more than 4 years, unfortunately, we have seen a policy from the Ukrainian government that is not only directed against the Georgian people, but also does not serve the interests of the Ukrainian people. For 4 years, we have seen that this relationship has reached the point where it is precisely due to the decision of the Ukrainian government. We have always emphasized in this relationship that Georgia and the Georgian government have always supported the Ukrainian people and Ukraine, there is no resolution that we have not supported. If anyone has a step to take and correct, it is the Ukrainian government."
10_ge_Shalva_Papuashvili.csv,"როდესაც შენი ქვეყნის და ხალხის გვერდში მდგომ ხელისუფლების წარმომადგენლებს უწესებ სანქციებს, ეს არის ყველაფერი, გარდა მადლიერების გამოხატვისა. რაც შეეხება სხვა ქცევებს, ყველა ჩვენგანი ვიყავით ამ ყველაფრის მომსწრე, ჩვენი თვალით ვნახეთ და ჩვენი ყურით მოვისმინეთ, როდესაც პრეზიდენტმა ზელენსკიმ პირდაპირ მოითხოვა, რომ საქართველოს ხელისუფლებას მებრძოლები დაეორგანიზებინა და გაეშვა უკრაინაში საომრად და ამით ღიად ჩართულიყო, როგორც მხარე, რუსეთ-უკრაინის ომში. ამას ქართულად ჰქვია „ომში ჩათრევა“, არ ვიცი უკრაინულად რას ეძახიან.“- განაცხადა პაპუაშვილმა.","When you impose sanctions on government officials who stand by your country and people, this is anything but an expression of gratitude. As for other behaviors, we were all witnesses to all this, we saw it with our own eyes and heard it with our own ears when President Zelensky directly demanded that the Georgian government organize fighters and send them to fight in Ukraine, thus openly engaging, as a party, in the Russian-Ukrainian war. This is called “drag into war” in Georgian, I don’t know what they call it in Ukrainian,” Papuashvili said."
10_ge_Shalva_Papuashvili.csv,"შალვა პაპუაშვილი - სიმბოლურია, რომ 9 მაისამდე რამდენიმე დღით ადრე, იუკნევიჩიანე, რომელიც ფაშისტური განცხადებებით გამოირჩევა, რეზოლუციის ავტორია - ევროპარლამენტი თავს აჩენს, როგორც მემკვიდრე საბჭოთა კავშირის სახალხო ყრილობისა (05.05.2026, 14:52)","Shalva Papuashvili - It is symbolic that a few days before May 9, Yuknevichian, who is distinguished by his fascist statements, is the author of the resolution - the European Parliament presents itself as the successor to the People's Congress of the Soviet Union (05.05.2026, 14:52)"
10_ge_Shalva_Papuashvili.csv,"რამდენიმე დღეში გვექნება კიდევ ერთი აღნიშვნა ფაშიზმზე გამარჯვების დღისა და სიმბოლურია, რომ 9 მაისამდე რამდენიმე დღით ადრე, იუკნევიჩიანე, რომელიც გამოირჩევა ფაშისტური განცხადებებით ქართველი ხალხის მიმართ, ამ რეზოლუციის ავტორია,- ამის შესახებ საქართველოს პარლამენტის თავმჯდომარემ, შალვა პაპუაშვილმა განაცხადა.","In a few days we will have another celebration of Victory over Fascism Day, and it is symbolic that a few days before May 9, Yuknevichiane, who is distinguished by his fascist statements towards the Georgian people, is the author of this resolution, - said the Chairman of the Parliament of Georgia, Shalva Papuashvili."
10_ge_Shalva_Papuashvili.csv,"როგორც პაპუაშვილმა ევროპარლამენტის საგარეო საქმეთა კომიტეტის მიერ საქართველოს შესახებ მიღებულ ანგარიშზე დასმული კითხვის საპასუხოდ აღნიშნა, კიდევ ერთხელ ადასტურებს ევროპარლამენტი, რომ დღითიდღე თავს იმკვიდრებს როგორც „საბჭოთა კავშირის საკავშირო სახალხო დეპუტატთა ყრილობის მემკვიდრე“.","As Papuashvili noted in response to a question posed by the European Parliament's Foreign Affairs Committee on the report on Georgia, the European Parliament once again confirms that it is establishing itself day by day as the ""successor to the All-Union Congress of People's Deputies of the Soviet Union."""
10_ge_Shalva_Papuashvili.csv,"„რაც შეეხება ქართველი ხალხის მიმართ მორიგ მტრულ ანგარიშს, თუ რეზოლუციას, რაც მზადდება, ამაში ახალი არაფერია. კიდევ ერთხელ ადასტურებს ევროპარლამენტი, რომ დღითიდღე თავს იმკვიდრებს როგორც საბჭოთა კავშირის საკავშირო სახალხო დეპუტატთა ყრილობის მემკვიდრე. თავს აჩენს, როგორც მემკვიდრე საბჭოთა კავშირის სახალხო ყრილობისა. რაც გასაკვირი არაა იმის გათვალისწინებით, რომ ვხედავთ საბჭოთა მოქალაქეებს ევროპარლამენტის რიგებში, საბჭოთა ნომენკლატურის თუ ელიტის წარმომადგენლებს, რომლებიც ევროპარლამენტში არიან მოკალათებულები. ვგულისხმობ ბალტიის ქვეყნების და აღმოსავლეთ ევროპის ზოგი ქვეყნის წარმომადგენელს. როგორც მოსკოვის საკავშირო ყრილობა იღებდა მტრულ გადაწყვეტილებებს საქართველოსთან დაკავშირებით, ასევე ბრიუსელის საკავშირო პარლამენტი იღებს დღეს ამგვარ მტრულ გადაწყვეტილებებს.","""As for another hostile report or resolution against the Georgian people that is being prepared, there is nothing new in this. Once again, the European Parliament confirms that day by day it is establishing itself as the successor of the All-Union Congress of People's Deputies of the Soviet Union. It is presenting itself as the successor of the People's Congress of the Soviet Union. Which is not surprising considering that we see Soviet citizens in the ranks of the European Parliament, representatives of the Soviet nomenclature or elite who are ensconced in the European Parliament. I mean representatives of the Baltic states and some Eastern European countries. Just as the Moscow All-Union Congress made hostile decisions regarding Georgia, the Brussels All-Union Parliament is making such hostile decisions today."
10_ge_Shalva_Papuashvili.csv,"ამ რეზოლუციის ანგარიშის ავტორი არის იუკნევიჩიანე, რომელიც გამოირჩევა ფაშისტური განცხადებებით ქართველი ხალხის მიმართ, რაც ნიშანდობლივია. რამდენიმე დღეში გვექნება კიდევ ერთი აღნიშვნა ფაშიზმზე გამარჯვების დღისა და სიმბოლურია, რომ 9 მაისამდე რამდენიმე დღით ადრე, ადამიანი, იუკნევიჩიანე, რომელიც გამოირჩევა ფაშისტური განცხადებებით ქართველი ხალხის მიმართ, ამ რეზოლუციის ავტორია.“,- აღნიშნავს პაპუაშვილი.","The author of this resolution report is Yuknevichiane, who is distinguished by fascist statements towards the Georgian people, which is noteworthy. In a few days we will have another celebration of Victory over Fascism Day, and it is symbolic that a few days before May 9, a person, Yuknevichiane, who is distinguished by fascist statements towards the Georgian people, is the author of this resolution,” Papuashvili notes."
10_ge_Shalva_Papuashvili.csv,"გარდა ამისა, პაპუაშვილის თქმით, „ბრიუსელი და უცხოური დაფინანსებაა სწორედ ის, ვინც საქართველოში კლავს თავისუფალ მედიას, იმორჩილებს მედიას საკუთარი პროპაგანდისთვის“.","In addition, according to Papuashvili, ""Brussels and foreign funding are precisely what is killing free media in Georgia, subjugating the media for its own propaganda."""
10_ge_Shalva_Papuashvili.csv,"რაც შეეხება უვიზო მიმოსვლის გადახედვასთან დაკავშირებულ კითხვას, გრძნობს თუ არა აღნიშნულზე პასუხისმგებლობას „ქართული ოცნება“. პარლამენტის თავმჯდომარის თქმით, „მიხეილ სააკაშვილის ფანკლუბი დაემუქრება ქართველ ხალხს სხვადასხვა ინსტრუმენტებით“.","As for the question related to the review of visa-free travel, does the Georgian Dream feel responsible for this? According to the Speaker of the Parliament, “Mikheil Saakashvili's fan club will threaten the Georgian people with various tools.”"
10_ge_Shalva_Papuashvili.csv,"„ევროპარლამენტს რაც შეეხება, მიხეილ სააკაშვილის ფანკლუბი ნუ დაგველაპარაკება ჩვენ რაიმე ღირებულებაზე, რაიმე წესებზე, რაიმე კანონზე, ესენი არიან მიხეილ სააკაშვილის ფანკლუბი და ამით ყველაფერია ნათქვამი.","""As for the European Parliament, Mikheil Saakashvili's fan club should not talk to us about any values, any rules, any laws. They are Mikheil Saakashvili's fan club and that says it all."""
10_ge_Shalva_Papuashvili.csv,"როდესაც ხარ დიქტატორის, მწამებლის, კორუმპირებული ადამიანის ფანკლუბის წევრი, ეს არის განაჩენი.","When you are a member of the fan club of a dictator, a torturer, a corrupt person, that is a sentence."
10_ge_Shalva_Papuashvili.csv,"გასაგებია, რომ მიხეილ სააკაშვილის ფანკლუბი დაემუქრება ქართველ ხალხს სხვადასხვა ინსტრუმენტებით. ამაში გასაკვირი არაფერია. როგორც სხვა დროს ცდილობდნენ, რომ დაგვაზიანონ, საბოლოო ჯამში ამას ვერ მიიღებენ. მთავარ რამეს ვერ მიიღებენ, ქართველმა ხალხმა იმოქმედოს მათი პოლიტიკური დღის წესრიგით.","It is understandable that Mikheil Saakashvili's fan club will threaten the Georgian people with various tools. There is nothing surprising in this. Just as they tried to harm us at other times, they will ultimately not accept this. The main thing they will not accept is that the Georgian people act according to their political agenda."
10_ge_Shalva_Papuashvili.csv,"არც ქართული ჟურნალისტიკა აინტერესებთ, არც ქართველი ხალხის კარგად ყოფნა, ერთადერთი, რაც იუკნევიჩიანეს და მსგავს აკვიატებული აზრების მქონე ადამიანებს აინტერესებთ, არის რომ საქართველო გამოიყენონ იარაღად რუსეთის წინააღმდეგ. ჩვენ ვართ დანახული, როგორც იარაღი რუსეთის წინააღმდეგ, ისინი სხვა დანიშნულებას ჩვენ ხალხში ვერ ხედავენ“, -განაცხადა შალვა პაპუაშვილმა.","""They are not interested in Georgian journalism, nor in the well-being of the Georgian people. The only thing Yuknevichiane and people with similar obsessive thoughts are interested in is using Georgia as a weapon against Russia. We are seen as a weapon against Russia, they see no other purpose in our people,"" Shalva Papuashvili said."
10_ge_Shalva_Papuashvili.csv,"შალვა პაპუაშვილი - დღევანდელი მოშლილი საერთაშორისო სისტემა გეოპოლიტიკური დაძაბულობით, ეკონომიკური გაურკვევლობითა და უსაფრთხოების დინამიკის ცვალებადობით ხასიათდება. (07.05.2026, 13:57)","Shalva Papuashvili - Today's fractured international system is characterized by geopolitical tension, economic uncertainty, and changing security dynamics. (07.05.2026, 13:57)"
10_ge_Shalva_Papuashvili.csv,"ჩემთვის დიდი პატივია, მონაწილეობა მივიღო საპარლამენტო დიპლომატიის შესახებ დისკუსიაში PAM-ის წევრი და პარტნიორი ქვეყნების პარლამენტების თავმჯდომარეებისა და პრეზიდენტების პირველი სამიტის ფარგლებში. საქართველოს ისტორიული კავშირები ხმელთაშუა ზღვის რეგიონთან ათასწლეულებს ითვლის და მოხარულები ვართ, რომ ვაგრძელებთ ამ ტრადიციას მას შემდეგ, რაც 35 წლის წინ ოფიციალურად მოვიპოვეთ დამოუკიდებლობა, - ამის შესახებ საქართველოს პარლამენტის თავმჯდომარემ შალვა პაპუაშვილმა, ხმელთაშუა ზღვის საპარლამენტო ასამბლეის (PAM) წევრი და პარტნიორი ქვეყნების პარლამენტების თავმჯდომარეების რიგით პირველ სამიტზე სიტყვით გამოსვლისას განაცხადა.","“It is a great honor for me to participate in the discussion on parliamentary diplomacy within the framework of the first Summit of Speakers and Presidents of Parliaments of PAM Member and Partner Countries. Georgia’s historical ties with the Mediterranean region go back thousands of years, and we are pleased to continue this tradition after we officially gained independence 35 years ago,” said Shalva Papuashvili, Speaker of the Parliament of Georgia, a member of the Parliamentary Assembly of the Mediterranean (PAM) and a partner country, in his speech at the first Summit of Speakers of Parliaments of the Partner Countries."
10_ge_Shalva_Papuashvili.csv,"როგორც შალვა პაპუაშვილმა აღნიშნა, დღევანდელი მოშლილი საერთაშორისო სისტემა გეოპოლიტიკური დაძაბულობით, ეკონომიკური გაურკვევლობითა და უსაფრთხოების დინამიკის ცვალებადობით ხასიათდება.","As Shalva Papuashvili noted, today's fractured international system is characterized by geopolitical tension, economic uncertainty, and changing security dynamics."
10_ge_Shalva_Papuashvili.csv,"მისი თქმით, საზოგადოება არის წესებზე დაფუძნებული საერთაშორისო წესრიგის ჩამოშლის მოწმენი, რაც საგანგაშო პროცესია და ეჭვქვეშ აყენებს სახელმწიფოებს შორის სტაბილურობის, თანამშრომლობისა და ნდობის საფუძვლებს.","According to him, society is witnessing the collapse of the rules-based international order, which is an alarming process and calls into question the foundations of stability, cooperation, and trust between states."
10_ge_Shalva_Papuashvili.csv,"„განსაკუთრებული პატივია თქვენ წინაშე გამოსვლა PABSEC-ის პრეზიდენტის პოზიციიდან, რაც მაძლევს შესაძლებლობას, გავაჟღერო შავი ზღვის რეგიონის ქვეყნების პარლამენტარების ხმა. დღესდღეობით ჩვენი რეგიონი მსოფლიო არასტაბილურობის ეპიცენტრშია - მიმდინარეობს რუსეთ-უკრაინის ომი, რომელიც უკვე ოთხ წელზე მეტ ხანს გრძელდება.","""It is a special honor to address you from the position of President of PABSEC, which gives me the opportunity to voice the voices of parliamentarians from the countries of the Black Sea region. Today, our region is at the epicenter of global instability - the ongoing Russia-Ukraine war, which has been going on for more than four years."
10_ge_Shalva_Papuashvili.csv,"როგორ შეუძლია საპარლამენტო დიპლომატიას, ხელი შეუწყოს რეგიონულ მშვიდობასა და რეგიონთაშორის თანამშრომლობას? მაშინ, როდესაც გლობალური ორგანიზაციები ვერ ახერხებენ შედეგების მიღწევას, რეგიონულ ფორმატებს ეძლევათ უნიკალური შესაძლებლობა, უკეთესობისკენ შეცვალონ რეალობა: ჩვენ გვაერთიანებს საერთო პრაგმატული ინტერესები, რომლებიც უშუალოდ ჩვენი მოსახლეობის მიერ არის ჩვენზე დელეგირებული, რადგან პარლამენტები პირდაპირ გამოხატავენ ხალხის ნებას.","How can parliamentary diplomacy contribute to regional peace and interregional cooperation? When global organizations fail to achieve results, regional formats have a unique opportunity to change reality for the better: we are united by common pragmatic interests that are directly delegated to us by our populations, because parliaments directly express the will of the people."
10_ge_Shalva_Papuashvili.csv,"შესაბამისად, რეგიონული გაერთიანებები ქმნიან ჩარჩოს, რომლის საშუალებითაც მეზობელ ქვეყნებს შეუძლიათ აწარმოონ დიალოგი, განიხილონ საერთო გამოწვევები და პრაქტიკულ გადაწყვეტილებებს მიაღწიონ. ხმელთაშუა ზღვის, შავი ზღვისა და ყურის რეგიონები ერთმანეთთან დაკავშირებული სივრცეებია, სადაც გაძლიერებულ თანამშრომლობას შეუძლია ხელშესახები შედეგების მოტანა. გაძლიერებული საპარლამენტო გაცვლები შესაძლოა სტაბილურობის, ინოვაციებისა და მდგრადი განვითარების ხიდად იქცეს. ეს კავშირები მშვიდობას დამატებით შანსებს მისცემს.","Accordingly, regional associations provide a framework through which neighboring countries can engage in dialogue, discuss common challenges, and find practical solutions. The Mediterranean, Black Sea, and Gulf regions are interconnected spaces where enhanced cooperation can yield tangible results. Enhanced parliamentary exchanges can serve as a bridge to stability, innovation, and sustainable development. These connections will give peace additional chances."
10_ge_Shalva_Papuashvili.csv,რეგიონთაშორისი თანამშრომლობის რომელი მთავარი მიმართულებები შეგვიძლია გამოვყოთ მშვიდობისა და სტაბილურობის მისაღწევად?,What are the main directions of interregional cooperation that can be identified to achieve peace and stability?
10_ge_Shalva_Papuashvili.csv,"დაკავშირებადობა ამ თანამშრომლობაში ცენტრალურ ადგილს იკავებს. სტრატეგიული სატრანზიტო მარშრუტების, მათ შორის შუა დერეფნის განვითარება, ევროპასა და აზიას შორის ვაჭრობასა და ეკონომიკურ ურთიერთობებს ახლებურად აყალიბებს. ეს დერეფნები თანამშრომლობის არხებია, რომლებიც ჩვენს რეგიონებს აახლოებს და გლობალური მიწოდების ჯაჭვების მოწყვლადობას ამცირებს. დაკავშირებადების საკითხი მჭიდროდ არის დაკავშირებული ენერგეტიკულ უსაფრთხოებასთან, რომელიც ჩვენი საერთო მომავლისთვის გადამწყვეტ თემად იქცა. ენერგიის წყაროებისა და მარშრუტების დივერსიფიკაცია აუცილებელია სტაბილურობისა და მედეგობის უზრუნველსაყოფად, განსაკუთრებით ევროპისთვის. ალტერნატიულ ენერგორესურსებსა და ინფრასტრუქტურაზე თანამშრომლობის გაძლიერებით, ჩვენ ხელს შევუწყობთ ეკონომიკურ ზრდას და უფრო უსაფრთხო და მდგრად ენერგეტიკულ გარემოს შევქმნით“, - განაცხადა შალვა პაპუაშვილმა.","Connectivity is central to this cooperation. The development of strategic transit routes, including the Middle Corridor, is reshaping trade and economic relations between Europe and Asia. These corridors are channels of cooperation that bring our regions closer and reduce the vulnerability of global supply chains. The issue of connectivity is closely linked to energy security, which has become a crucial issue for our common future. Diversification of energy sources and routes is essential to ensure stability and resilience, especially for Europe. By strengthening cooperation on alternative energy resources and infrastructure, we will contribute to economic growth and create a more secure and sustainable energy environment,” said Shalva Papuashvili."
10_ge_Shalva_Papuashvili.csv,"შალვა პაპუაშვილი პაველ ჰერჩინსკის წერილით მიმართავს (08.05.2026, 10:34)","Shalva Papuashvili addresses Pavel Herchinsky with a letter (08.05.2026, 10:34)"
10_ge_Shalva_Papuashvili.csv,"საქართველოს პარლამენტის თავმჯდომარე შალვა პაპუაშვილი ევროკავშირის ელჩს, პაველ ჰერჩინსკის წერილით მიმართავს.","The Speaker of the Parliament of Georgia, Shalva Papuashvili, is writing to the European Union Ambassador, Pavel Herchinsky."
10_ge_Shalva_Papuashvili.csv,"პაპუაშვილი წერილს სოციალურ ქსელში ავრცელებს და წერს, რომ ჰერჩინსკის ევროპის დღესთან დაკავშირებით მიმართავს.",Papuashvili is spreading the letter on social media and writes that he is addressing Herchinsky on the occasion of Europe Day.
10_ge_Shalva_Papuashvili.csv,"„გილოცავთ ევროპის დღეს. ამ მნიშვნელოვან დღეს, სიმბოლური აღნიშვნის გარდა, უნდა დავფიქრდეთ იმაზე, თუ რეალურად რა არის ევროპა, როგორ აისახება მისი მნიშვნელობა მოქალაქეთა ცხოვრებაზე და როგორ განაპირობებს ის საქართველოსა და ევროკავშირის მომავალს.","""Congratulations on Europe Day. On this important day, in addition to the symbolic celebration, we should reflect on what Europe really is, how its importance affects the lives of citizens, and how it determines the future of Georgia and the European Union."""
10_ge_Shalva_Papuashvili.csv,"რობერ შუმანმა, ევროკავშირის ერთ-ერთმა დამფუძნებელმა მამამ და დიდმა ფრანგმა სახელმწიფო მოღვაწემ, მისი ისტორიული განცხადება სწორედ ამ დღეს, მეორე მსოფლიო ომის დასრულების მეხუთე წლისთავზე, გააკეთა. „შუმანის დეკლარაციას“ საფუძვლად ედო ერთი უმთავრესი მიზანი: უზრუნველეყო, რომ ომს აღარასოდეს გაენადგურებინა ევროპა. დეკლარაციის სულისკვეთება მკაფიო იყო - მშვიდობა ერთიანობით, თანამშრომლობა ურთიერთპატივისცემით და სტაბილურობა პასუხისმგებლობის გაზიარებით. ევროკავშირის დღევანდელი პოლიტიკაც სწორედ ამ ხედვის ფონზე უნდა შეფასდეს.","Robert Schuman, one of the founding fathers of the European Union and a great French statesman, made his historic declaration on this very day, the fifth anniversary of the end of the Second World War. The “Schuman Declaration” was based on one overarching goal: to ensure that war would never again destroy Europe. The spirit of the declaration was clear – peace through unity, cooperation through mutual respect, and stability through shared responsibility. It is against this vision that the current policies of the European Union must be assessed."
10_ge_Shalva_Papuashvili.csv,"რობერ შუმანისგან განსხვავებით, გასულ წელს, ევროპის დღეს, ქართველი ხალხისადმი თქვენს მიმართვაში, თქვენ არჩიეთ მეორე მსოფლიო ომის დასრულების წლისთავის უგულებელყოფა და, სანაცვლოდ, აქცენტი გააკეთეთ თქვენს პოლიტიკურ პრეტენზიებზე მასპინძელი ქვეყნის მიმართ. თუმცა, ალბათ ღირს შეხსენებად, რომ არა, სხვა ანტიფაშისტურ ერებთან ერთად, ქართველი ხალხის დღევანდელი თაობების მშობლები და პაპა-ბებიები, ვერც ფაშიზმი დამარცხდებოდა და არც ევროკავშირი და ევროპის დღე იარსებებდა. საქართველოში არ არსებობს ოჯახი, რომელმაც ამ ომში მსხვერპლი არ გაიღო. ევროპის დღის გამარჯვების დღისგან გამიჯვნა ჩვენთვის მიუღებელია. ამიტომ, იმედი მაქვს, რომ 9 მაისს, თქვენს შეკრებაზე, სათანადო პატივს მიაგებთ 300,000 ქართველს, რომელმაც სიცოცხლე დადო ფაშიზმისაგან თავისუფალი ევროპისათვის.","Unlike Robert Schuman, in your address to the Georgian people on Europe Day last year, you chose to ignore the anniversary of the end of World War II and instead focused on your political claims against the host country. However, it is perhaps worth recalling that without the parents and grandparents of today's generations of Georgian people, along with other anti-fascist nations, fascism would not have been defeated, nor would the European Union and Europe Day have existed. There is not a family in Georgia that did not sacrifice itself in this war. The separation of Europe Day from Victory Day is unacceptable to us. Therefore, I hope that on May 9, at your gathering, you will pay due respect to the 300,000 Georgians who gave their lives for a Europe free from fascism."
10_ge_Shalva_Papuashvili.csv,"„ევროპის ერთიანობა ვერ იქნა მიღწეული და ჩვენ მივიღეთ ომი“ - ევროკავშირის დღევანდელი ხელმძღვანელობის მოქმედებები აჩვენებს, რომ ის ვერ იაზრებს შუმანის დეკლარაციის ამ ფუძემდებლურ დასკვნას. ევროკავშირის მიმდინარე პოლიტიკა არ ტოვებს სხვაგვარი ახსნის სივრცეს, გარდა იმისა, რომ ის მიმართულია დაპირისპირების გაღრმავებისა და უთანხმოებების ზრდისკენ. ევროპარლამენტის უსამართლო და პოლიტიკურად მოტივირებული რეზოლუციები, პოლიტიკური და ეკონომიკური შურისძიების არაერთი მუქარა, საქართველოს შიდა საქმეებში მუდმივი ჩარევა - ეს მხოლოდ რამდენიმე მაგალითია იმ მიზანმიმართული მცდელობებისა, რომლებიც მიზნად ისახავს დაპირისპირების წაქეზებას როგორც საქართველოს შიგნით, ისე საქართველო-ევროკავშირის ურთიერთობაში. ნამდვილი ერთიანი ევროპა არის ის, რომელიც არა მხოლოდ მომავალ ომებს აღკვეთს, არამედ მიმდინარე კონფლიქტებსაც დაასრულებს. თუმცა, სამწუხაროდ, საქართველოს მიმართ ბრიუსელის პოლიტიკაში ქართველ ხალხსა და ევროკავშირს შორის ერთიანობის მიღწევის განზრახვა არსად იკვეთება.","“European unity has not been achieved and we have accepted war” - the actions of the current leadership of the European Union show that it cannot comprehend this fundamental conclusion of the Schuman Declaration. The current policy of the European Union leaves no room for explanation other than that it is aimed at deepening the confrontation and increasing disagreements. Unjust and politically motivated resolutions of the European Parliament, numerous threats of political and economic retaliation, constant interference in the internal affairs of Georgia - these are just a few examples of deliberate attempts aimed at inciting confrontation both within Georgia and in Georgia-EU relations. A truly united Europe is one that will not only prevent future wars, but also end current conflicts. However, unfortunately, the intention to achieve unity between the Georgian people and the European Union is nowhere to be seen in Brussels’ policy towards Georgia."
10_ge_Shalva_Papuashvili.csv,"„ევროპა ერთ მომენტში ან ერთი გეგმით ვერ შეიქმნება“ - განაცხადა რობერ შუმანმა თავის ცნობილ დეკლარაციაში. სამწუხაროდ, დღესდღეობით ვხედავთ, რომ შუმანის ეს ბრძნული სიტყვები უგულებელყოფილია, ხოლო ევროკავშირის პოლიტიკა ვიწრო პოლიტიკური ინტერესებითა და ცრუ და ხელოვნურად შექმნილი იდეოლოგიების საფუძველზე ხორციელდება, რომლებიც უგულებელყოფენ ევროპის მოსახლეობის კულტურულ სიმდიდრეს, იდეოლოგიურ მრავალფეროვნებასა და პოლიტიკურ პლურალიზმს. ევროპული ინტეგრაციის გზაზე საქართველოსთვის პოლიტიკური და იდეოლოგიური ჩარჩოების დაწესების მცდელობაც ამ ვიწრო, უშედეგო და ზედაპირული პოლიტიკის კარგი მაგალითია.","“Europe cannot be built in a single moment or with a single plan,” said Robert Schuman in his famous declaration. Unfortunately, today we see that these wise words of Schuman are being ignored, and the EU’s policy is being implemented based on narrow political interests and false and artificially created ideologies that ignore the cultural richness, ideological diversity and political pluralism of the European population. The attempt to impose a political and ideological framework on Georgia on its path to European integration is also a good example of this narrow, ineffective and superficial policy."
10_ge_Shalva_Papuashvili.csv,"ქართველი ხალხი არ საჭიროებს ევროპული გზისკენ მიმართულების ჩვენებას. საქართველო თავად არის ევროპული ცივილიზაციის თანაშემოქმედი და ამიტომ სადაც საქართველოა, იქ არის ევროპაც. ევროპული ინტეგრაცია არ უნდა ნიშნავდეს ბრიუსელის ერთპიროვნულ ბატონობას საქართველოზე, არამედ ის უნდა იყოს სხვა ევროპულ ერებთან ჩვენი ისტორიული კავშირების ჭეშმარიტი განმტკიცება, როგორც თანასწორი თანასწორთან.","The Georgian people do not need to be shown the direction of the European path. Georgia itself is a co-creator of European civilization, and therefore where Georgia is, there is Europe. European integration should not mean Brussels' unilateral domination over Georgia, but rather it should be a genuine strengthening of our historical ties with other European nations, as equals with equals."
10_ge_Shalva_Papuashvili.csv,"ევროპის დღემ ისიც უნდა შეგვახსენოს, რომ ევროკავშირის ვერცერთი ხელმძღვანელობა ვერ გააუქმებს ისეთ ევროპულ იდეალებს, როგორებიცაა ეროვნული დამოუკიდებლობა, ქრისტიანული ღირებულებები და ცხოვრების ტრადიციული წესი, მხოლოდ იმიტომ, რომ მათ განსხვავებული იდეოლოგიური შეხედულებები აქვთ. სწორედ ევროკავშირის ამ დამფუძნებელ სულისკვეთებასთან შეუთავსებლობას ავლენენ ისინი, ვინც მეტისმეტად ერთობიან დემოკრატიულად არჩეული ხელისუფლებების წინააღმდეგ ე.წ. „რეჟიმის ცვლილების“ გეგმებით, აწესებენ ადამიანის ბუნებასთან შეუთავსებელ იდეოლოგიებს და ტრადიციებში არსებული განსხვავებების უგულებელყოფით, ცდილობენ ერთგვაროვანი ცხოვრების წესის დანერგვას.","Europe Day should also remind us that no EU leadership can abolish European ideals such as national independence, Christian values ​​and traditional ways of life simply because they have different ideological views. It is precisely those who are too united against democratically elected governments with so-called “regime change” plans, impose ideologies incompatible with human nature and, ignoring differences in traditions, try to impose a uniform way of life that are incompatible with this founding spirit of the EU."
10_ge_Shalva_Papuashvili.csv,"„ქვანახშირისა და ფოლადის თანამეგობრობის“ შექმნის იდეა, რომელიც რობერ შუმანმა 1950 წლის 9 მაისს წარადგინა, მიზნად ისახავდა „ცხოვრების დონის ამაღლებას და მიღწევების შენარჩუნებას“. მას კარგად ესმოდა, რომ მშვიდობა საჭიროებს მყარ ეკონომიკურ ფუნდამენტს. სწორედ ამ იდეაზე იყო დაფუძნებული მთელი ევროპული პროექტი. თუმცა, დღეს ევროკავშირის ხელმძღვანელობას, როგორც ჩანს, ეს საბაზისო პრინციპიც დავიწყებული აქვს. სხვა რით უნდა აიხსნას, ყოველგვარი უსაფრთხოების გარანტიებისა და ეკონომიკური მხარდაჭერის შეთავაზების გარეშე, რუსეთის წინააღმდეგ ეკონომიკურ დაპირისპირებაში ჩართვის დაჟინებული მოწოდებები, რომელზე დაყოლაც გამოიწვევდა არა მხოლოდ საქართველოს ეკონომიკურ ნგრევას, არამედ რეგიონულ არასტაბილურობასაც, რაც ევროპას მნიშვნელოვანი ენერგორესურსებისა და გეოეკონომიკური მარშრუტების გარეშე დატოვებდა.","The idea of ​​creating a “Coal and Steel Community”, which Robert Schuman presented on May 9, 1950, aimed to “raise living standards and maintain achievements”. He understood well that peace requires a solid economic foundation. The entire European project was based on this idea. However, today the leadership of the European Union seems to have forgotten this basic principle. How else to explain the persistent calls for involvement in an economic confrontation with Russia, without any security guarantees or offers of economic support, which, if followed, would lead not only to the economic collapse of Georgia, but also to regional instability, leaving Europe without important energy resources and geo-economic routes."
10_ge_Shalva_Papuashvili.csv,"ევროპის დღის იდეაში ჩადებული საწყისი ევროპული მისწრაფებებიდან გადახვევამ ევროკავშირი მიიყვანა იმ მდგომარეობამდე, როდესაც საქართველოს მიმართ მისი პოლიტიკა დაყვანილია ძალადობის, სიძულვილის ენისა და რადიკალიზმის მხარდაჭერამდე. გასულ წელს, ორჯერ, წერილობით მოგმართეთ მოწოდებით, დაგეგმოთ სიძულვილის ენის და ძალადობის გახშირებული ფაქტები, თუმცა უშედეგოდ. ძალადობისა და რადიკალიზმის პოლიტიკურად მოტივირებული წაყრუების მძიმე შედეგები, ყველაზე კარგად, გასული წლის 4 ოქტომბერს გამოჩნდა, როდესაც ევროკავშირის პრესსპიკერის ცნობილი განცხადებით ძალადობისთვის რიტორიკული მწვანე შუქის ანთებამ, რადიკალური ჯგუფები, პრეზიდენტის სასახლის შტურმზე წაიყვანა. მას შემდეგ, უკვე შვიდ თვეზე მეტი ხნის განმავლობაში, არც ერთ ევროპელ მაღალჩინოსანს საჯაროდ არ დაუგმია გადატრიალების ეს მცდელობა, თითქოს, ძალადობრივი გადატრიალებები ევროპულ პოლიტიკაში ნორმალური პრაქტიკა იყოს.","The deviation from the original European aspirations embedded in the idea of ​​Europe Day has led the European Union to a situation where its policy towards Georgia has been reduced to supporting violence, hate speech and radicalism. Last year, we wrote to you twice with a call to plan for the increased incidence of hate speech and violence, but to no avail. The grave consequences of the politically motivated suppression of violence and radicalism were best seen on October 4 of last year, when the EU spokesperson’s famous statement, giving a rhetorical green light for violence, led radical groups to storm the presidential palace. Since then, for more than seven months, not a single senior European official has publicly condemned this coup attempt, as if violent coups were normal practice in European politics."
10_ge_Shalva_Papuashvili.csv,"საქართველოსთან დაკავშირებით გაკეთებული უკანასკნელი მიუღებელი და ჩვენი ხალხის მიმართ მუქარის შემცველი განცხადებები, თითქოს ქვეყანა „ბნელ წარსულს“ უბრუნდება, კიდევ ერთხელ წარმოაჩენს, რამდენად არასწორია ევროკავშირის ამჟამინდელი პოლიტიკა. თუმცა რეალობას ქართველი ხალხის პერსპექტივიდან თუ შევხედავთ, შესაძლოა, თავად ევროპა მიდიოდეს იმ ბნელი წარსულისკენ, რომლის თავიდან აცილებასაც რობერ შუმანი და მისი თაობის სხვა დიდი მოღვაწეები ცდილობდნენ.","The latest unacceptable and threatening statements made about Georgia, as if the country is returning to its “dark past,” once again demonstrate how wrong the current policy of the European Union is. However, if we look at reality from the perspective of the Georgian people, it may be that Europe itself is heading towards the dark past that Robert Schuman and other great figures of his generation tried to avoid."
10_ge_Shalva_Papuashvili.csv,"საქართველოს აქვს სამომავლო გზის მკაფიო შეთავაზება. აგრესიული რიტორიკის შეწყვეტა, მავნე პოლიტიკის გადახედვა და უსამართლო რეზოლუციების გაუქმება არის ის, რაც გახსნიდა გზას ნამდვილი დიალოგისთვის, გონივრულობისთვის და ერთიანობისთვის, რაც არის კიდეც ევროპის დღის თავდაპირველი სულისკვეთება.","Georgia has a clear offer of a way forward. Cessation of aggressive rhetoric, revision of harmful policies, and repeal of unjust resolutions are what would pave the way for genuine dialogue, reason, and unity, which is the original spirit of Europe Day."
10_ge_Shalva_Papuashvili.csv,"თუ გვინდა, რომ ევროპის დღემ შეინარჩუნოს თავისი მნიშვნელობა, მაშინ ის კვლავ უნდა ნიშნავდეს იმას, რასაც თავდაპირველად წარმოადგენდა - მშვიდობას, თანამშრომლობას და ერთიანობას, დაფუძნებულს ერების და მათი იდენტობის პატივისცემაზე“, - ნათქვამია პაპუაშვილის წერილში.","""If we want Europe Day to retain its meaning, then it must once again mean what it originally represented - peace, cooperation and unity, based on respect for nations and their identities,"" Papuashvili's letter states."
11_ge_Khatia_Dekanoidze.csv,"ხატია დეკანოიძე - თუ შევხედავთ, რა ხდება სომხეთში, ნახავთ, რომ ფუნქცია, რაც საქართველოს ჰქონდა, ყოფილიყო რეგიონის ლიდერი, აღარ არსებობს - ივანიშვილის დანაშაულის და „ანტი ქართული ოცნების“ გამო კარგავს საქართველო ამ ფუნქციას (06.05.2026, 12:00)","Khatia Dekanoidze - If we look at what is happening in Armenia, we will see that the function that Georgia had, to be the leader of the region, no longer exists - Georgia is losing this function due to Ivanishvili's crimes and the ""Anti-Georgian Dream"" (06.05.2026, 12:00)"
11_ge_Khatia_Dekanoidze.csv,"დღეს ივანიშვილმა და „ანტი ქართულმა ოცნებამ“ საქართველოს დააკარგვინა გრძელვადიანი მშვიდობის, განვითარების, პროგრესისა და ეკონომიკური კეთილდღეობის ფუნქცია. ქართველ ხალხს დააკარგვინა კეთილდღეობის და გამდიდრების შესაძლებლობა, ევროინტეგრაციის შესაძლებლობა. ეს არის ისტორიული დანაშაული,- ამის შესახებ „ნაციონალური მოძრაობის“ ერთ-ერთმა ლიდერმა ხატია დეკანოიძემ განაცხადა.","Today, Ivanishvili and the ""Anti-Georgian Dream"" have deprived Georgia of the function of long-term peace, development, progress and economic prosperity. They have deprived the Georgian people of the opportunity for prosperity and enrichment, the opportunity for European integration. This is a historical crime, - said Khatia Dekanoidze, one of the leaders of the ""National Movement""."
11_ge_Khatia_Dekanoidze.csv,"მან საზოგადოებას 22 წლის წინ 6 მაისს აჭარის „რუსეთისა და დესპოტის მმართველობისგან გათავისუფლება“ მიულოცა და აღნიშნა, რომ სწორედ ამ დღეს დაიწყო ახალი ფურცელი საქართველოს ისტორიაში, რომელიც გულისხმობდა რეგიონის ლიდერობას.","He congratulated the public on the ""liberation of Adjara from Russian and despotic rule"" 22 years ago on May 6, noting that on this day a new page in the history of Georgia began, which meant the leadership of the region."
11_ge_Khatia_Dekanoidze.csv,"„გილოცავთ საქართველოს უახლეს ისტორიაში ერთ-ერთ ყველაზე გამორჩეულ თარიღს- საქართველოში აჭარის დაბრუნებას. 22 წლის წინ საქართველოს უახლეს ისტორიაში ზუსტად 6 მაისს მოხდა ერთ-ერთი უმნიშვნელოვანესი მოვლენა, როდესაც საქართველოს გულში დაბრუნდა აჭარა, გათავისუფლდა რუსული მმართველობისგან, გათავისუფლდა დესპოტის მმართველობისგან და დაიწყო პრეზიდენტ მიხეილ სააკაშვილთან, მის გუნდთან ერთად, მრავალ გულმხურვალე პატრიოტთან ერთად ძალიან მნიშვნელოვანი აღმასვლა და დიახ, საქართველომ დაიწყო ახალი ფურცელი, რომელიც გულისხმობდა რეგიონის ლიდერობას, განვითარებას ტექნოლოგიებში, განათლებაში, აღმოსავლეთ ევროპის გაფართოების კონტექსტში, აშშ-ისთან სტრატეგიული პარტნიორობის კონტექსტში, რაც იყო ჩვენი ერის ნამდვილად ისტორიული მისია. ეს იყო დღე, როდესაც ჩვენ სრულიად სხვა სახელმწიფოებრივ განვითარებაზე გადავედით და ჩვენმა გუნდმა შეძლო ნამდვილად საქართველოს მოეპოვებინა რეგიონული ლიდერის ფუნქცია. დღეს ივანიშვილმა და „ანტი ქართულმა ოცნებამ“ საქართველოს დააკარგვინა გრძელვადიანი მშვიდობის, განვითარების, პროგრესისა და ეკონომიკური კეთილდღეობის ფუნქცია. ქართველ ხალხს დააკარგვინა კეთილდღეობის და გამდიდრების შესაძლებლობა, ევროინტეგრაციის შესაძლებლობა. ეს არის ისტორიული დანაშაული და თუ შევხედავთ, რა ხდება ჩვენს მეზობელ სომხეთში და მინდა მათ ვუსურვო ძალიან დიდი წარმატება, ნახავთ რომ ის ფუნქცია, რომელიც საქართველოს ჰქონდა, ყოფილიყო რეგიონის ლიდერი, ჰქონოდა ძალიან ბევრი მდგრადი მშვიდობის პროექტები, ეს ფუნქცია აღარ არსებობს. სომხეთში უკანასკნელ დღეებში განვითარებული მოვლენები არ არის მხოლოდ ევროკავშირის, აშშ-ის ან კანადის პოლიტიკური მხარდაჭერა ჩვენი მეზობლების მიმართ, ეს არის საინვესტიციო პროექტები, რომელიც ნამდვილად გულისხმობს გრძელვადიან მშვიდობას. ჩვენ ასეთი პროექტები მრავლად გვქონდა, მათ შორის, მიხეილ სააკაშვილი, რომელიც დღეს პოლიტიკური პატიმარია, იყო უშუალოდ ჩართული ბათუმის ტექნოლოგიური უნივერსიტეტის განვითარებაში, მშენებლობაში და მე თვითონ ძალიან ამაყი ვარ, რომ მონაწილეობას ვიღებდი ამ ტექნოლოგიური უნივერსიტეტის მშენებლობაში. ეს უნივერსიტეტი უნდა გამხდარიყო ნამდვილად საქართველოს ერთ-ერთი მნიშვნელოვანი ჰაბი განათლების, ტექნოლოგიების, ახალი საკომუნიკაციო სისტემების და ახალი განათლების ეტაპზე გადასვლის შესაძლებლობა. სომხეთში რაც ხდებოდა, ეს არ არის მხოლოდ პოლიტიკური მხარდაჭერა, ეს არის ეკონომიკური მხარდაჭერა, რომელიც უზრუნველყოფს გრძელვადიან მშვიდობას. ყველა ადამიანი, რომელიც ჩართული იყო საქართველოს განვითარების უმნიშვნელოვანეს ეტაპებზე, დღეს ადევნებს თვალყურს თუ როგორ კარგავს ქვეყანა ივანიშვილის დანაშაულის გამო, „ანტი ქართული ოცნების“ გამო ამ ფუნქციას. 400 მილიარდი ინვესტიცია, სამხედრო ტექნოლოგიური თანამშრომლობა საფრანგეთთან, ამერიკის შეერთებულ შტატებთან, ენერგეტიკული უსაფრთხოების პროექტები, ყველაზე მნიშვნელოვანი ახალი დერეფანი, რომელზეც საუბრობს ახლა ევროკომისია, ევროკავშირი, აშშ და კანადა, უდიდესი ინვესტიციები, რომლებიც არის მშვიდობის, მდგრადი განვითარების და პროგრესის ერთ-ერთი ყველაზე მნიშვნელოვანი სფერო, ამას კარგავს საქართველო“, - განაცხადა დეკანოიძემ.","""Congratulations on one of the most significant dates in the recent history of Georgia - the return of Adjara to Georgia. 22 years ago, on May 6, one of the most important events in the recent history of Georgia took place, when Adjara returned to the heart of Georgia, was freed from Russian rule, was freed from the rule of a despot, and began a very significant rise together with President Mikheil Saakashvili, his team, and many ardent patriots. And yes, Georgia began a new page, which meant regional leadership, development in technologies, education, in the context of Eastern European expansion, in the context of a strategic partnership with the United States, which was a truly historic mission of our nation. This was the day when we moved to a completely different state development and our team was able to truly establish Georgia as a regional leader. Today, Ivanishvili and the ""Anti-Georgian Dream"" have made Georgia lose the long-term hope of peace, development, progress, and economic The function of prosperity. The Georgian people were deprived of the opportunity for prosperity and enrichment, the opportunity for European integration. This is a historical crime, and if we look at what is happening in our neighboring Armenia, and I want to wish them great success, you will see that the function that Georgia had, to be a leader in the region, to have many sustainable peace projects, this function no longer exists. The events that have developed in Armenia in recent days are not just political support from the European Union, the USA or Canada towards our neighbors, these are investment projects that really mean long-term peace. We had many such projects, including Mikheil Saakashvili, who is now a political prisoner, was directly involved in the development and construction of the Batumi Technological University, and I myself am very proud to have participated in the construction of this technological university. This university should have become one of the most important hubs of Georgia in education, technologies, new communication systems and the possibility of moving to a new stage of education. ""What was happening in Armenia is not just political support, it is economic support that ensures long-term peace. Everyone who was involved in the most important stages of Georgia's development is watching today how the country is losing this function due to Ivanishvili's crime, due to the ""anti-Georgian Dream"". 400 billion investments, military-technological cooperation with France, the United States, energy security projects, the most important new corridor that the European Commission, the European Union, the United States and Canada are now talking about, huge investments that are one of the most important areas of peace, sustainable development and progress, Georgia is losing this,"" Dekanoidze said."
12_ge_Irakli_Kupradze.csv,"ირაკლი კუპრაძე - ანტიქართული „ოცნების“ მიერ თავდაცვის მინისტრის ჩაყვანა ანაკლიის ცარიელ სანაპიროზე, სადაც არაფერი მიმდინარეობს, ფოტოსესია და მინისტრების წრეზე სიარული, არის სასაცილო პროპაგანდა, რომელსაც არ დავიჯერებთ! (07.05.2026, 13:56)","Irakli Kupradze - The anti-Georgian ""Dream"" taking the Minister of Defense to the empty Anaklia beach, where nothing is happening, a photo shoot and walking around the circle of ministers, is ridiculous propaganda that we will not believe! (07.05.2026, 13:56)"
12_ge_Irakli_Kupradze.csv,"ანტიქართული „ოცნების“ მიერ, გუშინ, თავდაცვის მინისტრის ჩაყვანა ანაკლიის ცარიელ სანაპიროზე, სადაც არანაირი სამუშაოები არ მიმდინარეობს, ფოტოსესია და „ქართული ოცნების“ მინისტრის წრეზე სიარული, არის სასაცილო პროპაგანდა, რომელსაც საქართველოს მოქალაქეები არ დავიჯერებთ, - ამის შესახებ „ლელო-ძლიერი საქართველოს“ გენერალურმა მდივანმა, ირაკლი კუპრაძემ ბრიფინგზე განაცხადა.","The anti-Georgian ""Dream"" party's yesterday's photoshoot of the Defense Minister on the empty Anaklia beach, where no work is being done, and the ""Georgian Dream"" minister walking around in a circle is ridiculous propaganda that Georgian citizens will not believe, - Irakli Kupradze, the Secretary General of ""Lelo-Strong Georgia"", stated at a briefing."
12_ge_Irakli_Kupradze.csv,"მისივე თქმით, 2020 წელს უნდა მიეღო ანაკლიის პორტს პირველი გემი, დღეს კი ვხედავთ არარსებულ პროექტს, ჩაშლილ მოლაპარაკებებს და ქვეყნიდან გაძევებულ დასავლელ ინვესტორებს.","According to him, the Anaklia port was supposed to receive its first ship in 2020, but today we see a non-existent project, failed negotiations, and Western investors expelled from the country."
12_ge_Irakli_Kupradze.csv,"„ანტიქართული „ოცნება“ საკუთარ ტყუილებში ჩაიკარგა. ისინი იხრჩობიან იმ პროპაგანდასა და ტყუილებში, რასაც აწარმოებენ. გუშინ, ანტიქართული „ოცნების“ პროპაგანდისტული საშუალებებით გავრცელდა სიუჟეტები, რომლის მიხედვითაც, თითქოს ანაკლიის პორტის მშენებლობა დაიწყო. ეს არის კიდევ ერთი ბლეფი და ტრიუკი ბიძინა ივანიშვილის მხრიდან, რომელიც მიუთითებს, რომ აქამდე, 6 წლის განმავლობაში გაკეთებული განცხადებები „ქართული ოცნების“ მხრიდან ტყუილი იყო. მერამდენეჯერ, ალბათ, რამდენიმე ათეული შემთხვევაა, როდესაც დააანონსეს, რომ დღეს დაიწყო ანაკლიის პორტის მშენებლობა. სინამდვილეში, ყველაფერი არის ტყუილი, პროპაგანდა და ბლეფი ბიძინა ივანიშვილის მხრიდან.","""The anti-Georgian ""Dream"" has lost itself in its own lies. They are drowning in the propaganda and lies that they are producing. Yesterday, the propaganda media of the anti-Georgian ""Dream"" spread stories according to which the construction of the Anaklia port had begun. This is another bluff and trick on the part of Bidzina Ivanishvili, which indicates that the statements made so far, over the past 6 years, by the ""Georgian Dream"" were lies. There have been probably several dozen cases when they announced that the construction of the Anaklia port had begun today. In fact, everything is a lie, propaganda and bluff on the part of Bidzina Ivanishvili."
12_ge_Irakli_Kupradze.csv,"2024 წელს, მორიგი მსგავსი ტრიუკის პირობებში, ბიძინა ივანიშვილი და მისი პროპაგანდისტული მანქანა გამოვიდა და თქვა, რომ სულ რამდენიმე დღეში, ხელშეკრულება გაფორმდებოდა ჩინურ კონსორციუმთან, რომელიც მშენებლობასაც დაიწყებდა. დღეს, კიდევ ერთხელ დასტურდება რომ აქამდე ნათქვამი ყველა დაპირება, ყველა თარიღი იყო ტყუილი. მხოლოდ მშრალი პროპაგანდა ივანიშვილის და ანტიქართული „ოცნების“ მხრიდან.","In 2024, in the midst of another similar stunt, Bidzina Ivanishvili and his propaganda machine came out and said that in just a few days, an agreement would be signed with a Chinese consortium, which would also begin construction. Today, it is once again confirmed that all the promises made so far, all the dates were lies. Just dry propaganda from Ivanishvili and the anti-Georgian “Dream”."
12_ge_Irakli_Kupradze.csv,"2026 წელს, დღეს, არ არსებობს არც ინვესტორი, არც დასრულებული და აშენებული ანაკლიის პორტი, აღარ არსებობს მასტერპლანი, გენერალური გეგმა, რომელიც უნდა ყოფილიყო შეთანხმებული მრავალგზის. ეს გენერალური გეგმაც და მასტერპლანიც ნაგავში მოისროლეს. შეუკვეთეს ეკონომიკის სამინისტროს მხრიდან ახალი ე.წ. მასტერპლანი, რომლის მიხედვითაც, საერთოდ მიზნობრიობას და შედეგობრიობას ეჭვქვეშ აყენებს ივანიშვილი და მისი ანტიქართული „ოცნება“.","In 2026, today, there is neither an investor, nor a completed and built Anaklia port, there is no longer a master plan, a general plan, which should have been agreed upon many times. Both this general plan and the master plan were thrown in the trash. A new so-called master plan was ordered from the Ministry of Economy, according to which Ivanishvili and his anti-Georgian “dream” are questioning the purposefulness and effectiveness of the project."
12_ge_Irakli_Kupradze.csv,"გუშინ, ანტიქართული „ოცნების“ მიერ, თავდაცვის მინისტრის ჩაყვანა ანაკლიის ცარიელ სანაპიროზე, სადაც არანაირი სამუშაოები არ მიმდინარეობს, ფოტოსესია და „ქართული ოცნების“ მინისტრის წრეზე სიარული არის სასაცილო პროპაგანდა, რომელსაც საქართველოს მოქალაქეები არ დავიჯერებთ. ფაქტი ერთია: მაშინ, როდესაც 2020 წელს უნდა მიეღო ანაკლიის პორტს პირველი გემი, დღეს ვხედავთ არარსებულ პროექტს, ჩაშლილ მოლაპარაკებებს, ქვეყნიდან გაძევებულ დასავლელ ინვესტორებს, ამერიკელ და ევროპელ ინვესტორებს. ამ პირობებში, შეუძლებელია ივანიშვილმა ააშენოს ანაკლიის პორტი. მას არ უნდა ანაკლიის პორტის აშენება, მას ინტერესი აქვს რომ საქართველომ ეს უმნიშვნელოვანესი სტრატეგიული ობიექტი დაკარგოს.","Yesterday, the anti-Georgian “Dream” took the Minister of Defense to the empty Anaklia coast, where no work is underway, a photo shoot, and the “Georgian Dream” minister walking around in a circle is ridiculous propaganda that Georgian citizens will not believe. The fact is one: while the Anaklia port was supposed to receive its first ship in 2020, today we see a non-existent project, failed negotiations, Western investors, American and European investors expelled from the country. Under these conditions, it is impossible for Ivanishvili to build the Anaklia port. He does not want to build the Anaklia port, he has an interest in Georgia losing this most important strategic facility."
12_ge_Irakli_Kupradze.csv,"ცხადად გახსნილია ახალი შესაძლებლობების ფანჯარა, რაც გამოხატულია ჩვენი პარტნიორების კიდევ ერთხელ ხმამაღლა გაჟღერებული დაინტერესებით, რომ შავი ზღვა არის ჩვენი პარტნიორების ინტერესი. ამ შესაძლებლობას ივანიშვილი აკარგვინებს ქვეყანას, პროპაგანდით ცდილობს ფონს გასვლას.","A window of new opportunities has clearly opened, which is expressed by the once again loudly voiced interest of our partners, that the Black Sea is in the interest of our partners. Ivanishvili is making the country lose this opportunity, trying to fade into the background through propaganda."
12_ge_Irakli_Kupradze.csv,"„ლელო ძლიერი საქართველო“ არის პოლიტიკური პარტია, რომელიც ამ ეროვნული და სტრატეგიული ობიექტის მთავარი მხარდამჭერია. პროექტის, რომელსაც ჰქვია „ანაკლია“. ჩვენ გვაქვს კონკრეტული გეგმა, როგორ უნდა აშენდეს ანაკლიის პროექტი. ხელისუფლებაში მოსვლის შემდეგ, აუცილებლად, პირველივე ნაბიჯად უნდა გადაიდგას ის, რომ ეროვნული და სტრატეგიული მნიშვნელობის პროექტად გამოცხადდეს ანაკლიის პორტი, ყველა ხელშეკრულება უნდა იყოს საჯარო, არა „შავი ფარდის“ მიღმა, როგორც ივანიშვილი აკეთებს, იქნება ეს „არაბული ქალაქები“, თუ სხვა. დაუშვებლად უნდა იქნეს ცნობილი ჩინური და რუსული ინვესტიციების არსებობა, რომელიც შესაძლებელია ეწინააღმდეგებოდეს საქართველოს ეროვნულ ინტერესებს. ანაკლიის პორტი უნდა აშენდეს სახელმწიფოს ჩართულობით, დასავლელ, ამერიკელ პარტნიორებთან თანამშრომლობის პრინციპით.","""Lelo Strong Georgia"" is a political party that is the main supporter of this national and strategic facility. The project, which is called ""Anaklia"". We have a specific plan on how to build the Anaklia project. After coming to power, the first step must be to declare the Anaklia port a project of national and strategic importance, all agreements must be public, not behind a ""black curtain"", as Ivanishvili does, whether it is ""Arab cities"" or something else. The existence of Chinese and Russian investments, which may contradict Georgia's national interests, must be made public. The Anaklia port must be built with the involvement of the state, on the principle of cooperation with Western, American partners."
12_ge_Irakli_Kupradze.csv,"რამდენმა მინისტრმაც არ უნდა ისეირნოს ანაკლიის სანაპიროზე, სადაც არანაირი სამუშაოები არ მიმდინარეობს, ჩვენ პორტს აუცილებლად ავაშენებთ“, - აღნიშნავს კუპრაძე.","""No matter how many ministers walk along the Anaklia coast, where no work is underway, we will definitely build the port,"" Kupradze notes."
12_ge_Irakli_Kupradze.csv,"შეგახსენებთ, გუშინ, ეკონომიკისა და მდგრადი განვითარების მინისტრი მარიამ ქვრივიშვილი გუშინ, ანაკლიის ნავსადგურის ტერიტორიაზე მიმდინარე სამუშაოებს ვიცე-პრემიერ, თავდაცვის მინისტრ ირაკლი ჩიქოვანთან ერთად გაეცნო. როგორც ეკონომიკის მინისტრმა აღნიშნა, „პროცესი უკვე საკმაოდ აქტიურ ფაზაშია შესული“.","As a reminder, yesterday, Minister of Economy and Sustainable Development Mariam Kvrivishvili, together with Vice Prime Minister and Minister of Defense Irakli Chikovani, inspected the ongoing works on the territory of the Anaklia port. As the Minister of Economy noted, ""the process has already entered a fairly active phase."""
13_ge_Levan_Makhashvili.csv,"ლევან მახაშვილი - ევროპარლამენტის დოკუმენტებმაც, ევროპარლამენტმაც, სამწუხაროდ ფასი დაკარგა - ერთადერთი სპორტული ინტერესიღაა დარჩენილი, აბა, წინაზე უარეს დოკუმენტს შეიმუშავებენ თუ რამე სიახლე გვექნება (05.05.2026, 14:29)","Levan Makhashvili - The documents of the European Parliament, the European Parliament itself, have unfortunately lost their value - the only thing left is sports interest, so they will develop a worse document than the previous one or we will have something new (05.05.2026, 14:29)"
13_ge_Levan_Makhashvili.csv,"ეს დოკუმენტი თავის დამატებიანად, რომლებმაც კიდევ უფრო მკვეთრად გააუარესა საწყისი, სრულიად აცდენილია რეალობას - ჩვენთვის და საზოგადოებისთვის ევროპარლამენტის დოკუმენტებმაც, ევროპარლამენტმაც, სამწუხაროდ ფასი დაკარგა, რადგან ის არ ემსახურება თანამშრომლობის და დიალოგის დღის წესრიგს, - ამის შესახებ პარლამენტის ევროინტეგრაციის კომიტეტის თავმჯდომარემ, ლევან მახაშვილმა განაცხადა, რითაც ევროპარლამენტის საგარეო საქმეთა კომიტეტის მიერ საქართველოს შესახებ მიღებულ ანგარიშს გამოეხმაურა.","This document, with its additions, which have further worsened the initial situation, is completely out of touch with reality - for us and the public, the documents of the European Parliament, as well as the European Parliament, have unfortunately lost their value, because they do not serve the agenda of cooperation and dialogue, - said Levan Makhashvili, Chairman of the European Integration Committee of the Parliament, responding to the report adopted by the European Parliament's Foreign Affairs Committee on Georgia."
13_ge_Levan_Makhashvili.csv,"მისი თქმით, დღეს ევროპარლამენტის დღის წესრიგი არ მოდის თანხვედრაში საქართველო-ევროკავშირის და ზოგადად საქართველოს უკეთესი, მშვიდობიანი მომავლის დღის წესრიგთან.","According to him, today the agenda of the European Parliament does not coincide with the agenda of a better, peaceful future for Georgia, the European Union, and Georgia in general."
13_ge_Levan_Makhashvili.csv,"„რა გითხრათ, თქვენც იცით, რასაც გავუკეთებდით ამ რეზოლუციას [მაკულატურაში ჩავაბარებდი] - მარტივი მიზეზის გამო: ეს დოკუმენტი თავის დამატებიანად, რომლებმაც კიდევ უფრო მკვეთრად გააუარესა საწყისი დოკუმენტი, სრულიად აცდენილია რეალობას. განსაკუთრებით ამ დღეებში და ამ კვირებში კარგად ჩანს, რეალურად ვინ არის დიალოგის ხელის შემშლელი. ეს არის სწორედ ევროპარლამენტი, ამ კონკრეტული პოლიტიკური ჯგუფების სახით, რომლებიც საკუთარი ვიწრო პოლიტიკური დღის წესრიგიდან გამომდინარე, მაქსიმალურად ცდილობენ დიალოგის ხელშეშლას. თუ დავაკვირდებით წინა წლების განვითარებებს, სწორედ ასე ხდებოდა ხოლმე: როდესაც იყო ურთიერთობის გადატვირთვის, დიალოგის, თანამშრომლობის პერსპექტივა ამის სრულიად საპირისპირო დინებით ცურავდა ხოლმე ევროპარლამენტი და დღესაც იმავეს ვაკვირდებით.","""What can I say, you know what we would do to this resolution [I would send it to waste paper] - for a simple reason: this document, with its additions, which have even more sharply worsened the initial document, is completely out of touch with reality. Especially in these days and these weeks, it is clear who is actually obstructing the dialogue. It is precisely the European Parliament, in the form of these specific political groups, which, based on their own narrow political agenda, are trying their best to obstruct the dialogue. If we observe the developments of previous years, this is exactly what happened: when there was a prospect of resetting relations, dialogue, cooperation, the European Parliament swam in the completely opposite direction, and we are still observing the same thing today."""
13_ge_Levan_Makhashvili.csv,"ამიტომ ჩვენთვის და საზოგადოებისთვის ევროპარლამენტის დოკუმენტებმაც, ევროპარლამენტმაც, სამწუხაროდ ფასი დაკარგა, რადგან ის არ ემსახურება თანამშრომლობის და დიალოგის დღის წესრიგს. დღეს ევროპარლამენტის დღის წესრიგი არ მოდის თანხვედრაში საქართველო-ევროკავშირის და ზოგადად საქართველოს უკეთესი, მშვიდობიანი მომავლის დღის წესრიგთან“, - განაცხადა ლევან მახაშვილმა.","""That is why, for us and the society, the documents of the European Parliament, and the European Parliament, have unfortunately lost their value, because they do not serve the agenda of cooperation and dialogue. Today, the agenda of the European Parliament does not coincide with the agenda of a better, peaceful future for Georgia-the European Union and Georgia in general,"" said Levan Makhashvili."
13_ge_Levan_Makhashvili.csv,"კითხვაზე, რომ ევროპარლამენტის საგარეო საქმეთა კომიტეტი მიღებული ანგარიშით რამდენიმე ქართული მედიის დასანქცირებას ითხოვს, მახაშვილმა უპასუხა, რომ ღიმილისმომგვრელია ეს განცხადებები და ჩანაწერები ამ კონკრეტულ დოკუმენტში.","When asked about the European Parliament's Foreign Affairs Committee's report calling for the sanctions against several Georgian media outlets, Makhashvili replied that these statements and notes in this specific document are laughable."
13_ge_Levan_Makhashvili.csv,"ცნობისთვის, ევროპარლამენტის საგარეო საქმეთა კომიტეტმა საქართველოს შესახებ ანგარიში მიიღო. ევროპარლამენტის საგარეო საქმეთა კომიტეტში საქართველოს შესახებ ყოველწლიურ ანგარიშს მხარი 53-მა ევროპარლამენტარმა დაუჭირა, ხოლო მის წინააღმდეგ ხმა 14-მა მისცა.","For your information, the European Parliament's Foreign Affairs Committee has adopted a report on Georgia. The annual report on Georgia was supported by 53 MEPs in the European Parliament's Foreign Affairs Committee, while 14 voted against it."
