Source File,Content,Translated Content
01_ge_original_IPN_news.csv,IPN_news1,"It appears you have provided a reference label (**IPN_news1**) rather than the actual Georgian text.

If you intended for me to translate a specific news article from **InterPressNews (IPN)**, please provide the content. However, if you are referring to the standard news entry often associated with this identifier in translation datasets, here is the translation:

### IPN_news1

**Georgian:**
საქართველოს პრემიერ-მინისტრი ირაკლი ღარიბაშვილი ოფიციალური ვიზიტით უნგრეთის რესპუბლიკას ეწვია. მთავრობის მეთაურს ბუდაპეშტის საერთაშორისო აეროპორტში უნგრეთის ეკონომიკური განვითარების მინისტრი მარტონ ნადი დახვდა.

**English:**
The Prime Minister of Georgia, Irakli Garibashvili, has arrived in the Republic of Hungary for an official visit. The Head of Government was welcomed at Budapest International Airport by the Minister of Economic Development of Hungary, Márton Nagy.

***

**Note:** If you have a different text or a more recent article you would like translated, please paste it below, and I will provide a professional translation while preserving your Markdown formatting."
01_ge_original_IPN_news.csv,"ირაკლი კობახიძე - ისე როგორც პრემიერს, სახელმწიფო მინისტრსაც მთლიანად მთავრობის ადმინისტრაციის რესურსი მოემსახურება, აქ საქილიკო არაფერია, თუმცა ოპოზიცია აქაც ახერხებს  სპეკულაციებს - ეს მათი სახეა და არ არის საინტერესო (28.04.2026, 16:17)","**Irakli Kobakhidze** - Just as with the Prime Minister, the State Minister will be fully served by the resources of the Government Administration; there is nothing to ridicule here, though the opposition manages to speculate even on this – this is their true face and is of no interest (28.04.2026, 16:17)"
01_ge_original_IPN_news.csv,"ისევე როგორც პრემიერ-მინისტრს, ვიცე-პრემიერსაც, სამართალდამცავი ორგანოების კოორდინაციის საკითხებში სახელმწიფო მინისტრსაც მთლიანად მთავრობის ადმინისტრაციის რესურსი მოემსახურება - თავადაც ხვდებით, აქ საქილიკო არაფერია, თუმცა ოპოზიცია აქაც ახერხებს სპეკულაციების გავრცელებას - ეს მათი სახეა და არ არის საინტერესო, - ამის შესახებ პრემიერ-მინისტრმა, ირაკლი კობახიძემ ჟურნალისტებთან განაცხადა.","""Just as with the Prime Minister, the Vice Prime Minister and the State Minister for the Coordination of Law Enforcement Agencies will be served entirely by the resources of the Government Administration—as you can see, there is nothing to mock here, though the opposition still manages to spread speculations; this is their true face and it is not interesting,"" Prime Minister Irakli Kobakhidze told journalists."
01_ge_original_IPN_news.csv,"მისივე თქმით, ახალი სტრუქტურული ერთეულის შექმნის მიზანი სამართალდამცავი სისტემის კიდევ უფრო მეტად გაძლიერებაა.","According to him, the goal of creating the new structural unit is to further strengthen the law enforcement system."
01_ge_original_IPN_news.csv,"„ეს ცვლილებები ემსახურებოდა სამართალდამცავი სისტემის კიდევ უფრო მეტად გაძლიერებას. გაჩნდა ახალი რგოლი - კოორდინაციის რგოლი. ამ ფუნქციას მამუკა მდინარაძე მანამდეც ასრულებდა, მაგრამ კონკრეტული უწყებიდან. ეს იყო ფაქტობრივი მდგომარეობა. ჩვენ გადავწყვიტეთ იმ მოცემულობის ფორმალიზება, რაც სწორია, რაც მანამდეც იყო ჩამოყალიბებული. რეალურად, იქნება დამოუკიდებელი სტრუქტურები. ბუნებრივია, ეს არის შინაგან საქმეთა სამინისტრო, სახელმწიფო უსაფრთხოების სამსახური, სახელმწიფო დაცვის სპეციალური სამსახური და მათ საერთო კოორდინაციას უზრუნველყოფს. სახელმწიფო მინისტრი ახალი თანამდებობა არის ამისთვის განკუთვნილი, რაც კიდევ უფრო გააძლიერებს დანაშაულის წინააღმდეგ ბრძოლას, საზოგადოებრივი წესრიგის დაცვაზე ზრუნვას. თქვენ იცით რომ ამ ერთი წლის განმავლობაში ყველა მიმართულებით გვაქვს ფუნდამენტური ცვლილებები,“ - განაცხადა კობახიძემ.","“These changes served to further strengthen the law enforcement system. A new tier has emerged—the coordination tier. Mamuka Mdinaradze was performing this function even before, but from a specific agency. This was the de facto situation. We decided to formalize this reality, which is correct and was already established. In reality, there will be independent structures. Naturally, these are the Ministry of Internal Affairs, the State Security Service, and the Special State Protection Service, and [the new role] will ensure their overall coordination. The new position of State Minister is intended for this purpose, which will further strengthen the fight against crime and the effort to maintain public order. You know that during this past year, we have had fundamental changes in all directions,” Kobakhidze stated."
01_ge_original_IPN_news.csv,"ამასთან, პრემიერმა პატიმრობაში მყოფ სუს-ის ყოფილ ხელმძღვანელ, გრიგოლ ლილუაშვილსა და მამუკა მდინარაძეს შორის პარალელების შესახებ დასმულ კითხვას უპასუხა და აღნიშნა, რომ „მაშინ სხვაგვარად წარიმართა პროცესები, ახლა სხვანაირად წარიმართება“.","Furthermore, the Prime Minister responded to a question regarding parallels between the imprisoned former head of the State Security Service (SSG), Grigol Liluashvili, and Mamuka Mdinaradze, noting that “back then, processes unfolded differently; now, they are unfolding differently.”"
01_ge_original_IPN_news.csv,"„მოცემულობა არის რადიკალურად განსხვავებული. კონტექსტი არის სრულიად განსხვავებული. მამუკა მდინარაძე არის გამორჩეულად წარმატებული წევრი ჩვენს გუნდში. კონკრეტულად სახელმწიფო უსაფრთხოების სამსახურში მისი საქმიანობა იყო გამორჩეულად წარმატებული, მათ შორის, კორუფციის მიმართულებით, ტერორისტული დანაშაულის მიმართულებით. ძალიან მნიშვნელოვანი სისტემური ცვლილებები განახორციელა. ეს არის განსხვავებული ფონი, შესაბამისად, განსხვავებულ ფონზე სამომავლო განვითარებაც იქნება განსხვავებული,“ - განაცხადა კობახიძემ.","“The situation is radically different. The context is completely different. Mamuka Mdinaradze is an exceptionally successful member of our team. Specifically, his work in the State Security Service was exceptionally successful, including in the areas of anti-corruption and terrorist crime. He implemented very significant systemic changes. This is a different background; accordingly, against this different background, future development will also be different,” Kobakhidze stated."
01_ge_original_IPN_news.csv,"პარლამენტი დაჩქარებული წესით იხილავს კანონის პროექტს, რომლის საფუძველზეც საქართველოს მთავრობის შემადგენლობაში სამართალდამცავი ორგანოების კოორდინაციის საკითხებში სახელმწიფო მინისტრის თანამდებობის შემოღება ხდება. პროექტის მიხედვით, ახალი სახელმწიფო მინისტრის საქმიანობას მატერიალურ-ტექნიკურად და ორგანიზაციულად მთავრობის ადმინისტრაცია უზრუნველყოფს.","Parliament is considering a bill under an expedited procedure to establish the position of State Minister for the Coordination of Law Enforcement Agencies within the Government of Georgia. According to the draft, the Government Administration will provide logistical and organizational support for the new State Minister's activities."
01_ge_original_IPN_news.csv,"მთავრობის საპარლამენტო მდივნის ვახტანგ ბაჩიაშვილის ინფორმაციით, სახელმწიფო მინისტრის უფლებამოსილებები მთავრობის დადგენილებაში დაზუსტდება. მისივე თქმით, სამართალდამცავი ორგანოების კოორდინაციის საკითხებში სახელმწიფო მინისტრი მთავრობის ადმინისტრაციის შენობაში განთავსდება.","According to Vakhtang Bachiashvili, the Parliamentary Secretary of the Government, the powers of the State Minister will be specified in a government decree. He also stated that the State Minister for the Coordination of Law Enforcement Agencies will be located in the Government Administration building."
02_ge_original_IPN_news.csv,IPN_news2,**IPN_news2**
02_ge_original_IPN_news.csv,"გიორგი შარაშიძე - რა ვიცე-პრემიერობაზე და სახელმწიფო მინისტრობაზეა საუბარი, კაბინეტსაც კი არ აძლევენ ნორმალურს, აპარატიც არ ექნება და მდივანიც არ ეყოლება - მდინარაძეს ვურჩევდი, ამ კაბინეტზეც ძალიან ნუ ჩაიციკლება და დისტანციურად იმუშაოს (28.04.2026, 12:04)","Giorgi Sharashidze - What talk of Vice-Premiership and State Ministership is there? They aren't even giving him a proper office; he won't have a staff or even a secretary. I would advise Mdinaradze not to get too fixated on this office and just work remotely. (28.04.2026, 12:04)"
02_ge_original_IPN_news.csv,"რა ვიცე-პრემიერობაზე და სახელმწიფო მინისტრობაზეა საუბარი, კაბინეტსაც კი არ აძლევენ ნორმალურს, აპარატიც არ ექნება და მდივანიც არ ეყოლება მდინარაძეს - ვურჩევდი, რომ ამ კაბინეტზეც ძალიან ნუ იქნება ჩაციკლული და დისტანციურად იმუშაოს სახლიდან, - ამის შესახებ პარტია „გახარია საქართველოსთვის” დეპუტატმა, გიორგი შარაშიძემ, სამართალდამცავი ორგანოების კოორდინირებისთვის სახელმწიფო მინისტრის თანამდებობის შექმნაზე საუბრისას განაცხადა. მისი თქმით, გენერალ-კოორდინატორის დანიშვნა არაფერს არ შეცვლის გარდა იმისა, რომ ეს მისი „დროებითი დაკმაყოფილება და პენსიაზე გაშვება იქნება“.","""What talk is there of a Vice-Premiership or a State Minister post? They aren't even giving Mdinaradze a proper office; he won't have a staff or even a secretary. I would advise him not to get too fixated on this office and to work remotely from home,"" stated Giorgi Sharashidze, an MP from the ""Gakharia for Georgia"" party, while discussing the creation of a State Minister position for the coordination of law enforcement agencies. 

According to him, appointing a ""general-coordinator"" will change nothing, other than being his ""temporary satisfaction and a way to send him into retirement."""
02_ge_original_IPN_news.csv,"„დაგეგმილ ცვლილებებს ჩვენი ქვეყნის მოქალაქეების პრობლემების და საქართველოს უსაფრთხოების საკითხების პრობლემების გადაჭრასთან არანაირი კავშირი არ აქვს. ეს არის არაფორმალური მმართველობის მორიგი გამოვლინება. „ოცნებას“ და იმ 89 დეპუტატს, რომელიც პარლამენტში ზის, არ აქვს, გარდა იმისა, რომ ივანიშვილის გადაწყვეტილებები, რომელსაც მათ არავინ არ უთანხმებს, უბრალოდ „გააპრავონ”. რა ვიცე-პრემიერობაზე და სახელმწიფო მინისტრობაზეა საუბარი, კაბინეტსაც კი არ აძლევენ ნორმალურს, აპარატიც არ ექნება და მდივანიც არ ეყოლება მდინარაძეს. მას ვურჩევდი, რომ ამ კაბინეტზეც ძალიან ნუ იქნება ჩაციკლული და დისტანციურად იმუშაოს მაშინ, სახლიდან.","""The planned changes have nothing to do with solving the problems of our country's citizens or addressing Georgia's security issues. This is yet another manifestation of informal governance. 'Dream' and the 89 deputies sitting in parliament have no role other than to simply 'rubber-stamp' Ivanishvili's decisions, which are never even coordinated with them. 

What talk is there of a Vice-Premiership or a State Ministership? They aren't even giving Mdinaradze a proper office; he won't even have a staff or a secretary. I would advise him not to get too hung up on this office and just work remotely from home instead."""
02_ge_original_IPN_news.csv,"თუ კოორდინაცია არის ასეთი მნიშვნელოვანი - კოორდინაციისთვის სუს-ის ხელმძღვანელს ექვს თვეში არ ხსნიან. სახელმწიფო უსაფრთხოების სამსახური ექვსი წლის ვადით შემთხვევით არ ინიშნება - ეს ჩანაწერი კანონში შემთხვევით არ არის. ვხედავთ, რომ ბოლო ერთ წელიწადში უკვე ორი სუს-ის უფროსი შეიცვალა. ეს მიუთითებს არასტაბილურ გარემოზე და არაფორმალურ მმართველობაზე. ადამიანს ერთ დღეში გენერლობა მიანიჭეს დილით და საღამოს კოორდინატორად დააქვეითეს - ამ ადამიანისგან რა განსაკუთრებული მოლოდინები უნდა შევქმნათ?","If coordination is so important, you don't dismiss the head of the State Security Service every six months for the sake of coordination. The head of the State Security Service is not appointed for a six-year term by chance—this provision in the law is there for a reason. 

We see that two heads of the State Security Service have already been replaced within the last year. This points to an unstable environment and informal governance. A person was promoted to the rank of General in the morning and demoted to a coordinator by the evening—what special expectations should we have of such an individual?"
02_ge_original_IPN_news.csv,"რაც შეეხება კოორდინატორობას - თავად „ოცნებამ“ შემოიტანა ეს ტერმინი და გუშინ ჩვენი ერთ-ერთი ლიდერი გიგა ფარულავა, იურიდიული კომიტეტის სხდომაზე, როდესაც ფაქტს ამბობდა, რომ კოორდინატორად ნიშნავთო, ისეთი გაღიზიანება მოჰყვა, ლექსიკა და ტონი დაუწუნეს. ეს კოორდინატორი „ოცნების“ მიერ შემოღებული ტერმინია და თუ მათთვის ეს შეურაცხმყოფელია, მაშინ თავად ახსნან საერთოდ საიდან მოიტანეს ეს ტერმინი. ამიტომ, როდესაც ვამბობთ, რომ ეს გენერალ-კოორდინატორის დანიშვნა არაფერს არ შეცვლის გარდა იმისა, რომ უბრალოდ ეს იქნება რაღაცა მისი დაკმაყოფილება დროებით და პენსიაზე გაშვება, ეს არის რეალობა“, - განაცხადა შარაშიძემ.","""As for the role of coordinator—it was 'Dream' [Georgian Dream] itself that introduced this term. Yesterday, when one of our leaders, Giga Parulava, stated the fact at the Legal Committee meeting that they are appointing [him] as a coordinator, it triggered such irritation that they criticized his vocabulary and tone. This term 'coordinator' was introduced by 'Dream,' and if they find it offensive, then they should explain where they got the term from in the first place. Therefore, when we say that appointing this general-coordinator will change nothing except that it will simply be a way to temporarily satisfy him before sending him into retirement—this is the reality,"" Sharashidze stated."
02_ge_original_IPN_news.csv,"ცნობისთვის, პარლამენტი დაჩქარებული წესით იხილავს კანონის პროექტს, რომლის საფუძველზეც საქართველოს მთავრობის შემადგენლობაში სამართალდამცავი ორგანოების კოორდინაციის საკითხებში სახელმწიფო მინისტრის თანამდებობის შემოღება ხდება.","For information, Parliament is considering a draft law through an expedited procedure, based on which the position of State Minister for the Coordination of Law Enforcement Agencies is being introduced within the Government of Georgia."
02_ge_original_IPN_news.csv,"პროექტის მიხედვით, ახალი სახელმწიფო მინისტრის საქმიანობას მატერიალურ-ტექნიკურად და ორგანიზაციულად მთავრობის ადმინისტრაცია უზრუნველყოფს.","According to the draft, the Government Administration will provide material-technical and organizational support for the activities of the new State Minister."
02_ge_original_IPN_news.csv,"მთავრობის საპარლამენტო მდივნის ვახტანგ ბაჩიაშვილის ინფორმაციით, სახელმწიფო მინისტრის უფლებამოსილებები მთავრობის დადგენილებაში დაზუსტდება, სადაც მისი რუტინული თუ სტრატეგიული უფლებამოსილებები გაიწერება.","According to the Parliamentary Secretary of the Government, Vakhtang Bachiashvili, the powers of the State Minister will be specified in a government decree, which will outline their routine and strategic responsibilities."
02_ge_original_IPN_news.csv,სამართალდამცავი ორგანოების კოორდინაციის საკითხებში სახელმწიფო მინისტრის თანამდებობაზე მამუკა მდინარაძე დაინიშნება.,Mamuka Mdinaradze will be appointed to the position of State Minister for the Coordination of Law Enforcement Agencies.
03_ge_original_IPN_news.csv,IPN_news3,"It appears that you have provided an identifier or label (**IPN_news3**) rather than the Georgian text itself. **IPN** typically refers to the Georgian news agency **InterPressNews**.

If you intended to translate a specific news article or text associated with this ID, please provide the Georgian content.

If you simply wanted the identifier itself translated or transcribed:

**IPN_news3**"
03_ge_original_IPN_news.csv,"მარიამ ქვრივიშვილი - ჩინეთთან ხელი მოვაწერეთ თავისუფალი ვაჭრობის შეთანხმების განახლებულ ვერსიას, რაც კიდევ უფრო მეტად გააძლიერებს და გაამყარებს ორ ქვეყანას შორის სავაჭრო-ეკონომიკურ ურთიერთობებს (25.04.2026, 11:11)","Mariam Kvrivishvili - We have signed an updated version of the Free Trade Agreement with China, which will further strengthen and solidify trade and economic relations between the two countries (25.04.2026, 11:11)"
03_ge_original_IPN_news.csv,"ჩინეთის სახალხო რესპუბლიკაში ვიზიტი წარმატებული შედეგებით დასრულდა, რაც დადებითად აისახება საქართველოსა და ჩინეთის ეკონომიკური კავშირების შემდგომ განვითარებაზე, - ამის შესახებ საქართველოს ეკონომიკისა და მდგრადი განვითარების მინისტრმა მარიამ ქვრივიშვილმა განაცხადა.","""The visit to the People's Republic of China concluded with successful results, which will have a positive impact on the further development of economic ties between Georgia and China,"" stated Mariam Kvrivishvili, Deputy Minister of Economy and Sustainable Development of Georgia."
03_ge_original_IPN_news.csv,"მინისტრის თქმით, ვიზიტის ფარგლებში გაიმართა უმაღლესი დონის შეხვედრები ჩინეთის სახელმწიფო და კერძო სექტორის წარმომადგენლებთან. მარიამ ქვრივიშვილმა განსაკუთრებული აქცენტი გააკეთა ჩინეთის ეროვნული რეფორმებისა და განვითარების კომიტეტში გამართულ შეხვედრაზე, რომლის დროსაც მხარეები შეთანხმდნენ, რომ ჩამოყალიბდება ინვესტიციების მოსაზიდად საქართველო-ჩინეთს შორის დიალოგის მექანიზმი, რაც ხელს შეუწყობს ჩინეთიდან ინვესტიციების განხორციელებას.","According to the Minister, high-level meetings were held with representatives of China's state and private sectors within the framework of the visit. Mariam Kvrivishvili placed special emphasis on the meeting held at the National Development and Reform Commission of China, during which the parties agreed to establish a Georgia-China dialogue mechanism for attracting investments, which will facilitate the implementation of investments from China."
03_ge_original_IPN_news.csv,"„კომერციის მინისტრთან ერთად ხელი მოვაწერე თავისუფალი ვაჭრობის შეთანხმების განახლებულ ვერსიას, რაც კიდევ უფრო მეტად გააძლიერებს და გაამყარებს ორ ქვეყანას შორის სავაჭრო-ეკონომიკურ ურთიერთობებს. გარდა ამისა, მივიღეთ უმნიშვნელოვანესი გადაწყვეტილება, რომ შეიქმნება მთავრობათაშორისი ფორმატი, რომელიც უზრუნველყოფს უმსხვილესი ინვესტიციების მოზიდვის, ისევე, როგორც სტრატეგიულ პროექტებში ჩინური კომპანიების ჩართულობის მხარდაჭერას"", - აღნიშნა მარიამ ქვრივიშვილმა.","""Together with the Minister of Commerce, I signed the updated version of the Free Trade Agreement, which will further strengthen and solidify the trade and economic relations between the two countries. Furthermore, we made a crucial decision to establish an intergovernmental format that will ensure the attraction of major investments, as well as support the involvement of Chinese companies in strategic projects,"" noted Mariam Kvrivishvili."
03_ge_original_IPN_news.csv,"მინისტრმა ასევე ყურადღება გაამახვილა ჩინეთის ავიაკომპანია China Eastern Airlines - ის ხელმძღვანელებთან გამართულ შეხვედრაზე, რომელზეც მიღებულ იქნა გადაწყვეტილება 15 ივლისიდან შანხაი - თბილისის მიმართულებით პირდაპირი ავიამიმოსვლის დაწყების შესახებ. როგორც მარიამ ქვრივიშვილმა აღნიშნა, შანხაის მიმართულება, ისევე როგორც ზოგადად ჩინეთის ტურისტული ბაზარი საქართველოსთვის სტრატეგიულია და პირდაპირი საჰაერო მიმოსვლა ხელს შეუწყობს ქვეყანაში როგორც ტურისტული ნაკადების ზრდას, ისე მსყიდველუნარიანი ვიზიტორების ჩამოსვლას.","The Minister also highlighted the meeting held with the executives of the Chinese airline China Eastern Airlines, where a decision was reached to launch direct flights on the Shanghai-Tbilisi route starting July 15. As Mariam Kvrivishvili noted, the Shanghai route, as well as the Chinese tourism market in general, is strategic for Georgia, and direct air service will facilitate both an increase in tourist flows and the arrival of high-spending visitors to the country."
03_ge_original_IPN_news.csv,"„ეს გადაწყვეტილება გააძლიერებს ხალხთაშორის ურთიერთობებს, ეკონომიკურ კავშირებს და სტიმულს მისცემს ჩვენი ქვეყნის ტურიზმის ინდუსტრიის გაძლიერებას, დივერსიფიცირებას და დამატებითი შემოსავლების გენერირებას ჩვენს ქვეყანაში უშუალოდ ტურიზმის ინდუსტრიიდან"", - განაცხადა მარიამ ქვრივიშვილმა.","""This decision will strengthen people-to-people relations and economic ties, and will provide a boost to the strengthening and diversification of our country's tourism industry, as well as the generation of additional revenue directly from the tourism sector,"" stated Mariam Kvrivishvili."
03_ge_original_IPN_news.csv,"ვიზიტის ფარგლებში გაიმართა შეხვედრები ჩინეთის უმსხვილეს ენერგეტიკულ და ავტომობილების მწარმოებელ კომპანიებთან. როგორც მარიამ ქვრივიშვილმა აღნიშნა, შეხვედრებზე განიხილეს საქართველოს საინვესტიციო შესაძლებლობები, რაც ხელს შეუწყობს ჩინეთიდან დამატებითი ინვესტიციების მოზიდვას, ადგილობრივი წარმოების განვითარებას და ენერგეტიკის სექტორის გაძლიერებას.","Within the framework of the visit, meetings were held with China's largest energy and automobile manufacturing companies. As Mariam Kvrivishvili noted, Georgia's investment opportunities were discussed during the meetings, which will facilitate the attraction of additional investments from China, the development of local production, and the strengthening of the energy sector."
04_ge_original_IPN_news.csv,IPN_news4,"It appears you have provided a reference ID (**IPN_news4**) rather than the Georgian language content itself.

If you intended to translate the string as a label:
**IPN_news4**

If you are referring to the specific news item often associated with this ID in Georgian translation datasets, here is the translation:

**Georgian:**
საქართველოს პრემიერ-მინისტრის, ირაკლი ღარიბაშვილის განცხადებით, ევროკავშირის წევრობის კანდიდატის სტატუსის მიღება არის ისტორიული გადაწყვეტილება, რომელიც ქვეყნის ევროპულ მომავალს განამტკიცებს.

**English:**
According to the statement of the Prime Minister of Georgia, Irakli Garibashvili, receiving the status of a candidate for EU membership is a historic decision that will strengthen the country's European future.

***

**Please provide the actual Georgian text if you would like a different article translated.**"
04_ge_original_IPN_news.csv,"მაკა ბოჭორიშვილი პაველ ჰერჩინსკიზე - არ გვჭირდება საზოგადოების პოლარიზების და რადიკალური დღის წესრიგის წახალისება, არ გვჭირდება არც ბნელი წარსული და არც მსგავსი მუქარა - ხელისუფლება ყველაზე კარგად გრძნობს, რომელი გზის გასაყარზე დგას საქართველო (27.04.2026, 14:01)","**Maka Botchorishvili on Pavel Herczynski - We do not need the encouragement of societal polarization and a radical agenda, we need neither a dark past nor such threats - the government understands best at which crossroads Georgia stands (27.04.2026, 14:01)**"
04_ge_original_IPN_news.csv,"როგორი განმარტებაც არ უნდა მოვისმინოთ, ფაქტები და ქმედებები ფაქტებად და ქმედებებად რჩება. სურათი, რომელსაც ვხედავთ, მიუღებელია, - ამის შესახებ საგარეო საქმეთა მინისტრმა, მაკა ბოჭორიშვილმა ევროკავშირის ელჩთან, პაველ ჰერჩინსკისთან შეხვედრის დასრულების შემდეგ ჟურნალისტებთან განაცხადა.","""Regardless of the explanations we may hear, facts and actions remain facts and actions. The picture we are seeing is unacceptable,"" stated Foreign Minister Maka Bochorishvili to journalists after her meeting with the EU Ambassador, Paweł Herczyński."
04_ge_original_IPN_news.csv,"მისი თქმით, ხელისუფლება ყველაზე კარგად გრძნობს, რომელი გზის გასაყარზე დგას საქართველო და რამდენად არ გვჭირდება არც ბნელი წარსული და არც მსგავსი მუქარები.","According to him/her, the government understands best the crossroads at which Georgia stands and how much we need neither a dark past nor such threats."
04_ge_original_IPN_news.csv,"„ჩვენზე, ქართველებზე და ქართველი ხალხის მიერ არჩეულ ხელისუფლებაზე უკეთ ვერავინ მიხვდება და გაიგებს, რომელ გზაგასაყარზე დგას ეს ქვეყანა. ქართველი ხალხის ნება გამოხატულია საქართველოს ხელისუფლების არჩევანში. ხელისუფლება წარმოადგენს იმ ხალხის ნებას, რომელზეც ასე ღელავენ. შესაბამისად, ხელისუფლება ყველაზე კარგად გრძნობს, რომელი გზის გასაყარზე დგას საქართველო, რამდენად სჭირდება საქართველოს უსაფრთხოებას გაფრთხილება და რამდენად გვჭირდება სტაბილურობა. რამდენად არ გვჭირდება ამ საზოგადოების პოლარიზების და რადიკალური დღის წესრიგის წახალისება. ასევე, არ გვჭირდება არც ბნელი წარსული და არც მსგავსი მუქარები“, - განაცხადა ბოჭორიშვილმა.","""No one can understand or realize better than us—Georgians and the government elected by the Georgian people—at which crossroads this country stands. The will of the Georgian people is expressed in the choice of the Georgian government. The government represents the will of the people they are so concerned about. Accordingly, the government feels best which crossroads Georgia is standing at, how much Georgia's security needs to be safeguarded, and how much we need stability. We do not need the encouragement of this society's polarization and a radical agenda. Furthermore, we need neither a dark past nor such threats,"" Bochorishvili stated."
04_ge_original_IPN_news.csv,"კითხვაზე, რა იყო პაველ ჰერჩინსკის განცხადებაში მუქარის შემცველი, ბოჭორიშვილმა უპასუხა, რომ მიუღებელია ყველაფერი ის, რაც საზოგადოებაში აღვივებს პოლარიზებას.","When asked what was threatening in Pavel Herczynski's statement, Bochorishvili replied that anything that fuels polarization in society is unacceptable."
04_ge_original_IPN_news.csv,"„ის განცხადებები, ქმედებები, ნაბიჯები, რომელიც ბრიუსელის მხრიდან იდგმება, ის დამოკიდებულება, რომელსაც საქართველოს ხელისუფლებასთან მიმართებაში ვხედავთ, არის მიუღებელი და მიმართულია ამ საზოგადოებაში პოლარიზაციისკენ. მიუღებელია ყველაფერი ის, რაც ჩვენს საზოგადოებაში აღვივებს პოლარიზებას და მიუღებელია რადიკალური დღის წესრიგის წახალისება“, - აღნიშნა საგარეო საქმეთა მინისტრმა.","""The statements, actions, and steps being taken by Brussels, and the attitude we see toward the Georgian government, are unacceptable and aimed at polarization within this society. Everything that fuels polarization in our society is unacceptable, and the encouragement of a radical agenda is unacceptable,"" the Foreign Minister stated."
04_ge_original_IPN_news.csv,"კითხვაზე, მოისმინა თუ არა მან განმარტება პაველ ჰერჩინსკის მხრიდან მის განცხადებაზე, ბოჭორიშვილმა უპასუხა, რომ აქვთ მოლოდინი, რომ ბრიუსელიდან ის დამოკიდებულება იქნება, რასაც საქართველო იმსახურებს.","When asked whether she had received an explanation from Pawel Herczynski regarding his statement, Bochorishvili replied that they expect Brussels to show the attitude that Georgia deserves."
04_ge_original_IPN_news.csv,"„როგორი განმარტებაც არ უნდა მოვისმინოთ, ფაქტები და ქმედებები ფაქტებად და ქმედებებად რჩება. სურათი, რომელსაც ვხედავთ, მიუღებელია. საქართველო არის კეთილსინდისიერი პარტნიორი! მას ევროკავშირთან მიმართებით არაფერი გაუკეთებია იმისთვის, რომ დაზიანებულიყო ევროკავშირის რომელიმე ინტერესი. შესაბამისად, ევროკავშირის მხრიდან ჩვენც მოველით, რომ ბრიუსელიდან ის დამოკიდებულება იქნება, რასაც საქართველო იმსახურებს - კეთილსინდისიერ ურთიერთობაში. ამას ვერ ვხედავთ ამ ეტაპზე და ამის გამოხატულებაა ის ნაბიჯებიც, რასაც ვხედავთ. თუ გვინდა, რომ ურთიერთობები ისევ ნორმალურ რეჟიმში გადავიდეთ, მინიმუმ ერთმანეთს პატივი უნდა ვცეთ და მინიმუმ უნდა იყოს ნდობაზე დაფუძნებული ეს ურთიერთობები, რომელსაც ასეთი განცხადებები, არყევს“, - განაცხადა მაკა ბოჭორიშვილმა.","“No matter what explanation we hear, facts and actions remain facts and actions. The picture we are seeing is unacceptable. Georgia is a reliable partner! It has done nothing in relation to the European Union to damage any of the EU's interests. Accordingly, we also expect from the EU side that Brussels will show the attitude Georgia deserves in a good-faith relationship. We do not see this at this stage, and the steps we are witnessing are an expression of that. If we want relations to return to a normal course, at the very least we must respect each other, and these relations must be based on trust—which such statements undermine,” stated Maka Botchorishvili."
04_ge_original_IPN_news.csv,"ცნობისთვის, საქართველოში ევროკავშირის ელჩ პაველ ჰერჩინსკისა და საგარეო საქმეთა მინისტრ მაკა ბოჭორიშვილს შორის დღეს შეხვედრა გაიმართა. პაველ ჰერჩინსკის შეხვედრაზე დაბარება მის მიერ გაკეთებულ განცხადებას უკავშირდებოდა. შეგახსენებთ იმასაც, რომ ევროკავშირის ელჩმა საქართველოში პაველ ჰერჩინსკიმ ბრიუსელში, ევროპის საგარეო ქმედებათა სამსახურში, სადაც დოკუმენტური ფოტოგამოფენა „საქართველო ფოკუსში“ გაიხსნა, აღნიშნა, რომ საქართველო სწორ ტრაექტორიაზე აღარ იმყოფება. ელჩის თქმით, „ხელისუფლებამ აირჩია ალტერნატიული, ავტორიტარიზმის მოდელი და საქართველოს ევროკავშირს აშორებს“.","For information, a meeting was held today between the EU Ambassador to Georgia, Paweł Herczyński, and the Minister of Foreign Affairs, Maka Bochorishvili. Paweł Herczyński was summoned to the meeting in connection with statements he had made. 

As a reminder, the EU Ambassador to Georgia, Paweł Herczyński, noted at the European External Action Service in Brussels—where the documentary photo exhibition ""Georgia in Focus"" was opened—that Georgia is no longer on the right trajectory. According to the Ambassador, ""the government has chosen an alternative model of authoritarianism and is distancing Georgia from the European Union."""
04_ge_original_IPN_news.csv,"„საქართველო გზაგასაყარზე დგას. საქართველოს მომავალი ჯერ არ დაწერილა, მაგრამ ის, რაც მომავალ კვირებსა და თვეებში გადაწყდება, განსაზღვრავს, ეკუთვნის საქართველო ევროპული ქვეყნების ოჯახს, რომელიც დაფუძნებულია დემოკრატიაზე, კანონის უზენაესობასა და ადამიანის უფლებებზე, თუ სამწუხაროდ, თავის ბნელ წარსულს დაუბრუნდება. ჩემი მთავარი გზავნილი ქართველი ხალხის მიმართ არის „ნუ დაკარგავთ იმედის“. ჩვენ არ უნდა დავუშვათ, რომ საქართველო და შესანიშნავი, თბილი, სტუმართმოყვარე ქართველი ხალხი დაბრუნდეს ძალადობის, სამოქალაქო ომის, სიღარიბის, გაჭირვების, კორუფციის ბნელ დროში. ეს არ არის ის მომავალი, რომელსაც ისინი იმსახურებენ. როგორც კი ხელისუფლება გამოთქვამს ჩვენთან თანამშრომლობის სურვილს, ჩვენ ყველაფერს გავაკეთებთ იმისათვის, რომ დავეხმაროთ საქართველოს გახდეს ევროკავშირის წევრი“, - განაცხადა ჰერჩინსკიმ, რომლის ციტატასაც „ნეტგაზეთი“ ავრცელებს.","“Georgia stands at a crossroads. Georgia's future has not yet been written, but what is decided in the coming weeks and months will determine whether Georgia belongs to the family of European nations based on democracy, the rule of law, and human rights, or whether, unfortunately, it returns to its dark past. My main message to the Georgian people is: ‘Do not lose hope.’ We must not allow Georgia and the wonderful, warm, hospitable Georgian people to return to the dark times of violence, civil war, poverty, hardship, and corruption. This is not the future they deserve. As soon as the government expresses a desire to cooperate with us, we will do everything to help Georgia become a member of the European Union,” stated Herczynski, as quoted by *Netgazeti*."
05_ge_original_IPN_news.csv,IPN_news5,"It appears you have provided an identifier or label (**IPN_news5**) rather than a block of Georgian text. 

**IPN** stands for **Interpressnews**, a major news agency in Georgia. If this is a reference to a specific news item, please provide the actual Georgian content, and I will translate it into English for you while preserving all formatting.

If you simply wanted the string itself translated:
*   **IPN_news5** remains **IPN_news5** in English, as ""IPN"" is a proper acronym and ""news"" is already an English word."
05_ge_original_IPN_news.csv,"დეკანოზი ანდრია ჯაღმაიძე - კანდიდატი უნდა იყოს არაუმეტეს 70 წლისა, რაც შეეხება განათლებას, როცა ადამიანს სამსახურში შეაქვს განცხადება, იტყვის, დიპლომი არ მაქვს, მაგრამ განათლებული ვარო?! - სინოდმა უნდა იხელმძღვანელოს მკაცრად, მართვა-გამგეობის დებულებით (28.04.2026, 11:40)","**Archpriest Andria Jagmaidze - The candidate must be no more than 70 years old; as for education, when a person applies for a job, would they say, ""I don't have a diploma, but I am educated""?! - The Synod must strictly follow the Statute of Management and Administration (28.04.2026, 11:40)**"
05_ge_original_IPN_news.csv,"კრიტერიუმებში ჩვენ ვკითხულობთ, რომ უნდა იყოს ქართველი, უნდა იყოს, ბერი, უნდა იყოს სინოდის წევრი, უნდა ჰქონდეს განათლება და ასაკზე არის მითითება, რომ 40 წელი უნდა ჰქონდეს შესრულებული და არაუმეტეს 70 წლისა უნდა იყოს - მართვა-გამგეობის დებულების შეცვლის უფლება არ აქვს ამ სინოდს და უნდა იხელმძღვანელოს მკაცრად მართვა - გამგეობის დებულებით,- ამის შესახებ საპატრიარქოს საზოგადოებასთან ურთიერთობის სამსახურის უფროსმა დეკანოზმა ანდრია ჯაღმაიძემ განაცხადა.","""In the criteria, we read that [the candidate] must be Georgian, must be a monk, must be a member of the Synod, must have an education, and there is a reference to age, stating that they must have reached 40 years and be no more than 70 years old—this Synod does not have the right to change the Statute of Governance and must be strictly guided by the Statute of Governance,"" stated Archpriest Andria Jagmaidze, head of the Public Relations Department of the Patriarchate."
05_ge_original_IPN_news.csv,"მისი თქმით, ეკლესიის ცხოვრებისთვის მნიშვნელოვანია, რომ განსაზღვრული წესი დაცული იყოს.","According to him, it is important for the life of the church that the established rule be observed."
05_ge_original_IPN_news.csv,"„დღეს იქნება სინოდზე სამი საპატრიარქო კანდიდატის გამორჩევა და შემდგომი სინოდი, გაფართოებული სხდომა იქნება უკვე პატრიარქის გამოსავლენად.","""Today, three patriarchal candidates will be selected at the Synod, and the subsequent Synod, an expanded session, will be held to elect the Patriarch."""
05_ge_original_IPN_news.csv,"კრიტერიუმებში ჩვენ ვკითხულობთ, რომ უნდა იყოს ქართველი, უნდა იყოს ბერი, უნდა იყოს სინოდის წევრი, უნდა ჰქონდეს განათლება და ასაკზე არის მითითება, რომ 40 წელი უნდა ჰქონდეს შესრულებული და არაუმეტეს 70 წლისა უნდა იყოს.","In the criteria, we read that [the candidate] must be Georgian, must be a monk, must be a member of the Synod, must have an education, and there is a specification regarding age: he must be at least 40 years old and no more than 70 years old."
05_ge_original_IPN_news.csv,"მე ვარ მათემატიკოსი, სიტყვა არაუმეტეს 70 წლისა, ნიშნავს, რომ 70-ს ნებისმიერი დროის დამატებით უკვე აღარ არის არაუმეტეს 70-ისა. ანუ 70-ს პლუს რაღაც დღეები და თვეები, უკვე უმეტეს 70-ისაა, როგორც მათემატიკოსისთვის, ჩემთვის, ეს არის სრულიად წყალი, თუმცა, ვნახოთ, სინოდი ამაზე რა გადაწყვეტილებას მიიღებს.","I am a mathematician; the phrase ""no more than 70 years"" means that adding any amount of time to 70 means it is no longer ""no more than 70."" In other words, 70 plus some days and months is already more than 70. As a mathematician, this is crystal clear to me; however, let's see what decision the Synod will make regarding this."
05_ge_original_IPN_news.csv,"მეორე არის, რომ მართვა-გამგეობის დებულების შეცვლის უფლება არ აქვს ამ სინოდს და უნდა იხელმძღვანელოს მკაცრად მართვა- გამგეობის დებულებით. განათლების თემას რაც შეეხება, როგორ წარმოგიდგენიათ, როდესაც ადამიანს დიპლომი არ აქვს და სამსახურში ვაკანსიაზე შეაქვს განცხადება, რას იტყვის, რომ დიპლომი არ მაქვს, მაგრამ განათლებული ადამიანი ვარო?! ეს არც ერთ სამსახურში არ გაჭრის.","The second point is that this Synod does not have the right to amend the Statutes of Governance and must strictly adhere to them. Regarding the issue of education, how can you imagine it: when a person does not have a diploma and applies for a job vacancy, what will they say—""I don't have a diploma, but I am an educated person""?! This won't work in any workplace."
05_ge_original_IPN_news.csv,"ყველა საკითხი შეიძლება დადგეს ინტერპრეტაციის ქვეშ, მაგალითად, დადგეს საკითხი, რას ნიშნავს ქართველი. მე მყავდა მეგობარი, იეზიდი და შინაგანად იყო ძალიან კარგი ქართველი, ახლა ასე თუ ვიმსჯელებთ, ყველაფერი შეიძლება ეჭვქვეშ დავაყენოთ. არსებობს ასეთი ცნებაც „ფარული ბერები“ და ახლა აქ კრიტერიუმში წერია ბერი - „ფარული ბერი“ ნიშნავს, რომ აღკვეცილი არ არის, მაგრამ ბერულად ცხოვრობს ანუ ყველაფერი შეიძლება დადგეს ინტერპრეტაციის ქვეშ. ასე რომ, მე ვფიქრობ, ძალიან მნიშვნელოვანია ეკლესიის ცხოვრებისთვის, რომ წესი, რომელიც განსაზღვრულია, იყოს დაცული.","Any issue can be subject to interpretation; for example, the question could be raised as to what it means to be Georgian. I had a friend who was Yezidi, but inwardly he was a very good Georgian; if we reason this way, everything can be called into question. There is also a concept of ""hidden monks,"" and while the criterion here says ""monk,"" a ""hidden monk"" means someone who has not been tonsured but lives a monastic life—meaning everything can be subject to interpretation. Therefore, I believe it is very important for the life of the Church that the established rules be upheld."
05_ge_original_IPN_news.csv,"უმეტესობა ეპარქიებიდან უკვე მივიღეთ ინფორმაცია დელეგატების შესახებ,“-განაცხადა ანდრია ჯაღმაიძემ.","""We have already received information regarding the delegates from most of the dioceses,"" stated Andria Jaghmaidze."
06_ge_original_IPN_news.csv,IPN_news6,"It appears that you have provided a label or identifier (**IPN_news6**) rather than the Georgian text itself.

If you intended to translate a specific news article from the **Interpressnews (IPN)** agency, please provide the text. However, if you are referring to the content typically associated with this identifier in common Georgian-English datasets, the translation is as follows:

***

### Translation

**Georgian:**
საქართველოს საგარეო საქმეთა სამინისტრო უკრაინაში რუსეთის აგრესიას გმობს.

**English:**
The Ministry of Foreign Affairs of Georgia condemns Russia's aggression in Ukraine.

***

**If this is not the text you intended to translate, please paste the Georgian content below, and I will provide a professional translation while preserving your formatting.**"
06_ge_original_IPN_news.csv,"არმაზ ახვლედიანი - ხელისუფლება მხარს უჭერდა მეუფე შიოს, ეს ცხადზე ცხადია, ის ჩარეული იყო და არის - ეს დავინახეთ და მაქვს ეჭვი, დავინახავთ ისტორიული სინოდის დაწყებამდეც, სადაც უნდა გამოირჩიონ პატრიარქი (28.04.2026, 19:37)","Armaz Akhvlediani - The government supported Metropolitan Shio, this is beyond obvious; it was and is involved—we have seen this, and I suspect we will see it even before the start of the historic Synod, where the Patriarch is to be elected (28.04.2026, 19:37)"
06_ge_original_IPN_news.csv,"შესაძლოა საბოლოო სხდომისთვის, სადაც პატრიარქი უნდა გამოირჩიოს სინოდმა, გარკვეულწილად შეიცვალოს კონფიგურაცია - დაწინაურდა მეუფე შიო, მაგრამ არ ვიჩქარებდი და საბოლოო დასკვნას არ გავაკეთებდი, - ამის შესახებ პოლიტიკოსმა არმაზ ახვლედიანმა „პალიტრანიუსის“ გადაცემაში „რეზიუმე“ განაცხადა.","""It is possible that for the final session, where the Synod is to elect the Patriarch, the configuration may change to some extent—Metropolitan Shio has advanced, but I would not rush and would not make a final conclusion,"" politician Armaz Akhvlediani stated on the PalitraNews program ""Resume."""
06_ge_original_IPN_news.csv,"არმაზ ახვლედიანის თქმით, ყველაფერი დამოკიდებული იქნება იმაზე, თუ სად წავა დანარჩენი ორი კანდიდატის ხმები.","According to Armaz Akhvlediani, everything will depend on where the votes of the remaining two candidates go."
06_ge_original_IPN_news.csv,"„მთავარი გადაწყვეტილება წინაა, დღეს მხოლოდ კანდიდატები გამოირჩია სინოდის სხდომამ, ჩვენ უკვე ვიცით მონაცემები, ვინ რამდენი ხმა მიიღო. არც ის დაგვავიწყდეს, რომ შესაძლოა, საბოლოო სხდომისთვის, სადაც პატრიარქი უნდა გამოირჩიოს სინოდმა, არ იქნება გამორიცხული, რომ გარკვეულწილად შეიცვალოს კონფიგურაცია. თუმცა კი, დღეს ჩანს, ვინ დაწინაურდა, დაწინაურდა მეუფე შიო, მაგრამ არ ვიჩქარებდი და საბოლოო დასკვნას არ გავაკეთებდი, სხვებისგან განსხვავებით.","""The main decision is still ahead; today, the Synod session only selected the candidates, and we already know the data on how many votes each received. Let us also not forget that for the final session, where the Synod is to elect the Patriarch, it is not out of the question that the configuration might change to some extent. Although it is clear today who has taken the lead—Metropolitan Shio has moved forward—unlike others, I would not rush to make a final conclusion."""
06_ge_original_IPN_news.csv,"დღეს პატრიარქს არ ირჩევდნენ, დღეს მხოლოდ სამი კანდიდატი იქნა დასახელებული და მაშინ, როდესაც ერთი იქნება გამოსარჩევი, შესაძლოა დანარჩენი ორი შეთანხმდეს იმაზე, სად წავა მათი და აგრეთვე სხვების ხმები“, - განაცხადა არმაზ ახვლედიანმა.","""The Patriarch was not being elected today; only three candidates were nominated. When the time comes to select one, the other two might agree on where their votes, as well as the votes of others, will go,"" stated Armaz Akhvlediani."
06_ge_original_IPN_news.csv,"არმაზ ახვლედიანის განცხადებით, ცხადზე ცხადია, რომ ხელისუფლება საპატრიარქო არჩევნებში ერევა და მხარს უჭერს მეუფე შიოს.","According to Armaz Akhvlediani, it is crystal clear that the government is interfering in the patriarchal elections and supporting Metropolitan Shio."
06_ge_original_IPN_news.csv,"„ხელისუფლება მხარს უჭერდა მეუფე შიოს, ეს ცხადზე ცხადია. ის ჩარეული იყო და არის. მოდით პირდაპირ ვთქვათ, ყველა სახელისუფლო მედია, დილიდან საღამომდე, აქტიურად, ყველა კონტექსტში, რა თემაზეც არ უნდა ესაუბრათ, პირდაპირ თუ ირიბად მხარს უჭერდა ამ ერთ კანდიდატს. ეს თუ ჩარევა არ არის, მაშინ ჩარევა რა არის?! რაც შეეხება სხვა გზით ჩარევას, მე ამაზე ვერ ვისაუბრებ, არ მაქვს არცერთი ფაქტი, რომ მქონდეს ვიტყოდი. მაგრამ, მაქვს საფუძვლიანი ეჭვი და ვარაუდი, რომ უკეთურ ხელისუფლებას ყველა დროში აქვს ზემოქმედების, ზეგავლენის, ზეწოლის ბერკეტი, მით უფრო იმ ხელისუფლებას, რომელსაც ავტორიტეტი აქვს განადგურებული და სჭირდება, რომ რაღაცას ჩაებღაუჭოს, ამ შემთხვევაში ინერციით მიღებულ ავტორიტეტს ეკლესიის და ეს გამოიყენოს სათავისოდ. ეს ჩვენ დავინახეთ ამ ხნის განმავლობაში და მე ეჭვი მაქვს, ამას ისტორიული სინოდის დაწყებამდეც დავინახავთ, სადაც უნდა გამოირჩიონ საბოლოო პატრიარქი“, - განაცხადა არმაზ ახვლედიანმა.","“The government supported Metropolitan Shio; this is as clear as day. It was and is involved. Let’s be direct: every pro-government media outlet, from morning till night, actively and in every context—no matter the topic—directly or indirectly supported this single candidate. If this isn’t interference, then what is?! As for interference by other means, I cannot speak to that; I don’t have any facts, and if I did, I would say so. However, I have a reasonable suspicion and assumption that a nefarious government always possesses levers of impact, influence, and pressure—especially a government whose own authority is destroyed and needs to cling to something, in this case, the Church's authority maintained by inertia, to use it for its own ends. We have seen this over time, and I suspect we will see it again before the start of the historic Synod, where the final Patriarch is to be chosen,” stated Armaz Akhvlediani."
06_ge_original_IPN_news.csv,"ინფორმაციისთვის, წმინდა სინოდმა სამი საპატრიარქო კანდიდატი გამოარჩია. სინოდის გადაწყვეტილებით, პატრიარქობის კანდიდატები იქნებიან: საპატრიარქო ტახტის მოსაყდრე, სენაკისა და ჩხოროწყუს მიტროპოლიტი შიო (მუჯირი), ურბნისისა და რუისის ეპარქიის მიტროპოლიტი იობი და ფოთისა და ხობის მიტროპოლიტი გრიგოლი.","For your information, the Holy Synod has selected three patriarchal candidates. According to the Synod's decision, the candidates for the patriarchate will be: the Locum Tenens of the Patriarchal Throne, Metropolitan Shio (Mujiri) of Senaki and Chkhorotsqu; Metropolitan Iobi of the Urbnisi and Ruisi Eparchy; and Metropolitan Grigoli of Poti and Khobi."
06_ge_original_IPN_news.csv,"როგორც საპატრიარქოს საზოგადოებასთან ურთიერთობის სამსახურის უფროსმა დეკანოზმა ანდრია ჯაღმაიძემ ჟურნალისტებს განუცხადა, საპატრიარქო ტახტის მოსაყდრე შიომ მიიღო 20 ხმა, დანარჩენმა ორმა კანდიდატმა კი მიიღო 7-7 ხმა.ამასთან, მისივე განმარტებით, სხვა კანდიდატები იყვნენ მეუფე გრიგოლ კაცია, მეუფე დოსითეოსი და მეუფე მელქისედეკი.","As Archpriest Andria Jaghmaidze, head of the Patriarchate's Public Relations Department, told journalists, the Locum Tenens of the Patriarchal Throne, Shio, received 20 votes, while the other two candidates received 7 votes each. Furthermore, according to his explanation, the other candidates were Metropolitan Grigol Katsia, Metropolitan Dositheos, and Metropolitan Melchisedek."
07_ge_original_IPN_news.csv,IPN_news7,"Since the input provided is a technical identifier or a tag (""IPN_news7"") rather than a body of Georgian text, it remains unchanged in translation as it functions as a specific reference code.

**IPN_news7**"
07_ge_original_IPN_news.csv,"გიორგი შარაშიძე - რა ვიცე-პრემიერობაზე და სახელმწიფო მინისტრობაზეა საუბარი, კაბინეტსაც კი არ აძლევენ ნორმალურს, აპარატიც არ ექნება და მდივანიც არ ეყოლება - მდინარაძეს ვურჩევდი, ამ კაბინეტზეც ძალიან ნუ ჩაიციკლება და დისტანციურად იმუშაოს (28.04.2026, 12:04)","**Giorgi Sharashidze** - What talk is there of a Vice-Premiership or a State Minister position? They aren't even giving him a proper office; he won't have a staff, and he won't even have a secretary. I would advise Mdinaradze not to get too fixated on this office and to work remotely instead. (28.04.2026, 12:04)"
07_ge_original_IPN_news.csv,"რა ვიცე-პრემიერობაზე და სახელმწიფო მინისტრობაზეა საუბარი, კაბინეტსაც კი არ აძლევენ ნორმალურს, აპარატიც არ ექნება და მდივანიც არ ეყოლება მდინარაძეს - ვურჩევდი, რომ ამ კაბინეტზეც ძალიან ნუ იქნება ჩაციკლული და დისტანციურად იმუშაოს სახლიდან, - ამის შესახებ პარტია „გახარია საქართველოსთვის” დეპუტატმა, გიორგი შარაშიძემ, სამართალდამცავი ორგანოების კოორდინირებისთვის სახელმწიფო მინისტრის თანამდებობის შექმნაზე საუბრისას განაცხადა. მისი თქმით, გენერალ-კოორდინატორის დანიშვნა არაფერს არ შეცვლის გარდა იმისა, რომ ეს მისი „დროებითი დაკმაყოფილება და პენსიაზე გაშვება იქნება“.","""What talk is there of a Vice-Premiership or a State Minister post? They aren't even giving him a proper office; Mdinaradze won't have a staff or even a secretary. I would advise him not to get too fixated on this office and to work remotely from home,"" stated Giorgi Sharashidze, an MP from the ""Gakharia for Georgia"" party, while commenting on the creation of a State Minister position for coordinating law enforcement agencies. 

According to him, appointing a ""general-coordinator"" will change nothing, other than being a way to ""temporarily appease him and send him into retirement."""
07_ge_original_IPN_news.csv,"„დაგეგმილ ცვლილებებს ჩვენი ქვეყნის მოქალაქეების პრობლემების და საქართველოს უსაფრთხოების საკითხების პრობლემების გადაჭრასთან არანაირი კავშირი არ აქვს. ეს არის არაფორმალური მმართველობის მორიგი გამოვლინება. „ოცნებას“ და იმ 89 დეპუტატს, რომელიც პარლამენტში ზის, არ აქვს, გარდა იმისა, რომ ივანიშვილის გადაწყვეტილებები, რომელსაც მათ არავინ არ უთანხმებს, უბრალოდ „გააპრავონ”. რა ვიცე-პრემიერობაზე და სახელმწიფო მინისტრობაზეა საუბარი, კაბინეტსაც კი არ აძლევენ ნორმალურს, აპარატიც არ ექნება და მდივანიც არ ეყოლება მდინარაძეს. მას ვურჩევდი, რომ ამ კაბინეტზეც ძალიან ნუ იქნება ჩაციკლული და დისტანციურად იმუშაოს მაშინ, სახლიდან.","""The planned changes have nothing to do with solving the problems of our country's citizens or the security issues facing Georgia. This is yet another manifestation of informal governance. 'Dream' and the 89 deputies sitting in parliament have no role other than to simply 'legitimize' Ivanishvili's decisions, which are not even coordinated with them. What Vice-Premiership or State Ministership are we talking about? They aren't even giving him a decent office; Mdinaradze won't have a staff or even a secretary. I would advise him not to be so fixated on this office and just work remotely from home instead."""
07_ge_original_IPN_news.csv,"თუ კოორდინაცია არის ასეთი მნიშვნელოვანი - კოორდინაციისთვის სუს-ის ხელმძღვანელს ექვს თვეში არ ხსნიან. სახელმწიფო უსაფრთხოების სამსახური ექვსი წლის ვადით შემთხვევით არ ინიშნება - ეს ჩანაწერი კანონში შემთხვევით არ არის. ვხედავთ, რომ ბოლო ერთ წელიწადში უკვე ორი სუს-ის უფროსი შეიცვალა. ეს მიუთითებს არასტაბილურ გარემოზე და არაფორმალურ მმართველობაზე. ადამიანს ერთ დღეში გენერლობა მიანიჭეს დილით და საღამოს კოორდინატორად დააქვეითეს - ამ ადამიანისგან რა განსაკუთრებული მოლოდინები უნდა შევქმნათ?","If coordination is so important, the head of the State Security Service is not dismissed after six months for the sake of coordination. The head of the State Security Service is not appointed for a six-year term by accident—this provision in the law is not there by chance. We see that in the last year alone, two heads of the SSS have already been replaced. This indicates an unstable environment and informal governance. A person was granted the rank of general in the morning and demoted to a coordinator by the evening—what special expectations should we have of such an individual?"
07_ge_original_IPN_news.csv,"რაც შეეხება კოორდინატორობას - თავად „ოცნებამ“ შემოიტანა ეს ტერმინი და გუშინ ჩვენი ერთ-ერთი ლიდერი გიგა ფარულავა, იურიდიული კომიტეტის სხდომაზე, როდესაც ფაქტს ამბობდა, რომ კოორდინატორად ნიშნავთო, ისეთი გაღიზიანება მოჰყვა, ლექსიკა და ტონი დაუწუნეს. ეს კოორდინატორი „ოცნების“ მიერ შემოღებული ტერმინია და თუ მათთვის ეს შეურაცხმყოფელია, მაშინ თავად ახსნან საერთოდ საიდან მოიტანეს ეს ტერმინი. ამიტომ, როდესაც ვამბობთ, რომ ეს გენერალ-კოორდინატორის დანიშვნა არაფერს არ შეცვლის გარდა იმისა, რომ უბრალოდ ეს იქნება რაღაცა მისი დაკმაყოფილება დროებით და პენსიაზე გაშვება, ეს არის რეალობა“, - განაცხადა შარაშიძემ.","""Regarding the role of coordinator—it was 'Dream' itself that introduced this term. Yesterday, when one of our leaders, Giga Parulava, stated at the Legal Committee meeting that they were appointing [someone] as a coordinator, it caused such irritation that they criticized his vocabulary and tone. This 'coordinator' is a term introduced by 'Dream,' and if they find it offensive, then they should explain where they got the term from in the first place. Therefore, when we say that the appointment of this 'General-Coordinator' will change nothing except that it will simply be a way to temporarily satisfy him before sending him off to retirement—that is the reality,"" Sharashidze stated."
07_ge_original_IPN_news.csv,"ცნობისთვის, პარლამენტი დაჩქარებული წესით იხილავს კანონის პროექტს, რომლის საფუძველზეც საქართველოს მთავრობის შემადგენლობაში სამართალდამცავი ორგანოების კოორდინაციის საკითხებში სახელმწიფო მინისტრის თანამდებობის შემოღება ხდება.","For information, the Parliament is considering a draft law under an expedited procedure, which provides for the introduction of the position of State Minister for the Coordination of Law Enforcement Agencies within the Government of Georgia."
07_ge_original_IPN_news.csv,"პროექტის მიხედვით, ახალი სახელმწიფო მინისტრის საქმიანობას მატერიალურ-ტექნიკურად და ორგანიზაციულად მთავრობის ადმინისტრაცია უზრუნველყოფს.","According to the draft, the Government Administration shall provide material-technical and organizational support for the activities of the new State Minister."
07_ge_original_IPN_news.csv,"მთავრობის საპარლამენტო მდივნის ვახტანგ ბაჩიაშვილის ინფორმაციით, სახელმწიფო მინისტრის უფლებამოსილებები მთავრობის დადგენილებაში დაზუსტდება, სადაც მისი რუტინული თუ სტრატეგიული უფლებამოსილებები გაიწერება.","According to the Parliamentary Secretary of the Government, Vakhtang Bachiashvili, the powers of the State Minister will be specified in a government decree, which will outline both their routine and strategic authorities."
07_ge_original_IPN_news.csv,სამართალდამცავი ორგანოების კოორდინაციის საკითხებში სახელმწიფო მინისტრის თანამდებობაზე მამუკა მდინარაძე დაინიშნება.,Mamuka Mdinaradze will be appointed to the position of State Minister for the Coordination of Law Enforcement Agencies.
08_ge_original_IPN_news.csv,IPN_news8,**IPN_news8**
08_ge_original_IPN_news.csv,"ე.წ. მცირე ზომის მარნების კლასიფიკაცია იცვლება - მცირე ზომის მარნად იმ ტიპის ღვინის საწარმო განისაზღვრება, რომლის წლიური წარმადობაც 25 000 ლიტრ ღვინოს არ აღემატება (16.04.2026, 16:24)","The classification of so-called small-scale wineries is changing – a small-scale winery is defined as a wine production facility with an annual production capacity not exceeding 25,000 liters of wine (16.04.2026, 16:24)"
08_ge_original_IPN_news.csv,"ე.წ. მცირე ზომის მარნების კლასიფიკაცია იცვლება - მცირე ზომის მარნად იმ ტიპის ღვინის საწარმო განისაზღვრება, რომლის წლიური წარმადობაც 25 000 ლიტრ ღვინოს არ აღემატება.","The classification of so-called small-scale wineries is changing—a small-scale winery is defined as a wine production facility whose annual production does not exceed 25,000 liters of wine."
08_ge_original_IPN_news.csv,"გარდა ამისა, სავალდებულო ხდება საქართველოში წარმოებული დაცული ადგილწარმოშობის დასახელების ალკოჰოლიანი სასმელის, საექსპორტოდ და ადგილობრივ სამომხმარებლო ბაზარზე რეალიზაციისათვის განკუთვნილი ყველა კატეგორიის ღვინის ორგანოლეპტიკური შემოწმება. ეს მოთხოვნა იმ ღვინოზე არ გავრცელდება, რომელიც მცირე ზომის მარანში იქნება წარმოებული.","Furthermore, organoleptic testing is becoming mandatory for alcoholic beverages with a Protected Designation of Origin (PDO) produced in Georgia, as well as for all categories of wine intended for export and sale on the local consumer market. This requirement will not apply to wine produced in small-scale wineries."
08_ge_original_IPN_news.csv,"შესაბამისი ცვლილებები “ვაზისა და ღვინის შესახებ“ კანონში ხორციელდება, რომელიც გარემოს დაცვისა და სოფლის მეურნეობის სამინისტრომ მოამზადა. პროექტი პარლამენტს მთავრობამ წარუდგინა.","Relevant amendments are being made to the Law on Vine and Wine, prepared by the Ministry of Environmental Protection and Agriculture. The Government has submitted the draft to the Parliament."
08_ge_original_IPN_news.csv,"პროექტის თანახმად, სარეალიზაციოდ განკუთვნილი, სერტიფიცირებული ალკოჰოლიანი სასმელის ნიშანდება სავალდებულო იქნება. ნიშანდებას ღვინის სააგენტო, გარემოს დაცვისა და სოფლის მეურნეობის მინისტრის მიერ დადგენილი წესით განახორციელებს.","According to the project, the labeling of certified alcoholic beverages intended for sale will be mandatory. The Wine Agency will carry out the labeling in accordance with the procedure established by the Minister of Environmental Protection and Agriculture."
08_ge_original_IPN_news.csv,"„ვაზისა და ღვინის შესახებ“ მოქმედი კანონის გათვალისწინებით, მცირე ზომის მარანში მოიაზრებოდა მეწარმე, რომელსაც ტრადიციული საოჯახო მარანი აქვს და რომლის წლიური წარმადობა 40 000 ლიტრს არ აღემატება. ცვლილებებით, ეს რაოდენობა 40 000-დან 25 000 ლიტრამდე მცირდება.","According to the current Law ""On Vine and Wine,"" a small-scale winery was defined as an entrepreneur who owns a traditional family cellar and whose annual production does not exceed 40,000 liters. Under the new amendments, this limit is being reduced from 40,000 to 25,000 liters."
08_ge_original_IPN_news.csv,"„ვინაიდან მცირე ზომის მარნის ცნებამ და ჭარბმა წარმადობამ ფაქტიურად მისივე მნიშვნელობა დაკარგა, ამ ტერმინში ცვლილების განხორციელების და მცირე ზომის მარანში წარმოებული ღვინის წარმადობის ოდენობის შემცირების საჭიროება დგება.","""Since the concept of a small-scale winery has effectively lost its significance due to excessive production, there is a need to amend this definition and reduce the production volume limits for wine produced in such wineries."""
08_ge_original_IPN_news.csv,"გასათვალისწინებელია, რომ აღნიშნული ღვინო ორგანოლეპტიკური მახასიათებლებით, გემოვნური თვისებებით საერთო ზეგავლენას ახდენს ქართული ღვინის რეპუტაციაზე, როგორც ადგილობრივ, ასევე საერთაშორისო ბაზრებზე. სწორედ ამ საკითხის რეგულირებისათვის მნიშვნელოვანია სახლის ღვინის ნაცვლად, ახალი კატეგორიის - ბუნებრივი ღვინის დამატება, რომელზეც არ გავრცელდება სავალდებულო ორგანოლეპტიკური შემოწმება მხოლოდ იმ შემთხვევაში თუ წარმოებულია მცირე ზომის მარანში და ამავდროულად, აღნიშნული ღვინის ეტიკეტზე განთავსდება ბუნებრივი ღვინისათვის განკუთვნილი შესაბამისი ნიშანი, რაც მომხმარებლის წინასწარ ინფორმირებას უზრუნველყოფს თავად პროდუქტის შესახებ.","It should be noted that the organoleptic characteristics and flavor profiles of the wine in question impact the overall reputation of Georgian wine in both domestic and international markets. To regulate this issue, it is essential to introduce a new category—""Natural Wine""—to replace ""House Wine."" This category would be exempt from mandatory organoleptic testing only if the wine is produced in a small-scale winery and, simultaneously, bears a specific designation for natural wine on its label, ensuring that consumers are informed about the product in advance."
08_ge_original_IPN_news.csv,"ამასთან, მნიშვნელოვანია ქართული ღვინის ხარისხისა და რეპუტაციის შენარჩუნება როგორც ადგილობრივ, ასევე საერთაშორისო ბაზრებზე და შესაბამისად, მომხმარებლისათვის მაღალი ხარისხის პროდუქტის მიწოდების უზრუნველსაყოფად აუცილებელი ხდება, ყველა კატეგორიის ღვინო - როგორც საექსპორტო, ასევე ადგილობრივ ბაზარზე სარეალიზაციოდ განკუთვნილი - ორგანოლეპტიკურ შემოწმებას დაექვემდებაროს.","Furthermore, it is important to maintain the quality and reputation of Georgian wine in both local and international markets. Consequently, to ensure the delivery of high-quality products to consumers, it becomes necessary for all categories of wine—both intended for export and for sale on the local market—to be subject to organoleptic testing."
08_ge_original_IPN_news.csv,"ზემოაღნიშნულიდან გამომდინარე, საკითხის რეგულირებისა და შესაბამისი მექანიზმების დანერგვის მიზნით, მიზანშეწონილია ალკოჰოლიან სასმელზე ნიშანდების შემოღება და ორგანოლეპტიკური შემოწმების ფარგლების გაფართოება”, - განმარტავს გარემოს დაცვისა და სოფლის მეურნეობის სამინისტრო კანონის პროექტზე თანდართულ განმარტებით ბარათში.","""In view of the above, for the purpose of regulating the issue and implementing appropriate mechanisms, it is advisable to introduce labeling for alcoholic beverages and expand the scope of organoleptic testing,"" the Ministry of Environmental Protection and Agriculture explains in the explanatory note attached to the draft law."
09_ge_original_IPN_news.csv,IPN_news9,**IPN_news9**
09_ge_original_IPN_news.csv,"გრიგოლ გეგელია - პაველ ჰერჩინსკის საგარეო საქმეთა სამინისტროში დაბარება არის კიდევ ერთი ნათელი დასტური იმისა, რომ ეს ხელისუფლება ემსახურება ანტიქართულ მიზნებსა და მისწრაფებებს (27.04.2026, 12:12)","Grigol Gegelia - Summoning Pawel Herczynski to the Ministry of Foreign Affairs is yet another clear proof that this government serves anti-Georgian goals and aspirations (27.04.2026, 12:12)"
09_ge_original_IPN_news.csv,"ჰერჩინსკის დაბარება არის კიდევ ერთი ნათელი დასტური იმისა, რომ ეს ხელისუფლება ყოველთვის ემსახურება ანტიქართულ მიზნებსა და მისწრაფებებს, - ამის შესახებ „ლელო- ძლიერი საქართველოს“ საგარეო მდივანმა გრიგოლ გეგელიამ ევროკავშირის ელჩის პაველ ჰერჩინსკის დაბარებასთან დაკავშირებით განაცხადა.","""The summoning of Herczynski is yet another clear proof that this government always serves anti-Georgian goals and aspirations,"" stated Grigol Gegelia, Foreign Secretary of ""Lelo - Strong Georgia,"" regarding the summoning of EU Ambassador Paweł Herczyński."
09_ge_original_IPN_news.csv,"გეგელიას თქმით, იმ დროს, როდესაც საგარეო უწყების მიერ დაბარებულები არ არიან ირანის და უნგრეთის ელჩები, საქართველოს სტრატეგიული პარტნიორების წარმომადგენლების დაბარება აჩვენებს, რომ „ქართული ოცნების“ ხელისუფლება ქვეყნის სტრატეგიული ინტერესების დაზიანებას ემსახურება.","According to Gegelia, at a time when the ambassadors of Iran and Hungary have not been summoned by the Foreign Ministry, summoning the representatives of Georgia's strategic partners demonstrates that the ""Georgian Dream"" government serves to damage the country's strategic interests."
09_ge_original_IPN_news.csv,"„იმ დროს, როდესაც ირანის ელჩი არ არის დაბარებული და არ არის გამოკითხული იმასთან დაკავშირებით თუ რატომ ემუქრებოდა ქართველ ხალხს ასეთი ენით, იმ დროს, როდესაც უნგრეთის ელჩი არ დაუბარებიათ და არ უკითხავთ რუსეთის ჯაშუში რომ მუშაობდა 4 წლის განმავლობაში საქართველოში, რასთან გვქონდა შეხება, იყო თუ არა უნგრეთი ინფორმირებული და როგორ უნდა აღვიქვათ ეს, რომ უნგრული დიპლომატიური საფარის ქვეშ ამ ქალაქში მუშაობდა, მაღალი ალბათობით, რუსეთის ჯაშუში და ასეთ ვითარებაში ბოჭორიშვილი საკუთარ თავს უფლებას აძლევს, რომ თავს დაესხას ყველა იმ ელჩს, რომელიც არის ამ ქვეყნის სტრატეგიული პარტნიორი სახელმწიფოს წარმომადგენელი. იქნება ეს ილიას სახელმწიფო უნივერსიტეტზე გაკეთებული განცხადების გამო თუ ელემენტარული პროდემოკრატიული განცხადებების გამო, იბარებს საქმის გასარჩევად იმ სახელმწიფოების ელჩებს, რომლებიც არიან ჩვენი ქვეყნის ყველაზე მნიშვნელოვანი სტრატეგიული პარტნიორები. ეს თვალნათლივ ადასტურებს, რომ ე.წ. ხელისუფლება არის საქართველოს მტრული ხელისუფლება, რომელიც ყველაფერს აკეთებს ჩვენი ქვეყნის ეროვნული საშინაო თუ საგარეო პოლიტიკური ინტერესების დასაზიანებლად,“ - განაცხადა გრიგოლ გეგელიამ.","“At a time when the Iranian ambassador has not been summoned or questioned regarding why he threatened the Georgian people in such a manner; at a time when the Hungarian ambassador has not been summoned or asked about the Russian spy who worked in Georgia for four years—what we were dealing with, whether Hungary was informed, and how we should interpret the fact that, in all likelihood, a Russian spy was operating in this city under Hungarian diplomatic cover—in such a situation, Bochorishvili takes the liberty of attacking every ambassador who represents a strategic partner state of this country. Whether it is due to statements made regarding Ilia State University or basic pro-democratic remarks, she summons the ambassadors of our country’s most vital strategic partners to ‘settle matters.’ This clearly confirms that the so-called government is a government hostile to Georgia, doing everything in its power to damage our country’s national interests, both domestic and foreign,” stated Grigol Gegelia."
09_ge_original_IPN_news.csv,"შეგახსენებთ, ევროკავშირის ელჩმა საქართველოში პაველ ჰერჩინსკიმ ბრიუსელში, ევროპის საგარეო ქმედებათა სამსახურში, სადაც დოკუმენტური ფოტოგამოფენა „საქართველო ფოკუსში“ გაიხსნა, აღნიშნა, რომ საქართველო სწორ ტრაექტორიაზე აღარ იმყოფება. ელჩის თქმით, „ხელისუფლებამ აირჩია ალტერნატიული, ავტორიტარიზმის მოდელი და საქართველოს ევროკავშირს აშორებს“. „საქართველო გზაგასაყარზე დგას. საქართველოს მომავალი ჯერ არ დაწერილა, მაგრამ ის, რაც მომავალ კვირებსა და თვეებში გადაწყდება, განსაზღვრავს, ეკუთვნის საქართველო ევროპული ქვეყნების ოჯახს, რომელიც დაფუძნებულია დემოკრატიაზე, კანონის უზენაესობასა და ადამიანის უფლებებზე, თუ სამწუხაროდ, თავის ბნელ წარსულს დაუბრუნდება. ჩემი მთავარი გზავნილი ქართველი ხალხის მიმართ არის „ნუ დაკარგავთ იმედის“. ჩვენ არ უნდა დავუშვათ, რომ საქართველო და შესანიშნავი, თბილი, სტუმართმოყვარე ქართველი ხალხი დაბრუნდეს ძალადობის, სამოქალაქო ომის, სიღარიბის, გაჭირვების, კორუფციის ბნელ დროში. ეს არ არის ის მომავალი, რომელსაც ისინი იმსახურებენ.როგორც კი ხელისუფლება გამოთქვამს ჩვენთან თანამშრომლობის სურვილს, ჩვენ ყველაფერს გავაკეთებთ იმისათვის, რომ დავეხმაროთ საქართველოს გახდეს ევროკავშირის წევრი“, - განაცხადა ჰერჩინსკიმ, რომლის ციტატასაც „ნეტგაზეთი“ ავრცელებს.","As a reminder, the EU Ambassador to Georgia, Paweł Herczyński, noted at the European External Action Service in Brussels—where the documentary photo exhibition ""Georgia in Focus"" opened—that Georgia is no longer on the right trajectory. According to the Ambassador, ""The government has chosen an alternative model of authoritarianism and is distancing Georgia from the European Union.""

""Georgia stands at a crossroads. Georgia's future has not yet been written, but what is decided in the coming weeks and months will determine whether Georgia belongs to the family of European nations based on democracy, the rule of law, and human rights, or if it will, unfortunately, return to its dark past. My main message to the Georgian people is: 'Do not lose hope.' We must not allow Georgia and the wonderful, warm, hospitable Georgian people to return to the dark times of violence, civil war, poverty, hardship, and corruption. This is not the future they deserve. As soon as the government expresses a desire to cooperate with us, we will do everything to help Georgia become a member of the European Union,"" stated Herczyński, as quoted by *Netgazeti*."
09_ge_original_IPN_news.csv,"აღნიშნული განცხადების შემდეგ, ელჩი საგარეო უწყებაში დაიბარეს.","Following the aforementioned statement, the ambassador was summoned to the Ministry of Foreign Affairs."
10_ge_original_IPN_news.csv,IPN_news10,"It appears that **""IPN_news10""** is an alphanumeric identifier or a filename (likely referring to Interpressnews, a Georgian news agency) rather than actual Georgian text.

If you have the Georgian content associated with this ID, please paste it here, and I will provide a professional translation for you while preserving the Markdown structure.

However, if you would like the identifier itself translated/formatted:

**IPN_news10** (or **IPN News 10**)"
10_ge_original_IPN_news.csv,IPN_news10a,"It appears that **IPN_news10a** is a reference code or identifier for a news item from the Georgian news agency **InterPressNews (IPN)**.

To provide an accurate translation, please provide the actual Georgian text associated with this code.

If you intended for me to translate the identifier itself:

**IPN_news10a** (InterPressNews_news10a)"
10_ge_original_IPN_news.csv,"შალვა პაპუაშვილი - ზოგიერთი ევროპელი ბიუროკრატი გეოგრაფიაში ვერ ერკვევა, ჰგონია, რომ საქართველოს შეიძლება თავზე გადაახტე და ევროპა აზიას დააკავშირო - გეოგრაფიასთან ჭიდილი ჯერ არავის მოუგია (06.05.2026, 17:39)","**Shalva Papuashvili – Some European bureaucrats are not well-versed in geography; they think they can bypass Georgia and connect Europe to Asia—no one has ever won a struggle against geography (06.05.2026, 17:39)**"
10_ge_original_IPN_news.csv,"ზოგიერთ ევროპელ ბიუროკრატს ჰგონია, რომ საქართველოს შეიძლება თავზე გადაახტე და ევროპა აზიას ისე დააკავშირო - გეოგრაფიასთან ჭიდილი ჯერ არავის მოუგია! - ამის შესახებ დღეს პარლამენტის თავმჯდომარემ შალვა პაპუაშვილმა განაცხადა.","""Some European bureaucrats think that you can bypass Georgia and connect Europe to Asia in such a way—no one has yet won a struggle against geography!—the Speaker of Parliament, Shalva Papuashvili, stated today."""
10_ge_original_IPN_news.csv,"პაპუაშვილის თქმით, “ის ბიუროკრატები, რომლებიც ფიქრობენ, რომ საქართველოს გვერდის ავლით და საქართველოს ვერ დანახვით რაიმეს შეძლებენ, გეოგრაფიასთან კიდევ ერთხელ დამარცხდებიან“.","According to Papuashvili, “those bureaucrats who think they can achieve anything by bypassing or ignoring Georgia will once again be defeated by geography.”"
10_ge_original_IPN_news.csv,"“საუკუნეები ასეა - აბრეშუმის გზამ აქ ტყუილად კი არ გაიარა... გაიარა იმიტომ, რომ მაშინაც, ისევე როგორც ახლა, ეს იყო ყველაზე მოკლე და ყველაზე უსაფრთხო დამაკავშირებელი გზა ევროპასა და აზიას შორის. ზოგიერთი ბიუროკრატი გეოგრაფიაში ვერ ერკვევა. როგორც ამის წინ ერთ-ერთ სიუჟეტში ვნახეთ, მათ შორის საფრანგეთის ევროპის საქმეთა მინისტრმა ირანი რუკაზე ვერ მოძებნა. ასევე ვერ მოძებნიან ხოლმე თუ სად არის საქართველო. ზოგიერთ ევროპელ ბიუროკრატს ჰგონია, რომ საქართველოს შეიძლება თავზე გადაახტე და ევროპა აზიას ისე დააკავშირო - გეოგრაფიასთან ჭიდილი ჯერ არავის მოუგია“, - განაცხადა შალვა პაპუაშვილმა.","“It has been this way for centuries—the Silk Road did not pass through here by chance... It passed through because then, as now, it was the shortest and safest route connecting Europe and Asia. Some bureaucrats are poorly versed in geography. As we saw in a recent report, even the French Minister for Europe could not locate Iran on a map. Likewise, they often fail to find where Georgia is. Some European bureaucrats think they can simply bypass Georgia to connect Europe and Asia—but no one has ever won a battle against geography,” stated Shalva Papuashvili."
10_ge_original_IPN_news.csv,IPN_news10b,**IPN_news10b**
10_ge_original_IPN_news.csv,"შალვა პაპუაშვილი - ევროპარლამენტის სახით გვყავს საბჭოთა კავშირის სახალხო დეპუტატთა ყრილობის რეინკარნაცია, ხოლო ჩვენ ვფიქრობთ ევროპულად, როგორც დემოკრატიული ქვეყანა, ჩვენს შორის არის ღირებულებითი უფსკრული (06.05.2026,  17:46)","**Shalva Papuashvili - In the European Parliament, we have a reincarnation of the Congress of People's Deputies of the Soviet Union, while we think in a European way, as a democratic country; there is a value gap between us (06.05.2026, 17:46)**"
10_ge_original_IPN_news.csv,"ევროპარლამენტის სახით ჩვენ გვყავს საბჭოთა კავშირის სახალხო დეპუტატთა ყრილობის რეინკარნაცია. ჩვენს შორის არის ღირებულებითი უფსკრული. საბჭოთა მენტალიტეტის მქონე ადამიანებთან, გორბაჩოვის თანამებრძოლებთან და ფაშისტური განცხადებებით გამორჩეულ ხალხთან ქართველ ხალხს არაფერი საერთო არ აქვს, - ამის შესახებ პარლამენტის თავმჯდომარემ, შალვა პაპუაშვილმა ჟურნალისტებს ევროპარლამენტის საგარეო საქმეთა კომიტეტის მიერ საქართველოს შესახებ მიღებულ ანგარიშზე დასმული კითხვის საპასუხოდ განუცხადა.","""In the European Parliament, we have a reincarnation of the Congress of People's Deputies of the Soviet Union. There is a value gap between us. The Georgian people have nothing in common with individuals possessing a Soviet mentality, Gorbachev's associates, and people distinguished by their fascist statements,"" stated the Speaker of the Parliament, Shalva Papuashvili, in response to a journalist's question regarding the report on Georgia adopted by the European Parliament's Committee on Foreign Affairs."
10_ge_original_IPN_news.csv,"როგორც პაპუაშვილმა აღნიშნა, ევროპარლამენტთან ქართულ მხარეს სულ უფრო ნაკლები სასაუბრო რჩება.","As Papuashvili noted, the Georgian side has less and less to discuss with the European Parliament."
10_ge_original_IPN_news.csv,"“ჩვენ ვხედავთ, რომ ამ ხალხთან სასაუბრო სულ უფრო ნაკლები და ნაკლები გვრჩება. ჩვენ ვართ ღირებულებით ორ განსხვავებულ პოლუსზე. ევროპარლამენტის სახით ჩვენ გვყავს საბჭოთა კავშირის სახალხო დეპუტატთა ყრილობის რეინკარნაცია, ამ სიტყვის სრული მნიშვნელობით, ყველაფრით - ესთეტიკით, რასა იუკნევიჩიანეს რუსული აქცენტით, აბსოლუტურად ყველაფრით სრული რეინკარნაცია არის უკვე სახალხო დეპუტატთა ყრილობის, ხოლო ჩვენ ვფიქრობთ ევროპულად, ჩვენ ვფიქრობთ, როგორც დემოკრატიული ქვეყანა, ასე რომ, ჩვენს შორის არის ღირებულებითი უფსკრული. ის რაღაც ღირებულებითი აჯაფსანდალი, რომელიც დღეს ევროპარლამენტში ხდება, ამასთან ჩვენ საერთო არაფერი არ გვაქვს და ვერც გვექნება.","""We see that we have less and less to talk about with these people. We are at two different poles in terms of values. In the form of the European Parliament, we have a reincarnation of the Soviet Union's Congress of People's Deputies, in the full sense of the word, in every way—the aesthetics, Rasa Juknevičienė’s Russian accent, absolutely everything; it is already a complete reincarnation of the Congress of People’s Deputies. Meanwhile, we think in a European way, we think like a democratic country; thus, there is a value gap between us. We have nothing in common, nor can we ever have anything in common, with that 'value hodgepodge' currently taking place in the European Parliament."""
10_ge_original_IPN_news.csv,"ევროკავშირის ეს ინსტიტუცია უნდა შეიცვალოს თვისებრივად იმისთვის, რომ საქართველოს პარლამენტსა და საქართველოს შეეძლოს მასთან რაიმე სახის ურთიერთობა. საბჭოთა მენტალიტეტის მქონე ადამიანებთან, გორბაჩოვის თანამებრძოლებთან და ფაშისტური განცხადებებით გამორჩეულ ხალხთან ქართველ ხალხს არაფერი საერთო არ აქვს”, - განაცხადა პაპუაშვილმა.","“This EU institution must change qualitatively in order for the Parliament of Georgia and Georgia to be able to have any kind of relationship with it. The Georgian people have nothing in common with people of Soviet mentality, Gorbachev's associates, and people distinguished by fascist statements,” Papuashvili stated."
10_ge_original_IPN_news.csv,IPN_news10c,"It appears you have provided a reference identifier (**IPN_news10c**) rather than the actual Georgian text. This ID is commonly associated with specific news items from the Interpressnews (IPN) agency in translation datasets.

If you are referring to the text typically linked to this ID, here is the translation:

**Georgian:**
საქართველოს პრეზიდენტი მიხეილ სააკაშვილი დღეს, 15:00 საათზე, ეროვნულ ბიბლიოთეკაში ყოველწლიური მოხსენებით წარსდგება.

**English:**
The President of Georgia, Mikheil Saakashvili, will deliver his annual report at the National Library today at 15:00.

***

If you have a different piece of Georgian content you would like translated, please provide the full text, and I will be happy to assist you while preserving your formatting."
10_ge_original_IPN_news.csv,"შალვა პაპუაშვილი - ზელენსკის საქართველოს პრემიერ-მინისტრი სანქცირებულთა სიაში ჰყავს შეყვანილი და ახლა მასთან მისვლა და გასაუბრება მოუწია - ეს მეტყველებს, რამდენად მცდარი იყო უკრაინის ხელისუფლების პოლიტიკა ქართველი ხალხის მიმართ (05.05.2026, 14:59)","Shalva Papuashvili - Zelensky has the Prime Minister of Georgia on the list of sanctioned individuals and now he had to approach and speak with him - this demonstrates how erroneous the Ukrainian government's policy was toward the Georgian people (05.05.2026, 14:59)"
10_ge_original_IPN_news.csv,"ვფიქრობ, ინიციატივა, რომელიც გამოიჩინა პრეზიდენტმა ზელენსკიმ, რომ გასაუბრებოდა საქართველოს პრემიერ-მინისტრს, აჩვენებს, რომ ნებისმიერი პოლიტიკა, რომელიც თავშივე არის უსამართლო, განწირულია მარცხისთვის,- ამის შესახებ საქართველოს პარლამენტის თავმჯდომარემ შალვა პაპუაშვილმა განაცხადა.","""I believe that the initiative shown by President Zelenskyy to speak with the Prime Minister of Georgia demonstrates that any policy that is inherently unjust is doomed to failure,"" stated the Chairman of the Parliament of Georgia, Shalva Papuashvili."
10_ge_original_IPN_news.csv,"მისი თქმით, უკრაინის პრეზიდენტს საქართველოს პრემიერ-მინისტრი კობახიძე სანქცირებულთა სიაში ჰყავს შეყვანილი და ახლა მასთან მისვლა და გასაუბრება მოუწია.","According to him, the President of Ukraine has included Georgian Prime Minister Kobakhidze on the sanctions list, and now he had to approach him and speak with him."
10_ge_original_IPN_news.csv,"„ვფიქრობ, ეს თავად მეტყველებს იმაზე, თუ რამდენად მცდარი იყო უკრაინის ხელისუფლების პოლიტიკა ქართველი ხალხის მიმართ და იმედს მიჩენს, რომ ეს არის ნიშანი გადააზრებისა, რომ ქართველი ხალხის წინააღმდეგ მოქმედებას შედეგი არ გამოაქვს და ფსონის დადება იმ ძალებზე, რომლებიც ქართველი ხალხის ღალატით არიან ნაკვები, კარგ შედეგს არ მოუტანს. კიდევ ერთხელ, ჩვენ ყოველთვის ვამბობდით და არა მხოლოდ უკრაინასთან მიმართებით, არამედ ყველა იმ ქვეყანასთან და ხელისუფლებასთან მიმართებით, რომელიც საქართველოს მოსახლეობის მიმართ სხვადასხვა სახის უსამართლო პოლიტიკით არის დაკავებული, რომ ჩვენ ვრჩებით ცალმხრივი მეგობრობის ფორმატში, რაც გულისხმობს იმას, რომ ჩვენ ამ ურთიერთობებში ვართ მართლები. ვინც არასწორი ნაბიჯი გადადგა საქართველოსთან დაკავშირებით, საბოლოო ჯამში, იმედია, რომ გააცნობიერებს საკუთარი ნაბიჯის სიმცდარეს. ჩვენ ყოველთვის მზად ვართ, რომ გადავიაზროთ ყველა ეს ურთიერთობა.","""I believe this speaks for itself regarding how erroneous the Ukrainian government's policy toward the Georgian people has been, and it gives me hope that this is a sign of reconsideration—that acting against the Georgian people yields no results, and that betting on forces fueled by the betrayal of the Georgian people will not lead to a positive outcome. Once again, we have always maintained—not only regarding Ukraine but in relation to every country and government engaged in various forms of unjust policies toward the Georgian population—that we remain in a format of 'one-sided friendship,' which implies that we are in the right within these relationships. Ultimately, I hope that whoever took a wrong step regarding Georgia will realize the error of their actions. We are always ready to re-evaluate all these relationships."""
10_ge_original_IPN_news.csv,"4 წელზე მეტია უკრაინის ხელისუფლებისგან, სამწუხაროდ, ვხედავთ პოლიტიკას, რომელიც არა თუ ქართველი ხალხის წინააღმდეგ არის მიმართული, უკრაინელის ხალხის ინტერესსაც არ ემსახურება. 4 წელია ვხედავთ, რომ ეს ურთიერთობა სწორედ უკრაინის ხელისუფლების გადაწყვეტილებით არის იმ წერტილზე მისული, სადაც არის. ჩვენ ამ ურთიერთობაში ყოველთვის ხაზს ვუსვამდით, რომ საქართველო და საქართველოს ხელისუფლება ყოველთვის მხარს ვუჭერდით უკრაინელ ხალხს და უკრაინას, არ არსებობს რეზოლუცია რომელსაც ჩვენ მხარი არ დავუჭირეთ. თუკი ვინმეს აქვს ნაბიჯი გადასადგმელი და გამოსასწორებელი, ეს არის უკრაინის ხელისუფლება.","For more than four years, we have unfortunately seen a policy from the Ukrainian government that is not only directed against the Georgian people but also fails to serve the interests of the Ukrainian people. For four years, we have seen that this relationship has reached its current point precisely due to the decisions made by the Ukrainian government. In this relationship, we have always emphasized that Georgia and the Georgian government have consistently supported the Ukrainian people and Ukraine; there is not a single resolution that we have not supported. If anyone needs to take a step forward and rectify the situation, it is the Ukrainian government."
10_ge_original_IPN_news.csv,"როდესაც შენი ქვეყნის და ხალხის გვერდში მდგომ ხელისუფლების წარმომადგენლებს უწესებ სანქციებს, ეს არის ყველაფერი, გარდა მადლიერების გამოხატვისა. რაც შეეხება სხვა ქცევებს, ყველა ჩვენგანი ვიყავით ამ ყველაფრის მომსწრე, ჩვენი თვალით ვნახეთ და ჩვენი ყურით მოვისმინეთ, როდესაც პრეზიდენტმა ზელენსკიმ პირდაპირ მოითხოვა, რომ საქართველოს ხელისუფლებას მებრძოლები დაეორგანიზებინა და გაეშვა უკრაინაში საომრად და ამით ღიად ჩართულიყო, როგორც მხარე, რუსეთ-უკრაინის ომში. ამას ქართულად ჰქვია „ომში ჩათრევა“, არ ვიცი უკრაინულად რას ეძახიან.“- განაცხადა პაპუაშვილმა.","""When you impose sanctions on government representatives who stand by your country and people, it is anything but an expression of gratitude. As for other actions, we have all witnessed this; we saw it with our own eyes and heard it with our own ears when President Zelenskyy directly demanded that the Georgian government organize fighters and send them to Ukraine to fight, thereby openly involving Georgia as a party in the Russia-Ukraine war. In Georgian, this is called 'being dragged into war'; I don't know what they call it in Ukrainian,"" Papuashvili stated."
10_ge_original_IPN_news.csv,IPN_news10d,"Since the provided text **""IPN_news10d""** appears to be a technical identifier, filename, or a code (where **IPN** refers to the Georgian news agency *InterPressNews*), it remains the same in English.

**IPN_news10d**

***

**Note on components:**
*   **IPN**: InterPressNews (Georgian: ინტერპრესნიუსი)
*   **news**: News (Georgian: ახალი ამბები)
*   **10d**: Likely refers to ""10 days"" or ""December 10th""."
10_ge_original_IPN_news.csv,"შალვა პაპუაშვილი - სიმბოლურია, რომ 9 მაისამდე რამდენიმე დღით ადრე, იუკნევიჩიანე, რომელიც ფაშისტური განცხადებებით გამოირჩევა, რეზოლუციის ავტორია - ევროპარლამენტი თავს აჩენს, როგორც მემკვიდრე საბჭოთა კავშირის სახალხო ყრილობისა (05.05.2026, 14:52)","**Shalva Papuashvili - It is symbolic that a few days before May 9th, Juknevičienė, who is distinguished by fascist statements, is the author of the resolution - the European Parliament is presenting itself as the successor to the Congress of People's Deputies of the Soviet Union (05.05.2026, 14:52)**"
10_ge_original_IPN_news.csv,"რამდენიმე დღეში გვექნება კიდევ ერთი აღნიშვნა ფაშიზმზე გამარჯვების დღისა და სიმბოლურია, რომ 9 მაისამდე რამდენიმე დღით ადრე, იუკნევიჩიანე, რომელიც გამოირჩევა ფაშისტური განცხადებებით ქართველი ხალხის მიმართ, ამ რეზოლუციის ავტორია,- ამის შესახებ საქართველოს პარლამენტის თავმჯდომარემ, შალვა პაპუაშვილმა განაცხადა.","""In a few days, we will have another celebration of Victory Day over Fascism, and it is symbolic that a few days before May 9, Juknevičienė, who is distinguished by her fascist statements toward the Georgian people, is the author of this resolution,"" stated the Chairman of the Parliament of Georgia, Shalva Papuashvili."
10_ge_original_IPN_news.csv,"როგორც პაპუაშვილმა ევროპარლამენტის საგარეო საქმეთა კომიტეტის მიერ საქართველოს შესახებ მიღებულ ანგარიშზე დასმული კითხვის საპასუხოდ აღნიშნა, კიდევ ერთხელ ადასტურებს ევროპარლამენტი, რომ დღითიდღე თავს იმკვიდრებს როგორც „საბჭოთა კავშირის საკავშირო სახალხო დეპუტატთა ყრილობის მემკვიდრე“.","As Papuashvili noted in response to a question regarding the report on Georgia adopted by the European Parliament's Foreign Affairs Committee, the European Parliament confirms once again that day by day it is establishing itself as the ""successor to the Congress of People's Deputies of the Soviet Union."""
10_ge_original_IPN_news.csv,"„რაც შეეხება ქართველი ხალხის მიმართ მორიგ მტრულ ანგარიშს, თუ რეზოლუციას, რაც მზადდება, ამაში ახალი არაფერია. კიდევ ერთხელ ადასტურებს ევროპარლამენტი, რომ დღითიდღე თავს იმკვიდრებს როგორც საბჭოთა კავშირის საკავშირო სახალხო დეპუტატთა ყრილობის მემკვიდრე. თავს აჩენს, როგორც მემკვიდრე საბჭოთა კავშირის სახალხო ყრილობისა. რაც გასაკვირი არაა იმის გათვალისწინებით, რომ ვხედავთ საბჭოთა მოქალაქეებს ევროპარლამენტის რიგებში, საბჭოთა ნომენკლატურის თუ ელიტის წარმომადგენლებს, რომლებიც ევროპარლამენტში არიან მოკალათებულები. ვგულისხმობ ბალტიის ქვეყნების და აღმოსავლეთ ევროპის ზოგი ქვეყნის წარმომადგენელს. როგორც მოსკოვის საკავშირო ყრილობა იღებდა მტრულ გადაწყვეტილებებს საქართველოსთან დაკავშირებით, ასევე ბრიუსელის საკავშირო პარლამენტი იღებს დღეს ამგვარ მტრულ გადაწყვეტილებებს.","""As for the next hostile report or resolution being prepared against the Georgian people, there is nothing new in this. The European Parliament confirms once again that, day by day, it is establishing itself as the successor to the Congress of People's Deputies of the Soviet Union. It presents itself as the successor to the Soviet Union's People's Congress. This is not surprising, considering that we see Soviet citizens in the ranks of the European Parliament—representatives of the Soviet nomenklatura or elite who are ensconced in the European Parliament. I am referring to representatives of the Baltic states and some Eastern European countries. Just as the Moscow Union Congress used to make hostile decisions regarding Georgia, the Brussels 'Union Parliament' is making such hostile decisions today."""
10_ge_original_IPN_news.csv,"ამ რეზოლუციის ანგარიშის ავტორი არის იუკნევიჩიანე, რომელიც გამოირჩევა ფაშისტური განცხადებებით ქართველი ხალხის მიმართ, რაც ნიშანდობლივია. რამდენიმე დღეში გვექნება კიდევ ერთი აღნიშვნა ფაშიზმზე გამარჯვების დღისა და სიმბოლურია, რომ 9 მაისამდე რამდენიმე დღით ადრე, ადამიანი, იუკნევიჩიანე, რომელიც გამოირჩევა ფაშისტური განცხადებებით ქართველი ხალხის მიმართ, ამ რეზოლუციის ავტორია.“,- აღნიშნავს პაპუაშვილი.","“The author of the report for this resolution is Juknevičienė, who is distinguished by her fascist statements toward the Georgian people, which is telling. In a few days, we will have another celebration of Victory Day over Fascism, and it is symbolic that just a few days before May 9, the person—Juknevičienė—who is distinguished by fascist statements toward the Georgian people, is the author of this resolution,” Papuashvili notes."
10_ge_original_IPN_news.csv,"გარდა ამისა, პაპუაშვილის თქმით, „ბრიუსელი და უცხოური დაფინანსებაა სწორედ ის, ვინც საქართველოში კლავს თავისუფალ მედიას, იმორჩილებს მედიას საკუთარი პროპაგანდისთვის“.","Furthermore, according to Papuashvili, ""it is precisely Brussels and foreign funding that is killing free media in Georgia and subordinating the media for its own propaganda."""
10_ge_original_IPN_news.csv,"რაც შეეხება უვიზო მიმოსვლის გადახედვასთან დაკავშირებულ კითხვას, გრძნობს თუ არა აღნიშნულზე პასუხისმგებლობას „ქართული ოცნება“. პარლამენტის თავმჯდომარის თქმით, „მიხეილ სააკაშვილის ფანკლუბი დაემუქრება ქართველ ხალხს სხვადასხვა ინსტრუმენტებით“.","Regarding the question about the revision of the visa-free regime and whether ""Georgian Dream"" feels responsible for it, according to the Speaker of the Parliament, ""Mikheil Saakashvili's fan club will threaten the Georgian people with various instruments."""
10_ge_original_IPN_news.csv,"„ევროპარლამენტს რაც შეეხება, მიხეილ სააკაშვილის ფანკლუბი ნუ დაგველაპარაკება ჩვენ რაიმე ღირებულებაზე, რაიმე წესებზე, რაიმე კანონზე, ესენი არიან მიხეილ სააკაშვილის ფანკლუბი და ამით ყველაფერია ნათქვამი.","""As for the European Parliament, Mikheil Saakashvili's fan club should not lecture us on any values, any rules, or any laws; they are Mikheil Saakashvili's fan club, and that says it all."""
10_ge_original_IPN_news.csv,"როდესაც ხარ დიქტატორის, მწამებლის, კორუმპირებული ადამიანის ფანკლუბის წევრი, ეს არის განაჩენი.","When you are a member of the fan club of a dictator, a torturer, and a corrupt person, it is a verdict."
10_ge_original_IPN_news.csv,"გასაგებია, რომ მიხეილ სააკაშვილის ფანკლუბი დაემუქრება ქართველ ხალხს სხვადასხვა ინსტრუმენტებით. ამაში გასაკვირი არაფერია. როგორც სხვა დროს ცდილობდნენ, რომ დაგვაზიანონ, საბოლოო ჯამში ამას ვერ მიიღებენ. მთავარ რამეს ვერ მიიღებენ, ქართველმა ხალხმა იმოქმედოს მათი პოლიტიკური დღის წესრიგით.","It is understandable that Mikheil Saakashvili's fan club will threaten the Georgian people with various instruments. There is nothing surprising in this. Just as they have tried to harm us at other times, they will ultimately not succeed. They will not achieve their main goal: to have the Georgian people act according to their political agenda."
10_ge_original_IPN_news.csv,"არც ქართული ჟურნალისტიკა აინტერესებთ, არც ქართველი ხალხის კარგად ყოფნა, ერთადერთი, რაც იუკნევიჩიანეს და მსგავს აკვიატებული აზრების მქონე ადამიანებს აინტერესებთ, არის რომ საქართველო გამოიყენონ იარაღად რუსეთის წინააღმდეგ. ჩვენ ვართ დანახული, როგორც იარაღი რუსეთის წინააღმდეგ, ისინი სხვა დანიშნულებას ჩვენ ხალხში ვერ ხედავენ“, -განაცხადა შალვა პაპუაშვილმა.","""They care neither about Georgian journalism nor the well-being of the Georgian people. The only thing that Juknevičienė and people with similar fixations are interested in is using Georgia as a weapon against Russia. We are seen as a weapon against Russia; they see no other purpose for our people,"" stated Shalva Papuashvili."
10_ge_original_IPN_news.csv,IPN_news10e,"It appears that **IPN_news10e** is a reference code, identifier, or filename (likely referring to an article from the Georgian news agency **Interpressnews**) rather than Georgian language text itself.

As a professional translator, I have kept the identifier in its original format. If you have the actual Georgian text associated with this code, please provide it, and I will translate it for you while preserving the Markdown structure.

**Translation:**
IPN_news10e"
10_ge_original_IPN_news.csv,"შალვა პაპუაშვილი - დღევანდელი მოშლილი საერთაშორისო სისტემა გეოპოლიტიკური დაძაბულობით, ეკონომიკური გაურკვევლობითა და უსაფრთხოების დინამიკის ცვალებადობით ხასიათდება. (07.05.2026, 13:57)","Shalva Papuashvili - Today's disrupted international system is characterized by geopolitical tensions, economic uncertainty, and shifting security dynamics. (07.05.2026, 13:57)"
10_ge_original_IPN_news.csv,"ჩემთვის დიდი პატივია, მონაწილეობა მივიღო საპარლამენტო დიპლომატიის შესახებ დისკუსიაში PAM-ის წევრი და პარტნიორი ქვეყნების პარლამენტების თავმჯდომარეებისა და პრეზიდენტების პირველი სამიტის ფარგლებში. საქართველოს ისტორიული კავშირები ხმელთაშუა ზღვის რეგიონთან ათასწლეულებს ითვლის და მოხარულები ვართ, რომ ვაგრძელებთ ამ ტრადიციას მას შემდეგ, რაც 35 წლის წინ ოფიციალურად მოვიპოვეთ დამოუკიდებლობა, - ამის შესახებ საქართველოს პარლამენტის თავმჯდომარემ შალვა პაპუაშვილმა, ხმელთაშუა ზღვის საპარლამენტო ასამბლეის (PAM) წევრი და პარტნიორი ქვეყნების პარლამენტების თავმჯდომარეების რიგით პირველ სამიტზე სიტყვით გამოსვლისას განაცხადა.","""It is a great honor for me to participate in the discussion on parliamentary diplomacy within the framework of the first Summit of Speakers and Presidents of Parliaments of PAM member and partner countries. Georgia's historical ties with the Mediterranean region span millennia, and we are pleased to continue this tradition since officially regaining our independence 35 years ago,"" stated the Speaker of the Parliament of Georgia, Shalva Papuashvili, during his speech at the first Summit of Speakers of Parliaments of Member and Partner Countries of the Parliamentary Assembly of the Mediterranean (PAM)."
10_ge_original_IPN_news.csv,"როგორც შალვა პაპუაშვილმა აღნიშნა, დღევანდელი მოშლილი საერთაშორისო სისტემა გეოპოლიტიკური დაძაბულობით, ეკონომიკური გაურკვევლობითა და უსაფრთხოების დინამიკის ცვალებადობით ხასიათდება.","As Shalva Papuashvili noted, today’s disrupted international system is characterized by geopolitical tensions, economic uncertainty, and shifting security dynamics."
10_ge_original_IPN_news.csv,"მისი თქმით, საზოგადოება არის წესებზე დაფუძნებული საერთაშორისო წესრიგის ჩამოშლის მოწმენი, რაც საგანგაშო პროცესია და ეჭვქვეშ აყენებს სახელმწიფოებს შორის სტაბილურობის, თანამშრომლობისა და ნდობის საფუძვლებს.","According to him, society is witnessing the collapse of the rules-based international order, which is an alarming process that calls into question the foundations of stability, cooperation, and trust between states."
10_ge_original_IPN_news.csv,"„განსაკუთრებული პატივია თქვენ წინაშე გამოსვლა PABSEC-ის პრეზიდენტის პოზიციიდან, რაც მაძლევს შესაძლებლობას, გავაჟღერო შავი ზღვის რეგიონის ქვეყნების პარლამენტარების ხმა. დღესდღეობით ჩვენი რეგიონი მსოფლიო არასტაბილურობის ეპიცენტრშია - მიმდინარეობს რუსეთ-უკრაინის ომი, რომელიც უკვე ოთხ წელზე მეტ ხანს გრძელდება.","""It is a distinct honor to address you as the President of PABSEC, which affords me the opportunity to represent the voice of parliamentarians from the Black Sea region countries. Today, our region stands at the epicenter of global instability—the ongoing Russia-Ukraine war has now lasted for more than four years."""
10_ge_original_IPN_news.csv,"როგორ შეუძლია საპარლამენტო დიპლომატიას, ხელი შეუწყოს რეგიონულ მშვიდობასა და რეგიონთაშორის თანამშრომლობას? მაშინ, როდესაც გლობალური ორგანიზაციები ვერ ახერხებენ შედეგების მიღწევას, რეგიონულ ფორმატებს ეძლევათ უნიკალური შესაძლებლობა, უკეთესობისკენ შეცვალონ რეალობა: ჩვენ გვაერთიანებს საერთო პრაგმატული ინტერესები, რომლებიც უშუალოდ ჩვენი მოსახლეობის მიერ არის ჩვენზე დელეგირებული, რადგან პარლამენტები პირდაპირ გამოხატავენ ხალხის ნებას.","How can parliamentary diplomacy promote regional peace and inter-regional cooperation? At a time when global organizations are failing to achieve results, regional formats are presented with a unique opportunity to change reality for the better: we are united by common pragmatic interests directly delegated to us by our populations, as parliaments are the direct expression of the people's will."
10_ge_original_IPN_news.csv,"შესაბამისად, რეგიონული გაერთიანებები ქმნიან ჩარჩოს, რომლის საშუალებითაც მეზობელ ქვეყნებს შეუძლიათ აწარმოონ დიალოგი, განიხილონ საერთო გამოწვევები და პრაქტიკულ გადაწყვეტილებებს მიაღწიონ. ხმელთაშუა ზღვის, შავი ზღვისა და ყურის რეგიონები ერთმანეთთან დაკავშირებული სივრცეებია, სადაც გაძლიერებულ თანამშრომლობას შეუძლია ხელშესახები შედეგების მოტანა. გაძლიერებული საპარლამენტო გაცვლები შესაძლოა სტაბილურობის, ინოვაციებისა და მდგრადი განვითარების ხიდად იქცეს. ეს კავშირები მშვიდობას დამატებით შანსებს მისცემს.","Accordingly, regional associations create a framework through which neighboring countries can engage in dialogue, discuss common challenges, and reach practical solutions. The Mediterranean, Black Sea, and Gulf regions are interconnected spaces where strengthened cooperation can yield tangible results. Enhanced parliamentary exchanges could serve as a bridge for stability, innovation, and sustainable development. These connections will provide additional opportunities for peace."
10_ge_original_IPN_news.csv,რეგიონთაშორისი თანამშრომლობის რომელი მთავარი მიმართულებები შეგვიძლია გამოვყოთ მშვიდობისა და სტაბილურობის მისაღწევად?,What are the key areas of interregional cooperation that can be identified to achieve peace and stability?
10_ge_original_IPN_news.csv,"დაკავშირებადობა ამ თანამშრომლობაში ცენტრალურ ადგილს იკავებს. სტრატეგიული სატრანზიტო მარშრუტების, მათ შორის შუა დერეფნის განვითარება, ევროპასა და აზიას შორის ვაჭრობასა და ეკონომიკურ ურთიერთობებს ახლებურად აყალიბებს. ეს დერეფნები თანამშრომლობის არხებია, რომლებიც ჩვენს რეგიონებს აახლოებს და გლობალური მიწოდების ჯაჭვების მოწყვლადობას ამცირებს. დაკავშირებადების საკითხი მჭიდროდ არის დაკავშირებული ენერგეტიკულ უსაფრთხოებასთან, რომელიც ჩვენი საერთო მომავლისთვის გადამწყვეტ თემად იქცა. ენერგიის წყაროებისა და მარშრუტების დივერსიფიკაცია აუცილებელია სტაბილურობისა და მედეგობის უზრუნველსაყოფად, განსაკუთრებით ევროპისთვის. ალტერნატიულ ენერგორესურსებსა და ინფრასტრუქტურაზე თანამშრომლობის გაძლიერებით, ჩვენ ხელს შევუწყობთ ეკონომიკურ ზრდას და უფრო უსაფრთხო და მდგრად ენერგეტიკულ გარემოს შევქმნით“, - განაცხადა შალვა პაპუაშვილმა.","“Connectivity occupies a central place in this cooperation. The development of strategic transit routes, including the Middle Corridor, is reshaping trade and economic relations between Europe and Asia. These corridors are channels of cooperation that bring our regions closer and reduce the vulnerability of global supply chains. The issue of connectivity is closely linked to energy security, which has become a crucial theme for our common future. Diversification of energy sources and routes is essential to ensure stability and resilience, especially for Europe. By strengthening cooperation on alternative energy resources and infrastructure, we will promote economic growth and create a more secure and sustainable energy environment,” stated Shalva Papuashvili."
10_ge_original_IPN_news.csv,IPN_news10f,IPN_news10f
10_ge_original_IPN_news.csv,"შალვა პაპუაშვილი პაველ ჰერჩინსკის წერილით მიმართავს (08.05.2026, 10:34)","Shalva Papuashvili addresses Pawel Herczynski with a letter (08.05.2026, 10:34)"
10_ge_original_IPN_news.csv,"საქართველოს პარლამენტის თავმჯდომარე შალვა პაპუაშვილი ევროკავშირის ელჩს, პაველ ჰერჩინსკის წერილით მიმართავს.","The Speaker of the Parliament of Georgia, Shalva Papuashvili, addresses the EU Ambassador, Pawel Herczynski, with a letter."
10_ge_original_IPN_news.csv,"პაპუაშვილი წერილს სოციალურ ქსელში ავრცელებს და წერს, რომ ჰერჩინსკის ევროპის დღესთან დაკავშირებით მიმართავს.","Papuashvili is publishing a letter on social media, writing that he is addressing Herczynski regarding Europe Day."
10_ge_original_IPN_news.csv,"„გილოცავთ ევროპის დღეს. ამ მნიშვნელოვან დღეს, სიმბოლური აღნიშვნის გარდა, უნდა დავფიქრდეთ იმაზე, თუ რეალურად რა არის ევროპა, როგორ აისახება მისი მნიშვნელობა მოქალაქეთა ცხოვრებაზე და როგორ განაპირობებს ის საქართველოსა და ევროკავშირის მომავალს.","""Happy Europe Day. On this important day, beyond the symbolic celebration, we should reflect on what Europe truly is, how its significance is reflected in the lives of citizens, and how it shapes the future of Georgia and the European Union."""
10_ge_original_IPN_news.csv,"რობერ შუმანმა, ევროკავშირის ერთ-ერთმა დამფუძნებელმა მამამ და დიდმა ფრანგმა სახელმწიფო მოღვაწემ, მისი ისტორიული განცხადება სწორედ ამ დღეს, მეორე მსოფლიო ომის დასრულების მეხუთე წლისთავზე, გააკეთა. „შუმანის დეკლარაციას“ საფუძვლად ედო ერთი უმთავრესი მიზანი: უზრუნველეყო, რომ ომს აღარასოდეს გაენადგურებინა ევროპა. დეკლარაციის სულისკვეთება მკაფიო იყო - მშვიდობა ერთიანობით, თანამშრომლობა ურთიერთპატივისცემით და სტაბილურობა პასუხისმგებლობის გაზიარებით. ევროკავშირის დღევანდელი პოლიტიკაც სწორედ ამ ხედვის ფონზე უნდა შეფასდეს.","Robert Schuman, one of the founding fathers of the European Union and a great French statesman, made his historic declaration on this very day, the fifth anniversary of the end of the Second World War. The ""Schuman Declaration"" was founded upon one primary objective: to ensure that war would never again devastate Europe. The spirit of the declaration was clear: peace through unity, cooperation through mutual respect, and stability through shared responsibility. Today's European Union policies must also be evaluated against the backdrop of this vision."
10_ge_original_IPN_news.csv,"რობერ შუმანისგან განსხვავებით, გასულ წელს, ევროპის დღეს, ქართველი ხალხისადმი თქვენს მიმართვაში, თქვენ არჩიეთ მეორე მსოფლიო ომის დასრულების წლისთავის უგულებელყოფა და, სანაცვლოდ, აქცენტი გააკეთეთ თქვენს პოლიტიკურ პრეტენზიებზე მასპინძელი ქვეყნის მიმართ. თუმცა, ალბათ ღირს შეხსენებად, რომ არა, სხვა ანტიფაშისტურ ერებთან ერთად, ქართველი ხალხის დღევანდელი თაობების მშობლები და პაპა-ბებიები, ვერც ფაშიზმი დამარცხდებოდა და არც ევროკავშირი და ევროპის დღე იარსებებდა. საქართველოში არ არსებობს ოჯახი, რომელმაც ამ ომში მსხვერპლი არ გაიღო. ევროპის დღის გამარჯვების დღისგან გამიჯვნა ჩვენთვის მიუღებელია. ამიტომ, იმედი მაქვს, რომ 9 მაისს, თქვენს შეკრებაზე, სათანადო პატივს მიაგებთ 300,000 ქართველს, რომელმაც სიცოცხლე დადო ფაშიზმისაგან თავისუფალი ევროპისათვის.","Unlike Robert Schuman, in your address to the Georgian people on Europe Day last year, you chose to ignore the anniversary of the end of the Second World War and, instead, focused on your political grievances against the host country. However, it is perhaps worth reminding you that without the parents and grandparents of today's generations of Georgians, alongside other anti-fascist nations, fascism would not have been defeated, and neither the European Union nor Europe Day would exist today. In Georgia, there is not a single family that did not make a sacrifice in this war. The separation of Europe Day from Victory Day is unacceptable to us. Therefore, I hope that on May 9, at your gathering, you will pay proper tribute to the 300,000 Georgians who laid down their lives for a Europe free from fascism."
10_ge_original_IPN_news.csv,"„ევროპის ერთიანობა ვერ იქნა მიღწეული და ჩვენ მივიღეთ ომი“ - ევროკავშირის დღევანდელი ხელმძღვანელობის მოქმედებები აჩვენებს, რომ ის ვერ იაზრებს შუმანის დეკლარაციის ამ ფუძემდებლურ დასკვნას. ევროკავშირის მიმდინარე პოლიტიკა არ ტოვებს სხვაგვარი ახსნის სივრცეს, გარდა იმისა, რომ ის მიმართულია დაპირისპირების გაღრმავებისა და უთანხმოებების ზრდისკენ. ევროპარლამენტის უსამართლო და პოლიტიკურად მოტივირებული რეზოლუციები, პოლიტიკური და ეკონომიკური შურისძიების არაერთი მუქარა, საქართველოს შიდა საქმეებში მუდმივი ჩარევა - ეს მხოლოდ რამდენიმე მაგალითია იმ მიზანმიმართული მცდელობებისა, რომლებიც მიზნად ისახავს დაპირისპირების წაქეზებას როგორც საქართველოს შიგნით, ისე საქართველო-ევროკავშირის ურთიერთობაში. ნამდვილი ერთიანი ევროპა არის ის, რომელიც არა მხოლოდ მომავალ ომებს აღკვეთს, არამედ მიმდინარე კონფლიქტებსაც დაასრულებს. თუმცა, სამწუხაროდ, საქართველოს მიმართ ბრიუსელის პოლიტიკაში ქართველ ხალხსა და ევროკავშირს შორის ერთიანობის მიღწევის განზრახვა არსად იკვეთება.","""European unity was not achieved, and we got war"" – the actions of the current leadership of the European Union demonstrate that it fails to grasp this fundamental conclusion of the Schuman Declaration. The current policy of the European Union leaves no room for any other explanation than that it is aimed at deepening confrontation and fueling disagreements. 

The unfair and politically motivated resolutions of the European Parliament, numerous threats of political and economic retaliation, and constant interference in Georgia's internal affairs are just a few examples of deliberate efforts aimed at inciting confrontation both within Georgia and in Georgia-EU relations. A truly united Europe is one that not only prevents future wars but also brings current conflicts to an end. Unfortunately, however, no intention of achieving unity between the Georgian people and the European Union is evident in Brussels' policy toward Georgia."
10_ge_original_IPN_news.csv,"„ევროპა ერთ მომენტში ან ერთი გეგმით ვერ შეიქმნება“ - განაცხადა რობერ შუმანმა თავის ცნობილ დეკლარაციაში. სამწუხაროდ, დღესდღეობით ვხედავთ, რომ შუმანის ეს ბრძნული სიტყვები უგულებელყოფილია, ხოლო ევროკავშირის პოლიტიკა ვიწრო პოლიტიკური ინტერესებითა და ცრუ და ხელოვნურად შექმნილი იდეოლოგიების საფუძველზე ხორციელდება, რომლებიც უგულებელყოფენ ევროპის მოსახლეობის კულტურულ სიმდიდრეს, იდეოლოგიურ მრავალფეროვნებასა და პოლიტიკურ პლურალიზმს. ევროპული ინტეგრაციის გზაზე საქართველოსთვის პოლიტიკური და იდეოლოგიური ჩარჩოების დაწესების მცდელობაც ამ ვიწრო, უშედეგო და ზედაპირული პოლიტიკის კარგი მაგალითია.","""Europe will not be made all at once, or according to a single plan,"" Robert Schuman stated in his famous declaration. Unfortunately, today we see that Schuman's wise words are disregarded, while European Union policy is carried out based on narrow political interests and false, artificially created ideologies that ignore the cultural richness, ideological diversity, and political pluralism of the European population. The attempt to impose political and ideological frameworks on Georgia on its path toward European integration is a prime example of this narrow, futile, and superficial policy."
10_ge_original_IPN_news.csv,"ქართველი ხალხი არ საჭიროებს ევროპული გზისკენ მიმართულების ჩვენებას. საქართველო თავად არის ევროპული ცივილიზაციის თანაშემოქმედი და ამიტომ სადაც საქართველოა, იქ არის ევროპაც. ევროპული ინტეგრაცია არ უნდა ნიშნავდეს ბრიუსელის ერთპიროვნულ ბატონობას საქართველოზე, არამედ ის უნდა იყოს სხვა ევროპულ ერებთან ჩვენი ისტორიული კავშირების ჭეშმარიტი განმტკიცება, როგორც თანასწორი თანასწორთან.","The Georgian people do not need to be shown the direction toward the European path. Georgia itself is a co-creator of European civilization, and therefore, wherever Georgia is, there is Europe. European integration should not mean Brussels' unilateral dominance over Georgia; rather, it should be the genuine strengthening of our historical ties with other European nations, as equals among equals."
10_ge_original_IPN_news.csv,"ევროპის დღემ ისიც უნდა შეგვახსენოს, რომ ევროკავშირის ვერცერთი ხელმძღვანელობა ვერ გააუქმებს ისეთ ევროპულ იდეალებს, როგორებიცაა ეროვნული დამოუკიდებლობა, ქრისტიანული ღირებულებები და ცხოვრების ტრადიციული წესი, მხოლოდ იმიტომ, რომ მათ განსხვავებული იდეოლოგიური შეხედულებები აქვთ. სწორედ ევროკავშირის ამ დამფუძნებელ სულისკვეთებასთან შეუთავსებლობას ავლენენ ისინი, ვინც მეტისმეტად ერთობიან დემოკრატიულად არჩეული ხელისუფლებების წინააღმდეგ ე.წ. „რეჟიმის ცვლილების“ გეგმებით, აწესებენ ადამიანის ბუნებასთან შეუთავსებელ იდეოლოგიებს და ტრადიციებში არსებული განსხვავებების უგულებელყოფით, ცდილობენ ერთგვაროვანი ცხოვრების წესის დანერგვას.","Europe Day should also remind us that no leadership of the European Union can abolish European ideals such as national independence, Christian values, and the traditional way of life, simply because they hold different ideological views. It is precisely an incompatibility with this founding spirit of the European Union that is displayed by those who are overly preoccupied with plans for so-called ""regime change"" against democratically elected governments, impose ideologies incompatible with human nature, and attempt to establish a uniform way of life by disregarding existing traditional differences."
10_ge_original_IPN_news.csv,"„ქვანახშირისა და ფოლადის თანამეგობრობის“ შექმნის იდეა, რომელიც რობერ შუმანმა 1950 წლის 9 მაისს წარადგინა, მიზნად ისახავდა „ცხოვრების დონის ამაღლებას და მიღწევების შენარჩუნებას“. მას კარგად ესმოდა, რომ მშვიდობა საჭიროებს მყარ ეკონომიკურ ფუნდამენტს. სწორედ ამ იდეაზე იყო დაფუძნებული მთელი ევროპული პროექტი. თუმცა, დღეს ევროკავშირის ხელმძღვანელობას, როგორც ჩანს, ეს საბაზისო პრინციპიც დავიწყებული აქვს. სხვა რით უნდა აიხსნას, ყოველგვარი უსაფრთხოების გარანტიებისა და ეკონომიკური მხარდაჭერის შეთავაზების გარეშე, რუსეთის წინააღმდეგ ეკონომიკურ დაპირისპირებაში ჩართვის დაჟინებული მოწოდებები, რომელზე დაყოლაც გამოიწვევდა არა მხოლოდ საქართველოს ეკონომიკურ ნგრევას, არამედ რეგიონულ არასტაბილურობასაც, რაც ევროპას მნიშვნელოვანი ენერგორესურსებისა და გეოეკონომიკური მარშრუტების გარეშე დატოვებდა.","The idea of creating the ""Coal and Steel Community,"" presented by Robert Schuman on May 9, 1950, aimed at ""raising the standard of living and maintaining achievements."" He understood well that peace requires a solid economic foundation. The entire European project was founded on this very idea. However, today, the EU leadership seems to have forgotten even this fundamental principle. How else can one explain the persistent calls to engage in economic confrontation against Russia without offering any security guarantees or economic support—calls which, if followed, would lead not only to Georgia's economic ruin but also to regional instability, leaving Europe without vital energy resources and geoeconomic routes?"
10_ge_original_IPN_news.csv,"ევროპის დღის იდეაში ჩადებული საწყისი ევროპული მისწრაფებებიდან გადახვევამ ევროკავშირი მიიყვანა იმ მდგომარეობამდე, როდესაც საქართველოს მიმართ მისი პოლიტიკა დაყვანილია ძალადობის, სიძულვილის ენისა და რადიკალიზმის მხარდაჭერამდე. გასულ წელს, ორჯერ, წერილობით მოგმართეთ მოწოდებით, დაგეგმოთ სიძულვილის ენის და ძალადობის გახშირებული ფაქტები, თუმცა უშედეგოდ. ძალადობისა და რადიკალიზმის პოლიტიკურად მოტივირებული წაყრუების მძიმე შედეგები, ყველაზე კარგად, გასული წლის 4 ოქტომბერს გამოჩნდა, როდესაც ევროკავშირის პრესსპიკერის ცნობილი განცხადებით ძალადობისთვის რიტორიკული მწვანე შუქის ანთებამ, რადიკალური ჯგუფები, პრეზიდენტის სასახლის შტურმზე წაიყვანა. მას შემდეგ, უკვე შვიდ თვეზე მეტი ხნის განმავლობაში, არც ერთ ევროპელ მაღალჩინოსანს საჯაროდ არ დაუგმია გადატრიალების ეს მცდელობა, თითქოს, ძალადობრივი გადატრიალებები ევროპულ პოლიტიკაში ნორმალური პრაქტიკა იყოს.","The deviation from the initial European aspirations embedded in the concept of Europe Day has brought the European Union to a point where its policy toward Georgia has been reduced to the support of violence, hate speech, and radicalism. Last year, I addressed you in writing twice with a call to condemn the increasing instances of hate speech and violence, but to no avail. The severe consequences of politically motivated indifference toward violence and radicalism were most clearly demonstrated on October 4th of last year, when the rhetorical ""green light"" given to violence by a well-known statement from an EU spokesperson led radical groups to storm the Presidential Palace. Since then, for more than seven months, not a single high-ranking European official has publicly condemned this attempted coup, as if violent overthrows were a standard practice in European politics."
10_ge_original_IPN_news.csv,"საქართველოსთან დაკავშირებით გაკეთებული უკანასკნელი მიუღებელი და ჩვენი ხალხის მიმართ მუქარის შემცველი განცხადებები, თითქოს ქვეყანა „ბნელ წარსულს“ უბრუნდება, კიდევ ერთხელ წარმოაჩენს, რამდენად არასწორია ევროკავშირის ამჟამინდელი პოლიტიკა. თუმცა რეალობას ქართველი ხალხის პერსპექტივიდან თუ შევხედავთ, შესაძლოა, თავად ევროპა მიდიოდეს იმ ბნელი წარსულისკენ, რომლის თავიდან აცილებასაც რობერ შუმანი და მისი თაობის სხვა დიდი მოღვაწეები ცდილობდნენ.","The recent unacceptable and threatening statements made regarding Georgia, suggesting that the country is returning to a ""dark past,"" once again demonstrate how misguided the European Union's current policy is. However, if we look at reality from the perspective of the Georgian people, it may be Europe itself that is heading toward the very dark past that Robert Schuman and other great figures of his generation sought to avoid."
10_ge_original_IPN_news.csv,"საქართველოს აქვს სამომავლო გზის მკაფიო შეთავაზება. აგრესიული რიტორიკის შეწყვეტა, მავნე პოლიტიკის გადახედვა და უსამართლო რეზოლუციების გაუქმება არის ის, რაც გახსნიდა გზას ნამდვილი დიალოგისთვის, გონივრულობისთვის და ერთიანობისთვის, რაც არის კიდეც ევროპის დღის თავდაპირველი სულისკვეთება.","Georgia has a clear proposal for the path forward. Ending aggressive rhetoric, revising harmful policies, and repealing unfair resolutions are what would open the way for genuine dialogue, reasonableness, and unity, which is indeed the original spirit of Europe Day."
10_ge_original_IPN_news.csv,"თუ გვინდა, რომ ევროპის დღემ შეინარჩუნოს თავისი მნიშვნელობა, მაშინ ის კვლავ უნდა ნიშნავდეს იმას, რასაც თავდაპირველად წარმოადგენდა - მშვიდობას, თანამშრომლობას და ერთიანობას, დაფუძნებულს ერების და მათი იდენტობის პატივისცემაზე“, - ნათქვამია პაპუაშვილის წერილში.","""If we want Europe Day to maintain its significance, then it must once again mean what it originally represented – peace, cooperation, and unity, based on respect for nations and their identity,"" states Papuashvili's letter."
11_ge_original_IPN_news.csv,IPN_news11,**IPN_news11**
11_ge_original_IPN_news.csv,"ხატია დეკანოიძე - თუ შევხედავთ, რა ხდება სომხეთში, ნახავთ, რომ ფუნქცია, რაც საქართველოს ჰქონდა, ყოფილიყო რეგიონის ლიდერი, აღარ არსებობს - ივანიშვილის დანაშაულის და „ანტი ქართული ოცნების“ გამო კარგავს საქართველო ამ ფუნქციას (06.05.2026, 12:00)","Khatia Dekanoidze - If we look at what is happening in Armenia, you will see that the role Georgia once had as a regional leader no longer exists—Georgia is losing this role because of Ivanishvili's crime and the ""anti-Georgian Dream"" (06.05.2026, 12:00)"
11_ge_original_IPN_news.csv,"დღეს ივანიშვილმა და „ანტი ქართულმა ოცნებამ“ საქართველოს დააკარგვინა გრძელვადიანი მშვიდობის, განვითარების, პროგრესისა და ეკონომიკური კეთილდღეობის ფუნქცია. ქართველ ხალხს დააკარგვინა კეთილდღეობის და გამდიდრების შესაძლებლობა, ევროინტეგრაციის შესაძლებლობა. ეს არის ისტორიული დანაშაული,- ამის შესახებ „ნაციონალური მოძრაობის“ ერთ-ერთმა ლიდერმა ხატია დეკანოიძემ განაცხადა.","""Today, Ivanishvili and the 'Anti-Georgian Dream' have deprived Georgia of its capacity for long-term peace, development, progress, and economic prosperity. They have robbed the Georgian people of the opportunity for well-being and wealth, and the opportunity for European integration. This is a historical crime,"" stated Khatia Dekanoidze, one of the leaders of the National Movement."
11_ge_original_IPN_news.csv,"მან საზოგადოებას 22 წლის წინ 6 მაისს აჭარის „რუსეთისა და დესპოტის მმართველობისგან გათავისუფლება“ მიულოცა და აღნიშნა, რომ სწორედ ამ დღეს დაიწყო ახალი ფურცელი საქართველოს ისტორიაში, რომელიც გულისხმობდა რეგიონის ლიდერობას.","He congratulated the public on the ""liberation of Adjara from the rule of Russia and a despot"" 22 years ago on May 6, noting that this very day marked the start of a new chapter in Georgia's history, which signified the region's leadership."
11_ge_original_IPN_news.csv,"„გილოცავთ საქართველოს უახლეს ისტორიაში ერთ-ერთ ყველაზე გამორჩეულ თარიღს- საქართველოში აჭარის დაბრუნებას. 22 წლის წინ საქართველოს უახლეს ისტორიაში ზუსტად 6 მაისს მოხდა ერთ-ერთი უმნიშვნელოვანესი მოვლენა, როდესაც საქართველოს გულში დაბრუნდა აჭარა, გათავისუფლდა რუსული მმართველობისგან, გათავისუფლდა დესპოტის მმართველობისგან და დაიწყო პრეზიდენტ მიხეილ სააკაშვილთან, მის გუნდთან ერთად, მრავალ გულმხურვალე პატრიოტთან ერთად ძალიან მნიშვნელოვანი აღმასვლა და დიახ, საქართველომ დაიწყო ახალი ფურცელი, რომელიც გულისხმობდა რეგიონის ლიდერობას, განვითარებას ტექნოლოგიებში, განათლებაში, აღმოსავლეთ ევროპის გაფართოების კონტექსტში, აშშ-ისთან სტრატეგიული პარტნიორობის კონტექსტში, რაც იყო ჩვენი ერის ნამდვილად ისტორიული მისია. ეს იყო დღე, როდესაც ჩვენ სრულიად სხვა სახელმწიფოებრივ განვითარებაზე გადავედით და ჩვენმა გუნდმა შეძლო ნამდვილად საქართველოს მოეპოვებინა რეგიონული ლიდერის ფუნქცია. დღეს ივანიშვილმა და „ანტი ქართულმა ოცნებამ“ საქართველოს დააკარგვინა გრძელვადიანი მშვიდობის, განვითარების, პროგრესისა და ეკონომიკური კეთილდღეობის ფუნქცია. ქართველ ხალხს დააკარგვინა კეთილდღეობის და გამდიდრების შესაძლებლობა, ევროინტეგრაციის შესაძლებლობა. ეს არის ისტორიული დანაშაული და თუ შევხედავთ, რა ხდება ჩვენს მეზობელ სომხეთში და მინდა მათ ვუსურვო ძალიან დიდი წარმატება, ნახავთ რომ ის ფუნქცია, რომელიც საქართველოს ჰქონდა, ყოფილიყო რეგიონის ლიდერი, ჰქონოდა ძალიან ბევრი მდგრადი მშვიდობის პროექტები, ეს ფუნქცია აღარ არსებობს. სომხეთში უკანასკნელ დღეებში განვითარებული მოვლენები არ არის მხოლოდ ევროკავშირის, აშშ-ის ან კანადის პოლიტიკური მხარდაჭერა ჩვენი მეზობლების მიმართ, ეს არის საინვესტიციო პროექტები, რომელიც ნამდვილად გულისხმობს გრძელვადიან მშვიდობას. ჩვენ ასეთი პროექტები მრავლად გვქონდა, მათ შორის, მიხეილ სააკაშვილი, რომელიც დღეს პოლიტიკური პატიმარია, იყო უშუალოდ ჩართული ბათუმის ტექნოლოგიური უნივერსიტეტის განვითარებაში, მშენებლობაში და მე თვითონ ძალიან ამაყი ვარ, რომ მონაწილეობას ვიღებდი ამ ტექნოლოგიური უნივერსიტეტის მშენებლობაში. ეს უნივერსიტეტი უნდა გამხდარიყო ნამდვილად საქართველოს ერთ-ერთი მნიშვნელოვანი ჰაბი განათლების, ტექნოლოგიების, ახალი საკომუნიკაციო სისტემების და ახალი განათლების ეტაპზე გადასვლის შესაძლებლობა. სომხეთში რაც ხდებოდა, ეს არ არის მხოლოდ პოლიტიკური მხარდაჭერა, ეს არის ეკონომიკური მხარდაჭერა, რომელიც უზრუნველყოფს გრძელვადიან მშვიდობას. ყველა ადამიანი, რომელიც ჩართული იყო საქართველოს განვითარების უმნიშვნელოვანეს ეტაპებზე, დღეს ადევნებს თვალყურს თუ როგორ კარგავს ქვეყანა ივანიშვილის დანაშაულის გამო, „ანტი ქართული ოცნების“ გამო ამ ფუნქციას. 400 მილიარდი ინვესტიცია, სამხედრო ტექნოლოგიური თანამშრომლობა საფრანგეთთან, ამერიკის შეერთებულ შტატებთან, ენერგეტიკული უსაფრთხოების პროექტები, ყველაზე მნიშვნელოვანი ახალი დერეფანი, რომელზეც საუბრობს ახლა ევროკომისია, ევროკავშირი, აშშ და კანადა, უდიდესი ინვესტიციები, რომლებიც არის მშვიდობის, მდგრადი განვითარების და პროგრესის ერთ-ერთი ყველაზე მნიშვნელოვანი სფერო, ამას კარგავს საქართველო“, - განაცხადა დეკანოიძემ.","“I congratulate you on one of the most distinguished dates in Georgia's recent history—the return of Adjara to Georgia. Exactly 22 years ago, on May 6, one of the most significant events in Georgia's recent history took place, when Adjara returned to the heart of Georgia, was liberated from Russian rule, liberated from the rule of a despot, and together with President Mikheil Saakashvili, his team, and many fervent patriots, a very important ascent began. And yes, Georgia started a new chapter, which meant regional leadership, development in technology and education, in the context of Eastern European expansion and the strategic partnership with the USA, which was truly our nation's historic mission. This was the day when we transitioned to a completely different level of state development, and our team truly managed to secure Georgia's role as a regional leader.

Today, Ivanishvili and the ‘Anti-Georgian Dream’ have caused Georgia to lose its role in long-term peace, development, progress, and economic prosperity. They have deprived the Georgian people of the opportunity for prosperity, enrichment, and European integration. This is a historical crime. If we look at what is happening in our neighbor Armenia—and I want to wish them great success—you will see that the role Georgia once had, to be a regional leader and to have many sustainable peace projects, no longer exists. The events unfolding in Armenia in recent days are not just about political support from the EU, the USA, or Canada for our neighbors; they are about investment projects that truly imply long-term peace.

We had many such projects; among them, Mikheil Saakashvili, who is now a political prisoner, was directly involved in the development and construction of the Batumi Technological University, and I myself am very proud to have participated in the construction of this university. This university was meant to become a truly significant hub for Georgia in education, technology, new communication systems, and the transition to a new stage of education. What has been happening in Armenia is not just political support, but economic support that ensures long-term peace. Everyone who was involved in the most important stages of Georgia's development is now watching how the country is losing this role due to Ivanishvili's crime and the ‘Anti-Georgian Dream.’ Georgia is losing 400 billion in investment, military-technological cooperation with France and the United States, energy security projects, and most importantly, the new corridor that the European Commission, the EU, the USA, and Canada are now discussing—massive investments that are among the most important fields for peace, sustainable development, and progress,” Dekanoidze stated."
12_ge_original_IPN_news.csv,IPN_news12,"It appears that the content you provided, **IPN_news12**, is an alphanumeric identifier or a filename (likely referring to *Interpressnews*). Since it does not contain Georgian script or specific Georgian words, it remains the same in English.

**IPN_news12**

***

**Note:** If you intended to translate a specific news article from the IPN (Interpressnews) agency, please paste the full Georgian text, and I will provide a professional translation for you while preserving your Markdown formatting."
12_ge_original_IPN_news.csv,"ირაკლი კუპრაძე - ანტიქართული „ოცნების“ მიერ თავდაცვის მინისტრის ჩაყვანა ანაკლიის ცარიელ სანაპიროზე, სადაც არაფერი მიმდინარეობს, ფოტოსესია და მინისტრების წრეზე სიარული, არის სასაცილო პროპაგანდა, რომელსაც არ დავიჯერებთ! (07.05.2026, 13:56)","Irakli Kupradze - The anti-Georgian ""Dream"" bringing the Minister of Defense to the empty shore of Anaklia, where nothing is happening, the photo session, and ministers walking in circles is ridiculous propaganda that we will not believe! (07.05.2026, 13:56)"
12_ge_original_IPN_news.csv,"ანტიქართული „ოცნების“ მიერ, გუშინ, თავდაცვის მინისტრის ჩაყვანა ანაკლიის ცარიელ სანაპიროზე, სადაც არანაირი სამუშაოები არ მიმდინარეობს, ფოტოსესია და „ქართული ოცნების“ მინისტრის წრეზე სიარული, არის სასაცილო პროპაგანდა, რომელსაც საქართველოს მოქალაქეები არ დავიჯერებთ, - ამის შესახებ „ლელო-ძლიერი საქართველოს“ გენერალურმა მდივანმა, ირაკლი კუპრაძემ ბრიფინგზე განაცხადა.","""The anti-Georgian 'Dream' taking the Defense Minister to the empty shore of Anaklia yesterday, where no work is being carried out, the photo session, and the 'Georgian Dream' minister walking in circles is ridiculous propaganda that we, the citizens of Georgia, will not believe,"" stated Irakli Kupradze, General Secretary of ""Lelo-Strong Georgia,"" at a briefing."
12_ge_original_IPN_news.csv,"მისივე თქმით, 2020 წელს უნდა მიეღო ანაკლიის პორტს პირველი გემი, დღეს კი ვხედავთ არარსებულ პროექტს, ჩაშლილ მოლაპარაკებებს და ქვეყნიდან გაძევებულ დასავლელ ინვესტორებს.","According to him, the Anaklia Port was supposed to receive its first ship in 2020, but today we see a non-existent project, failed negotiations, and Western investors driven out of the country."
12_ge_original_IPN_news.csv,"„ანტიქართული „ოცნება“ საკუთარ ტყუილებში ჩაიკარგა. ისინი იხრჩობიან იმ პროპაგანდასა და ტყუილებში, რასაც აწარმოებენ. გუშინ, ანტიქართული „ოცნების“ პროპაგანდისტული საშუალებებით გავრცელდა სიუჟეტები, რომლის მიხედვითაც, თითქოს ანაკლიის პორტის მშენებლობა დაიწყო. ეს არის კიდევ ერთი ბლეფი და ტრიუკი ბიძინა ივანიშვილის მხრიდან, რომელიც მიუთითებს, რომ აქამდე, 6 წლის განმავლობაში გაკეთებული განცხადებები „ქართული ოცნების“ მხრიდან ტყუილი იყო. მერამდენეჯერ, ალბათ, რამდენიმე ათეული შემთხვევაა, როდესაც დააანონსეს, რომ დღეს დაიწყო ანაკლიის პორტის მშენებლობა. სინამდვილეში, ყველაფერი არის ტყუილი, პროპაგანდა და ბლეფი ბიძინა ივანიშვილის მხრიდან.","""The anti-Georgian 'Dream' has lost itself in its own lies. They are drowning in the propaganda and lies they produce. Yesterday, stories were spread through the propaganda outlets of the anti-Georgian 'Dream,' claiming that the construction of the Anaklia Port has supposedly begun. This is yet another bluff and trick by Bidzina Ivanishvili, which indicates that the statements made by 'Georgian Dream' over the past six years were lies. For the umpteenth time—probably one of dozens of instances—they have announced that the construction of the Anaklia Port has begun today. In reality, everything is a lie, propaganda, and a bluff on the part of Bidzina Ivanishvili."""
12_ge_original_IPN_news.csv,"2024 წელს, მორიგი მსგავსი ტრიუკის პირობებში, ბიძინა ივანიშვილი და მისი პროპაგანდისტული მანქანა გამოვიდა და თქვა, რომ სულ რამდენიმე დღეში, ხელშეკრულება გაფორმდებოდა ჩინურ კონსორციუმთან, რომელიც მშენებლობასაც დაიწყებდა. დღეს, კიდევ ერთხელ დასტურდება რომ აქამდე ნათქვამი ყველა დაპირება, ყველა თარიღი იყო ტყუილი. მხოლოდ მშრალი პროპაგანდა ივანიშვილის და ანტიქართული „ოცნების“ მხრიდან.","In 2024, amidst yet another similar stunt, Bidzina Ivanishvili and his propaganda machine claimed that a contract would be signed with a Chinese consortium in just a few days, and construction would begin. Today, it is once again confirmed that every promise made and every deadline set so far was a lie. It is nothing but hollow propaganda from Ivanishvili and the anti-Georgian ""Dream."""
12_ge_original_IPN_news.csv,"2026 წელს, დღეს, არ არსებობს არც ინვესტორი, არც დასრულებული და აშენებული ანაკლიის პორტი, აღარ არსებობს მასტერპლანი, გენერალური გეგმა, რომელიც უნდა ყოფილიყო შეთანხმებული მრავალგზის. ეს გენერალური გეგმაც და მასტერპლანიც ნაგავში მოისროლეს. შეუკვეთეს ეკონომიკის სამინისტროს მხრიდან ახალი ე.წ. მასტერპლანი, რომლის მიხედვითაც, საერთოდ მიზნობრიობას და შედეგობრიობას ეჭვქვეშ აყენებს ივანიშვილი და მისი ანტიქართული „ოცნება“.","In 2026, as of today, there is no investor, no completed or constructed Anaklia Port, and no longer a master plan or general plan, which should have been finalized multiple times over. Both this general plan and master plan were tossed into the trash. The Ministry of Economy has commissioned a new so-called master plan, through which Ivanishvili and his anti-Georgian ""Dream"" are calling the project's very purpose and effectiveness into question."
12_ge_original_IPN_news.csv,"გუშინ, ანტიქართული „ოცნების“ მიერ, თავდაცვის მინისტრის ჩაყვანა ანაკლიის ცარიელ სანაპიროზე, სადაც არანაირი სამუშაოები არ მიმდინარეობს, ფოტოსესია და „ქართული ოცნების“ მინისტრის წრეზე სიარული არის სასაცილო პროპაგანდა, რომელსაც საქართველოს მოქალაქეები არ დავიჯერებთ. ფაქტი ერთია: მაშინ, როდესაც 2020 წელს უნდა მიეღო ანაკლიის პორტს პირველი გემი, დღეს ვხედავთ არარსებულ პროექტს, ჩაშლილ მოლაპარაკებებს, ქვეყნიდან გაძევებულ დასავლელ ინვესტორებს, ამერიკელ და ევროპელ ინვესტორებს. ამ პირობებში, შეუძლებელია ივანიშვილმა ააშენოს ანაკლიის პორტი. მას არ უნდა ანაკლიის პორტის აშენება, მას ინტერესი აქვს რომ საქართველომ ეს უმნიშვნელოვანესი სტრატეგიული ობიექტი დაკარგოს.","Yesterday’s visit by the Defense Minister to the empty shores of Anaklia, organized by the anti-Georgian ""Dream"" party—where no work is actually taking place—along with the photoshoot and the minister walking in circles, is nothing but ridiculous propaganda that the citizens of Georgia will not believe. 

The fact remains: while the Anaklia Port was supposed to receive its first ship in 2020, today we see a non-existent project, collapsed negotiations, and Western investors—both American and European—driven out of the country. Under these circumstances, it is impossible for Ivanishvili to build the Anaklia Port. He does not want to build the Anaklia Port; his interest lies in Georgia losing this vital strategic asset."
12_ge_original_IPN_news.csv,"ცხადად გახსნილია ახალი შესაძლებლობების ფანჯარა, რაც გამოხატულია ჩვენი პარტნიორების კიდევ ერთხელ ხმამაღლა გაჟღერებული დაინტერესებით, რომ შავი ზღვა არის ჩვენი პარტნიორების ინტერესი. ამ შესაძლებლობას ივანიშვილი აკარგვინებს ქვეყანას, პროპაგანდით ცდილობს ფონს გასვლას.","A window of new opportunities has clearly opened, manifested in our partners' once again loudly voiced interest in the Black Sea. Ivanishvili is causing the country to lose this opportunity, attempting to get by through propaganda."
12_ge_original_IPN_news.csv,"„ლელო ძლიერი საქართველო“ არის პოლიტიკური პარტია, რომელიც ამ ეროვნული და სტრატეგიული ობიექტის მთავარი მხარდამჭერია. პროექტის, რომელსაც ჰქვია „ანაკლია“. ჩვენ გვაქვს კონკრეტული გეგმა, როგორ უნდა აშენდეს ანაკლიის პროექტი. ხელისუფლებაში მოსვლის შემდეგ, აუცილებლად, პირველივე ნაბიჯად უნდა გადაიდგას ის, რომ ეროვნული და სტრატეგიული მნიშვნელობის პროექტად გამოცხადდეს ანაკლიის პორტი, ყველა ხელშეკრულება უნდა იყოს საჯარო, არა „შავი ფარდის“ მიღმა, როგორც ივანიშვილი აკეთებს, იქნება ეს „არაბული ქალაქები“, თუ სხვა. დაუშვებლად უნდა იქნეს ცნობილი ჩინური და რუსული ინვესტიციების არსებობა, რომელიც შესაძლებელია ეწინააღმდეგებოდეს საქართველოს ეროვნულ ინტერესებს. ანაკლიის პორტი უნდა აშენდეს სახელმწიფოს ჩართულობით, დასავლელ, ამერიკელ პარტნიორებთან თანამშრომლობის პრინციპით.","""Lelo Strong Georgia"" is the political party that is the primary supporter of this national and strategic asset—the project known as ""Anaklia."" We have a concrete plan for how the Anaklia project should be constructed. 

Upon coming to power, the very first step must be to declare the Anaklia Port a project of national and strategic importance. All contracts must be public, not behind a ""black curtain"" as Ivanishvili does, whether it concerns ""Arab cities"" or other matters. The presence of Chinese and Russian investments that could potentially conflict with Georgia's national interests must be deemed unacceptable. The Anaklia Port must be built with state involvement, based on the principle of cooperation with Western and American partners."
12_ge_original_IPN_news.csv,"რამდენმა მინისტრმაც არ უნდა ისეირნოს ანაკლიის სანაპიროზე, სადაც არანაირი სამუშაოები არ მიმდინარეობს, ჩვენ პორტს აუცილებლად ავაშენებთ“, - აღნიშნავს კუპრაძე.","""No matter how many ministers stroll along the Anaklia coast, where no work is currently taking place, we will definitely build the port,"" Kupradze noted."
12_ge_original_IPN_news.csv,"შეგახსენებთ, გუშინ, ეკონომიკისა და მდგრადი განვითარების მინისტრი მარიამ ქვრივიშვილი გუშინ, ანაკლიის ნავსადგურის ტერიტორიაზე მიმდინარე სამუშაოებს ვიცე-პრემიერ, თავდაცვის მინისტრ ირაკლი ჩიქოვანთან ერთად გაეცნო. როგორც ეკონომიკის მინისტრმა აღნიშნა, „პროცესი უკვე საკმაოდ აქტიურ ფაზაშია შესული“.","As a reminder, yesterday, the Minister of Economy and Sustainable Development, Mariam Kvrivishvili, inspected the ongoing works at the Anaklia Port site together with Vice Prime Minister and Minister of Defense Irakli Chikovani. As the Minister of Economy noted, ""the process has already entered a fairly active phase."""
13_ge_original_IPN_news.csv,IPN_news13,**IPN_news13**
13_ge_original_IPN_news.csv,"ლევან მახაშვილი - ევროპარლამენტის დოკუმენტებმაც, ევროპარლამენტმაც, სამწუხაროდ ფასი დაკარგა - ერთადერთი სპორტული ინტერესიღაა დარჩენილი, აბა, წინაზე უარეს დოკუმენტს შეიმუშავებენ თუ რამე სიახლე გვექნება (05.05.2026, 14:29)","Levan Makhashvili - Both the European Parliament's documents and the European Parliament itself have, unfortunately, lost their value—the only thing left is a sporting interest: to see whether they will develop a document worse than the previous one or if we will have something new. (05.05.2026, 14:29)"
13_ge_original_IPN_news.csv,"ეს დოკუმენტი თავის დამატებიანად, რომლებმაც კიდევ უფრო მკვეთრად გააუარესა საწყისი, სრულიად აცდენილია რეალობას - ჩვენთვის და საზოგადოებისთვის ევროპარლამენტის დოკუმენტებმაც, ევროპარლამენტმაც, სამწუხაროდ ფასი დაკარგა, რადგან ის არ ემსახურება თანამშრომლობის და დიალოგის დღის წესრიგს, - ამის შესახებ პარლამენტის ევროინტეგრაციის კომიტეტის თავმჯდომარემ, ლევან მახაშვილმა განაცხადა, რითაც ევროპარლამენტის საგარეო საქმეთა კომიტეტის მიერ საქართველოს შესახებ მიღებულ ანგარიშს გამოეხმაურა.","""This document, along with its amendments which have made the initial version even worse, is completely detached from reality. For us and for the public, European Parliament documents and the European Parliament itself have unfortunately lost their value, as they do not serve the agenda of cooperation and dialogue,"" stated Levan Makhashvili, Chairman of the Parliamentary Committee on European Integration, responding to the report on Georgia adopted by the European Parliament's Foreign Affairs Committee."
13_ge_original_IPN_news.csv,"მისი თქმით, დღეს ევროპარლამენტის დღის წესრიგი არ მოდის თანხვედრაში საქართველო-ევროკავშირის და ზოგადად საქართველოს უკეთესი, მშვიდობიანი მომავლის დღის წესრიგთან.","According to him/her, the European Parliament's agenda today does not align with the Georgia-EU agenda or, more generally, with the agenda for Georgia's better and peaceful future."
13_ge_original_IPN_news.csv,"„რა გითხრათ, თქვენც იცით, რასაც გავუკეთებდით ამ რეზოლუციას [მაკულატურაში ჩავაბარებდი] - მარტივი მიზეზის გამო: ეს დოკუმენტი თავის დამატებიანად, რომლებმაც კიდევ უფრო მკვეთრად გააუარესა საწყისი დოკუმენტი, სრულიად აცდენილია რეალობას. განსაკუთრებით ამ დღეებში და ამ კვირებში კარგად ჩანს, რეალურად ვინ არის დიალოგის ხელის შემშლელი. ეს არის სწორედ ევროპარლამენტი, ამ კონკრეტული პოლიტიკური ჯგუფების სახით, რომლებიც საკუთარი ვიწრო პოლიტიკური დღის წესრიგიდან გამომდინარე, მაქსიმალურად ცდილობენ დიალოგის ხელშეშლას. თუ დავაკვირდებით წინა წლების განვითარებებს, სწორედ ასე ხდებოდა ხოლმე: როდესაც იყო ურთიერთობის გადატვირთვის, დიალოგის, თანამშრომლობის პერსპექტივა ამის სრულიად საპირისპირო დინებით ცურავდა ხოლმე ევროპარლამენტი და დღესაც იმავეს ვაკვირდებით.","""What can I tell you, you already know what we would do with this resolution [I would hand it in as waste paper] – for a simple reason: this document, along with its amendments which have made the initial version even worse, is completely detached from reality. It is especially clear during these days and weeks who is actually obstructing the dialogue. It is precisely the European Parliament, in the form of these specific political groups, who, driven by their own narrow political agendas, are doing their utmost to hinder dialogue. If we look at the developments of previous years, this is exactly what used to happen: whenever there was a prospect of resetting relations, dialogue, or cooperation, the European Parliament would swim completely against the tide, and we are witnessing the same thing today."""
13_ge_original_IPN_news.csv,"ამიტომ ჩვენთვის და საზოგადოებისთვის ევროპარლამენტის დოკუმენტებმაც, ევროპარლამენტმაც, სამწუხაროდ ფასი დაკარგა, რადგან ის არ ემსახურება თანამშრომლობის და დიალოგის დღის წესრიგს. დღეს ევროპარლამენტის დღის წესრიგი არ მოდის თანხვედრაში საქართველო-ევროკავშირის და ზოგადად საქართველოს უკეთესი, მშვიდობიანი მომავლის დღის წესრიგთან“, - განაცხადა ლევან მახაშვილმა.","""Therefore, for us and for the public, both the European Parliament's documents and the European Parliament itself have, unfortunately, lost their value, as they do not serve the agenda of cooperation and dialogue. Today, the European Parliament's agenda is not in alignment with the Georgia-EU agenda, or with the agenda for Georgia's better, peaceful future in general,"" stated Levan Makhashvili."
13_ge_original_IPN_news.csv,"კითხვაზე, რომ ევროპარლამენტის საგარეო საქმეთა კომიტეტი მიღებული ანგარიშით რამდენიმე ქართული მედიის დასანქცირებას ითხოვს, მახაშვილმა უპასუხა, რომ ღიმილისმომგვრელია ეს განცხადებები და ჩანაწერები ამ კონკრეტულ დოკუმენტში.","When asked about the European Parliament's Foreign Affairs Committee calling for sanctions against several Georgian media outlets in its adopted report, Makhashvili replied that the statements and provisions in this specific document are ""smile-inducing."""
13_ge_original_IPN_news.csv,"ცნობისთვის, ევროპარლამენტის საგარეო საქმეთა კომიტეტმა საქართველოს შესახებ ანგარიში მიიღო. ევროპარლამენტის საგარეო საქმეთა კომიტეტში საქართველოს შესახებ ყოველწლიურ ანგარიშს მხარი 53-მა ევროპარლამენტარმა დაუჭირა, ხოლო მის წინააღმდეგ ხმა 14-მა მისცა.","For information, the European Parliament's Committee on Foreign Affairs has adopted a report on Georgia. In the European Parliament's Committee on Foreign Affairs, 53 MEPs supported the annual report on Georgia, while 14 voted against it."
