Source File,Content,Translated Content
01_deputy_economy_minister.csv,"ვახტანგ ცინცაძე - აზიის განვითარების ბანკის ანგარიშში ხაზგასმულია საქართველოს მიმზიდველი ბიზნესგარემო, ასევე მიმდინარე ინფრასტრუქტურული პროექტები, მათ შორის საპორტო და სარკინიგზო მიმართულებით","Vakhtang Tsintsadze - The Asian Development Bank report highlights Georgia's attractive business environment, as well as ongoing infrastructure projects, including those in the port and railway sectors."
01_deputy_economy_minister.csv,"აზიის განვითარების ბანკმა აზიის ეკონომიკური პერსპექტივების ანგარიში გამოაქვეყნა, რომლის თანახმად, 2025 წელს ეკონომიკური ზრდა იყო საკმაოდ მაღალი – 7.5 პროცენტი, ხოლო 2026 წელს, მიმდინარე კონფლიქტების ფონზე, აზიის განვითარების ბანკი ელოდება, რომ საქართველოში ეკონომიკური ზრდა 5.5 პროცენტი იქნება, რაც წინა წლის პროგნოზთან შედარებით 0.5 პროცენტული პუნქტით გაუმჯობესებული მაჩვენებელია, – ამის შესახებ ეკონომიკისა და მდგრადი განვითარების მინისტრის მოადგილემ, ვახტანგ ცინცაძემ განაცხადა.","The Asian Development Bank has published the Asian Economic Outlook report, according to which economic growth in 2025 was quite high at 7.5 percent, while for 2026, against the backdrop of ongoing conflicts, the Asian Development Bank expects economic growth in Georgia to be 5.5 percent, which is an improvement of 0.5 percentage points compared to the previous forecast – stated the Deputy Minister of Economy and Sustainable Development, Vakhtang Tsintsadze."
01_deputy_economy_minister.csv,"როგორც მინისტრის მოადგილემ აღნიშნა, აზიის განვითარების ბანკი ყურადღებას ამახვილებს მიმდინარე ანგარიშის დეფიციტის რეკორდულად დაბალ დონემდე შემცირებაზე, ასევე საერთაშორისო რეზერვების რეკორდულად მაღალ მაჩვენებელზე.","As the Deputy Minister noted, the Asian Development Bank highlights the reduction of the current account deficit to a record low, as well as the record high level of international reserves."
01_deputy_economy_minister.csv,"ვახტანგ ცინცაძის განცხადებით,  2026 წელს აზიის განვითარების ბანკი ელოდება, რომ საქართველოში საშუალო ინფლაციის დონე 3.8 პროცენტი იქნება, რაც წინა წელთან შედარებით შემცირებული მაჩვენებელია.","According to Vakhtang Tsintsadze, the Asian Development Bank expects the average inflation rate in Georgia to be 3.8 percent in 2026, which is a decrease compared to the previous year."
01_deputy_economy_minister.csv,"„აზიის განვითარების ბანკი ასევე ხაზგასმით აღნიშნავს, რომ საქართველო ისწრაფვის, გახდეს სავაჭრო, ლოგისტიკური და სატრანსპორტო ჰაბი. ამ მიმართულებით ყურადღება მახვილდება არაერთ რეფორმაზე, რომელიც ხელს უწყობს, მათ შორის, საბაჟო და სხვა პროცედურების გაუმჯობესებას. ბანკი ასევე ხაზს უსვამს იმ ინფრასტრუქტურულ მიღწევებს, რომლებიც საქართველოს გააჩნია როგორც საპორტო, ასევე სარკინიგზო მიმართულებით“, – განაცხადა ვახტანგ ცინცაძემ.","“The Asian Development Bank also emphasizes that Georgia aspires to become a trade, logistics, and transport hub. In this regard, attention is focused on numerous reforms that facilitate, among others, the improvement of customs and other procedures. The Bank also highlights the infrastructural achievements that Georgia possesses in both the port and railway sectors,” stated Vakhtang Tsintsadze."
01_deputy_economy_minister.csv,"ეკონომიკის მინისტრის მოადგილის ინფორმაციით, ADB-ს ანგარიშში ხაზგასმულია საქართველოში არსებული მიმზიდველი ბიზნესგარემო, ყურადღება გამახვილებულია თავისუფალ სავაჭრო შეთანხმებებზე, რომლებიც საქართველოს გააჩნია, ასევე იმ მექანიზმებზე, რომლებიც უზრუნველყოფს ინვესტორთა დაცულობას, რაც, საბოლოო ჯამში, ზრდის როგორც ადგილობრივი, ისე საერთაშორისო ინვესტორების  ნდობას და მიმზიდველობას საქართველოსადმი.","According to the Deputy Minister of Economy, the ADB report highlights Georgia's attractive business environment, focusing on the free trade agreements the country possesses, as well as the mechanisms that ensure investor protection. Ultimately, this increases the confidence of both local and international investors and enhances Georgia's attractiveness."
02_georgia_to_recognise.csv,"მთავრობის გადაწყვეტილებით, 2010 წლამდე გაცემული დიპლომების აღიარების შესახებ საკანონმდებლო ცვლილებები მომზადდება","By government decision, legislative changes will be prepared regarding the recognition of diplomas issued before 2010."
02_georgia_to_recognise.csv,"საქართველოს მთავრობის გადაწყვეტილებით, პარლამენტს წარედგინება საკანონმდებლო ცვლილებები, რომელთა საფუძველზეც ათასობით მოქალაქეს მოუგვარდება 2010 წლამდე გაცემული დიპლომის აღიარებასთან დაკავშირებული პრობლემები, – ამის შესახებ საქართველოს განათლების, მეცნიერებისა და ახალგაზრდობის მინისტრმა, გივი მიქანაძემ განაცხადა.","By decision of the Government of Georgia, legislative changes will be submitted to Parliament, based on which problems related to the recognition of diplomas issued before 2010 will be resolved for thousands of citizens – stated Givi Mikanadze, the Minister of Education, Science, and Youth of Georgia."
02_georgia_to_recognise.csv,"როგორც მინისტრმა აღნიშნა, ცვლილების თანახმად, 4-წლიანი დასწრებული და 5-წლიანი დაუსწრებელი სწავლების აღიარება მოხდება თანაბრად.","As the minister noted, according to the amendment, 4-year full-time and 5-year part-time studies will be recognized equally."
02_georgia_to_recognise.csv,"მისი თქმით, ცვლილება შეეხება სტუდენტებს, რომლებიც უნივერსიტეტში აღიარებულ რეჟიმში ჩაირიცხნენ და სწავლა არაღიარებულ რეჟიმში დაასრულეს, ასევე, მოქალაქეებს, რომლებიც საგანმანათლებლო დაწესებულებებმა ლიცენზიის მოპოვებამდე ჩარიცხეს უნივერსიტეტში.","According to him/her, the change will affect students who were enrolled in the university under a recognized status and completed their studies under an unrecognized status, as well as citizens who were enrolled in the university by educational institutions before they obtained a license."
02_georgia_to_recognise.csv,"„გვქონდა ასეთი მოცემულობა – ჩვენი მოქალაქეები 4-წლიან პროგრამაზე გადიოდნენ ზუსტად იმავე რაოდენობის საგნებს და იღებდნენ იმავე კვალიფიკაციას, როგორსაც 5-წლიან დაუსწრებელზე. აქამდე არსებული კანონმდებლობის თანახმად, 5-წლიანი უთანაბრდებოდა მაგისტრის ხარისხს, ხოლო 4-წლიანს ენიჭებოდა ბაკალავრის ხარისხი. ცვლილებების საფუძველზე, ის, ვინც 4-წლიანი პროგრამა დაასრულა, მაგისტრის ხარისხთან გათანაბრებულ დიპლომს მიიღებს, რაც მნიშვნელოვნად შეუწყობს ხელს მოქალაქეთა დასაქმებას მათთვის სასურველი მიმართულებით.","""We had the following situation: our citizens in 4-year programs were taking exactly the same number of subjects and receiving the same qualification as those in 5-year distance learning programs. According to the legislation in place until now, the 5-year program was equated to a Master’s degree, while the 4-year program was awarded a Bachelor’s degree. Based on the changes, those who completed a 4-year program will receive a diploma equivalent to a Master’s degree, which will significantly facilitate the employment of citizens in their desired fields."""
02_georgia_to_recognise.csv,"2010 წლამდე, სანამ ერთიანი სისტემა ჩამოყალიბდებოდა, განათლების სფეროში არ არსებობდა რეესტრი, რომელიც სტუდენტების ინფორმირებას უზრუნველყოფდა. იყო შემთხვევები, როდესაც კონკრეტული უნივერსიტეტები, რომლებსაც არ ჰქონდათ აკრედიტაცია მინიჭებული, არ ეუბნებოდნენ აბიტურიენტებს ამის შესახებ და მათ ისე რიცხავდნენ. შემდგომში, როდესაც გასცემდნენ დიპლომს, კურსდამთავრებულებს უკვე ამ დოკუმენტის აღიარებაზე ექმნებოდათ პრობლემები.","Before 2010, until a unified system was established, there was no registry in the field of education to ensure that students were kept informed. There were cases where specific universities that had not been granted accreditation failed to inform applicants and enrolled them anyway. Subsequently, when diplomas were issued, graduates faced problems regarding the recognition of these documents."
02_georgia_to_recognise.csv,"ამასთან, რიგ უმაღლეს საგანმანათლებლო დაწესებულებებს ჰქონდათ ავტორიზაცია გარკვეული პერიოდის განმავლობაში და შემდეგ სწავლის პერიოდში შეუწყდათ. ამის შესახებაც არ იყვნენ ინფორმირებულნი სტუდენტები და შემდგომში ამ უნივერსიტეტდამთავრებულ ადამიანებს ჰქონდათ პრობლემები.","Furthermore, a number of higher education institutions were authorized for a certain period, but their authorization was revoked during the period of study. Students were not informed about this either, and subsequently, these graduates faced problems."
02_georgia_to_recognise.csv,"წარმოდგენილი საკანონმდებლო ცვლილებები საბოლოოდ დაუსვამს წერტილს იმ ხანგრძლივ, პრობლემურ პროცესებს, რომლებსაც ჩვენი მოქალაქეები დიპლომის აღიარებისთვის გადიან – მიდიან სასამართლოში, ასაჩივრებენ პროცესებს, რაც დროსთან და ძალისხმევასთან არის დაკავშირებული. ეს ყველაფერი ერთხელ და სამუდამოდ ისტორიას ჩაბარდება და ათასობით ჩვენი მოქალაქის დიპლომი აღიარებული იქნება“, – განაცხადა გივი მიქანაძემ.","""The proposed legislative changes will finally put an end to the lengthy and problematic processes our citizens undergo for diploma recognition—going to court and appealing decisions, which involve significant time and effort. All of this will become a thing of the past once and for all, and the diplomas of thousands of our citizens will be recognized,"" stated Givi Mikanadze."
03_good_friday.csv,წითელი პარასკევი სამების საკათედრო ტაძარში,Good Friday at the Holy Trinity Cathedral
03_good_friday.csv,"დღეს წითელი პარასკევია – ვნების კვირეულის ყველაზე მძიმე დღე. მართლმადიდებელი ეკლესია იესო ქრისტეს ჯვარცმას, ჯვრიდან გარდამოხსნასა და დაკრძალვას იხსენებს.","Today is Good Friday – the most solemn day of Passion Week. The Orthodox Church commemorates the crucifixion, the deposition from the Cross, and the burial of Jesus Christ."
03_good_friday.csv,"საპატრიარქო ტახტის მოსაყდრე, მიტროპოლიტი შიო ყოვლადწმინდა სამების სახელობის საპატრიარქო ტაძარში დიდ ჟამნობას, მწუხრის ჟამს და გარდამოხსნის გამოსვენებას ასრულებს.","The Locum Tenens of the Patriarchal Throne, Metropolitan Shio, is officiating the Royal Hours, Vespers, and the bringing out of the Epitaphios (Shroud) at the Holy Trinity Patriarchal Cathedral."
03_good_friday.csv,"წითელ პარასკევს ტაძრებში წირვა არ აღევლინება, რადგან, სახარების თანახმად, ადამიანთა ცოდვებისგან გამოსახსნელად უფალმა საკუთარი თავი მსხვერპლად შესწირა. მსახურებისას სამეუფო ჟამნი სრულდება, რომლის დროსაც უფლის ვნების შესახებ სახარება იკითხება.","On Good Friday, the Divine Liturgy is not celebrated in churches because, according to the Gospel, the Lord sacrificed Himself to redeem humanity from their sins. During the service, the Royal Hours are performed, during which the Gospel accounts of the Lord's Passion are read."
04_metropolitan_shio.csv,"მეუფე შიო მუჯირი - უფალს შეწევნისთვის თუ მივმართავთ, ჩვენი სურვილი ნამდვილი და ძლიერი თუ იქნება, ის აუცილებლად მოვა თავისი მადლით, გამოგვასწორებს, განგვწმენდს","Metropolitan Shio Mujiri - If we turn to the Lord for help, and if our desire is sincere and strong, He will surely come with His grace, correct us, and purify us."
04_metropolitan_shio.csv,"უფალი ელოდება ჩვენგან, რომ ჩვენი ცოდვებით დამძიმებული, დაჭრილი სული ვაიძულოთ, მივმართოთ ხსნისა და წყალობისთვის. ჩვენი გამოსწორება, შინაგანი ცვლილება მხოლოდ ღმერთს შეუძლია. ჩვენი ძალებით ეს არ ძალგვიძს, – ამის შესახებ საპატრიარქო ტახტის მოსაყდრემ, სენაკისა და ჩხოროწყუს მიტროპოლიტმა შიომ (მუჯირი) სამების ტაძარში ქადაგებისას განაცხადა, სადაც ცოტა ხნის წინ გარდამოხსნის წესი შესრულდა.","""The Lord expects us to compel our wounded souls, burdened by sins, to turn to Him for salvation and mercy. Only God can bring about our correction and internal transformation; we are unable to do this by our own strength,"" stated the Locum Tenens of the Patriarchal Throne, Metropolitan Shio (Mujiri) of Senaki and Chkhorotsqu, during his sermon at the Holy Trinity Cathedral, where the Rite of the Deposition from the Cross was recently performed."
04_metropolitan_shio.csv,"მეუფე შიოს თქმით, „ჩვენი სურვილი თუ ნამდვილი, ძლიერი და სერიოზულია, უფალი აუცილებლად მოვა თავისი მადლით, გამოგვასწორებს და განგვწმენდს“.","According to Metropolitan Shio, ""if our desire is genuine, strong, and serious, the Lord will surely come with His grace, reform us, and purify us."""
04_metropolitan_shio.csv,"„ჩვენი ეკლესიის დიდებული და უძველესი ღვთისმსახურების მეშვეობით, რომელიც შეადგინეს დიდმა წმინდა მამებმა, ცნობილმა ჰიმნოგრაფებმა, საუკეთესო პოეტებმა, მოაზროვნეებმა, ბრძენკაცებმა, გვაქვს საშუალება, არა მხოლოდ შევიტყოთ უფალ იესო ქრისტესთან დაკავშირებული ამბები სახარებიდან, არამედ ღვთისმსახურების მეშვეობით გავხდეთ ამ ამბების მონაწილენი. ამიტომ ჩვენ დღეს გამოვაბრძანეთ წმინდა გარდამოხსნა და ყველანი ვართ მონაწილენი ამ მოვლენის.","""Through the glorious and ancient divine services of our Church, composed by the great Holy Fathers, renowned hymnographers, the finest poets, thinkers, and sages, we are given the opportunity not only to learn of the events concerning the Lord Jesus Christ from the Gospel but, through these services, to become participants in those events. Therefore, today we have brought forth the Holy Shroud, and we are all participants in this event."""
04_metropolitan_shio.csv,"აქ შეკრებილნი არიან, შეკრებილნი ვართ არა ისინი, ვინც ცოტა ხნის წინ ყვიროდნენ – ჯვარს აცვი, ჯვარს აცვი იგი, არამედ ვინც ვეუბნებით უფალს – შეგვინდე უფალო. ჩვენ ეკლესიის მიერ ვართ განსწავლულნი, ვიცით ეკლესიის სწავლება, რომ ჩვენი ცოდვებით კვლავ და კვლავ ჯვარს ვაცვამთ უფალს, იგი მოვიდა დედამიწაზე, განკაცდა, ივნო და მოკვდა იმისთვის, რომ განგვათავისუფლოს ცოდვების ტყვეობის, ცოდვების ტვირთისგან.","Those gathered here, we who are gathered, are not those who a short while ago were shouting – crucify Him, crucify Him, but rather those of us who say to the Lord – forgive us, Lord. We are instructed by the Church, we know the teaching of the Church, that through our sins we crucify the Lord again and again; He came to earth, became incarnate, suffered, and died in order to liberate us from the captivity of sin, from the burden of sins."
04_metropolitan_shio.csv,"ვინ იყო პირველი ადამიანი, ვინც უფალმა გაათავისუფლა ამ ტვირთისგან? – ერთ-ერთი ჯვარცმული ავაზაკი, გონიერი ავაზაკი, რომელმაც ისე განიცადა უდანაშაულო მაცხოვრის ტანჯვები, რომ თავისი ცოდვები აღიარა და სინანულით მიმართა მაცხოვარს ჯვარიდან. უფალიც სწორედ ამას ელოდება ჩვენგან, რომ ჩვენი ცოდვებით დამძიმებული, დაჭრილი სული ვაიძულოთ, მივმართოთ ღმერთს ხსნისა და წყალობისთვის.","Who was the first person whom the Lord released from this burden? – One of the crucified thieves, the Wise Thief, who was so moved by the sufferings of the innocent Savior that he confessed his sins and turned to the Savior from the cross with repentance. This is exactly what the Lord expects from us: that we compel our wounded souls, burdened by our sins, to turn to God for salvation and mercy."
04_metropolitan_shio.csv,"მრავალი ჩვენგანი, და ზოგიერთი წლების განმავლობაშიც კი, დამოუკიდებლად ცდილობს, რაღაც გამოასწოროს თავის სულში, თავის ცხოვრებაში ღმერთის გარეშე, თავისი ძალებით. ეს უშედეგო მცდელობაა. მხოლოდ ამპარტავნული, უგუნური მცდელობაა, რადგან ჩვენი გამოსწორება, შინაგანი ცვლილება მხოლოდ ღმერთს შეუძლია. ჩვენი ძალებით ეს არ ძალგვიძს. შეიძლება, გარეგნულად ოდნავ შევცვალოთ ჩვენი ქცევა, მაგრამ ჩვენთვის მიუღწეველია, შევიცვალოთ შინაგანად, როგორც ამბობს უფალი, რომ უჩემოდ არაფერი შეგიძლიათ.","Many of us, some even for years, try independently to fix something in our souls and in our lives without God, relying on our own strength. This is a futile effort. It is merely a proud and foolish attempt, for only God can correct us and bring about internal change. We are unable to do this by our own power. We may slightly change our behavior externally, but it is impossible for us to change internally, just as the Lord says: ""Without me, you can do nothing."""
04_metropolitan_shio.csv,"ძვირფასო ძმებო და დებო, უფალს სურს ჩვენი გამოსწორება და განწმენდა. შეგახსენებთ, ერთხელ მასთან მივიდა სნეული და მიმართა, უფალო, თუ გნებავს, შეგიძლია, განმწმინდოო. რა მიუგო უფალმა? – მნებავს, განიწმინდეო. უფალს ეს სურს. დაემთხვა ადამიანისა და ღმერთის ნება და ის ადამიანი განიკურნა.","Dear brothers and sisters, the Lord desires our correction and purification. Let me remind you, once a sick man came to Him and said: ""Lord, if You will, You can cleanse me."" What did the Lord reply? – ""I will; be cleansed."" The Lord desires this. The will of man and God coincided, and that person was healed."
04_metropolitan_shio.csv,"ასე რომ, ჩვენი გამოსწორებაც, განწმენდაც უფალს უფრო მეტად სურს, ვიდრე ჩვენ გვინდა. ჩვენი სურვილი თუ ნამდვილი, ძლიერი, სერიოზულია და მივმართავთ უფალს შეწევნისთვის, ის აუცილებლად მოვა თავისი მადლით, გამოგვასწორებს და განგვწმენდს. ღმერთმა დაგლოცოთ და გაგაძლიეროთ. ვევედროთ უფალს, მოგვცეს ძალა, შეწევნა, რომ ვიაროთ ჭეშმარიტების, სინათლის გზით და ქრისტესთან ერთად, ამინ“, – განაცხადა მეუფე შიომ.","""So, the Lord desires our correction and purification even more than we do. If our desire is genuine, strong, and serious, and we turn to the Lord for help, He will surely come with His grace, correct us, and purify us. May God bless you and strengthen you. Let us pray to the Lord to give us strength and assistance to walk the path of truth and light, and together with Christ, amen,"" stated Metropolitan Shio."
05_people_power.csv,"დიმიტრი ხუნდაძე - მხოლოდ მშვიდობაა ის აუცილებელი პირობა, რაც ეკონომიკის განვითარებას შეუწყობს ხელს, საქართველო თავისი იმპროვიზაციული პოლიტიკით სწორი მიმართულებით მიდის",Dimitri Khundadze - Only peace is the necessary condition that will facilitate economic development; Georgia is moving in the right direction with its improvisational policy.
05_people_power.csv,"მხოლოდ მშვიდობაა ის აუცილებელი პირობა, რაც ეკონომიკის განვითარებას შეუწყობს ხელს, – ამის შესახებ „ხალხის ძალის“ გენერალურმა მდივანმა, დიმიტრი ხუნდაძემ განაცხადა.","""Only peace is the necessary condition that will promote economic development,"" stated Dimitri Khundadze, General Secretary of ""People's Power."""
05_people_power.csv,"საქართველოს, როგორც შუა დერეფნის ერთ-ერთი მნიშვნელოვანი მოთამაშის როლზე საუბრისას დიმიტრი ხუნდაძემ აღნიშნა, რომ  ქვეყნის ეკონიმიკური განვითარება შეუნარჩუნებს ქვეყანას რეგიონის ლიდერის ფუნქციას.","While speaking about Georgia's role as one of the key players in the Middle Corridor, Dimitri Khundadze noted that the country's economic development will maintain its position as a regional leader."
05_people_power.csv,"მისი თქმით, ამის მიღწევა მხოლოდ მშვიდობის არსებობის პირობებშია შესაძლებელი, რადგან ომი და განვითარება ერთად წარმოუდგენელია.","According to him, this can only be achieved under conditions of peace, as war and development are inconceivable together."
05_people_power.csv,"„ქვეყნის სატრასპორტო შესაძლებლობების გამოყენებისათვის აუცილებელი პირობაა მშვიდობა. რამდენიმე დღის წინ, როცა ახლო აღმოსავლეთში ვითარება უკიდურესად დაიძაბა, სატრასპორტო-საჰაერო რუკაზე მხოლოდ საქართველოს საჰაერო სივრცე იყო გადატვირთული. ეს იყო ძალიან პატარა მაგალითი იმ დიდ სურათში, რასაც ვამბობ, რომ სატრანზიტო ფუნქციის შესრულებისათვის აუცილებელი პირობაა მშვიდობა.","""Peace is an essential prerequisite for utilizing the country's transport potential. A few days ago, when the situation in the Middle East became extremely tense, only Georgia's airspace was congested on the air transport map. This was a very small example within the larger picture of what I am saying: that peace is a necessary condition for fulfilling the transit function."""
05_people_power.csv,"როგორ შეიძლება, ქვეყანა უერთდებოდეს სანქციებს, როდესაც ამით ვერავითარ შედეგეს, თუნდაც დამკვეთისათვის, ვერ მიიღებ? როგორ წარმოგიდგენიათ ქართული სანქციებით რუსეთის ეკონომიკის დანგრევა? ჩვენი ოპონენტები აყენებენ საკითხს, რომ სოციალური მდომარეობის გაუმჯობესებისათვის უნდა გადაიდგას აქტიური ნაბიჯები, პენსიები და ხელფასები უნდა გაიზარდოს, სამუშაო ადგილები უნდა შეიქმნას, ტურიზმი უნდა განვითარდეს და ა.შ. პირდაპირ ციფრებად აქვთ წარმოდგენილი წინადადებები. მაგალითად, გახარიას პარტიის წარმომადგენლებმა შემოიტანეს ინიციატივა, რომ მინიმალური ხელფასი უნდა იყოს 1050 ლარი. „ლელო“ აყენებს საკითხს, რომ 1 000 ლარამდე გაიზარდოს პენსია და ეს ყველაფერი სანქციების ფონზე უნდა მოხდეს? ომის ვითარებაში ეს ხომ წარმოუდგენელია?!","How can a country join sanctions when no results can be achieved through them, not even for those requesting them? How do you imagine destroying the Russian economy with Georgian sanctions? Our opponents argue that active steps must be taken to improve social conditions, that pensions and salaries should be increased, jobs should be created, tourism should be developed, and so on. They have presented their proposals in specific figures. For example, representatives of Gakharia's party introduced an initiative stating that the minimum wage should be 1,050 GEL. ""Lelo"" proposes increasing the pension to 1,000 GEL—and all of this is supposed to happen against the backdrop of sanctions? In a war situation, this is simply unimaginable!"
05_people_power.csv,"ეს არის თვალთმაქცურად კეთილშობილური განცხადებები. ზოგს წამოსცდება ხოლმე, რომ სჯობს, ცხელი ბომბები ცვიოდეს, ვიდრე მშვიდობა იყოს საქართველოში. განვითარება და ომი – ეს ორი რამ შეუთავსებელია. საქართველო თავისი იმპროვიზაციული პოლიტიკით, ფაქტია, რომ სწორად მიდის.","These are hypocritically noble statements. Some people occasionally let it slip that it would be better for hot bombs to be falling than for there to be peace in Georgia. Development and war – these two things are incompatible. It is a fact that Georgia, with its improvisational policy, is moving in the right direction."
05_people_power.csv,"შედარებისთვის, უკრაინაში დღეს არავინ ფიქრობს პენსიების მომატებაზე, სკოლების და საბავშვო ბაღების აშენებაზე. უკრაინაში მხოლოდ ერთი საფიქრალია, რამენაირად გადარჩეს ოჯახის ესა თუ ის წევრი. 10 მილიონზე მეტი ადამიანია უკვე დევნილადაა ქცეული, ეკონომიკა განადგურებულია.","For comparison, in Ukraine today, no one is thinking about increasing pensions or building schools and kindergartens. In Ukraine, there is only one concern: that family members somehow survive. More than 10 million people have already become displaced, and the economy is devastated."
05_people_power.csv,"ჩვენთან კი ბოლო ერთი წლის განმავლობაში ტურიზის მაჩვენებელმა მოიმატა. 4,4 მილიარდი იყო 2024 წელს, 2025 წელს კი დაფიქსირდა 4,7. ინვესტიციები იზრდება, ქვეყნის ეკონომიკა 100 მილიარდამდე გაიზარდა. სწორედ, აი, აქ არის იმის შესაძლებლობა, რომ ინფრასრუქტურა განვითარდეს, შემოვიდეს ინვესტიციები და კიდევ მეტი ტურისტი. შემდეგ უკვე შესაძლებლებელი იქნება პენსიების უფრო სწრაფად მატება, სამუშაო ადგილების მეტი ინტენსივობით შექმნა – ბოლო პერიოდში 40 ათასით გაიზარდა.","In our country, tourism indicators have increased over the past year. It was 4.4 billion in 2024, and 4.7 was recorded in 2025. Investments are growing, and the country's economy has increased to 100 billion. This is precisely where the opportunity lies for infrastructure to develop, for investments to flow in, and for even more tourists to arrive. Subsequently, it will be possible to increase pensions more rapidly and create jobs with greater intensity—the number of which has increased by 40,000 recently."
05_people_power.csv,"იმას კი არ ვამბობ, რომ ყველაფერი იდეალურად არის, მე ვამბობ, რომ ამ ურთულეს პერიოდში ასეთი პოლიტიკით არათუ მშვიდობა შევინარჩუნეთ და ომი ავიცილეთ, არამედ ყველა მიმართულებით შევძელით, რომ არის უკეთესი, ვიდრე იყო გუშინ, მაგრამ ეს საკმარისი არ არის და კიდევ უკეთესი გვინდა“, – განაცხადა დიმიტრი ხუნდაძემ.","“I am not saying that everything is perfect; I am saying that in this most difficult period, with such a policy, we have not only maintained peace and avoided war, but we have also managed to make things better in every direction than they were yesterday. However, this is not enough, and we want even better,” stated Dimitri Khundadze."
06_tbilisi_offers_free_metro.csv,აღდგომის დღესასწაულთან დაკავშირებით თბილისში მეტროთი და ავტობუსით მგზავრობა უფასო იქნება,"In connection with the Easter holiday, travel by metro and bus in Tbilisi will be free."
06_tbilisi_offers_free_metro.csv,აღდგომის დღესასწაულთან დაკავშირებით თბილისის მეტრო 12 აპრილის 04:00 საათამდე იმოძრავებს და 11 აპრილის 23:00-დან 12 აპრილის 04:00 საათამდე მგზავრობა უფასო იქნება. ინფორმაციას თბილისის მერია ავრცელებს.,"In connection with the Easter holiday, the Tbilisi Metro will operate until 04:00 on April 12, and travel will be free from 23:00 on April 11 to 04:00 on April 12. The information is released by the Tbilisi City Hall."
06_tbilisi_offers_free_metro.csv,"ამასთან, დედაქალაქის მერიის გადაწყვეტილებით, 12-13 აპრილისთვის დაწესდა ავტობუსის ცხრა დროებითი მარშრუტიც.","Additionally, by the decision of the capital's City Hall, nine temporary bus routes were also established for April 12-13."
06_tbilisi_offers_free_metro.csv,"„ავტობუსები მგზავრებს 08:00-დან 20:00 საათამდე მუხათგვერდის, ვაშლიჯვრის, კუკიის, ახალი კუკიის, მახათას, საბურთალოს, ღრმაღელის, ველისა და ვარკეთილის სასაფლაოების მიმართულებით გადაიყვანენ.","""Buses will transport passengers from 08:00 to 20:00 to the Mukhatgverdi, Vashlijvari, Kukia, New Kukia, Makhata, Saburtalo, Grmaghele, Veli, and Varketili cemeteries."""
06_tbilisi_offers_free_metro.csv,"ავტობუსები იმოძრავებენ მეტროსადგურებიდან: „მარჯანიშვილი“, „დელისი“, „სარაჯიშვილი“, „ვარკეთილის“ მიმდებარე ტერიტორიიდან, ასევე, „დიდუბის“ ზედა გასასვლელიდან, სადგურის მოედნიდან („თბილისი ცენტრალის“ პირდაპირ), ბესარიონ ჭიჭინაძის ქუჩიდან (კორპუსი N25-ის პირდაპირ) და ვარკეთილის III მასივიდან – შუამთისა და აბაშვილის ქუჩების გადაკვეთიდან.","Buses will operate from the metro stations: ""Marjanishvili,"" ""Delisi,"" ""Sarajishvili,"" and the area adjacent to ""Varketili,"" as well as from the upper exit of ""Didube,"" Station Square (opposite ""Tbilisi Central""), Besarion Chichinadze Street (opposite Building N25), and Varketili III Micro-district – from the intersection of Shuamta and Abashvili streets."
06_tbilisi_offers_free_metro.csv,"აღნიშნული მარშრუტების ავტობუსებით მოქალაქეები ორი დღის განმავლობაში უფასოდ ისარგებლებენ“, – აღნიშნულია თბილისის მერიის ინფორმაციაში.","""Citizens will use the buses on the mentioned routes free of charge for two days,"" – is stated in the information from Tbilisi City Hall."
07_trailers_and_semi-trailers.csv,ნაქერალას უღელტეხილსა და საჩხერე (სარეკი)-უზუნთა-შქმერი-ზუდალის გზაზე მისაბმელიანი და ნახევრად მისაბმელიანი ავტოტრანსპორტის მოძრაობა აკრძალულია,Traffic for trailers and semi-trailers is prohibited on the Nakerala Pass and the Sachkhere (Sareki)-Uzunta-Shkmeri-Zudali road.
07_trailers_and_semi-trailers.csv,თოვის გამო შიდასახელმწიფოებრივი მნიშვნელობის ქუთაისი (მოწამეთა)-ტყიბული-ამბროლაურის საავტომობილო გზის კმ39-კმ60 (ნაქერალას უღელტეხილი) მონაკვეთზე და საჩხერე (სარეკი)-უზუნთა-შქმერი-ზუდალის გზაზე დროებით აკრძალულია მისაბმელიანი და ნახევრად მისაბმელიანი ავტოტრანსპორტის მოძრაობა.,"Due to snowfall, the movement of trailers and semi-trailers is temporarily prohibited on the km39-km60 section (Nakerala Pass) of the Kutaisi (Motsameta)-Tkibuli-Ambrolauri secondary road and on the Sachkhere (Sareki)-Uzunta-Shkmeri-Zudali road."
07_trailers_and_semi-trailers.csv,"ინფორმაციას საქართველოს ინფრასტრუქტურის სამინისტროს საავტომობილო გზების დეპარტამენტი ავრცელებს. მათივე ცნობით, დანარჩენი სახის ავტოტრანსპორტის გადაადგილება თავისუფალია.","The information is released by the Roads Department of the Ministry of Infrastructure of Georgia. According to the same source, movement for other types of vehicles is unrestricted."
08_vehicle_movement.csv,გუდაური (ფოსტა)-კობის მონაკვეთზე ავტოტრანსპორტის მოძრაობა აკრძალულია,Movement of motor vehicles is prohibited on the Gudauri (Posta)-Kobi section.
08_vehicle_movement.csv,"გუდაური (ფოსტა)-კობის მონაკვეთზე ავტოტრანსპორტის მოძრაობა აკრძალულია, – ამის შესახებ ინფორმაციას საქართველოს ინფრასტრუქტურის სამინისტროს საავტომობილო გზების დეპარტამენტი ავრცელებს.","Traffic is prohibited on the Gudauri (Posta)-Kobi section, according to information released by the Roads Department of the Ministry of Infrastructure of Georgia."
08_vehicle_movement.csv,"როგორც საავტომობილო გზების დეპარტამენტის ინფორმაციაშია აღნიშნული, აღნიშნულ მონაკვეთზე ზვავსაშიშროების საფრთხის დონე მაღალია.","As stated in the information provided by the Roads Department, the level of avalanche hazard on the mentioned section is high."
08_vehicle_movement.csv,"„საქართველოს ინფრასტრუქტურის სამინისტროს საავტომობილო გზების დეპარტამენტის ინფორმაციით, გარემოს ეროვნული სააგენტოს ცნობით, საერთაშორისო მნიშვნელობის მცხეთა-სტეფანწმინდა-ლარსის საავტომობილო გზის გუდაური (ფოსტა)-კობის მონაკვეთზე ზვავსაშიშროების საფრთხის დონე მაღალია, რის გამოც აღნიშნულ მონაკვეთზე დროებით იკრძალება ყველა სახის ავტოტრანსპორტის მოძრაობა.","According to the Roads Department of the Ministry of Infrastructure of Georgia, based on information from the National Environmental Agency, the avalanche hazard level is high on the Gudauri (Posta)-Kobi section of the Mtskheta-Stepantsminda-Larsi international highway. Due to this, the movement of all types of motor vehicles is temporarily prohibited on the mentioned section."
08_vehicle_movement.csv,"გარემოს ეროვნული სააგენტოს ცნობით, მლეთა-გუდაურის მონაკვეთზე ავტოტრანსპორტის მოძრაობა განხორციელდება გაუჩერებლად გავლის რეჟიმში“, – ნათქვამია ინფორმაციაში.","""According to the National Environmental Agency, traffic on the Mleta-Gudauri section will be carried out in a non-stop mode,"" the information states."
09_vespers_of_the_descent.csv,სამების საკათედრო ტაძარში გარდამოხსნის წესი შესრულდა,The Rite of the Descent from the Cross was performed at the Holy Trinity Cathedral.
09_vespers_of_the_descent.csv,ყოვლადწმინდა სამების საკათედრო ტაძარში გარდამოხსნის ტრადიციული წესი შესრულდა. მსახურება სიმბოლურად ჯვარცმული იესო ქრისტეს დაკრძალვას და დატირებას ასახავს.,The traditional rite of the Deposition from the Cross was performed at the Holy Trinity Cathedral. The service symbolically depicts the burial and lamentation of the crucified Jesus Christ.
09_vespers_of_the_descent.csv,"რიტუალი დღეს საპატრიარქო ტახტის მოსაყდრემ, სენაკისა და ჩხოროწყუს მიტროპოლიტმა შიომ (მუჯირი) მღვდელმთავრებთან ერთად ჩაატარა.","The ritual was performed today by the Locum Tenens of the Patriarchal Throne, Metropolitan Shio (Mujiri) of Senaki and Chkhorotsqu, together with the hierarchs."
09_vespers_of_the_descent.csv,"დღეს წითელი პარასკევია, ვნების კვირეულის ყველაზე მძიმე დღე. მართლმადიდებელი ეკლესია იესო ქრისტეს ჯვარცმას, ჯვრიდან გარდამოხსნასა და დაკრძალვას იხსენებს.","Today is Good Friday, the most somber day of Holy Week. The Orthodox Church commemorates the crucifixion of Jesus Christ, His deposition from the Cross, and His burial."
09_vespers_of_the_descent.csv,"წითელ პარასკევს ტაძრებში წირვა არ აღევლინება, რადგან, სახარების თანახმად, ადამიანთა ცოდვებისგან გამოსახსნელად უფალმა საკუთარი თავი მსხვერპლად შესწირა. მსახურებისას სამეუფო ჟამნი სრულდება, რომლის დროსაც უფლის ვნების შესახებ სახარება იკითხება.","On Good Friday, the Divine Liturgy is not celebrated in churches because, according to the Gospel, the Lord sacrificed Himself to redeem humanity from their sins. During the service, the Royal Hours are performed, during which the Gospel accounts of the Passion of the Lord are read."
09_vespers_of_the_descent.csv,"მორწმუნეები ამ დღეს კვერცხებს წითლად ღებავენ, ასევე აცხობენ პასკებს, რადგან, სახარების თანახმად, იესო ქრისტეს ჯვარცმა იუდეველთა პასექის დღესასწაულზე მოხდა.","On this day, believers dye eggs red and also bake paskas, as according to the Gospel, the crucifixion of Jesus Christ took place during the Jewish Passover."
10_water_polo.csv,წყალბურთი | საქართველოს ნაკრებმა თურქეთი დაამარცხა და მსოფლიო თასისკენ დიდი ნაბიჯი გადადგა #1TVSPORT,Water Polo | The Georgian national team defeated Turkey and took a big step towards the World Cup #1TVSPORT
10_water_polo.csv,საქართველოს წყალბურთელთა ნაკრებმა მსოფლიო თასის საკვალიფიკაციო ეტაპის მერვედფინალური მატჩი თურქეთთან გამართა და 19:12 გაიმარჯვა. ეს იყო ღირსეული რევანში ამავე ნაკრებთან ჯგუფურ ეტაპზე დამარცხებისთვის.,The Georgian national water polo team played the Round of 16 match of the World Cup qualification stage against Turkey and won 19:12. This was a worthy revenge for the defeat against the same team in the group stage.
10_water_polo.csv,"ამ მოგებით ქართველები მეოთხედფინალში გავიდნენ, სადაც მათი მეტოქე მოგვიანებით გაირკვევა (კანადა-უკრაინას შორის გამარჯვებული). მსოფლიო თასზე მოსახვედრად საქართველოს ნაკრებს კიდევ ორი შეხვედრის მოგება სჭირდება – მეოთხედფინალის და ნახევარფინალის. მსოფლიო თასის სუპერფინალის საგზურს ორი ფინალისტი მიიღებს.","With this victory, the Georgians advanced to the quarterfinals, where their opponent will be determined later (the winner between Canada and Ukraine). To qualify for the World Cup, the Georgian national team needs to win two more matches – the quarterfinal and the semifinal. The two finalists will secure a spot in the World Cup Super Final."
10_water_polo.csv,წყალბურთში 2026 წლის მსოფლიო თასი 22-26 ივლისს ავსტრალიაში გაიმართება.,The 2026 Water Polo World Cup will be held in Australia from July 22 to 26.
01_ge_Irakli_Kobakhidze.csv,"ირაკლი კობახიძე - ისე როგორც პრემიერს, სახელმწიფო მინისტრსაც მთლიანად მთავრობის ადმინისტრაციის რესურსი მოემსახურება, აქ საქილიკო არაფერია, თუმცა ოპოზიცია აქაც ახერხებს  სპეკულაციებს - ეს მათი სახეა და არ არის საინტერესო (28.04.2026, 16:17)","Irakli Kobakhidze - Just as the Prime Minister, the State Minister will be served by the full resources of the Government Administration; there is nothing to mock here, though the opposition manages to speculate even on this – this is their true face and it is not interesting (28.04.2026, 16:17)"
01_ge_Irakli_Kobakhidze.csv,"ისევე როგორც პრემიერ-მინისტრს, ვიცე-პრემიერსაც, სამართალდამცავი ორგანოების კოორდინაციის საკითხებში სახელმწიფო მინისტრსაც მთლიანად მთავრობის ადმინისტრაციის რესურსი მოემსახურება - თავადაც ხვდებით, აქ საქილიკო არაფერია, თუმცა ოპოზიცია აქაც ახერხებს სპეკულაციების გავრცელებას - ეს მათი სახეა და არ არის საინტერესო, - ამის შესახებ პრემიერ-მინისტრმა, ირაკლი კობახიძემ ჟურნალისტებთან განაცხადა.","""Just like the Prime Minister, the Vice Prime Minister and the State Minister for Coordination of Law Enforcement Agencies will be fully served by the resources of the Government Administration—as you can see, there is nothing to mock here, yet the opposition still manages to spread speculations; this is their true nature and it is not interesting,"" Prime Minister Irakli Kobakhidze told journalists."
01_ge_Irakli_Kobakhidze.csv,"მისივე თქმით, ახალი სტრუქტურული ერთეულის შექმნის მიზანი სამართალდამცავი სისტემის კიდევ უფრო მეტად გაძლიერებაა.","According to him, the purpose of creating the new structural unit is to further strengthen the law enforcement system."
01_ge_Irakli_Kobakhidze.csv,"„ეს ცვლილებები ემსახურებოდა სამართალდამცავი სისტემის კიდევ უფრო მეტად გაძლიერებას. გაჩნდა ახალი რგოლი - კოორდინაციის რგოლი. ამ ფუნქციას მამუკა მდინარაძე მანამდეც ასრულებდა, მაგრამ კონკრეტული უწყებიდან. ეს იყო ფაქტობრივი მდგომარეობა. ჩვენ გადავწყვიტეთ იმ მოცემულობის ფორმალიზება, რაც სწორია, რაც მანამდეც იყო ჩამოყალიბებული. რეალურად, იქნება დამოუკიდებელი სტრუქტურები. ბუნებრივია, ეს არის შინაგან საქმეთა სამინისტრო, სახელმწიფო უსაფრთხოების სამსახური, სახელმწიფო დაცვის სპეციალური სამსახური და მათ საერთო კოორდინაციას უზრუნველყოფს. სახელმწიფო მინისტრი ახალი თანამდებობა არის ამისთვის განკუთვნილი, რაც კიდევ უფრო გააძლიერებს დანაშაულის წინააღმდეგ ბრძოლას, საზოგადოებრივი წესრიგის დაცვაზე ზრუნვას. თქვენ იცით რომ ამ ერთი წლის განმავლობაში ყველა მიმართულებით გვაქვს ფუნდამენტური ცვლილებები,“ - განაცხადა კობახიძემ.","“These changes served to further strengthen the law enforcement system. A new link has emerged—a coordination unit. Mamuka Mdinaradze was performing this function even before, but from a specific agency. This was the factual situation. We decided to formalize the existing reality, which is the right move and was already established. In reality, there will be independent structures. Naturally, these are the Ministry of Internal Affairs, the State Security Service, and the Special State Protection Service, and [the new role] will ensure their overall coordination. The new position of State Minister is intended for this purpose, which will further strengthen the fight against crime and the efforts to maintain public order. As you know, over the past year, we have seen fundamental changes in all directions,” Kobakhidze stated."
01_ge_Irakli_Kobakhidze.csv,"ამასთან, პრემიერმა პატიმრობაში მყოფ სუს-ის ყოფილ ხელმძღვანელ, გრიგოლ ლილუაშვილსა და მამუკა მდინარაძეს შორის პარალელების შესახებ დასმულ კითხვას უპასუხა და აღნიშნა, რომ „მაშინ სხვაგვარად წარიმართა პროცესები, ახლა სხვანაირად წარიმართება“.","Furthermore, the Prime Minister responded to a question regarding parallels between the former head of the State Security Service, Grigol Liluashvili, who is in custody, and Mamuka Mdinaradze, noting that ""then the processes proceeded differently, now they will proceed differently."""
01_ge_Irakli_Kobakhidze.csv,"„მოცემულობა არის რადიკალურად განსხვავებული. კონტექსტი არის სრულიად განსხვავებული. მამუკა მდინარაძე არის გამორჩეულად წარმატებული წევრი ჩვენს გუნდში. კონკრეტულად სახელმწიფო უსაფრთხოების სამსახურში მისი საქმიანობა იყო გამორჩეულად წარმატებული, მათ შორის, კორუფციის მიმართულებით, ტერორისტული დანაშაულის მიმართულებით. ძალიან მნიშვნელოვანი სისტემური ცვლილებები განახორციელა. ეს არის განსხვავებული ფონი, შესაბამისად, განსხვავებულ ფონზე სამომავლო განვითარებაც იქნება განსხვავებული,“ - განაცხადა კობახიძემ.","""The situation is radically different. The context is completely different. Mamuka Mdinaradze is an exceptionally successful member of our team. Specifically, his activities in the State Security Service were exceptionally successful, including in the areas of corruption and terrorist crimes. He implemented very important systemic changes. This is a different background; therefore, against a different background, future development will also be different,"" stated Kobakhidze."
01_ge_Irakli_Kobakhidze.csv,"პარლამენტი დაჩქარებული წესით იხილავს კანონის პროექტს, რომლის საფუძველზეც საქართველოს მთავრობის შემადგენლობაში სამართალდამცავი ორგანოების კოორდინაციის საკითხებში სახელმწიფო მინისტრის თანამდებობის შემოღება ხდება. პროექტის მიხედვით, ახალი სახელმწიფო მინისტრის საქმიანობას მატერიალურ-ტექნიკურად და ორგანიზაციულად მთავრობის ადმინისტრაცია უზრუნველყოფს.","Parliament is considering a draft law through an expedited procedure, which provides for the introduction of the position of State Minister for the Coordination of Law Enforcement Agencies within the Government of Georgia. According to the bill, the Government Administration will provide material-technical and organizational support for the activities of the new State Minister."
01_ge_Irakli_Kobakhidze.csv,"მთავრობის საპარლამენტო მდივნის ვახტანგ ბაჩიაშვილის ინფორმაციით, სახელმწიფო მინისტრის უფლებამოსილებები მთავრობის დადგენილებაში დაზუსტდება. მისივე თქმით, სამართალდამცავი ორგანოების კოორდინაციის საკითხებში სახელმწიფო მინისტრი მთავრობის ადმინისტრაციის შენობაში განთავსდება.","According to Vakhtang Bachiashvili, the Parliamentary Secretary of the Government, the powers of the State Minister will be specified in a government decree. He also stated that the State Minister for the Coordination of Law Enforcement Agencies will be located in the Government Administration building."
02_ge_Giorgi_Sharashidze.csv,"გიორგი შარაშიძე - რა ვიცე-პრემიერობაზე და სახელმწიფო მინისტრობაზეა საუბარი, კაბინეტსაც კი არ აძლევენ ნორმალურს, აპარატიც არ ექნება და მდივანიც არ ეყოლება - მდინარაძეს ვურჩევდი, ამ კაბინეტზეც ძალიან ნუ ჩაიციკლება და დისტანციურად იმუშაოს (28.04.2026, 12:04)","Giorgi Sharashidze - What talk is there of Vice-Prime Ministership or State Ministership, they aren't even giving him a proper office, he won't have a staff and won't have a secretary - I would advise Mdinaradze not to get too fixated on this office either and to work remotely (28.04.2026, 12:04)"
02_ge_Giorgi_Sharashidze.csv,"რა ვიცე-პრემიერობაზე და სახელმწიფო მინისტრობაზეა საუბარი, კაბინეტსაც კი არ აძლევენ ნორმალურს, აპარატიც არ ექნება და მდივანიც არ ეყოლება მდინარაძეს - ვურჩევდი, რომ ამ კაბინეტზეც ძალიან ნუ იქნება ჩაციკლული და დისტანციურად იმუშაოს სახლიდან, - ამის შესახებ პარტია „გახარია საქართველოსთვის” დეპუტატმა, გიორგი შარაშიძემ, სამართალდამცავი ორგანოების კოორდინირებისთვის სახელმწიფო მინისტრის თანამდებობის შექმნაზე საუბრისას განაცხადა. მისი თქმით, გენერალ-კოორდინატორის დანიშვნა არაფერს არ შეცვლის გარდა იმისა, რომ ეს მისი „დროებითი დაკმაყოფილება და პენსიაზე გაშვება იქნება“.","""What Vice-Prime Ministership or State Ministership are we talking about? They aren't even giving him a proper office; Mdinaradze won't even have a staff or a secretary. I would advise him not to get too fixated on this office and to work remotely from home,"" stated Giorgi Sharashidze, an MP from the ""Gakharia for Georgia"" party, while discussing the creation of the position of State Minister for the coordination of law enforcement agencies. 

According to him, appointing a general-coordinator will change nothing except that it will be his ""temporary satisfaction and a way to send him into retirement."""
02_ge_Giorgi_Sharashidze.csv,"„დაგეგმილ ცვლილებებს ჩვენი ქვეყნის მოქალაქეების პრობლემების და საქართველოს უსაფრთხოების საკითხების პრობლემების გადაჭრასთან არანაირი კავშირი არ აქვს. ეს არის არაფორმალური მმართველობის მორიგი გამოვლინება. „ოცნებას“ და იმ 89 დეპუტატს, რომელიც პარლამენტში ზის, არ აქვს, გარდა იმისა, რომ ივანიშვილის გადაწყვეტილებები, რომელსაც მათ არავინ არ უთანხმებს, უბრალოდ „გააპრავონ”. რა ვიცე-პრემიერობაზე და სახელმწიფო მინისტრობაზეა საუბარი, კაბინეტსაც კი არ აძლევენ ნორმალურს, აპარატიც არ ექნება და მდივანიც არ ეყოლება მდინარაძეს. მას ვურჩევდი, რომ ამ კაბინეტზეც ძალიან ნუ იქნება ჩაციკლული და დისტანციურად იმუშაოს მაშინ, სახლიდან.","""The planned changes have nothing to do with solving the problems of our country's citizens or Georgia's security issues. This is yet another manifestation of informal governance. 'Dream' and the 89 deputies sitting in parliament have no role other than to simply 'legitimize' Ivanishvili's decisions, which are never coordinated with them. What talk is there of a vice-premiership or a state ministry? They aren't even giving Mdinaradze a proper office; he won't have a staff or even a secretary. I would advise him not to get too fixated on this office and just work remotely from home instead."""
02_ge_Giorgi_Sharashidze.csv,"თუ კოორდინაცია არის ასეთი მნიშვნელოვანი - კოორდინაციისთვის სუს-ის ხელმძღვანელს ექვს თვეში არ ხსნიან. სახელმწიფო უსაფრთხოების სამსახური ექვსი წლის ვადით შემთხვევით არ ინიშნება - ეს ჩანაწერი კანონში შემთხვევით არ არის. ვხედავთ, რომ ბოლო ერთ წელიწადში უკვე ორი სუს-ის უფროსი შეიცვალა. ეს მიუთითებს არასტაბილურ გარემოზე და არაფორმალურ მმართველობაზე. ადამიანს ერთ დღეში გენერლობა მიანიჭეს დილით და საღამოს კოორდინატორად დააქვეითეს - ამ ადამიანისგან რა განსაკუთრებული მოლოდინები უნდა შევქმნათ?","If coordination is so important, the head of the State Security Service is not dismissed after six months for the sake of coordination. The head of the State Security Service is not appointed for a six-year term by chance—this provision in the law is not there by accident. We see that two heads of the State Security Service have already been replaced in the last year. This points to an unstable environment and informal governance. A person was granted the rank of general in the morning and demoted to a coordinator by the evening—what special expectations should we have of this person?"
02_ge_Giorgi_Sharashidze.csv,"რაც შეეხება კოორდინატორობას - თავად „ოცნებამ“ შემოიტანა ეს ტერმინი და გუშინ ჩვენი ერთ-ერთი ლიდერი გიგა ფარულავა, იურიდიული კომიტეტის სხდომაზე, როდესაც ფაქტს ამბობდა, რომ კოორდინატორად ნიშნავთო, ისეთი გაღიზიანება მოჰყვა, ლექსიკა და ტონი დაუწუნეს. ეს კოორდინატორი „ოცნების“ მიერ შემოღებული ტერმინია და თუ მათთვის ეს შეურაცხმყოფელია, მაშინ თავად ახსნან საერთოდ საიდან მოიტანეს ეს ტერმინი. ამიტომ, როდესაც ვამბობთ, რომ ეს გენერალ-კოორდინატორის დანიშვნა არაფერს არ შეცვლის გარდა იმისა, რომ უბრალოდ ეს იქნება რაღაცა მისი დაკმაყოფილება დროებით და პენსიაზე გაშვება, ეს არის რეალობა“, - განაცხადა შარაშიძემ.","""As for the coordinatorship — 'Dream' itself introduced this term, and yesterday, when one of our leaders, Giga Parulava, at the Legal Committee meeting, was stating the fact that you are appointing [him] as a coordinator, it was met with such irritation that they criticized his vocabulary and tone. This 'coordinator' is a term introduced by 'Dream,' and if it is offensive to them, then let them explain where they got this term from in the first place. Therefore, when we say that this appointment of a general-coordinator will change nothing except that it will simply be a way to temporarily satisfy him and send him into retirement, this is the reality,"" Sharashidze stated."
02_ge_Giorgi_Sharashidze.csv,"ცნობისთვის, პარლამენტი დაჩქარებული წესით იხილავს კანონის პროექტს, რომლის საფუძველზეც საქართველოს მთავრობის შემადგენლობაში სამართალდამცავი ორგანოების კოორდინაციის საკითხებში სახელმწიფო მინისტრის თანამდებობის შემოღება ხდება.","For information, the Parliament is considering a draft law through an expedited procedure, on the basis of which the position of State Minister for the Coordination of Law Enforcement Agencies is being introduced within the Government of Georgia."
02_ge_Giorgi_Sharashidze.csv,"პროექტის მიხედვით, ახალი სახელმწიფო მინისტრის საქმიანობას მატერიალურ-ტექნიკურად და ორგანიზაციულად მთავრობის ადმინისტრაცია უზრუნველყოფს.","According to the draft, the Administration of the Government shall provide logistical and organizational support for the activities of the new State Minister."
02_ge_Giorgi_Sharashidze.csv,"მთავრობის საპარლამენტო მდივნის ვახტანგ ბაჩიაშვილის ინფორმაციით, სახელმწიფო მინისტრის უფლებამოსილებები მთავრობის დადგენილებაში დაზუსტდება, სადაც მისი რუტინული თუ სტრატეგიული უფლებამოსილებები გაიწერება.","According to the Parliamentary Secretary of the Government, Vakhtang Bachiashvili, the powers of the State Minister will be specified in a government decree, where their routine and strategic responsibilities will be outlined."
02_ge_Giorgi_Sharashidze.csv,სამართალდამცავი ორგანოების კოორდინაციის საკითხებში სახელმწიფო მინისტრის თანამდებობაზე მამუკა მდინარაძე დაინიშნება.,Mamuka Mdinaradze will be appointed to the position of State Minister for Coordination of Law Enforcement Agencies.
03_ge_Mariam_Kvrivishvili.csv,"მარიამ ქვრივიშვილი - ჩინეთთან ხელი მოვაწერეთ თავისუფალი ვაჭრობის შეთანხმების განახლებულ ვერსიას, რაც კიდევ უფრო მეტად გააძლიერებს და გაამყარებს ორ ქვეყანას შორის სავაჭრო-ეკონომიკურ ურთიერთობებს (25.04.2026, 11:11)","Mariam Kvrivishvili - We signed an updated version of the Free Trade Agreement with China, which will further strengthen and solidify trade and economic relations between the two countries (25.04.2026, 11:11)"
03_ge_Mariam_Kvrivishvili.csv,"ჩინეთის სახალხო რესპუბლიკაში ვიზიტი წარმატებული შედეგებით დასრულდა, რაც დადებითად აისახება საქართველოსა და ჩინეთის ეკონომიკური კავშირების შემდგომ განვითარებაზე, - ამის შესახებ საქართველოს ეკონომიკისა და მდგრადი განვითარების მინისტრმა მარიამ ქვრივიშვილმა განაცხადა.","""The visit to the People's Republic of China concluded with successful results, which will have a positive impact on the further development of economic ties between Georgia and China,"" stated Mariam Kvrivishvili, the Minister of Economy and Sustainable Development of Georgia."
03_ge_Mariam_Kvrivishvili.csv,"მინისტრის თქმით, ვიზიტის ფარგლებში გაიმართა უმაღლესი დონის შეხვედრები ჩინეთის სახელმწიფო და კერძო სექტორის წარმომადგენლებთან. მარიამ ქვრივიშვილმა განსაკუთრებული აქცენტი გააკეთა ჩინეთის ეროვნული რეფორმებისა და განვითარების კომიტეტში გამართულ შეხვედრაზე, რომლის დროსაც მხარეები შეთანხმდნენ, რომ ჩამოყალიბდება ინვესტიციების მოსაზიდად საქართველო-ჩინეთს შორის დიალოგის მექანიზმი, რაც ხელს შეუწყობს ჩინეთიდან ინვესტიციების განხორციელებას.","According to the minister, high-level meetings were held with representatives of China's state and private sectors within the framework of the visit. Mariam Kvrivishvili placed special emphasis on the meeting held at China's National Development and Reform Commission, during which the parties agreed to establish a Georgia-China dialogue mechanism to attract investments, which will facilitate the implementation of investments from China."
03_ge_Mariam_Kvrivishvili.csv,"„კომერციის მინისტრთან ერთად ხელი მოვაწერე თავისუფალი ვაჭრობის შეთანხმების განახლებულ ვერსიას, რაც კიდევ უფრო მეტად გააძლიერებს და გაამყარებს ორ ქვეყანას შორის სავაჭრო-ეკონომიკურ ურთიერთობებს. გარდა ამისა, მივიღეთ უმნიშვნელოვანესი გადაწყვეტილება, რომ შეიქმნება მთავრობათაშორისი ფორმატი, რომელიც უზრუნველყოფს უმსხვილესი ინვესტიციების მოზიდვის, ისევე, როგორც სტრატეგიულ პროექტებში ჩინური კომპანიების ჩართულობის მხარდაჭერას"", - აღნიშნა მარიამ ქვრივიშვილმა.","""Together with the Minister of Commerce, I signed the updated version of the Free Trade Agreement, which will further strengthen and solidify the trade and economic relations between the two countries. In addition, we made a crucial decision to establish an intergovernmental format that will ensure the attraction of major investments, as well as support the involvement of Chinese companies in strategic projects,"" noted Mariam Kvrivishvili."
03_ge_Mariam_Kvrivishvili.csv,"მინისტრმა ასევე ყურადღება გაამახვილა ჩინეთის ავიაკომპანია China Eastern Airlines - ის ხელმძღვანელებთან გამართულ შეხვედრაზე, რომელზეც მიღებულ იქნა გადაწყვეტილება 15 ივლისიდან შანხაი - თბილისის მიმართულებით პირდაპირი ავიამიმოსვლის დაწყების შესახებ. როგორც მარიამ ქვრივიშვილმა აღნიშნა, შანხაის მიმართულება, ისევე როგორც ზოგადად ჩინეთის ტურისტული ბაზარი საქართველოსთვის სტრატეგიულია და პირდაპირი საჰაერო მიმოსვლა ხელს შეუწყობს ქვეყანაში როგორც ტურისტული ნაკადების ზრდას, ისე მსყიდველუნარიანი ვიზიტორების ჩამოსვლას.","The Minister also highlighted the meeting held with the executives of the Chinese airline China Eastern Airlines, during which a decision was made to launch direct flights on the Shanghai-Tbilisi route starting July 15. As Mariam Kvrivishvili noted, the Shanghai destination, as well as the Chinese tourism market in general, is strategic for Georgia, and direct air service will contribute to both the growth of tourist flows and the arrival of high-spending visitors to the country."
03_ge_Mariam_Kvrivishvili.csv,"„ეს გადაწყვეტილება გააძლიერებს ხალხთაშორის ურთიერთობებს, ეკონომიკურ კავშირებს და სტიმულს მისცემს ჩვენი ქვეყნის ტურიზმის ინდუსტრიის გაძლიერებას, დივერსიფიცირებას და დამატებითი შემოსავლების გენერირებას ჩვენს ქვეყანაში უშუალოდ ტურიზმის ინდუსტრიიდან"", - განაცხადა მარიამ ქვრივიშვილმა.","""This decision will strengthen people-to-people relations and economic ties, and will provide a stimulus for the strengthening and diversification of our country's tourism industry, as well as the generation of additional revenue directly from the tourism sector in our country,"" stated Mariam Kvrivishvili."
03_ge_Mariam_Kvrivishvili.csv,"ვიზიტის ფარგლებში გაიმართა შეხვედრები ჩინეთის უმსხვილეს ენერგეტიკულ და ავტომობილების მწარმოებელ კომპანიებთან. როგორც მარიამ ქვრივიშვილმა აღნიშნა, შეხვედრებზე განიხილეს საქართველოს საინვესტიციო შესაძლებლობები, რაც ხელს შეუწყობს ჩინეთიდან დამატებითი ინვესტიციების მოზიდვას, ადგილობრივი წარმოების განვითარებას და ენერგეტიკის სექტორის გაძლიერებას.","Within the framework of the visit, meetings were held with China's largest energy and automobile manufacturing companies. As Mariam Kvrivishvili noted, Georgia's investment opportunities were discussed at the meetings, which will facilitate the attraction of additional investments from China, the development of local production, and the strengthening of the energy sector."
04_ge_Maka_Botchorishvili.csv,"მაკა ბოჭორიშვილი პაველ ჰერჩინსკიზე - არ გვჭირდება საზოგადოების პოლარიზების და რადიკალური დღის წესრიგის წახალისება, არ გვჭირდება არც ბნელი წარსული და არც მსგავსი მუქარა - ხელისუფლება ყველაზე კარგად გრძნობს, რომელი გზის გასაყარზე დგას საქართველო (27.04.2026, 14:01)","Maka Bochorishvili on Pawel Herczynski - We do not need the encouragement of societal polarization and a radical agenda, we need neither a dark past nor such threats - the government understands best at which crossroads Georgia stands (27.04.2026, 14:01)"
04_ge_Maka_Botchorishvili.csv,"როგორი განმარტებაც არ უნდა მოვისმინოთ, ფაქტები და ქმედებები ფაქტებად და ქმედებებად რჩება. სურათი, რომელსაც ვხედავთ, მიუღებელია, - ამის შესახებ საგარეო საქმეთა მინისტრმა, მაკა ბოჭორიშვილმა ევროკავშირის ელჩთან, პაველ ჰერჩინსკისთან შეხვედრის დასრულების შემდეგ ჟურნალისტებთან განაცხადა.","""Whatever explanation we may hear, facts and actions remain facts and actions. The picture we see is unacceptable,"" Foreign Minister Maka Bochorishvili told journalists after her meeting with EU Ambassador Paweł Herczyński."
04_ge_Maka_Botchorishvili.csv,"მისი თქმით, ხელისუფლება ყველაზე კარგად გრძნობს, რომელი გზის გასაყარზე დგას საქართველო და რამდენად არ გვჭირდება არც ბნელი წარსული და არც მსგავსი მუქარები.","According to him, the government understands best the crossroads at which Georgia stands and how much we need neither a dark past nor such threats."
04_ge_Maka_Botchorishvili.csv,"„ჩვენზე, ქართველებზე და ქართველი ხალხის მიერ არჩეულ ხელისუფლებაზე უკეთ ვერავინ მიხვდება და გაიგებს, რომელ გზაგასაყარზე დგას ეს ქვეყანა. ქართველი ხალხის ნება გამოხატულია საქართველოს ხელისუფლების არჩევანში. ხელისუფლება წარმოადგენს იმ ხალხის ნებას, რომელზეც ასე ღელავენ. შესაბამისად, ხელისუფლება ყველაზე კარგად გრძნობს, რომელი გზის გასაყარზე დგას საქართველო, რამდენად სჭირდება საქართველოს უსაფრთხოებას გაფრთხილება და რამდენად გვჭირდება სტაბილურობა. რამდენად არ გვჭირდება ამ საზოგადოების პოლარიზების და რადიკალური დღის წესრიგის წახალისება. ასევე, არ გვჭირდება არც ბნელი წარსული და არც მსგავსი მუქარები“, - განაცხადა ბოჭორიშვილმა.","""No one can understand or realize better than us—Georgians and the government elected by the Georgian people—at which crossroads this country stands. The will of the Georgian people is expressed in the choice of the Georgian government. The government represents the will of the people they are so concerned about. Accordingly, the government feels best at which crossroads Georgia stands, how much Georgia's security needs to be safeguarded, and how much we need stability. We also do not need the encouragement of this society's polarization and a radical agenda. Furthermore, we need neither a dark past nor such threats,"" Bochorishvili stated."
04_ge_Maka_Botchorishvili.csv,"კითხვაზე, რა იყო პაველ ჰერჩინსკის განცხადებაში მუქარის შემცველი, ბოჭორიშვილმა უპასუხა, რომ მიუღებელია ყველაფერი ის, რაც საზოგადოებაში აღვივებს პოლარიზებას.","When asked what was threatening in Pavel Herczynski's statement, Bochorishvili replied that everything that fuels polarization in society is unacceptable."
04_ge_Maka_Botchorishvili.csv,"„ის განცხადებები, ქმედებები, ნაბიჯები, რომელიც ბრიუსელის მხრიდან იდგმება, ის დამოკიდებულება, რომელსაც საქართველოს ხელისუფლებასთან მიმართებაში ვხედავთ, არის მიუღებელი და მიმართულია ამ საზოგადოებაში პოლარიზაციისკენ. მიუღებელია ყველაფერი ის, რაც ჩვენს საზოგადოებაში აღვივებს პოლარიზებას და მიუღებელია რადიკალური დღის წესრიგის წახალისება“, - აღნიშნა საგარეო საქმეთა მინისტრმა.","""The statements, actions, and steps taken by Brussels, and the attitude we see toward the Georgian government, are unacceptable and aimed at polarization within this society. Everything that fuels polarization in our society is unacceptable, and the encouragement of a radical agenda is unacceptable,"" stated the Minister of Foreign Affairs."
04_ge_Maka_Botchorishvili.csv,"კითხვაზე, მოისმინა თუ არა მან განმარტება პაველ ჰერჩინსკის მხრიდან მის განცხადებაზე, ბოჭორიშვილმა უპასუხა, რომ აქვთ მოლოდინი, რომ ბრიუსელიდან ის დამოკიდებულება იქნება, რასაც საქართველო იმსახურებს.","When asked whether she had heard an explanation from Pawel Herczynski regarding his statement, Bochorishvili replied that they expect Brussels to show the attitude that Georgia deserves."
04_ge_Maka_Botchorishvili.csv,"„როგორი განმარტებაც არ უნდა მოვისმინოთ, ფაქტები და ქმედებები ფაქტებად და ქმედებებად რჩება. სურათი, რომელსაც ვხედავთ, მიუღებელია. საქართველო არის კეთილსინდისიერი პარტნიორი! მას ევროკავშირთან მიმართებით არაფერი გაუკეთებია იმისთვის, რომ დაზიანებულიყო ევროკავშირის რომელიმე ინტერესი. შესაბამისად, ევროკავშირის მხრიდან ჩვენც მოველით, რომ ბრიუსელიდან ის დამოკიდებულება იქნება, რასაც საქართველო იმსახურებს - კეთილსინდისიერ ურთიერთობაში. ამას ვერ ვხედავთ ამ ეტაპზე და ამის გამოხატულებაა ის ნაბიჯებიც, რასაც ვხედავთ. თუ გვინდა, რომ ურთიერთობები ისევ ნორმალურ რეჟიმში გადავიდეთ, მინიმუმ ერთმანეთს პატივი უნდა ვცეთ და მინიმუმ უნდა იყოს ნდობაზე დაფუძნებული ეს ურთიერთობები, რომელსაც ასეთი განცხადებები, არყევს“, - განაცხადა მაკა ბოჭორიშვილმა.","""No matter what explanation we hear, facts and actions remain facts and actions. The picture we see is unacceptable. Georgia is a partner in good faith! It has done nothing in relation to the EU to damage any of the European Union's interests. Accordingly, we also expect from the EU's side that the attitude from Brussels will be what Georgia deserves—in a relationship of good faith. We do not see this at this stage, and the steps we are seeing are an expression of that. If we want relations to return to a normal mode, at the very least we must respect each other, and at the very least, these relations must be based on trust, which such statements undermine,"" stated Maka Botchorishvili."
04_ge_Maka_Botchorishvili.csv,"ცნობისთვის, საქართველოში ევროკავშირის ელჩ პაველ ჰერჩინსკისა და საგარეო საქმეთა მინისტრ მაკა ბოჭორიშვილს შორის დღეს შეხვედრა გაიმართა. პაველ ჰერჩინსკის შეხვედრაზე დაბარება მის მიერ გაკეთებულ განცხადებას უკავშირდებოდა. შეგახსენებთ იმასაც, რომ ევროკავშირის ელჩმა საქართველოში პაველ ჰერჩინსკიმ ბრიუსელში, ევროპის საგარეო ქმედებათა სამსახურში, სადაც დოკუმენტური ფოტოგამოფენა „საქართველო ფოკუსში“ გაიხსნა, აღნიშნა, რომ საქართველო სწორ ტრაექტორიაზე აღარ იმყოფება. ელჩის თქმით, „ხელისუფლებამ აირჩია ალტერნატიული, ავტორიტარიზმის მოდელი და საქართველოს ევროკავშირს აშორებს“.","For information, a meeting was held today between the EU Ambassador to Georgia, Paweł Herczyński, and the Minister of Foreign Affairs, Maka Bochorishvili. Paweł Herczyński's summons to the meeting was related to a statement he had made. It should also be recalled that the EU Ambassador to Georgia, Paweł Herczyński, noted in Brussels at the European External Action Service—where the documentary photo exhibition ""Georgia in Focus"" was opened—that Georgia is no longer on the right trajectory. According to the Ambassador, ""the government has chosen an alternative model of authoritarianism and is distancing Georgia from the European Union."""
04_ge_Maka_Botchorishvili.csv,"„საქართველო გზაგასაყარზე დგას. საქართველოს მომავალი ჯერ არ დაწერილა, მაგრამ ის, რაც მომავალ კვირებსა და თვეებში გადაწყდება, განსაზღვრავს, ეკუთვნის საქართველო ევროპული ქვეყნების ოჯახს, რომელიც დაფუძნებულია დემოკრატიაზე, კანონის უზენაესობასა და ადამიანის უფლებებზე, თუ სამწუხაროდ, თავის ბნელ წარსულს დაუბრუნდება. ჩემი მთავარი გზავნილი ქართველი ხალხის მიმართ არის „ნუ დაკარგავთ იმედის“. ჩვენ არ უნდა დავუშვათ, რომ საქართველო და შესანიშნავი, თბილი, სტუმართმოყვარე ქართველი ხალხი დაბრუნდეს ძალადობის, სამოქალაქო ომის, სიღარიბის, გაჭირვების, კორუფციის ბნელ დროში. ეს არ არის ის მომავალი, რომელსაც ისინი იმსახურებენ. როგორც კი ხელისუფლება გამოთქვამს ჩვენთან თანამშრომლობის სურვილს, ჩვენ ყველაფერს გავაკეთებთ იმისათვის, რომ დავეხმაროთ საქართველოს გახდეს ევროკავშირის წევრი“, - განაცხადა ჰერჩინსკიმ, რომლის ციტატასაც „ნეტგაზეთი“ ავრცელებს.","""Georgia stands at a crossroads. Georgia's future has not yet been written, but what is decided in the coming weeks and months will determine whether Georgia belongs to the family of European countries based on democracy, the rule of law, and human rights, or if, unfortunately, it will return to its dark past. My main message to the Georgian people is 'do not lose hope.' We must not allow Georgia and the wonderful, warm, hospitable Georgian people to return to the dark times of violence, civil war, poverty, hardship, and corruption. This is not the future they deserve. As soon as the government expresses a desire to cooperate with us, we will do everything to help Georgia become a member of the European Union,"" stated Herczynski, whose quote was reported by ""Netgazeti."""
05_ge_Archpriest_Andria.csv,"დეკანოზი ანდრია ჯაღმაიძე - კანდიდატი უნდა იყოს არაუმეტეს 70 წლისა, რაც შეეხება განათლებას, როცა ადამიანს სამსახურში შეაქვს განცხადება, იტყვის, დიპლომი არ მაქვს, მაგრამ განათლებული ვარო?! - სინოდმა უნდა იხელმძღვანელოს მკაცრად, მართვა-გამგეობის დებულებით (28.04.2026, 11:40)","Archpriest Andria Jaghmaidze - The candidate must be no more than 70 years old; as for education, when a person applies for a job, will they say, ""I don't have a diploma, but I am educated""?! - The Synod must strictly follow the Statute of Management and Administration (28.04.2026, 11:40)"
05_ge_Archpriest_Andria.csv,"კრიტერიუმებში ჩვენ ვკითხულობთ, რომ უნდა იყოს ქართველი, უნდა იყოს, ბერი, უნდა იყოს სინოდის წევრი, უნდა ჰქონდეს განათლება და ასაკზე არის მითითება, რომ 40 წელი უნდა ჰქონდეს შესრულებული და არაუმეტეს 70 წლისა უნდა იყოს - მართვა-გამგეობის დებულების შეცვლის უფლება არ აქვს ამ სინოდს და უნდა იხელმძღვანელოს მკაცრად მართვა - გამგეობის დებულებით,- ამის შესახებ საპატრიარქოს საზოგადოებასთან ურთიერთობის სამსახურის უფროსმა დეკანოზმა ანდრია ჯაღმაიძემ განაცხადა.","""In the criteria, we read that [the candidate] must be Georgian, must be a monk, must be a member of the Synod, must have an education, and there is a reference to age, stating that he must have reached 40 years of age and be no more than 70 years old—this Synod does not have the right to change the Statute of Management and Administration and must be strictly guided by the Statute of Management and Administration,"" stated Archpriest Andria Jagmaidze, Head of the Public Relations Department of the Patriarchate."
05_ge_Archpriest_Andria.csv,"მისი თქმით, ეკლესიის ცხოვრებისთვის მნიშვნელოვანია, რომ განსაზღვრული წესი დაცული იყოს.","According to him, it is important for the life of the church that a defined rule be observed."
05_ge_Archpriest_Andria.csv,"„დღეს იქნება სინოდზე სამი საპატრიარქო კანდიდატის გამორჩევა და შემდგომი სინოდი, გაფართოებული სხდომა იქნება უკვე პატრიარქის გამოსავლენად.","„Today, the selection of three patriarchal candidates will take place at the Synod, and the subsequent Synod, an expanded session, will be held to elect the Patriarch.“"
05_ge_Archpriest_Andria.csv,"კრიტერიუმებში ჩვენ ვკითხულობთ, რომ უნდა იყოს ქართველი, უნდა იყოს ბერი, უნდა იყოს სინოდის წევრი, უნდა ჰქონდეს განათლება და ასაკზე არის მითითება, რომ 40 წელი უნდა ჰქონდეს შესრულებული და არაუმეტეს 70 წლისა უნდა იყოს.","In the criteria, we read that he must be Georgian, he must be a monk, he must be a member of the Synod, he must have an education, and there is a reference to age, stating that he must be at least 40 years old and no more than 70 years old."
05_ge_Archpriest_Andria.csv,"მე ვარ მათემატიკოსი, სიტყვა არაუმეტეს 70 წლისა, ნიშნავს, რომ 70-ს ნებისმიერი დროის დამატებით უკვე აღარ არის არაუმეტეს 70-ისა. ანუ 70-ს პლუს რაღაც დღეები და თვეები, უკვე უმეტეს 70-ისაა, როგორც მათემატიკოსისთვის, ჩემთვის, ეს არის სრულიად წყალი, თუმცა, ვნახოთ, სინოდი ამაზე რა გადაწყვეტილებას მიიღებს.","I am a mathematician; the phrase ""no more than 70 years"" means that adding any amount of time to 70 makes it no longer ""no more than 70."" That is, 70 plus some days and months is already more than 70. As a mathematician, this is crystal clear to me; however, let us see what decision the Synod will make on this matter."
05_ge_Archpriest_Andria.csv,"მეორე არის, რომ მართვა-გამგეობის დებულების შეცვლის უფლება არ აქვს ამ სინოდს და უნდა იხელმძღვანელოს მკაცრად მართვა- გამგეობის დებულებით. განათლების თემას რაც შეეხება, როგორ წარმოგიდგენიათ, როდესაც ადამიანს დიპლომი არ აქვს და სამსახურში ვაკანსიაზე შეაქვს განცხადება, რას იტყვის, რომ დიპლომი არ მაქვს, მაგრამ განათლებული ადამიანი ვარო?! ეს არც ერთ სამსახურში არ გაჭრის.","The second point is that this Synod does not have the right to change the governing regulations and must strictly adhere to the governing regulations. As for the issue of education, how can you imagine it: when a person does not have a diploma and applies for a job vacancy, what will they say—that I don't have a diploma, but I am an educated person?! This won't work in any job."
05_ge_Archpriest_Andria.csv,"ყველა საკითხი შეიძლება დადგეს ინტერპრეტაციის ქვეშ, მაგალითად, დადგეს საკითხი, რას ნიშნავს ქართველი. მე მყავდა მეგობარი, იეზიდი და შინაგანად იყო ძალიან კარგი ქართველი, ახლა ასე თუ ვიმსჯელებთ, ყველაფერი შეიძლება ეჭვქვეშ დავაყენოთ. არსებობს ასეთი ცნებაც „ფარული ბერები“ და ახლა აქ კრიტერიუმში წერია ბერი - „ფარული ბერი“ ნიშნავს, რომ აღკვეცილი არ არის, მაგრამ ბერულად ცხოვრობს ანუ ყველაფერი შეიძლება დადგეს ინტერპრეტაციის ქვეშ. ასე რომ, მე ვფიქრობ, ძალიან მნიშვნელოვანია ეკლესიის ცხოვრებისთვის, რომ წესი, რომელიც განსაზღვრულია, იყოს დაცული.","Every issue can be subject to interpretation; for example, the question could be raised: what does it mean to be Georgian? I had a friend, a Yazidi, and inwardly he was a very good Georgian. Now, if we judge this way, everything can be called into question. There is also a concept of ""hidden monks,"" and now, here in the criteria, it says ""monk""—""hidden monk"" means that they are not tonsured, but they live a monastic life; in other words, everything can be subject to interpretation. Therefore, I think it is very important for the life of the Church that the rule, as defined, be upheld."
05_ge_Archpriest_Andria.csv,"უმეტესობა ეპარქიებიდან უკვე მივიღეთ ინფორმაცია დელეგატების შესახებ,“-განაცხადა ანდრია ჯაღმაიძემ.","""We have already received information about the delegates from most of the dioceses,"" stated Andria Jagmaidze."
06_ge_Armaz_Akhvlediani.csv,"არმაზ ახვლედიანი - ხელისუფლება მხარს უჭერდა მეუფე შიოს, ეს ცხადზე ცხადია, ის ჩარეული იყო და არის - ეს დავინახეთ და მაქვს ეჭვი, დავინახავთ ისტორიული სინოდის დაწყებამდეც, სადაც უნდა გამოირჩიონ პატრიარქი (28.04.2026, 19:37)","Armaz Akhvlediani - The government supported Metropolitan Shio, this is clearer than clear; it was and is involved - we saw this, and I suspect we will see it even before the start of the historical Synod, where the Patriarch is to be elected (28.04.2026, 19:37)"
06_ge_Armaz_Akhvlediani.csv,"შესაძლოა საბოლოო სხდომისთვის, სადაც პატრიარქი უნდა გამოირჩიოს სინოდმა, გარკვეულწილად შეიცვალოს კონფიგურაცია - დაწინაურდა მეუფე შიო, მაგრამ არ ვიჩქარებდი და საბოლოო დასკვნას არ გავაკეთებდი, - ამის შესახებ პოლიტიკოსმა არმაზ ახვლედიანმა „პალიტრანიუსის“ გადაცემაში „რეზიუმე“ განაცხადა.","""It is possible that for the final session, where the Synod is to elect the Patriarch, the configuration may change to some extent—Metropolitan Shio has moved forward, but I would not rush and would not draw a final conclusion,"" politician Armaz Akhvlediani stated on the PalitraNews program ""Resume."""
06_ge_Armaz_Akhvlediani.csv,"არმაზ ახვლედიანის თქმით, ყველაფერი დამოკიდებული იქნება იმაზე, თუ სად წავა დანარჩენი ორი კანდიდატის ხმები.","According to Armaz Akhvlediani, everything will depend on where the votes of the other two candidates go."
06_ge_Armaz_Akhvlediani.csv,"„მთავარი გადაწყვეტილება წინაა, დღეს მხოლოდ კანდიდატები გამოირჩია სინოდის სხდომამ, ჩვენ უკვე ვიცით მონაცემები, ვინ რამდენი ხმა მიიღო. არც ის დაგვავიწყდეს, რომ შესაძლოა, საბოლოო სხდომისთვის, სადაც პატრიარქი უნდა გამოირჩიოს სინოდმა, არ იქნება გამორიცხული, რომ გარკვეულწილად შეიცვალოს კონფიგურაცია. თუმცა კი, დღეს ჩანს, ვინ დაწინაურდა, დაწინაურდა მეუფე შიო, მაგრამ არ ვიჩქარებდი და საბოლოო დასკვნას არ გავაკეთებდი, სხვებისგან განსხვავებით.","""The main decision is still ahead; today the Synod session only selected the candidates, and we already know the data on how many votes each received. We should also not forget that for the final session, where the Synod is to elect the Patriarch, it is not out of the question that the configuration may change to some extent. However, while it is clear today who has taken the lead—Metropolitan Shio has moved forward—unlike others, I would not rush to make a final conclusion."""
06_ge_Armaz_Akhvlediani.csv,"დღეს პატრიარქს არ ირჩევდნენ, დღეს მხოლოდ სამი კანდიდატი იქნა დასახელებული და მაშინ, როდესაც ერთი იქნება გამოსარჩევი, შესაძლოა დანარჩენი ორი შეთანხმდეს იმაზე, სად წავა მათი და აგრეთვე სხვების ხმები“, - განაცხადა არმაზ ახვლედიანმა.","""Today, the Patriarch was not being elected; only three candidates were nominated today, and when one is to be selected, the other two may agree on where their votes, as well as those of others, will go,"" stated Armaz Akhvlediani."
06_ge_Armaz_Akhvlediani.csv,"არმაზ ახვლედიანის განცხადებით, ცხადზე ცხადია, რომ ხელისუფლება საპატრიარქო არჩევნებში ერევა და მხარს უჭერს მეუფე შიოს.","According to Armaz Akhvlediani, it is crystal clear that the government is interfering in the patriarchal elections and supporting Metropolitan Shio."
06_ge_Armaz_Akhvlediani.csv,"„ხელისუფლება მხარს უჭერდა მეუფე შიოს, ეს ცხადზე ცხადია. ის ჩარეული იყო და არის. მოდით პირდაპირ ვთქვათ, ყველა სახელისუფლო მედია, დილიდან საღამომდე, აქტიურად, ყველა კონტექსტში, რა თემაზეც არ უნდა ესაუბრათ, პირდაპირ თუ ირიბად მხარს უჭერდა ამ ერთ კანდიდატს. ეს თუ ჩარევა არ არის, მაშინ ჩარევა რა არის?! რაც შეეხება სხვა გზით ჩარევას, მე ამაზე ვერ ვისაუბრებ, არ მაქვს არცერთი ფაქტი, რომ მქონდეს ვიტყოდი. მაგრამ, მაქვს საფუძვლიანი ეჭვი და ვარაუდი, რომ უკეთურ ხელისუფლებას ყველა დროში აქვს ზემოქმედების, ზეგავლენის, ზეწოლის ბერკეტი, მით უფრო იმ ხელისუფლებას, რომელსაც ავტორიტეტი აქვს განადგურებული და სჭირდება, რომ რაღაცას ჩაებღაუჭოს, ამ შემთხვევაში ინერციით მიღებულ ავტორიტეტს ეკლესიის და ეს გამოიყენოს სათავისოდ. ეს ჩვენ დავინახეთ ამ ხნის განმავლობაში და მე ეჭვი მაქვს, ამას ისტორიული სინოდის დაწყებამდეც დავინახავთ, სადაც უნდა გამოირჩიონ საბოლოო პატრიარქი“, - განაცხადა არმაზ ახვლედიანმა.","""The government supported Metropolitan Shio; this is as clear as day. It was and is involved. Let's speak plainly: every pro-government media outlet, from morning till night, actively, in every context, no matter what topic they were discussing, directly or indirectly supported this one candidate. If this is not interference, then what is?! As for interference by other means, I cannot speak on that; I do not have a single fact—if I did, I would say it. But I have a well-founded suspicion and assumption that a wicked government at all times has levers of impact, influence, and pressure, especially a government whose authority is destroyed and needs to cling to something—in this case, the Church's authority maintained by inertia—and use it for its own ends. We have seen this over this period, and I suspect we will see it even before the start of the historic Synod, where the final Patriarch is to be chosen,"" stated Armaz Akhvlediani."
06_ge_Armaz_Akhvlediani.csv,"ინფორმაციისთვის, წმინდა სინოდმა სამი საპატრიარქო კანდიდატი გამოარჩია. სინოდის გადაწყვეტილებით, პატრიარქობის კანდიდატები იქნებიან: საპატრიარქო ტახტის მოსაყდრე, სენაკისა და ჩხოროწყუს მიტროპოლიტი შიო (მუჯირი), ურბნისისა და რუისის ეპარქიის მიტროპოლიტი იობი და ფოთისა და ხობის მიტროპოლიტი გრიგოლი.","For information, the Holy Synod has selected three patriarchal candidates. By the decision of the Synod, the candidates for the patriarchate will be: the Locum Tenens of the Patriarchal Throne, Metropolitan Shio (Mujiri) of Senaki and Chkhorotsqu; Metropolitan Iobi of the Urbnisi and Ruisi Eparchy; and Metropolitan Grigoli of Poti and Khobi."
06_ge_Armaz_Akhvlediani.csv,"როგორც საპატრიარქოს საზოგადოებასთან ურთიერთობის სამსახურის უფროსმა დეკანოზმა ანდრია ჯაღმაიძემ ჟურნალისტებს განუცხადა, საპატრიარქო ტახტის მოსაყდრე შიომ მიიღო 20 ხმა, დანარჩენმა ორმა კანდიდატმა კი მიიღო 7-7 ხმა.ამასთან, მისივე განმარტებით, სხვა კანდიდატები იყვნენ მეუფე გრიგოლ კაცია, მეუფე დოსითეოსი და მეუფე მელქისედეკი.","As Archpriest Andria Jaghmaidze, Head of the Public Relations Department of the Patriarchate, told journalists, Shio, the Locum Tenens of the Patriarchal Throne, received 20 votes, while the other two candidates received 7 votes each. Furthermore, according to his clarification, the other candidates were Metropolitan Grigol Katsia, Metropolitan Dositheos, and Metropolitan Melchizedek."
07_ge_Giorgi_Sharashidze.csv,"გიორგი შარაშიძე - რა ვიცე-პრემიერობაზე და სახელმწიფო მინისტრობაზეა საუბარი, კაბინეტსაც კი არ აძლევენ ნორმალურს, აპარატიც არ ექნება და მდივანიც არ ეყოლება - მდინარაძეს ვურჩევდი, ამ კაბინეტზეც ძალიან ნუ ჩაიციკლება და დისტანციურად იმუშაოს (28.04.2026, 12:04)","Giorgi Sharashidze - What talk of Vice-Premiership and State Ministry status are we even having? They aren't even giving him a proper office; he won't have a staff or a secretary. I would advise Mdinaradze not to get too fixated on this office and to work remotely (28.04.2026, 12:04)"
07_ge_Giorgi_Sharashidze.csv,"რა ვიცე-პრემიერობაზე და სახელმწიფო მინისტრობაზეა საუბარი, კაბინეტსაც კი არ აძლევენ ნორმალურს, აპარატიც არ ექნება და მდივანიც არ ეყოლება მდინარაძეს - ვურჩევდი, რომ ამ კაბინეტზეც ძალიან ნუ იქნება ჩაციკლული და დისტანციურად იმუშაოს სახლიდან, - ამის შესახებ პარტია „გახარია საქართველოსთვის” დეპუტატმა, გიორგი შარაშიძემ, სამართალდამცავი ორგანოების კოორდინირებისთვის სახელმწიფო მინისტრის თანამდებობის შექმნაზე საუბრისას განაცხადა. მისი თქმით, გენერალ-კოორდინატორის დანიშვნა არაფერს არ შეცვლის გარდა იმისა, რომ ეს მისი „დროებითი დაკმაყოფილება და პენსიაზე გაშვება იქნება“.","""What talk is there of a Vice-Premiership or a State Minister post? They aren't even giving him a proper office; Mdinaradze won't have a staff or even a secretary. I would advise him not to get too hung up on this office and just work remotely from home,"" stated Giorgi Sharashidze, an MP from the ""Gakharia for Georgia"" party, while discussing the creation of a State Minister position for the coordination of law enforcement agencies. According to him, appointing a ""general-coordinator"" will change nothing, except that it will be his ""temporary satisfaction and a way to send him into retirement."""
07_ge_Giorgi_Sharashidze.csv,"„დაგეგმილ ცვლილებებს ჩვენი ქვეყნის მოქალაქეების პრობლემების და საქართველოს უსაფრთხოების საკითხების პრობლემების გადაჭრასთან არანაირი კავშირი არ აქვს. ეს არის არაფორმალური მმართველობის მორიგი გამოვლინება. „ოცნებას“ და იმ 89 დეპუტატს, რომელიც პარლამენტში ზის, არ აქვს, გარდა იმისა, რომ ივანიშვილის გადაწყვეტილებები, რომელსაც მათ არავინ არ უთანხმებს, უბრალოდ „გააპრავონ”. რა ვიცე-პრემიერობაზე და სახელმწიფო მინისტრობაზეა საუბარი, კაბინეტსაც კი არ აძლევენ ნორმალურს, აპარატიც არ ექნება და მდივანიც არ ეყოლება მდინარაძეს. მას ვურჩევდი, რომ ამ კაბინეტზეც ძალიან ნუ იქნება ჩაციკლული და დისტანციურად იმუშაოს მაშინ, სახლიდან.","""The planned changes have nothing to do with solving the problems of our country's citizens or addressing Georgia's security issues. This is another manifestation of informal governance. 'Dream' and the 89 deputies sitting in parliament have no role other than to simply 'rubber-stamp' Ivanishvili’s decisions, which are never even coordinated with them. What talk is there of a Vice-Premiership or a State Ministry? They aren't even giving Mdinaradze a proper office; he won't have a staff or even a secretary. I would advise him not to get too fixated on this office and just work remotely from home instead."""
07_ge_Giorgi_Sharashidze.csv,"თუ კოორდინაცია არის ასეთი მნიშვნელოვანი - კოორდინაციისთვის სუს-ის ხელმძღვანელს ექვს თვეში არ ხსნიან. სახელმწიფო უსაფრთხოების სამსახური ექვსი წლის ვადით შემთხვევით არ ინიშნება - ეს ჩანაწერი კანონში შემთხვევით არ არის. ვხედავთ, რომ ბოლო ერთ წელიწადში უკვე ორი სუს-ის უფროსი შეიცვალა. ეს მიუთითებს არასტაბილურ გარემოზე და არაფორმალურ მმართველობაზე. ადამიანს ერთ დღეში გენერლობა მიანიჭეს დილით და საღამოს კოორდინატორად დააქვეითეს - ამ ადამიანისგან რა განსაკუთრებული მოლოდინები უნდა შევქმნათ?","If coordination is so important, the head of the State Security Service is not dismissed after six months for the sake of coordination. The head of the State Security Service is not appointed for a six-year term by chance—this provision in the law is not accidental. We see that in the last year, two heads of the State Security Service have already been replaced. This indicates an unstable environment and informal governance. A person was granted the rank of general in the morning and demoted to a coordinator by the evening—what special expectations should we have for this person?"
07_ge_Giorgi_Sharashidze.csv,"რაც შეეხება კოორდინატორობას - თავად „ოცნებამ“ შემოიტანა ეს ტერმინი და გუშინ ჩვენი ერთ-ერთი ლიდერი გიგა ფარულავა, იურიდიული კომიტეტის სხდომაზე, როდესაც ფაქტს ამბობდა, რომ კოორდინატორად ნიშნავთო, ისეთი გაღიზიანება მოჰყვა, ლექსიკა და ტონი დაუწუნეს. ეს კოორდინატორი „ოცნების“ მიერ შემოღებული ტერმინია და თუ მათთვის ეს შეურაცხმყოფელია, მაშინ თავად ახსნან საერთოდ საიდან მოიტანეს ეს ტერმინი. ამიტომ, როდესაც ვამბობთ, რომ ეს გენერალ-კოორდინატორის დანიშვნა არაფერს არ შეცვლის გარდა იმისა, რომ უბრალოდ ეს იქნება რაღაცა მისი დაკმაყოფილება დროებით და პენსიაზე გაშვება, ეს არის რეალობა“, - განაცხადა შარაშიძემ.","""Regarding the issue of coordinatorship—it was 'Dream' itself that introduced this term. Yesterday, when one of our leaders, Giga Parulava, stated the fact at the Legal Affairs Committee meeting that they are appointing [him] as a coordinator, it caused such irritation that they criticized his vocabulary and tone. This term 'coordinator' was introduced by 'Dream,' and if they find it offensive, then they should explain where they got the term from in the first place. Therefore, when we say that the appointment of this general coordinator will change nothing except that it will simply serve as a temporary satisfaction for him before being sent into retirement, this is the reality,"" Sharashidze stated."
07_ge_Giorgi_Sharashidze.csv,"ცნობისთვის, პარლამენტი დაჩქარებული წესით იხილავს კანონის პროექტს, რომლის საფუძველზეც საქართველოს მთავრობის შემადგენლობაში სამართალდამცავი ორგანოების კოორდინაციის საკითხებში სახელმწიფო მინისტრის თანამდებობის შემოღება ხდება.","For information, the Parliament is considering a draft law through an expedited procedure, based on which the position of State Minister for the Coordination of Law Enforcement Agencies is being introduced within the Government of Georgia."
07_ge_Giorgi_Sharashidze.csv,"პროექტის მიხედვით, ახალი სახელმწიფო მინისტრის საქმიანობას მატერიალურ-ტექნიკურად და ორგანიზაციულად მთავრობის ადმინისტრაცია უზრუნველყოფს.","According to the draft, the Government Administration will provide material-technical and organizational support for the activities of the new State Minister."
07_ge_Giorgi_Sharashidze.csv,"მთავრობის საპარლამენტო მდივნის ვახტანგ ბაჩიაშვილის ინფორმაციით, სახელმწიფო მინისტრის უფლებამოსილებები მთავრობის დადგენილებაში დაზუსტდება, სადაც მისი რუტინული თუ სტრატეგიული უფლებამოსილებები გაიწერება.","According to Vakhtang Bachiashvili, the Parliamentary Secretary of the Government, the powers of the State Minister will be specified in a government decree, which will outline both routine and strategic responsibilities."
07_ge_Giorgi_Sharashidze.csv,სამართალდამცავი ორგანოების კოორდინაციის საკითხებში სახელმწიფო მინისტრის თანამდებობაზე მამუკა მდინარაძე დაინიშნება.,Mamuka Mdinaradze will be appointed to the position of State Minister for Coordination of Law Enforcement Agencies.
08_ge_Classification_wine.csv,"ე.წ. მცირე ზომის მარნების კლასიფიკაცია იცვლება - მცირე ზომის მარნად იმ ტიპის ღვინის საწარმო განისაზღვრება, რომლის წლიური წარმადობაც 25 000 ლიტრ ღვინოს არ აღემატება (16.04.2026, 16:24)","The classification of so-called small-scale wineries is changing - a small-scale winery is defined as a type of wine production facility whose annual production does not exceed 25,000 liters of wine (16.04.2026, 16:24)"
08_ge_Classification_wine.csv,"ე.წ. მცირე ზომის მარნების კლასიფიკაცია იცვლება - მცირე ზომის მარნად იმ ტიპის ღვინის საწარმო განისაზღვრება, რომლის წლიური წარმადობაც 25 000 ლიტრ ღვინოს არ აღემატება.","The classification of so-called small wineries is changing – a small winery is defined as a wine production facility whose annual production does not exceed 25,000 liters of wine."
08_ge_Classification_wine.csv,"გარდა ამისა, სავალდებულო ხდება საქართველოში წარმოებული დაცული ადგილწარმოშობის დასახელების ალკოჰოლიანი სასმელის, საექსპორტოდ და ადგილობრივ სამომხმარებლო ბაზარზე რეალიზაციისათვის განკუთვნილი ყველა კატეგორიის ღვინის ორგანოლეპტიკური შემოწმება. ეს მოთხოვნა იმ ღვინოზე არ გავრცელდება, რომელიც მცირე ზომის მარანში იქნება წარმოებული.","Furthermore, organoleptic testing is becoming mandatory for alcoholic beverages with a Protected Designation of Origin (PDO) produced in Georgia, as well as for all categories of wine intended for export and sale on the local consumer market. This requirement will not apply to wine produced in small-scale wineries."
08_ge_Classification_wine.csv,"შესაბამისი ცვლილებები “ვაზისა და ღვინის შესახებ“ კანონში ხორციელდება, რომელიც გარემოს დაცვისა და სოფლის მეურნეობის სამინისტრომ მოამზადა. პროექტი პარლამენტს მთავრობამ წარუდგინა.","Relevant changes are being made to the Law on Vine and Wine, which was prepared by the Ministry of Environmental Protection and Agriculture. The government has submitted the draft to the Parliament."
08_ge_Classification_wine.csv,"პროექტის თანახმად, სარეალიზაციოდ განკუთვნილი, სერტიფიცირებული ალკოჰოლიანი სასმელის ნიშანდება სავალდებულო იქნება. ნიშანდებას ღვინის სააგენტო, გარემოს დაცვისა და სოფლის მეურნეობის მინისტრის მიერ დადგენილი წესით განახორციელებს.","According to the draft, the labeling of certified alcoholic beverages intended for sale will be mandatory. The labeling will be carried out by the National Wine Agency in accordance with the rules established by the Minister of Environmental Protection and Agriculture."
08_ge_Classification_wine.csv,"„ვაზისა და ღვინის შესახებ“ მოქმედი კანონის გათვალისწინებით, მცირე ზომის მარანში მოიაზრებოდა მეწარმე, რომელსაც ტრადიციული საოჯახო მარანი აქვს და რომლის წლიური წარმადობა 40 000 ლიტრს არ აღემატება. ცვლილებებით, ეს რაოდენობა 40 000-დან 25 000 ლიტრამდე მცირდება.","Taking into account the current Law on Vine and Wine, a small-scale winery was defined as an entrepreneur who has a traditional family cellar and whose annual production does not exceed 40,000 liters. With the amendments, this amount is being reduced from 40,000 to 25,000 liters."
08_ge_Classification_wine.csv,"„ვინაიდან მცირე ზომის მარნის ცნებამ და ჭარბმა წარმადობამ ფაქტიურად მისივე მნიშვნელობა დაკარგა, ამ ტერმინში ცვლილების განხორციელების და მცირე ზომის მარანში წარმოებული ღვინის წარმადობის ოდენობის შემცირების საჭიროება დგება.","Since the concept of a small-scale winery and excessive production have effectively lost their significance, there is a need to amend this term and reduce the production volume allowed for small-scale wineries."
08_ge_Classification_wine.csv,"გასათვალისწინებელია, რომ აღნიშნული ღვინო ორგანოლეპტიკური მახასიათებლებით, გემოვნური თვისებებით საერთო ზეგავლენას ახდენს ქართული ღვინის რეპუტაციაზე, როგორც ადგილობრივ, ასევე საერთაშორისო ბაზრებზე. სწორედ ამ საკითხის რეგულირებისათვის მნიშვნელოვანია სახლის ღვინის ნაცვლად, ახალი კატეგორიის - ბუნებრივი ღვინის დამატება, რომელზეც არ გავრცელდება სავალდებულო ორგანოლეპტიკური შემოწმება მხოლოდ იმ შემთხვევაში თუ წარმოებულია მცირე ზომის მარანში და ამავდროულად, აღნიშნული ღვინის ეტიკეტზე განთავსდება ბუნებრივი ღვინისათვის განკუთვნილი შესაბამისი ნიშანი, რაც მომხმარებლის წინასწარ ინფორმირებას უზრუნველყოფს თავად პროდუქტის შესახებ.","It should be taken into account that the organoleptic characteristics and taste properties of the wine in question have an overall impact on the reputation of Georgian wine in both domestic and international markets. To regulate this issue, it is important to introduce a new category—natural wine—instead of ""house wine."" This category will be exempt from mandatory organoleptic testing only if it is produced in a small-scale winery and, simultaneously, the label features a corresponding mark designated for natural wine, thereby ensuring that consumers are informed about the product in advance."
08_ge_Classification_wine.csv,"ამასთან, მნიშვნელოვანია ქართული ღვინის ხარისხისა და რეპუტაციის შენარჩუნება როგორც ადგილობრივ, ასევე საერთაშორისო ბაზრებზე და შესაბამისად, მომხმარებლისათვის მაღალი ხარისხის პროდუქტის მიწოდების უზრუნველსაყოფად აუცილებელი ხდება, ყველა კატეგორიის ღვინო - როგორც საექსპორტო, ასევე ადგილობრივ ბაზარზე სარეალიზაციოდ განკუთვნილი - ორგანოლეპტიკურ შემოწმებას დაექვემდებაროს.","Furthermore, it is important to maintain the quality and reputation of Georgian wine on both local and international markets; consequently, to ensure the delivery of high-quality products to consumers, it becomes necessary for all categories of wine—both intended for export and for sale on the local market—to be subject to organoleptic testing."
08_ge_Classification_wine.csv,"ზემოაღნიშნულიდან გამომდინარე, საკითხის რეგულირებისა და შესაბამისი მექანიზმების დანერგვის მიზნით, მიზანშეწონილია ალკოჰოლიან სასმელზე ნიშანდების შემოღება და ორგანოლეპტიკური შემოწმების ფარგლების გაფართოება”, - განმარტავს გარემოს დაცვისა და სოფლის მეურნეობის სამინისტრო კანონის პროექტზე თანდართულ განმარტებით ბარათში.","""Based on the above, for the purpose of regulating the issue and implementing appropriate mechanisms, it is advisable to introduce marking on alcoholic beverages and expand the scope of organoleptic testing,"" explains the Ministry of Environmental Protection and Agriculture in the explanatory note attached to the draft law."
09_ge_Grigol_Gegelia.csv,"გრიგოლ გეგელია - პაველ ჰერჩინსკის საგარეო საქმეთა სამინისტროში დაბარება არის კიდევ ერთი ნათელი დასტური იმისა, რომ ეს ხელისუფლება ემსახურება ანტიქართულ მიზნებსა და მისწრაფებებს (27.04.2026, 12:12)","Grigol Gegelia - Summoning Pawel Herczynski to the Ministry of Foreign Affairs is another clear proof that this government serves anti-Georgian goals and aspirations (27.04.2026, 12:12)"
09_ge_Grigol_Gegelia.csv,"ჰერჩინსკის დაბარება არის კიდევ ერთი ნათელი დასტური იმისა, რომ ეს ხელისუფლება ყოველთვის ემსახურება ანტიქართულ მიზნებსა და მისწრაფებებს, - ამის შესახებ „ლელო- ძლიერი საქართველოს“ საგარეო მდივანმა გრიგოლ გეგელიამ ევროკავშირის ელჩის პაველ ჰერჩინსკის დაბარებასთან დაკავშირებით განაცხადა.","""The summoning of Herczynski is another clear proof that this government always serves anti-Georgian goals and aspirations,"" stated Grigol Gegelia, Foreign Secretary of ""Lelo - Strong Georgia,"" regarding the summoning of EU Ambassador Pawel Herczynski."
09_ge_Grigol_Gegelia.csv,"გეგელიას თქმით, იმ დროს, როდესაც საგარეო უწყების მიერ დაბარებულები არ არიან ირანის და უნგრეთის ელჩები, საქართველოს სტრატეგიული პარტნიორების წარმომადგენლების დაბარება აჩვენებს, რომ „ქართული ოცნების“ ხელისუფლება ქვეყნის სტრატეგიული ინტერესების დაზიანებას ემსახურება.","According to Gegelia, at a time when the ambassadors of Iran and Hungary have not been summoned by the Foreign Ministry, summoning the representatives of Georgia’s strategic partners shows that the “Georgian Dream” government serves to damage the country’s strategic interests."
09_ge_Grigol_Gegelia.csv,"„იმ დროს, როდესაც ირანის ელჩი არ არის დაბარებული და არ არის გამოკითხული იმასთან დაკავშირებით თუ რატომ ემუქრებოდა ქართველ ხალხს ასეთი ენით, იმ დროს, როდესაც უნგრეთის ელჩი არ დაუბარებიათ და არ უკითხავთ რუსეთის ჯაშუში რომ მუშაობდა 4 წლის განმავლობაში საქართველოში, რასთან გვქონდა შეხება, იყო თუ არა უნგრეთი ინფორმირებული და როგორ უნდა აღვიქვათ ეს, რომ უნგრული დიპლომატიური საფარის ქვეშ ამ ქალაქში მუშაობდა, მაღალი ალბათობით, რუსეთის ჯაშუში და ასეთ ვითარებაში ბოჭორიშვილი საკუთარ თავს უფლებას აძლევს, რომ თავს დაესხას ყველა იმ ელჩს, რომელიც არის ამ ქვეყნის სტრატეგიული პარტნიორი სახელმწიფოს წარმომადგენელი. იქნება ეს ილიას სახელმწიფო უნივერსიტეტზე გაკეთებული განცხადების გამო თუ ელემენტარული პროდემოკრატიული განცხადებების გამო, იბარებს საქმის გასარჩევად იმ სახელმწიფოების ელჩებს, რომლებიც არიან ჩვენი ქვეყნის ყველაზე მნიშვნელოვანი სტრატეგიული პარტნიორები. ეს თვალნათლივ ადასტურებს, რომ ე.წ. ხელისუფლება არის საქართველოს მტრული ხელისუფლება, რომელიც ყველაფერს აკეთებს ჩვენი ქვეყნის ეროვნული საშინაო თუ საგარეო პოლიტიკური ინტერესების დასაზიანებლად,“ - განაცხადა გრიგოლ გეგელიამ.","“At a time when the Iranian ambassador has not been summoned or questioned regarding why he threatened the Georgian people in such a manner; at a time when the Hungarian ambassador has not been summoned or asked about the Russian spy who worked in Georgia for four years—what we were dealing with, whether Hungary was informed, and how we should interpret the fact that a likely Russian spy operated in this city under Hungarian diplomatic cover—in such a situation, Bochorishvili allows herself to attack every ambassador who represents this country's strategic partner states. Whether it is due to statements made regarding Ilia State University or basic pro-democratic remarks, she summons the ambassadors of our country's most important strategic partners for a 'showdown.' This clearly confirms that the so-called government is a hostile administration to Georgia, doing everything in its power to damage our country's national, domestic, and foreign policy interests,” stated Grigol Gegelia."
09_ge_Grigol_Gegelia.csv,"შეგახსენებთ, ევროკავშირის ელჩმა საქართველოში პაველ ჰერჩინსკიმ ბრიუსელში, ევროპის საგარეო ქმედებათა სამსახურში, სადაც დოკუმენტური ფოტოგამოფენა „საქართველო ფოკუსში“ გაიხსნა, აღნიშნა, რომ საქართველო სწორ ტრაექტორიაზე აღარ იმყოფება. ელჩის თქმით, „ხელისუფლებამ აირჩია ალტერნატიული, ავტორიტარიზმის მოდელი და საქართველოს ევროკავშირს აშორებს“. „საქართველო გზაგასაყარზე დგას. საქართველოს მომავალი ჯერ არ დაწერილა, მაგრამ ის, რაც მომავალ კვირებსა და თვეებში გადაწყდება, განსაზღვრავს, ეკუთვნის საქართველო ევროპული ქვეყნების ოჯახს, რომელიც დაფუძნებულია დემოკრატიაზე, კანონის უზენაესობასა და ადამიანის უფლებებზე, თუ სამწუხაროდ, თავის ბნელ წარსულს დაუბრუნდება. ჩემი მთავარი გზავნილი ქართველი ხალხის მიმართ არის „ნუ დაკარგავთ იმედის“. ჩვენ არ უნდა დავუშვათ, რომ საქართველო და შესანიშნავი, თბილი, სტუმართმოყვარე ქართველი ხალხი დაბრუნდეს ძალადობის, სამოქალაქო ომის, სიღარიბის, გაჭირვების, კორუფციის ბნელ დროში. ეს არ არის ის მომავალი, რომელსაც ისინი იმსახურებენ.როგორც კი ხელისუფლება გამოთქვამს ჩვენთან თანამშრომლობის სურვილს, ჩვენ ყველაფერს გავაკეთებთ იმისათვის, რომ დავეხმაროთ საქართველოს გახდეს ევროკავშირის წევრი“, - განაცხადა ჰერჩინსკიმ, რომლის ციტატასაც „ნეტგაზეთი“ ავრცელებს.","As a reminder, the EU Ambassador to Georgia, Pawel Herczynski, noted at the European External Action Service in Brussels, where the documentary photo exhibition ""Georgia in Focus"" was opened, that Georgia is no longer on the right trajectory. According to the Ambassador, ""the government has chosen an alternative model of authoritarianism and is distancing Georgia from the European Union.""

""Georgia stands at a crossroads. Georgia's future has not yet been written, but what is decided in the coming weeks and months will determine whether Georgia belongs to the family of European nations based on democracy, the rule of law, and human rights, or if it will, unfortunately, return to its dark past. My main message to the Georgian people is: 'Do not lose hope.' We must not allow Georgia and the wonderful, warm, hospitable Georgian people to return to the dark times of violence, civil war, poverty, hardship, and corruption. This is not the future they deserve. As soon as the government expresses a desire to cooperate with us, we will do everything to help Georgia become a member of the European Union,"" stated Herczynski, whose quote was published by ""Netgazeti."""
09_ge_Grigol_Gegelia.csv,"აღნიშნული განცხადების შემდეგ, ელჩი საგარეო უწყებაში დაიბარეს.","Following the aforementioned statement, the ambassador was summoned to the Ministry of Foreign Affairs."
10_ge_Shalva_Papuashvili.csv,"შალვა პაპუაშვილი - ზოგიერთი ევროპელი ბიუროკრატი გეოგრაფიაში ვერ ერკვევა, ჰგონია, რომ საქართველოს შეიძლება თავზე გადაახტე და ევროპა აზიას დააკავშირო - გეოგრაფიასთან ჭიდილი ჯერ არავის მოუგია (06.05.2026, 17:39)","Shalva Papuashvili - Some European bureaucrats do not understand geography, they think you can jump over Georgia and connect Europe to Asia - no one has ever won a struggle against geography (06.05.2026, 17:39)"
10_ge_Shalva_Papuashvili.csv,"ზოგიერთ ევროპელ ბიუროკრატს ჰგონია, რომ საქართველოს შეიძლება თავზე გადაახტე და ევროპა აზიას ისე დააკავშირო - გეოგრაფიასთან ჭიდილი ჯერ არავის მოუგია! - ამის შესახებ დღეს პარლამენტის თავმჯდომარემ შალვა პაპუაშვილმა განაცხადა.","Some European bureaucrats think that you can bypass Georgia and connect Europe to Asia that way—no one has ever won a battle against geography!—the Chairman of the Parliament, Shalva Papuashvili, stated today."
10_ge_Shalva_Papuashvili.csv,"პაპუაშვილის თქმით, “ის ბიუროკრატები, რომლებიც ფიქრობენ, რომ საქართველოს გვერდის ავლით და საქართველოს ვერ დანახვით რაიმეს შეძლებენ, გეოგრაფიასთან კიდევ ერთხელ დამარცხდებიან“.","According to Papuashvili, “those bureaucrats who think they can achieve anything by bypassing or ignoring Georgia will once again be defeated by geography.”"
10_ge_Shalva_Papuashvili.csv,"“საუკუნეები ასეა - აბრეშუმის გზამ აქ ტყუილად კი არ გაიარა... გაიარა იმიტომ, რომ მაშინაც, ისევე როგორც ახლა, ეს იყო ყველაზე მოკლე და ყველაზე უსაფრთხო დამაკავშირებელი გზა ევროპასა და აზიას შორის. ზოგიერთი ბიუროკრატი გეოგრაფიაში ვერ ერკვევა. როგორც ამის წინ ერთ-ერთ სიუჟეტში ვნახეთ, მათ შორის საფრანგეთის ევროპის საქმეთა მინისტრმა ირანი რუკაზე ვერ მოძებნა. ასევე ვერ მოძებნიან ხოლმე თუ სად არის საქართველო. ზოგიერთ ევროპელ ბიუროკრატს ჰგონია, რომ საქართველოს შეიძლება თავზე გადაახტე და ევროპა აზიას ისე დააკავშირო - გეოგრაფიასთან ჭიდილი ჯერ არავის მოუგია“, - განაცხადა შალვა პაპუაშვილმა.","“It has been this way for centuries—the Silk Road did not pass through here for nothing... it passed through because then, just as now, it was the shortest and safest connecting route between Europe and Asia. Some bureaucrats are not well-versed in geography. As we saw in a recent report, among them, the French Minister for European Affairs could not find Iran on the map. They also often cannot find where Georgia is. Some European bureaucrats think that you can jump over Georgia and connect Europe and Asia that way—no one has ever won a struggle against geography,” stated Shalva Papuashvili."
10_ge_Shalva_Papuashvili.csv,"შალვა პაპუაშვილი - ევროპარლამენტის სახით გვყავს საბჭოთა კავშირის სახალხო დეპუტატთა ყრილობის რეინკარნაცია, ხოლო ჩვენ ვფიქრობთ ევროპულად, როგორც დემოკრატიული ქვეყანა, ჩვენს შორის არის ღირებულებითი უფსკრული (06.05.2026,  17:46)","Shalva Papuashvili - In the form of the European Parliament, we have a reincarnation of the Congress of People's Deputies of the Soviet Union, while we think in a European way, as a democratic country; there is a value gap between us (06.05.2026, 17:46)"
10_ge_Shalva_Papuashvili.csv,"ევროპარლამენტის სახით ჩვენ გვყავს საბჭოთა კავშირის სახალხო დეპუტატთა ყრილობის რეინკარნაცია. ჩვენს შორის არის ღირებულებითი უფსკრული. საბჭოთა მენტალიტეტის მქონე ადამიანებთან, გორბაჩოვის თანამებრძოლებთან და ფაშისტური განცხადებებით გამორჩეულ ხალხთან ქართველ ხალხს არაფერი საერთო არ აქვს, - ამის შესახებ პარლამენტის თავმჯდომარემ, შალვა პაპუაშვილმა ჟურნალისტებს ევროპარლამენტის საგარეო საქმეთა კომიტეტის მიერ საქართველოს შესახებ მიღებულ ანგარიშზე დასმული კითხვის საპასუხოდ განუცხადა.","""In the form of the European Parliament, we have a reincarnation of the Congress of People's Deputies of the Soviet Union. There is a value-based abyss between us. The Georgian people have nothing in common with people of Soviet mentality, Gorbachev's comrades-in-arms, and those distinguished by fascist statements,"" stated the Speaker of the Parliament, Shalva Papuashvili, to journalists in response to a question regarding the report on Georgia adopted by the European Parliament's Committee on Foreign Affairs."
10_ge_Shalva_Papuashvili.csv,"როგორც პაპუაშვილმა აღნიშნა, ევროპარლამენტთან ქართულ მხარეს სულ უფრო ნაკლები სასაუბრო რჩება.","As Papuashvili noted, the Georgian side has less and less to discuss with the European Parliament."
10_ge_Shalva_Papuashvili.csv,"“ჩვენ ვხედავთ, რომ ამ ხალხთან სასაუბრო სულ უფრო ნაკლები და ნაკლები გვრჩება. ჩვენ ვართ ღირებულებით ორ განსხვავებულ პოლუსზე. ევროპარლამენტის სახით ჩვენ გვყავს საბჭოთა კავშირის სახალხო დეპუტატთა ყრილობის რეინკარნაცია, ამ სიტყვის სრული მნიშვნელობით, ყველაფრით - ესთეტიკით, რასა იუკნევიჩიანეს რუსული აქცენტით, აბსოლუტურად ყველაფრით სრული რეინკარნაცია არის უკვე სახალხო დეპუტატთა ყრილობის, ხოლო ჩვენ ვფიქრობთ ევროპულად, ჩვენ ვფიქრობთ, როგორც დემოკრატიული ქვეყანა, ასე რომ, ჩვენს შორის არის ღირებულებითი უფსკრული. ის რაღაც ღირებულებითი აჯაფსანდალი, რომელიც დღეს ევროპარლამენტში ხდება, ამასთან ჩვენ საერთო არაფერი არ გვაქვს და ვერც გვექნება.","""We see that we have less and less to talk about with these people. We are at two different poles in terms of values. In the form of the European Parliament, we have a reincarnation of the Soviet Union's Congress of People's Deputies, in every sense of the word—with everything: the aesthetics, Rasa Juknevičienė's Russian accent, absolutely everything; it is already a complete reincarnation of the Congress of People's Deputies. Whereas we think in a European way, we think as a democratic country; therefore, there is a chasm between us in terms of values. We have nothing in common, nor can we ever have, with that kind of 'value mishmash' currently taking place in the European Parliament."""
10_ge_Shalva_Papuashvili.csv,"ევროკავშირის ეს ინსტიტუცია უნდა შეიცვალოს თვისებრივად იმისთვის, რომ საქართველოს პარლამენტსა და საქართველოს შეეძლოს მასთან რაიმე სახის ურთიერთობა. საბჭოთა მენტალიტეტის მქონე ადამიანებთან, გორბაჩოვის თანამებრძოლებთან და ფაშისტური განცხადებებით გამორჩეულ ხალხთან ქართველ ხალხს არაფერი საერთო არ აქვს”, - განაცხადა პაპუაშვილმა.","“This EU institution must change fundamentally so that the Parliament of Georgia and Georgia can have any kind of relationship with it. The Georgian people have nothing in common with people of Soviet mentality, Gorbachev's associates, and individuals distinguished by fascist statements,” Papuashvili stated."
10_ge_Shalva_Papuashvili.csv,"შალვა პაპუაშვილი - ზელენსკის საქართველოს პრემიერ-მინისტრი სანქცირებულთა სიაში ჰყავს შეყვანილი და ახლა მასთან მისვლა და გასაუბრება მოუწია - ეს მეტყველებს, რამდენად მცდარი იყო უკრაინის ხელისუფლების პოლიტიკა ქართველი ხალხის მიმართ (05.05.2026, 14:59)","Shalva Papuashvili - Zelenskyy has the Prime Minister of Georgia on the sanctions list and now he had to approach and speak with him - this shows how erroneous the Ukrainian government's policy was towards the Georgian people (05.05.2026, 14:59)"
10_ge_Shalva_Papuashvili.csv,"ვფიქრობ, ინიციატივა, რომელიც გამოიჩინა პრეზიდენტმა ზელენსკიმ, რომ გასაუბრებოდა საქართველოს პრემიერ-მინისტრს, აჩვენებს, რომ ნებისმიერი პოლიტიკა, რომელიც თავშივე არის უსამართლო, განწირულია მარცხისთვის,- ამის შესახებ საქართველოს პარლამენტის თავმჯდომარემ შალვა პაპუაშვილმა განაცხადა.","""I believe that the initiative shown by President Zelenskyy to speak with the Prime Minister of Georgia demonstrates that any policy that is inherently unjust is doomed to failure,"" stated the Chairman of the Parliament of Georgia, Shalva Papuashvili."
10_ge_Shalva_Papuashvili.csv,"მისი თქმით, უკრაინის პრეზიდენტს საქართველოს პრემიერ-მინისტრი კობახიძე სანქცირებულთა სიაში ჰყავს შეყვანილი და ახლა მასთან მისვლა და გასაუბრება მოუწია.","According to him, the President of Ukraine has included Georgian Prime Minister Kobakhidze in the list of sanctioned individuals, and now he had to approach and speak with him."
10_ge_Shalva_Papuashvili.csv,"„ვფიქრობ, ეს თავად მეტყველებს იმაზე, თუ რამდენად მცდარი იყო უკრაინის ხელისუფლების პოლიტიკა ქართველი ხალხის მიმართ და იმედს მიჩენს, რომ ეს არის ნიშანი გადააზრებისა, რომ ქართველი ხალხის წინააღმდეგ მოქმედებას შედეგი არ გამოაქვს და ფსონის დადება იმ ძალებზე, რომლებიც ქართველი ხალხის ღალატით არიან ნაკვები, კარგ შედეგს არ მოუტანს. კიდევ ერთხელ, ჩვენ ყოველთვის ვამბობდით და არა მხოლოდ უკრაინასთან მიმართებით, არამედ ყველა იმ ქვეყანასთან და ხელისუფლებასთან მიმართებით, რომელიც საქართველოს მოსახლეობის მიმართ სხვადასხვა სახის უსამართლო პოლიტიკით არის დაკავებული, რომ ჩვენ ვრჩებით ცალმხრივი მეგობრობის ფორმატში, რაც გულისხმობს იმას, რომ ჩვენ ამ ურთიერთობებში ვართ მართლები. ვინც არასწორი ნაბიჯი გადადგა საქართველოსთან დაკავშირებით, საბოლოო ჯამში, იმედია, რომ გააცნობიერებს საკუთარი ნაბიჯის სიმცდარეს. ჩვენ ყოველთვის მზად ვართ, რომ გადავიაზროთ ყველა ეს ურთიერთობა.","„I think this speaks for itself regarding how erroneous the Ukrainian government's policy toward the Georgian people was, and it gives me hope that this is a sign of a rethink—that acting against the Georgian people yields no results and that betting on forces fueled by the betrayal of the Georgian people will not bring good results. Once again, we have always said—not only in relation to Ukraine but to all countries and governments engaged in various forms of unfair policies toward the Georgian population—that we remain in a format of one-sided friendship, which means that we are in the right in these relations. Ultimately, I hope that whoever took a wrong step regarding Georgia will realize the error of their ways. We are always ready to re-evaluate all these relationships.“"
10_ge_Shalva_Papuashvili.csv,"4 წელზე მეტია უკრაინის ხელისუფლებისგან, სამწუხაროდ, ვხედავთ პოლიტიკას, რომელიც არა თუ ქართველი ხალხის წინააღმდეგ არის მიმართული, უკრაინელის ხალხის ინტერესსაც არ ემსახურება. 4 წელია ვხედავთ, რომ ეს ურთიერთობა სწორედ უკრაინის ხელისუფლების გადაწყვეტილებით არის იმ წერტილზე მისული, სადაც არის. ჩვენ ამ ურთიერთობაში ყოველთვის ხაზს ვუსვამდით, რომ საქართველო და საქართველოს ხელისუფლება ყოველთვის მხარს ვუჭერდით უკრაინელ ხალხს და უკრაინას, არ არსებობს რეზოლუცია რომელსაც ჩვენ მხარი არ დავუჭირეთ. თუკი ვინმეს აქვს ნაბიჯი გადასადგმელი და გამოსასწორებელი, ეს არის უკრაინის ხელისუფლება.","For more than four years, unfortunately, we have seen a policy from the Ukrainian government that is not only directed against the Georgian people but also fails to serve the interests of the Ukrainian people. For four years, we have seen that this relationship has reached its current point precisely due to the decisions of the Ukrainian government. In this relationship, we have always emphasized that Georgia and the Georgian government have consistently supported the Ukrainian people and Ukraine; there is no resolution that we have not supported. If anyone needs to take a step forward and rectify the situation, it is the Ukrainian government."
10_ge_Shalva_Papuashvili.csv,"როდესაც შენი ქვეყნის და ხალხის გვერდში მდგომ ხელისუფლების წარმომადგენლებს უწესებ სანქციებს, ეს არის ყველაფერი, გარდა მადლიერების გამოხატვისა. რაც შეეხება სხვა ქცევებს, ყველა ჩვენგანი ვიყავით ამ ყველაფრის მომსწრე, ჩვენი თვალით ვნახეთ და ჩვენი ყურით მოვისმინეთ, როდესაც პრეზიდენტმა ზელენსკიმ პირდაპირ მოითხოვა, რომ საქართველოს ხელისუფლებას მებრძოლები დაეორგანიზებინა და გაეშვა უკრაინაში საომრად და ამით ღიად ჩართულიყო, როგორც მხარე, რუსეთ-უკრაინის ომში. ამას ქართულად ჰქვია „ომში ჩათრევა“, არ ვიცი უკრაინულად რას ეძახიან.“- განაცხადა პაპუაშვილმა.","""When you impose sanctions on government representatives who stand by your country and people, it is anything but an expression of gratitude. As for other actions, we have all witnessed them; we saw with our own eyes and heard with our own ears when President Zelenskyy directly demanded that the Georgian government organize fighters and send them to Ukraine to fight, thereby openly involving [Georgia] as a party in the Russia-Ukraine war. In Georgian, this is called 'being dragged into war'; I don't know what they call it in Ukrainian,"" stated Papuashvili."
10_ge_Shalva_Papuashvili.csv,"შალვა პაპუაშვილი - სიმბოლურია, რომ 9 მაისამდე რამდენიმე დღით ადრე, იუკნევიჩიანე, რომელიც ფაშისტური განცხადებებით გამოირჩევა, რეზოლუციის ავტორია - ევროპარლამენტი თავს აჩენს, როგორც მემკვიდრე საბჭოთა კავშირის სახალხო ყრილობისა (05.05.2026, 14:52)","Shalva Papuashvili - It is symbolic that a few days before May 9, Juknevičienė, who is distinguished by her fascist statements, is the author of the resolution - the European Parliament is presenting itself as the successor to the Soviet Union's Congress of People's Deputies (05.05.2026, 14:52)"
10_ge_Shalva_Papuashvili.csv,"რამდენიმე დღეში გვექნება კიდევ ერთი აღნიშვნა ფაშიზმზე გამარჯვების დღისა და სიმბოლურია, რომ 9 მაისამდე რამდენიმე დღით ადრე, იუკნევიჩიანე, რომელიც გამოირჩევა ფაშისტური განცხადებებით ქართველი ხალხის მიმართ, ამ რეზოლუციის ავტორია,- ამის შესახებ საქართველოს პარლამენტის თავმჯდომარემ, შალვა პაპუაშვილმა განაცხადა.","""In a few days, we will have another celebration of Victory Day over Fascism, and it is symbolic that a few days before May 9, Juknevičienė, who is distinguished by her fascist statements toward the Georgian people, is the author of this resolution,"" stated the Chairman of the Parliament of Georgia, Shalva Papuashvili."
10_ge_Shalva_Papuashvili.csv,"როგორც პაპუაშვილმა ევროპარლამენტის საგარეო საქმეთა კომიტეტის მიერ საქართველოს შესახებ მიღებულ ანგარიშზე დასმული კითხვის საპასუხოდ აღნიშნა, კიდევ ერთხელ ადასტურებს ევროპარლამენტი, რომ დღითიდღე თავს იმკვიდრებს როგორც „საბჭოთა კავშირის საკავშირო სახალხო დეპუტატთა ყრილობის მემკვიდრე“.","As Papuashvili noted in response to a question regarding the report on Georgia adopted by the European Parliament's Foreign Affairs Committee, the European Parliament confirms once again that it is increasingly establishing itself as the ""successor to the Congress of People's Deputies of the Soviet Union."""
10_ge_Shalva_Papuashvili.csv,"„რაც შეეხება ქართველი ხალხის მიმართ მორიგ მტრულ ანგარიშს, თუ რეზოლუციას, რაც მზადდება, ამაში ახალი არაფერია. კიდევ ერთხელ ადასტურებს ევროპარლამენტი, რომ დღითიდღე თავს იმკვიდრებს როგორც საბჭოთა კავშირის საკავშირო სახალხო დეპუტატთა ყრილობის მემკვიდრე. თავს აჩენს, როგორც მემკვიდრე საბჭოთა კავშირის სახალხო ყრილობისა. რაც გასაკვირი არაა იმის გათვალისწინებით, რომ ვხედავთ საბჭოთა მოქალაქეებს ევროპარლამენტის რიგებში, საბჭოთა ნომენკლატურის თუ ელიტის წარმომადგენლებს, რომლებიც ევროპარლამენტში არიან მოკალათებულები. ვგულისხმობ ბალტიის ქვეყნების და აღმოსავლეთ ევროპის ზოგი ქვეყნის წარმომადგენელს. როგორც მოსკოვის საკავშირო ყრილობა იღებდა მტრულ გადაწყვეტილებებს საქართველოსთან დაკავშირებით, ასევე ბრიუსელის საკავშირო პარლამენტი იღებს დღეს ამგვარ მტრულ გადაწყვეტილებებს.","""As for the next hostile report or resolution being prepared against the Georgian people, there is nothing new in this. Once again, the European Parliament confirms that day by day it is establishing itself as the successor to the Soviet Union's Congress of People's Deputies. It presents itself as the successor to the Soviet Union's People's Congress. This is not surprising, considering that we see Soviet citizens in the ranks of the European Parliament—representatives of the Soviet nomenklatura or elite who are ensconced in the European Parliament. I am referring to the representatives of the Baltic states and some Eastern European countries. Just as the Moscow Union Congress used to make hostile decisions regarding Georgia, the Brussels 'Union Parliament' is making such hostile decisions today."""
10_ge_Shalva_Papuashvili.csv,"ამ რეზოლუციის ანგარიშის ავტორი არის იუკნევიჩიანე, რომელიც გამოირჩევა ფაშისტური განცხადებებით ქართველი ხალხის მიმართ, რაც ნიშანდობლივია. რამდენიმე დღეში გვექნება კიდევ ერთი აღნიშვნა ფაშიზმზე გამარჯვების დღისა და სიმბოლურია, რომ 9 მაისამდე რამდენიმე დღით ადრე, ადამიანი, იუკნევიჩიანე, რომელიც გამოირჩევა ფაშისტური განცხადებებით ქართველი ხალხის მიმართ, ამ რეზოლუციის ავტორია.“,- აღნიშნავს პაპუაშვილი.","“The author of the report for this resolution is Juknevičienė, who is distinguished by her fascist statements toward the Georgian people, which is telling. In a few days, we will once again mark the Day of Victory over Fascism, and it is symbolic that just a few days before May 9th, Juknevičienė—a person known for her fascist statements toward the Georgian people—is the author of this resolution,” Papuashvili notes."
10_ge_Shalva_Papuashvili.csv,"გარდა ამისა, პაპუაშვილის თქმით, „ბრიუსელი და უცხოური დაფინანსებაა სწორედ ის, ვინც საქართველოში კლავს თავისუფალ მედიას, იმორჩილებს მედიას საკუთარი პროპაგანდისთვის“.","Furthermore, according to Papuashvili, ""it is Brussels and foreign funding that are killing free media in Georgia and subjugating the media for their own propaganda."""
10_ge_Shalva_Papuashvili.csv,"რაც შეეხება უვიზო მიმოსვლის გადახედვასთან დაკავშირებულ კითხვას, გრძნობს თუ არა აღნიშნულზე პასუხისმგებლობას „ქართული ოცნება“. პარლამენტის თავმჯდომარის თქმით, „მიხეილ სააკაშვილის ფანკლუბი დაემუქრება ქართველ ხალხს სხვადასხვა ინსტრუმენტებით“.","As for the question regarding the review of visa-free travel and whether ""Georgian Dream"" feels responsible for it, according to the Speaker of Parliament, ""Mikheil Saakashvili's fan club will threaten the Georgian people with various instruments."""
10_ge_Shalva_Papuashvili.csv,"„ევროპარლამენტს რაც შეეხება, მიხეილ სააკაშვილის ფანკლუბი ნუ დაგველაპარაკება ჩვენ რაიმე ღირებულებაზე, რაიმე წესებზე, რაიმე კანონზე, ესენი არიან მიხეილ სააკაშვილის ფანკლუბი და ამით ყველაფერია ნათქვამი.","""As for the European Parliament, Mikheil Saakashvili's fan club should not talk to us about any values, any rules, or any laws; they are Mikheil Saakashvili's fan club, and that says it all."""
10_ge_Shalva_Papuashvili.csv,"როდესაც ხარ დიქტატორის, მწამებლის, კორუმპირებული ადამიანის ფანკლუბის წევრი, ეს არის განაჩენი.","When you are a member of the fan club of a dictator, a torturer, a corrupt person, it is a verdict."
10_ge_Shalva_Papuashvili.csv,"გასაგებია, რომ მიხეილ სააკაშვილის ფანკლუბი დაემუქრება ქართველ ხალხს სხვადასხვა ინსტრუმენტებით. ამაში გასაკვირი არაფერია. როგორც სხვა დროს ცდილობდნენ, რომ დაგვაზიანონ, საბოლოო ჯამში ამას ვერ მიიღებენ. მთავარ რამეს ვერ მიიღებენ, ქართველმა ხალხმა იმოქმედოს მათი პოლიტიკური დღის წესრიგით.","It is clear that Mikheil Saakashvili's fan club will threaten the Georgian people with various tools. There is nothing surprising about this. Just as they have tried to harm us at other times, they will ultimately fail. They will not achieve the main thing: getting the Georgian people to act according to their political agenda."
10_ge_Shalva_Papuashvili.csv,"არც ქართული ჟურნალისტიკა აინტერესებთ, არც ქართველი ხალხის კარგად ყოფნა, ერთადერთი, რაც იუკნევიჩიანეს და მსგავს აკვიატებული აზრების მქონე ადამიანებს აინტერესებთ, არის რომ საქართველო გამოიყენონ იარაღად რუსეთის წინააღმდეგ. ჩვენ ვართ დანახული, როგორც იარაღი რუსეთის წინააღმდეგ, ისინი სხვა დანიშნულებას ჩვენ ხალხში ვერ ხედავენ“, -განაცხადა შალვა პაპუაშვილმა.","""They are interested neither in Georgian journalism nor in the well-being of the Georgian people. The only thing that Juknevičienė and people with similar obsessions are interested in is using Georgia as a weapon against Russia. We are seen as a weapon against Russia; they see no other purpose for our people,"" stated Shalva Papuashvili."
10_ge_Shalva_Papuashvili.csv,"შალვა პაპუაშვილი - დღევანდელი მოშლილი საერთაშორისო სისტემა გეოპოლიტიკური დაძაბულობით, ეკონომიკური გაურკვევლობითა და უსაფრთხოების დინამიკის ცვალებადობით ხასიათდება. (07.05.2026, 13:57)","Shalva Papuashvili - Today's disrupted international system is characterized by geopolitical tension, economic uncertainty, and changing security dynamics. (07.05.2026, 13:57)"
10_ge_Shalva_Papuashvili.csv,"ჩემთვის დიდი პატივია, მონაწილეობა მივიღო საპარლამენტო დიპლომატიის შესახებ დისკუსიაში PAM-ის წევრი და პარტნიორი ქვეყნების პარლამენტების თავმჯდომარეებისა და პრეზიდენტების პირველი სამიტის ფარგლებში. საქართველოს ისტორიული კავშირები ხმელთაშუა ზღვის რეგიონთან ათასწლეულებს ითვლის და მოხარულები ვართ, რომ ვაგრძელებთ ამ ტრადიციას მას შემდეგ, რაც 35 წლის წინ ოფიციალურად მოვიპოვეთ დამოუკიდებლობა, - ამის შესახებ საქართველოს პარლამენტის თავმჯდომარემ შალვა პაპუაშვილმა, ხმელთაშუა ზღვის საპარლამენტო ასამბლეის (PAM) წევრი და პარტნიორი ქვეყნების პარლამენტების თავმჯდომარეების რიგით პირველ სამიტზე სიტყვით გამოსვლისას განაცხადა.","""It is a great honor for me to participate in the discussion on parliamentary diplomacy within the framework of the first Summit of Speakers and Presidents of Parliaments of PAM member and partner countries. Georgia's historical ties with the Mediterranean region date back millennia, and we are pleased to continue this tradition since officially regaining our independence 35 years ago,"" stated the Speaker of the Parliament of Georgia, Shalva Papuashvili, during his speech at the first Summit of Speakers of Parliaments of member and partner countries of the Parliamentary Assembly of the Mediterranean (PAM)."
10_ge_Shalva_Papuashvili.csv,"როგორც შალვა პაპუაშვილმა აღნიშნა, დღევანდელი მოშლილი საერთაშორისო სისტემა გეოპოლიტიკური დაძაბულობით, ეკონომიკური გაურკვევლობითა და უსაფრთხოების დინამიკის ცვალებადობით ხასიათდება.","As Shalva Papuashvili noted, today's disrupted international system is characterized by geopolitical tensions, economic uncertainty, and shifting security dynamics."
10_ge_Shalva_Papuashvili.csv,"მისი თქმით, საზოგადოება არის წესებზე დაფუძნებული საერთაშორისო წესრიგის ჩამოშლის მოწმენი, რაც საგანგაშო პროცესია და ეჭვქვეშ აყენებს სახელმწიფოებს შორის სტაბილურობის, თანამშრომლობისა და ნდობის საფუძვლებს.","According to him, society is witnessing the collapse of the rules-based international order, which is an alarming process and calls into question the foundations of stability, cooperation, and trust between states."
10_ge_Shalva_Papuashvili.csv,"„განსაკუთრებული პატივია თქვენ წინაშე გამოსვლა PABSEC-ის პრეზიდენტის პოზიციიდან, რაც მაძლევს შესაძლებლობას, გავაჟღერო შავი ზღვის რეგიონის ქვეყნების პარლამენტარების ხმა. დღესდღეობით ჩვენი რეგიონი მსოფლიო არასტაბილურობის ეპიცენტრშია - მიმდინარეობს რუსეთ-უკრაინის ომი, რომელიც უკვე ოთხ წელზე მეტ ხანს გრძელდება.","""It is a special honor to address you from the position of the President of PABSEC, which gives me the opportunity to voice the concerns of parliamentarians from the Black Sea region countries. Today, our region is at the epicenter of global instability—the Russia-Ukraine war is ongoing, which has already lasted for more than four years."""
10_ge_Shalva_Papuashvili.csv,"როგორ შეუძლია საპარლამენტო დიპლომატიას, ხელი შეუწყოს რეგიონულ მშვიდობასა და რეგიონთაშორის თანამშრომლობას? მაშინ, როდესაც გლობალური ორგანიზაციები ვერ ახერხებენ შედეგების მიღწევას, რეგიონულ ფორმატებს ეძლევათ უნიკალური შესაძლებლობა, უკეთესობისკენ შეცვალონ რეალობა: ჩვენ გვაერთიანებს საერთო პრაგმატული ინტერესები, რომლებიც უშუალოდ ჩვენი მოსახლეობის მიერ არის ჩვენზე დელეგირებული, რადგან პარლამენტები პირდაპირ გამოხატავენ ხალხის ნებას.","How can parliamentary diplomacy contribute to regional peace and interregional cooperation? At a time when global organizations are failing to achieve results, regional formats are presented with a unique opportunity to change reality for the better: we are united by common pragmatic interests directly delegated to us by our populations, as parliaments are the direct expression of the people's will."
10_ge_Shalva_Papuashvili.csv,"შესაბამისად, რეგიონული გაერთიანებები ქმნიან ჩარჩოს, რომლის საშუალებითაც მეზობელ ქვეყნებს შეუძლიათ აწარმოონ დიალოგი, განიხილონ საერთო გამოწვევები და პრაქტიკულ გადაწყვეტილებებს მიაღწიონ. ხმელთაშუა ზღვის, შავი ზღვისა და ყურის რეგიონები ერთმანეთთან დაკავშირებული სივრცეებია, სადაც გაძლიერებულ თანამშრომლობას შეუძლია ხელშესახები შედეგების მოტანა. გაძლიერებული საპარლამენტო გაცვლები შესაძლოა სტაბილურობის, ინოვაციებისა და მდგრადი განვითარების ხიდად იქცეს. ეს კავშირები მშვიდობას დამატებით შანსებს მისცემს.","Accordingly, regional associations create a framework through which neighboring countries can engage in dialogue, discuss common challenges, and reach practical solutions. The Mediterranean, Black Sea, and Gulf regions are interconnected spaces where strengthened cooperation can yield tangible results. Enhanced parliamentary exchanges could serve as a bridge for stability, innovation, and sustainable development. These links will provide additional opportunities for peace."
10_ge_Shalva_Papuashvili.csv,რეგიონთაშორისი თანამშრომლობის რომელი მთავარი მიმართულებები შეგვიძლია გამოვყოთ მშვიდობისა და სტაბილურობის მისაღწევად?,Which main areas of interregional cooperation can be identified to achieve peace and stability?
10_ge_Shalva_Papuashvili.csv,"დაკავშირებადობა ამ თანამშრომლობაში ცენტრალურ ადგილს იკავებს. სტრატეგიული სატრანზიტო მარშრუტების, მათ შორის შუა დერეფნის განვითარება, ევროპასა და აზიას შორის ვაჭრობასა და ეკონომიკურ ურთიერთობებს ახლებურად აყალიბებს. ეს დერეფნები თანამშრომლობის არხებია, რომლებიც ჩვენს რეგიონებს აახლოებს და გლობალური მიწოდების ჯაჭვების მოწყვლადობას ამცირებს. დაკავშირებადების საკითხი მჭიდროდ არის დაკავშირებული ენერგეტიკულ უსაფრთხოებასთან, რომელიც ჩვენი საერთო მომავლისთვის გადამწყვეტ თემად იქცა. ენერგიის წყაროებისა და მარშრუტების დივერსიფიკაცია აუცილებელია სტაბილურობისა და მედეგობის უზრუნველსაყოფად, განსაკუთრებით ევროპისთვის. ალტერნატიულ ენერგორესურსებსა და ინფრასტრუქტურაზე თანამშრომლობის გაძლიერებით, ჩვენ ხელს შევუწყობთ ეკონომიკურ ზრდას და უფრო უსაფრთხო და მდგრად ენერგეტიკულ გარემოს შევქმნით“, - განაცხადა შალვა პაპუაშვილმა.","""Connectivity occupies a central place in this cooperation. The development of strategic transit routes, including the Middle Corridor, is reshaping trade and economic relations between Europe and Asia. These corridors are channels of cooperation that bring our regions closer together and reduce the vulnerability of global supply chains. The issue of connectivity is closely linked to energy security, which has become a crucial theme for our common future. Diversification of energy sources and routes is essential to ensure stability and resilience, especially for Europe. By strengthening cooperation on alternative energy resources and infrastructure, we will promote economic growth and create a more secure and sustainable energy environment,"" stated Shalva Papuashvili."
10_ge_Shalva_Papuashvili.csv,"შალვა პაპუაშვილი პაველ ჰერჩინსკის წერილით მიმართავს (08.05.2026, 10:34)","Shalva Papuashvili addresses Pawel Herczynski in a letter (08.05.2026, 10:34)"
10_ge_Shalva_Papuashvili.csv,"საქართველოს პარლამენტის თავმჯდომარე შალვა პაპუაშვილი ევროკავშირის ელჩს, პაველ ჰერჩინსკის წერილით მიმართავს.","The Chairman of the Parliament of Georgia, Shalva Papuashvili, addresses the EU Ambassador, Pawel Herczynski, with a letter."
10_ge_Shalva_Papuashvili.csv,"პაპუაშვილი წერილს სოციალურ ქსელში ავრცელებს და წერს, რომ ჰერჩინსკის ევროპის დღესთან დაკავშირებით მიმართავს.",Papuashvili publishes a letter on social media and writes that he is addressing Herczynski regarding Europe Day.
10_ge_Shalva_Papuashvili.csv,"„გილოცავთ ევროპის დღეს. ამ მნიშვნელოვან დღეს, სიმბოლური აღნიშვნის გარდა, უნდა დავფიქრდეთ იმაზე, თუ რეალურად რა არის ევროპა, როგორ აისახება მისი მნიშვნელობა მოქალაქეთა ცხოვრებაზე და როგორ განაპირობებს ის საქართველოსა და ევროკავშირის მომავალს.","„Happy Europe Day. On this significant day, beyond the symbolic celebration, we must reflect on what Europe truly is, how its importance is reflected in the lives of citizens, and how it shapes the future of Georgia and the European Union.“"
10_ge_Shalva_Papuashvili.csv,"რობერ შუმანმა, ევროკავშირის ერთ-ერთმა დამფუძნებელმა მამამ და დიდმა ფრანგმა სახელმწიფო მოღვაწემ, მისი ისტორიული განცხადება სწორედ ამ დღეს, მეორე მსოფლიო ომის დასრულების მეხუთე წლისთავზე, გააკეთა. „შუმანის დეკლარაციას“ საფუძვლად ედო ერთი უმთავრესი მიზანი: უზრუნველეყო, რომ ომს აღარასოდეს გაენადგურებინა ევროპა. დეკლარაციის სულისკვეთება მკაფიო იყო - მშვიდობა ერთიანობით, თანამშრომლობა ურთიერთპატივისცემით და სტაბილურობა პასუხისმგებლობის გაზიარებით. ევროკავშირის დღევანდელი პოლიტიკაც სწორედ ამ ხედვის ფონზე უნდა შეფასდეს.","Robert Schuman, one of the founding fathers of the European Union and a great French statesman, made his historic declaration on this very day, the fifth anniversary of the end of the Second World War. The ""Schuman Declaration"" was founded on one primary goal: to ensure that war would never again devastate Europe. The spirit of the declaration was clear—peace through unity, cooperation through mutual respect, and stability through shared responsibility. The European Union's current policies must also be evaluated against the backdrop of this vision."
10_ge_Shalva_Papuashvili.csv,"რობერ შუმანისგან განსხვავებით, გასულ წელს, ევროპის დღეს, ქართველი ხალხისადმი თქვენს მიმართვაში, თქვენ არჩიეთ მეორე მსოფლიო ომის დასრულების წლისთავის უგულებელყოფა და, სანაცვლოდ, აქცენტი გააკეთეთ თქვენს პოლიტიკურ პრეტენზიებზე მასპინძელი ქვეყნის მიმართ. თუმცა, ალბათ ღირს შეხსენებად, რომ არა, სხვა ანტიფაშისტურ ერებთან ერთად, ქართველი ხალხის დღევანდელი თაობების მშობლები და პაპა-ბებიები, ვერც ფაშიზმი დამარცხდებოდა და არც ევროკავშირი და ევროპის დღე იარსებებდა. საქართველოში არ არსებობს ოჯახი, რომელმაც ამ ომში მსხვერპლი არ გაიღო. ევროპის დღის გამარჯვების დღისგან გამიჯვნა ჩვენთვის მიუღებელია. ამიტომ, იმედი მაქვს, რომ 9 მაისს, თქვენს შეკრებაზე, სათანადო პატივს მიაგებთ 300,000 ქართველს, რომელმაც სიცოცხლე დადო ფაშიზმისაგან თავისუფალი ევროპისათვის.","Unlike Robert Schuman, in your address to the Georgian people on Europe Day last year, you chose to ignore the anniversary of the end of the Second World War and, instead, focused on your political grievances against the host country. However, it is perhaps worth reminding that without the parents and grandparents of today’s generations of Georgians, alongside other anti-fascist nations, fascism would not have been defeated, and neither the European Union nor Europe Day would exist. There is not a single family in Georgia that did not make a sacrifice in this war. Separating Europe Day from Victory Day is unacceptable to us. Therefore, I hope that on May 9th, at your gathering, you will pay proper tribute to the 300,000 Georgians who laid down their lives for a Europe free from fascism."
10_ge_Shalva_Papuashvili.csv,"„ევროპის ერთიანობა ვერ იქნა მიღწეული და ჩვენ მივიღეთ ომი“ - ევროკავშირის დღევანდელი ხელმძღვანელობის მოქმედებები აჩვენებს, რომ ის ვერ იაზრებს შუმანის დეკლარაციის ამ ფუძემდებლურ დასკვნას. ევროკავშირის მიმდინარე პოლიტიკა არ ტოვებს სხვაგვარი ახსნის სივრცეს, გარდა იმისა, რომ ის მიმართულია დაპირისპირების გაღრმავებისა და უთანხმოებების ზრდისკენ. ევროპარლამენტის უსამართლო და პოლიტიკურად მოტივირებული რეზოლუციები, პოლიტიკური და ეკონომიკური შურისძიების არაერთი მუქარა, საქართველოს შიდა საქმეებში მუდმივი ჩარევა - ეს მხოლოდ რამდენიმე მაგალითია იმ მიზანმიმართული მცდელობებისა, რომლებიც მიზნად ისახავს დაპირისპირების წაქეზებას როგორც საქართველოს შიგნით, ისე საქართველო-ევროკავშირის ურთიერთობაში. ნამდვილი ერთიანი ევროპა არის ის, რომელიც არა მხოლოდ მომავალ ომებს აღკვეთს, არამედ მიმდინარე კონფლიქტებსაც დაასრულებს. თუმცა, სამწუხაროდ, საქართველოს მიმართ ბრიუსელის პოლიტიკაში ქართველ ხალხსა და ევროკავშირს შორის ერთიანობის მიღწევის განზრახვა არსად იკვეთება.","""European unity was not achieved, and we got war"" – the actions of the European Union's current leadership show that it fails to grasp this fundamental conclusion of the Schuman Declaration. The current policy of the European Union leaves no room for any other explanation than that it is aimed at deepening confrontation and increasing disagreements. The unfair and politically motivated resolutions of the European Parliament, numerous threats of political and economic retribution, and constant interference in Georgia's internal affairs are just a few examples of deliberate attempts aimed at inciting confrontation both within Georgia and in Georgia-EU relations. A truly united Europe is one that not only prevents future wars but also brings current conflicts to an end. Unfortunately, however, no intention of achieving unity between the Georgian people and the European Union is evident in Brussels' policy toward Georgia."
10_ge_Shalva_Papuashvili.csv,"„ევროპა ერთ მომენტში ან ერთი გეგმით ვერ შეიქმნება“ - განაცხადა რობერ შუმანმა თავის ცნობილ დეკლარაციაში. სამწუხაროდ, დღესდღეობით ვხედავთ, რომ შუმანის ეს ბრძნული სიტყვები უგულებელყოფილია, ხოლო ევროკავშირის პოლიტიკა ვიწრო პოლიტიკური ინტერესებითა და ცრუ და ხელოვნურად შექმნილი იდეოლოგიების საფუძველზე ხორციელდება, რომლებიც უგულებელყოფენ ევროპის მოსახლეობის კულტურულ სიმდიდრეს, იდეოლოგიურ მრავალფეროვნებასა და პოლიტიკურ პლურალიზმს. ევროპული ინტეგრაციის გზაზე საქართველოსთვის პოლიტიკური და იდეოლოგიური ჩარჩოების დაწესების მცდელობაც ამ ვიწრო, უშედეგო და ზედაპირული პოლიტიკის კარგი მაგალითია.","""Europe will not be made all at once, or according to a single plan,"" Robert Schuman stated in his famous declaration. Unfortunately, today we see that these wise words of Schuman are being ignored, while European Union policy is being implemented based on narrow political interests and false, artificially created ideologies that disregard the cultural richness, ideological diversity, and political pluralism of the European population. The attempt to impose political and ideological frameworks on Georgia on its path toward European integration is a prime example of this narrow, futile, and superficial policy."
10_ge_Shalva_Papuashvili.csv,"ქართველი ხალხი არ საჭიროებს ევროპული გზისკენ მიმართულების ჩვენებას. საქართველო თავად არის ევროპული ცივილიზაციის თანაშემოქმედი და ამიტომ სადაც საქართველოა, იქ არის ევროპაც. ევროპული ინტეგრაცია არ უნდა ნიშნავდეს ბრიუსელის ერთპიროვნულ ბატონობას საქართველოზე, არამედ ის უნდა იყოს სხვა ევროპულ ერებთან ჩვენი ისტორიული კავშირების ჭეშმარიტი განმტკიცება, როგორც თანასწორი თანასწორთან.","The Georgian people do not need to be shown the direction toward the European path. Georgia itself is a co-creator of European civilization; therefore, wherever Georgia is, Europe is there as well. European integration must not mean Brussels' unilateral dominance over Georgia; rather, it should be the genuine strengthening of our historical ties with other European nations, as equals among equals."
10_ge_Shalva_Papuashvili.csv,"ევროპის დღემ ისიც უნდა შეგვახსენოს, რომ ევროკავშირის ვერცერთი ხელმძღვანელობა ვერ გააუქმებს ისეთ ევროპულ იდეალებს, როგორებიცაა ეროვნული დამოუკიდებლობა, ქრისტიანული ღირებულებები და ცხოვრების ტრადიციული წესი, მხოლოდ იმიტომ, რომ მათ განსხვავებული იდეოლოგიური შეხედულებები აქვთ. სწორედ ევროკავშირის ამ დამფუძნებელ სულისკვეთებასთან შეუთავსებლობას ავლენენ ისინი, ვინც მეტისმეტად ერთობიან დემოკრატიულად არჩეული ხელისუფლებების წინააღმდეგ ე.წ. „რეჟიმის ცვლილების“ გეგმებით, აწესებენ ადამიანის ბუნებასთან შეუთავსებელ იდეოლოგიებს და ტრადიციებში არსებული განსხვავებების უგულებელყოფით, ცდილობენ ერთგვაროვანი ცხოვრების წესის დანერგვას.","Europe Day should also remind us that no leadership of the European Union can abolish such European ideals as national independence, Christian values, and the traditional way of life, simply because they hold different ideological views. It is precisely an incompatibility with this founding spirit of the European Union that is manifested by those who are excessively preoccupied with so-called “regime change” plans against democratically elected governments, impose ideologies incompatible with human nature, and, by disregarding differences in traditions, attempt to establish a uniform way of life."
10_ge_Shalva_Papuashvili.csv,"„ქვანახშირისა და ფოლადის თანამეგობრობის“ შექმნის იდეა, რომელიც რობერ შუმანმა 1950 წლის 9 მაისს წარადგინა, მიზნად ისახავდა „ცხოვრების დონის ამაღლებას და მიღწევების შენარჩუნებას“. მას კარგად ესმოდა, რომ მშვიდობა საჭიროებს მყარ ეკონომიკურ ფუნდამენტს. სწორედ ამ იდეაზე იყო დაფუძნებული მთელი ევროპული პროექტი. თუმცა, დღეს ევროკავშირის ხელმძღვანელობას, როგორც ჩანს, ეს საბაზისო პრინციპიც დავიწყებული აქვს. სხვა რით უნდა აიხსნას, ყოველგვარი უსაფრთხოების გარანტიებისა და ეკონომიკური მხარდაჭერის შეთავაზების გარეშე, რუსეთის წინააღმდეგ ეკონომიკურ დაპირისპირებაში ჩართვის დაჟინებული მოწოდებები, რომელზე დაყოლაც გამოიწვევდა არა მხოლოდ საქართველოს ეკონომიკურ ნგრევას, არამედ რეგიონულ არასტაბილურობასაც, რაც ევროპას მნიშვნელოვანი ენერგორესურსებისა და გეოეკონომიკური მარშრუტების გარეშე დატოვებდა.","The idea of creating the ""Coal and Steel Community,"" presented by Robert Schuman on May 9, 1950, aimed to ""raise the standard of living and maintain achievements."" He understood well that peace requires a solid economic foundation. The entire European project was based precisely on this idea. However, today, the leadership of the European Union seems to have forgotten even this basic principle. How else can one explain the persistent calls to engage in economic confrontation against Russia without offering any security guarantees or economic support—calls which, if followed, would lead not only to Georgia's economic collapse but also to regional instability, leaving Europe without vital energy resources and geo-economic routes."
10_ge_Shalva_Papuashvili.csv,"ევროპის დღის იდეაში ჩადებული საწყისი ევროპული მისწრაფებებიდან გადახვევამ ევროკავშირი მიიყვანა იმ მდგომარეობამდე, როდესაც საქართველოს მიმართ მისი პოლიტიკა დაყვანილია ძალადობის, სიძულვილის ენისა და რადიკალიზმის მხარდაჭერამდე. გასულ წელს, ორჯერ, წერილობით მოგმართეთ მოწოდებით, დაგეგმოთ სიძულვილის ენის და ძალადობის გახშირებული ფაქტები, თუმცა უშედეგოდ. ძალადობისა და რადიკალიზმის პოლიტიკურად მოტივირებული წაყრუების მძიმე შედეგები, ყველაზე კარგად, გასული წლის 4 ოქტომბერს გამოჩნდა, როდესაც ევროკავშირის პრესსპიკერის ცნობილი განცხადებით ძალადობისთვის რიტორიკული მწვანე შუქის ანთებამ, რადიკალური ჯგუფები, პრეზიდენტის სასახლის შტურმზე წაიყვანა. მას შემდეგ, უკვე შვიდ თვეზე მეტი ხნის განმავლობაში, არც ერთ ევროპელ მაღალჩინოსანს საჯაროდ არ დაუგმია გადატრიალების ეს მცდელობა, თითქოს, ძალადობრივი გადატრიალებები ევროპულ პოლიტიკაში ნორმალური პრაქტიკა იყოს.","The deviation from the initial European aspirations embedded in the idea of Europe Day has brought the European Union to a state where its policy toward Georgia is reduced to supporting violence, hate speech, and radicalism. Last year, twice, I addressed you in writing with a call to condemn the frequent instances of hate speech and violence, yet to no avail. The severe consequences of politically motivated turning a blind eye to violence and radicalism were most evident on October 4 of last year, when the rhetorical green light given to violence by the EU spokesperson’s well-known statement led radical groups to storm the Presidential Palace. Since then, for more than seven months now, not a single high-ranking European official has publicly condemned this coup attempt, as if violent coups were a normal practice in European politics."
10_ge_Shalva_Papuashvili.csv,"საქართველოსთან დაკავშირებით გაკეთებული უკანასკნელი მიუღებელი და ჩვენი ხალხის მიმართ მუქარის შემცველი განცხადებები, თითქოს ქვეყანა „ბნელ წარსულს“ უბრუნდება, კიდევ ერთხელ წარმოაჩენს, რამდენად არასწორია ევროკავშირის ამჟამინდელი პოლიტიკა. თუმცა რეალობას ქართველი ხალხის პერსპექტივიდან თუ შევხედავთ, შესაძლოა, თავად ევროპა მიდიოდეს იმ ბნელი წარსულისკენ, რომლის თავიდან აცილებასაც რობერ შუმანი და მისი თაობის სხვა დიდი მოღვაწეები ცდილობდნენ.","The latest unacceptable and threatening statements made regarding Georgia, suggesting that the country is returning to a “dark past,” once again highlight how misguided the European Union’s current policy is. However, if we view reality from the perspective of the Georgian people, it may be Europe itself that is heading toward the very dark past that Robert Schuman and other great figures of his generation sought to prevent."
10_ge_Shalva_Papuashvili.csv,"საქართველოს აქვს სამომავლო გზის მკაფიო შეთავაზება. აგრესიული რიტორიკის შეწყვეტა, მავნე პოლიტიკის გადახედვა და უსამართლო რეზოლუციების გაუქმება არის ის, რაც გახსნიდა გზას ნამდვილი დიალოგისთვის, გონივრულობისთვის და ერთიანობისთვის, რაც არის კიდეც ევროპის დღის თავდაპირველი სულისკვეთება.","Georgia has a clear proposal for the path forward. Ceasing aggressive rhetoric, reconsidering harmful policies, and annulling unfair resolutions are what would pave the way for genuine dialogue, rationality, and unity, which is indeed the original spirit of Europe Day."
10_ge_Shalva_Papuashvili.csv,"თუ გვინდა, რომ ევროპის დღემ შეინარჩუნოს თავისი მნიშვნელობა, მაშინ ის კვლავ უნდა ნიშნავდეს იმას, რასაც თავდაპირველად წარმოადგენდა - მშვიდობას, თანამშრომლობას და ერთიანობას, დაფუძნებულს ერების და მათი იდენტობის პატივისცემაზე“, - ნათქვამია პაპუაშვილის წერილში.","""If we want Europe Day to maintain its significance, then it must once again mean what it originally represented – peace, cooperation, and unity, based on respect for nations and their identity,"" reads Papuashvili's letter."
11_ge_Khatia_Dekanoidze.csv,"ხატია დეკანოიძე - თუ შევხედავთ, რა ხდება სომხეთში, ნახავთ, რომ ფუნქცია, რაც საქართველოს ჰქონდა, ყოფილიყო რეგიონის ლიდერი, აღარ არსებობს - ივანიშვილის დანაშაულის და „ანტი ქართული ოცნების“ გამო კარგავს საქართველო ამ ფუნქციას (06.05.2026, 12:00)","Khatia Dekanoidze - If we look at what is happening in Armenia, you will see that the role Georgia had to be the regional leader no longer exists - Georgia is losing this role due to Ivanishvili's crime and the ""Anti-Georgian Dream"" (06.05.2026, 12:00)"
11_ge_Khatia_Dekanoidze.csv,"დღეს ივანიშვილმა და „ანტი ქართულმა ოცნებამ“ საქართველოს დააკარგვინა გრძელვადიანი მშვიდობის, განვითარების, პროგრესისა და ეკონომიკური კეთილდღეობის ფუნქცია. ქართველ ხალხს დააკარგვინა კეთილდღეობის და გამდიდრების შესაძლებლობა, ევროინტეგრაციის შესაძლებლობა. ეს არის ისტორიული დანაშაული,- ამის შესახებ „ნაციონალური მოძრაობის“ ერთ-ერთმა ლიდერმა ხატია დეკანოიძემ განაცხადა.","Today, Ivanishvili and the ""Anti-Georgian Dream"" have caused Georgia to lose its role in long-term peace, development, progress, and economic prosperity. They have deprived the Georgian people of the opportunity for prosperity and wealth, as well as the opportunity for European integration. This is a historical crime,"" stated Khatia Dekanoidze, one of the leaders of the National Movement."
11_ge_Khatia_Dekanoidze.csv,"მან საზოგადოებას 22 წლის წინ 6 მაისს აჭარის „რუსეთისა და დესპოტის მმართველობისგან გათავისუფლება“ მიულოცა და აღნიშნა, რომ სწორედ ამ დღეს დაიწყო ახალი ფურცელი საქართველოს ისტორიაში, რომელიც გულისხმობდა რეგიონის ლიდერობას.","He congratulated the public on the ""liberation of Adjara from the rule of Russia and the despot"" 22 years ago on May 6, and noted that this very day marked the beginning of a new chapter in Georgia's history, which signified the region's leadership."
11_ge_Khatia_Dekanoidze.csv,"„გილოცავთ საქართველოს უახლეს ისტორიაში ერთ-ერთ ყველაზე გამორჩეულ თარიღს- საქართველოში აჭარის დაბრუნებას. 22 წლის წინ საქართველოს უახლეს ისტორიაში ზუსტად 6 მაისს მოხდა ერთ-ერთი უმნიშვნელოვანესი მოვლენა, როდესაც საქართველოს გულში დაბრუნდა აჭარა, გათავისუფლდა რუსული მმართველობისგან, გათავისუფლდა დესპოტის მმართველობისგან და დაიწყო პრეზიდენტ მიხეილ სააკაშვილთან, მის გუნდთან ერთად, მრავალ გულმხურვალე პატრიოტთან ერთად ძალიან მნიშვნელოვანი აღმასვლა და დიახ, საქართველომ დაიწყო ახალი ფურცელი, რომელიც გულისხმობდა რეგიონის ლიდერობას, განვითარებას ტექნოლოგიებში, განათლებაში, აღმოსავლეთ ევროპის გაფართოების კონტექსტში, აშშ-ისთან სტრატეგიული პარტნიორობის კონტექსტში, რაც იყო ჩვენი ერის ნამდვილად ისტორიული მისია. ეს იყო დღე, როდესაც ჩვენ სრულიად სხვა სახელმწიფოებრივ განვითარებაზე გადავედით და ჩვენმა გუნდმა შეძლო ნამდვილად საქართველოს მოეპოვებინა რეგიონული ლიდერის ფუნქცია. დღეს ივანიშვილმა და „ანტი ქართულმა ოცნებამ“ საქართველოს დააკარგვინა გრძელვადიანი მშვიდობის, განვითარების, პროგრესისა და ეკონომიკური კეთილდღეობის ფუნქცია. ქართველ ხალხს დააკარგვინა კეთილდღეობის და გამდიდრების შესაძლებლობა, ევროინტეგრაციის შესაძლებლობა. ეს არის ისტორიული დანაშაული და თუ შევხედავთ, რა ხდება ჩვენს მეზობელ სომხეთში და მინდა მათ ვუსურვო ძალიან დიდი წარმატება, ნახავთ რომ ის ფუნქცია, რომელიც საქართველოს ჰქონდა, ყოფილიყო რეგიონის ლიდერი, ჰქონოდა ძალიან ბევრი მდგრადი მშვიდობის პროექტები, ეს ფუნქცია აღარ არსებობს. სომხეთში უკანასკნელ დღეებში განვითარებული მოვლენები არ არის მხოლოდ ევროკავშირის, აშშ-ის ან კანადის პოლიტიკური მხარდაჭერა ჩვენი მეზობლების მიმართ, ეს არის საინვესტიციო პროექტები, რომელიც ნამდვილად გულისხმობს გრძელვადიან მშვიდობას. ჩვენ ასეთი პროექტები მრავლად გვქონდა, მათ შორის, მიხეილ სააკაშვილი, რომელიც დღეს პოლიტიკური პატიმარია, იყო უშუალოდ ჩართული ბათუმის ტექნოლოგიური უნივერსიტეტის განვითარებაში, მშენებლობაში და მე თვითონ ძალიან ამაყი ვარ, რომ მონაწილეობას ვიღებდი ამ ტექნოლოგიური უნივერსიტეტის მშენებლობაში. ეს უნივერსიტეტი უნდა გამხდარიყო ნამდვილად საქართველოს ერთ-ერთი მნიშვნელოვანი ჰაბი განათლების, ტექნოლოგიების, ახალი საკომუნიკაციო სისტემების და ახალი განათლების ეტაპზე გადასვლის შესაძლებლობა. სომხეთში რაც ხდებოდა, ეს არ არის მხოლოდ პოლიტიკური მხარდაჭერა, ეს არის ეკონომიკური მხარდაჭერა, რომელიც უზრუნველყოფს გრძელვადიან მშვიდობას. ყველა ადამიანი, რომელიც ჩართული იყო საქართველოს განვითარების უმნიშვნელოვანეს ეტაპებზე, დღეს ადევნებს თვალყურს თუ როგორ კარგავს ქვეყანა ივანიშვილის დანაშაულის გამო, „ანტი ქართული ოცნების“ გამო ამ ფუნქციას. 400 მილიარდი ინვესტიცია, სამხედრო ტექნოლოგიური თანამშრომლობა საფრანგეთთან, ამერიკის შეერთებულ შტატებთან, ენერგეტიკული უსაფრთხოების პროექტები, ყველაზე მნიშვნელოვანი ახალი დერეფანი, რომელზეც საუბრობს ახლა ევროკომისია, ევროკავშირი, აშშ და კანადა, უდიდესი ინვესტიციები, რომლებიც არის მშვიდობის, მდგრადი განვითარების და პროგრესის ერთ-ერთი ყველაზე მნიშვნელოვანი სფერო, ამას კარგავს საქართველო“, - განაცხადა დეკანოიძემ.","“I congratulate you on one of the most distinguished dates in Georgia's recent history—the return of Adjara to Georgia. Exactly 22 years ago, on May 6, one of the most significant events in Georgia's recent history took place, when Adjara returned to the heart of Georgia, was liberated from Russian rule, liberated from the rule of a despot, and together with President Mikheil Saakashvili, his team, and many fervent patriots, a very important ascent began. And yes, Georgia started a new chapter, which implied regional leadership, development in technology and education, in the context of Eastern European enlargement, and in the context of a strategic partnership with the USA, which was truly our nation's historical mission. This was the day when we transitioned to a completely different state development, and our team truly managed to secure the role of regional leader for Georgia.

Today, Ivanishvili and the ‘Anti-Georgian Dream’ have caused Georgia to lose its role in long-term peace, development, progress, and economic prosperity. They have deprived the Georgian people of the opportunity for prosperity and wealth, and the opportunity for European integration. This is a historical crime, and if we look at what is happening in our neighbor Armenia—and I want to wish them great success—you will see that the role Georgia once had, to be a regional leader and to have many sustainable peace projects, no longer exists. The events unfolding in Armenia in recent days are not just about political support from the EU, USA, or Canada for our neighbors; these are investment projects that truly imply long-term peace.

We had many such projects; among them, Mikheil Saakashvili, who is now a political prisoner, was directly involved in the development and construction of the Batumi Technological University, and I myself am very proud that I participated in the construction of this technological university. This university was meant to truly become one of Georgia's important hubs for education, technology, new communication systems, and the opportunity to transition to a new stage of education. What has been happening in Armenia is not just political support; it is economic support that ensures long-term peace. Everyone who was involved in the most important stages of Georgia's development is today watching how the country is losing this role due to Ivanishvili's crime, due to the ‘Anti-Georgian Dream.’ 400 billion in investment, military-technological cooperation with France and the United States, energy security projects, the most important new corridor that the European Commission, EU, USA, and Canada are now talking about, massive investments that are one of the most important areas for peace, sustainable development, and progress—Georgia is losing all of this,” Dekanoidze stated."
12_ge_Irakli_Kupradze.csv,"ირაკლი კუპრაძე - ანტიქართული „ოცნების“ მიერ თავდაცვის მინისტრის ჩაყვანა ანაკლიის ცარიელ სანაპიროზე, სადაც არაფერი მიმდინარეობს, ფოტოსესია და მინისტრების წრეზე სიარული, არის სასაცილო პროპაგანდა, რომელსაც არ დავიჯერებთ! (07.05.2026, 13:56)","Irakli Kupradze - The anti-Georgian ""Dream"" taking the Minister of Defense to the empty shore of Anaklia, where nothing is happening, the photoshoot and ministers walking in circles, is ridiculous propaganda that we will not believe! (07.05.2026, 13:56)"
12_ge_Irakli_Kupradze.csv,"ანტიქართული „ოცნების“ მიერ, გუშინ, თავდაცვის მინისტრის ჩაყვანა ანაკლიის ცარიელ სანაპიროზე, სადაც არანაირი სამუშაოები არ მიმდინარეობს, ფოტოსესია და „ქართული ოცნების“ მინისტრის წრეზე სიარული, არის სასაცილო პროპაგანდა, რომელსაც საქართველოს მოქალაქეები არ დავიჯერებთ, - ამის შესახებ „ლელო-ძლიერი საქართველოს“ გენერალურმა მდივანმა, ირაკლი კუპრაძემ ბრიფინგზე განაცხადა.","""The anti-Georgian 'Dream' taking the Minister of Defense to the empty shore of Anaklia yesterday, where no work is being carried out, the photo session, and the 'Georgian Dream' minister walking in circles is ridiculous propaganda that we, the citizens of Georgia, will not believe,"" stated Irakli Kupradze, General Secretary of ""Lelo-Strong Georgia,"" at a briefing."
12_ge_Irakli_Kupradze.csv,"მისივე თქმით, 2020 წელს უნდა მიეღო ანაკლიის პორტს პირველი გემი, დღეს კი ვხედავთ არარსებულ პროექტს, ჩაშლილ მოლაპარაკებებს და ქვეყნიდან გაძევებულ დასავლელ ინვესტორებს.","According to him, the Anaklia Port was supposed to receive its first ship in 2020, but today we see a non-existent project, failed negotiations, and Western investors expelled from the country."
12_ge_Irakli_Kupradze.csv,"„ანტიქართული „ოცნება“ საკუთარ ტყუილებში ჩაიკარგა. ისინი იხრჩობიან იმ პროპაგანდასა და ტყუილებში, რასაც აწარმოებენ. გუშინ, ანტიქართული „ოცნების“ პროპაგანდისტული საშუალებებით გავრცელდა სიუჟეტები, რომლის მიხედვითაც, თითქოს ანაკლიის პორტის მშენებლობა დაიწყო. ეს არის კიდევ ერთი ბლეფი და ტრიუკი ბიძინა ივანიშვილის მხრიდან, რომელიც მიუთითებს, რომ აქამდე, 6 წლის განმავლობაში გაკეთებული განცხადებები „ქართული ოცნების“ მხრიდან ტყუილი იყო. მერამდენეჯერ, ალბათ, რამდენიმე ათეული შემთხვევაა, როდესაც დააანონსეს, რომ დღეს დაიწყო ანაკლიის პორტის მშენებლობა. სინამდვილეში, ყველაფერი არის ტყუილი, პროპაგანდა და ბლეფი ბიძინა ივანიშვილის მხრიდან.","The anti-Georgian ""Dream"" has lost itself in its own lies. They are drowning in the propaganda and lies they produce. Yesterday, stories were spread through the anti-Georgian ""Dream’s"" propaganda outlets, claiming that the construction of the Anaklia Port has supposedly begun. This is yet another bluff and trick by Bidzina Ivanishvili, which indicates that the statements made by ""Georgian Dream"" over the past six years were lies. For the umpteenth time—probably one of several dozen instances—they have announced that the construction of the Anaklia Port has begun today. In reality, everything is a lie, propaganda, and a bluff by Bidzina Ivanishvili."
12_ge_Irakli_Kupradze.csv,"2024 წელს, მორიგი მსგავსი ტრიუკის პირობებში, ბიძინა ივანიშვილი და მისი პროპაგანდისტული მანქანა გამოვიდა და თქვა, რომ სულ რამდენიმე დღეში, ხელშეკრულება გაფორმდებოდა ჩინურ კონსორციუმთან, რომელიც მშენებლობასაც დაიწყებდა. დღეს, კიდევ ერთხელ დასტურდება რომ აქამდე ნათქვამი ყველა დაპირება, ყველა თარიღი იყო ტყუილი. მხოლოდ მშრალი პროპაგანდა ივანიშვილის და ანტიქართული „ოცნების“ მხრიდან.","In 2024, amidst another similar trick, Bidzina Ivanishvili and his propaganda machine came out and stated that in just a few days, a contract would be signed with a Chinese consortium, which would then begin construction. Today, it is once again confirmed that every promise made and every date given thus far was a lie. It is nothing but hollow propaganda from Ivanishvili and the anti-Georgian ""Dream."""
12_ge_Irakli_Kupradze.csv,"2026 წელს, დღეს, არ არსებობს არც ინვესტორი, არც დასრულებული და აშენებული ანაკლიის პორტი, აღარ არსებობს მასტერპლანი, გენერალური გეგმა, რომელიც უნდა ყოფილიყო შეთანხმებული მრავალგზის. ეს გენერალური გეგმაც და მასტერპლანიც ნაგავში მოისროლეს. შეუკვეთეს ეკონომიკის სამინისტროს მხრიდან ახალი ე.წ. მასტერპლანი, რომლის მიხედვითაც, საერთოდ მიზნობრიობას და შედეგობრიობას ეჭვქვეშ აყენებს ივანიშვილი და მისი ანტიქართული „ოცნება“.","Today, in 2026, there is neither an investor nor a completed and built Anaklia Port. The master plan and general plan, which should have been agreed upon multiple times, no longer exist. Both this general plan and the master plan were thrown into the trash. The Ministry of Economy ordered a new so-called master plan, through which Ivanishvili and his anti-Georgian ""Dream"" are calling the very purpose and effectiveness of the project into question."
12_ge_Irakli_Kupradze.csv,"გუშინ, ანტიქართული „ოცნების“ მიერ, თავდაცვის მინისტრის ჩაყვანა ანაკლიის ცარიელ სანაპიროზე, სადაც არანაირი სამუშაოები არ მიმდინარეობს, ფოტოსესია და „ქართული ოცნების“ მინისტრის წრეზე სიარული არის სასაცილო პროპაგანდა, რომელსაც საქართველოს მოქალაქეები არ დავიჯერებთ. ფაქტი ერთია: მაშინ, როდესაც 2020 წელს უნდა მიეღო ანაკლიის პორტს პირველი გემი, დღეს ვხედავთ არარსებულ პროექტს, ჩაშლილ მოლაპარაკებებს, ქვეყნიდან გაძევებულ დასავლელ ინვესტორებს, ამერიკელ და ევროპელ ინვესტორებს. ამ პირობებში, შეუძლებელია ივანიშვილმა ააშენოს ანაკლიის პორტი. მას არ უნდა ანაკლიის პორტის აშენება, მას ინტერესი აქვს რომ საქართველომ ეს უმნიშვნელოვანესი სტრატეგიული ობიექტი დაკარგოს.","Yesterday, the act of the anti-Georgian ""Dream"" taking the Minister of Defense to the empty shore of Anaklia, where no work is being carried out, the photo session, and the ""Georgian Dream"" minister walking in circles is ridiculous propaganda that we, the citizens of Georgia, will not believe. The fact is: while the Anaklia port should have received its first ship in 2020, today we see a non-existent project, failed negotiations, and Western investors—American and European investors—expelled from the country. Under these conditions, it is impossible for Ivanishvili to build the Anaklia port. He does not want to build the Anaklia port; he has an interest in Georgia losing this vital strategic asset."
12_ge_Irakli_Kupradze.csv,"ცხადად გახსნილია ახალი შესაძლებლობების ფანჯარა, რაც გამოხატულია ჩვენი პარტნიორების კიდევ ერთხელ ხმამაღლა გაჟღერებული დაინტერესებით, რომ შავი ზღვა არის ჩვენი პარტნიორების ინტერესი. ამ შესაძლებლობას ივანიშვილი აკარგვინებს ქვეყანას, პროპაგანდით ცდილობს ფონს გასვლას.","A window of new opportunities has clearly opened, as evidenced by our partners' once again loudly voiced interest in the Black Sea. Ivanishvili is causing the country to lose this opportunity, attempting to get by through propaganda."
12_ge_Irakli_Kupradze.csv,"„ლელო ძლიერი საქართველო“ არის პოლიტიკური პარტია, რომელიც ამ ეროვნული და სტრატეგიული ობიექტის მთავარი მხარდამჭერია. პროექტის, რომელსაც ჰქვია „ანაკლია“. ჩვენ გვაქვს კონკრეტული გეგმა, როგორ უნდა აშენდეს ანაკლიის პროექტი. ხელისუფლებაში მოსვლის შემდეგ, აუცილებლად, პირველივე ნაბიჯად უნდა გადაიდგას ის, რომ ეროვნული და სტრატეგიული მნიშვნელობის პროექტად გამოცხადდეს ანაკლიის პორტი, ყველა ხელშეკრულება უნდა იყოს საჯარო, არა „შავი ფარდის“ მიღმა, როგორც ივანიშვილი აკეთებს, იქნება ეს „არაბული ქალაქები“, თუ სხვა. დაუშვებლად უნდა იქნეს ცნობილი ჩინური და რუსული ინვესტიციების არსებობა, რომელიც შესაძლებელია ეწინააღმდეგებოდეს საქართველოს ეროვნულ ინტერესებს. ანაკლიის პორტი უნდა აშენდეს სახელმწიფოს ჩართულობით, დასავლელ, ამერიკელ პარტნიორებთან თანამშრომლობის პრინციპით.","""Lelo Strong Georgia"" is a political party that is the main supporter of this national and strategic facility—the project called ""Anaklia."" We have a concrete plan for how the Anaklia project should be built. After coming to power, the very first step must be to declare Anaklia Port a project of national and strategic importance. All contracts must be public, not behind a ""black curtain"" as Ivanishvili does, whether it be ""Arab cities"" or others. The presence of Chinese and Russian investments, which could potentially contradict Georgia's national interests, must be declared unacceptable. Anaklia Port must be built with state involvement, based on the principle of cooperation with Western and American partners."
12_ge_Irakli_Kupradze.csv,"რამდენმა მინისტრმაც არ უნდა ისეირნოს ანაკლიის სანაპიროზე, სადაც არანაირი სამუშაოები არ მიმდინარეობს, ჩვენ პორტს აუცილებლად ავაშენებთ“, - აღნიშნავს კუპრაძე.","„რამდენმა მინისტრმაც არ უნდა ისეირნოს ანაკლიის სანაპიროზე, სადაც არანაირი სამუშაოები არ მიმდინარეობს, ჩვენ პორტს აუცილებლად ავაშენებთ“, - აღნიშნავს კუპრაძე."
12_ge_Irakli_Kupradze.csv,"შეგახსენებთ, გუშინ, ეკონომიკისა და მდგრადი განვითარების მინისტრი მარიამ ქვრივიშვილი გუშინ, ანაკლიის ნავსადგურის ტერიტორიაზე მიმდინარე სამუშაოებს ვიცე-პრემიერ, თავდაცვის მინისტრ ირაკლი ჩიქოვანთან ერთად გაეცნო. როგორც ეკონომიკის მინისტრმა აღნიშნა, „პროცესი უკვე საკმაოდ აქტიურ ფაზაშია შესული“.","As a reminder, yesterday, the Minister of Economy and Sustainable Development Mariam Kvrivishvili, together with Vice Prime Minister and Minister of Defense Irakli Chikovani, inspected the ongoing works at the Anaklia Port. As the Minister of Economy noted, ""the process has already entered a fairly active phase."""
13_ge_Levan_Makhashvili.csv,"ლევან მახაშვილი - ევროპარლამენტის დოკუმენტებმაც, ევროპარლამენტმაც, სამწუხაროდ ფასი დაკარგა - ერთადერთი სპორტული ინტერესიღაა დარჩენილი, აბა, წინაზე უარეს დოკუმენტს შეიმუშავებენ თუ რამე სიახლე გვექნება (05.05.2026, 14:29)","Levan Makhashvili - Both the European Parliament's documents and the European Parliament itself have, unfortunately, lost their value - the only thing left is a sporting interest: to see whether they will develop a document worse than the previous one or if we will have something new (05.05.2026, 14:29)"
13_ge_Levan_Makhashvili.csv,"ეს დოკუმენტი თავის დამატებიანად, რომლებმაც კიდევ უფრო მკვეთრად გააუარესა საწყისი, სრულიად აცდენილია რეალობას - ჩვენთვის და საზოგადოებისთვის ევროპარლამენტის დოკუმენტებმაც, ევროპარლამენტმაც, სამწუხაროდ ფასი დაკარგა, რადგან ის არ ემსახურება თანამშრომლობის და დიალოგის დღის წესრიგს, - ამის შესახებ პარლამენტის ევროინტეგრაციის კომიტეტის თავმჯდომარემ, ლევან მახაშვილმა განაცხადა, რითაც ევროპარლამენტის საგარეო საქმეთა კომიტეტის მიერ საქართველოს შესახებ მიღებულ ანგარიშს გამოეხმაურა.","""This document, along with its amendments which made the initial version even worse, is completely detached from reality. For us and for society, European Parliament documents and the European Parliament itself have unfortunately lost value, as they do not serve the agenda of cooperation and dialogue,"" stated Levan Makhashvili, Chairman of the Parliamentary Committee on European Integration, responding to the report on Georgia adopted by the European Parliament's Foreign Affairs Committee."
13_ge_Levan_Makhashvili.csv,"მისი თქმით, დღეს ევროპარლამენტის დღის წესრიგი არ მოდის თანხვედრაში საქართველო-ევროკავშირის და ზოგადად საქართველოს უკეთესი, მშვიდობიანი მომავლის დღის წესრიგთან.","According to him/her, today the European Parliament's agenda is not in line with the Georgia-EU agenda and, in general, with the agenda for a better, peaceful future for Georgia."
13_ge_Levan_Makhashvili.csv,"„რა გითხრათ, თქვენც იცით, რასაც გავუკეთებდით ამ რეზოლუციას [მაკულატურაში ჩავაბარებდი] - მარტივი მიზეზის გამო: ეს დოკუმენტი თავის დამატებიანად, რომლებმაც კიდევ უფრო მკვეთრად გააუარესა საწყისი დოკუმენტი, სრულიად აცდენილია რეალობას. განსაკუთრებით ამ დღეებში და ამ კვირებში კარგად ჩანს, რეალურად ვინ არის დიალოგის ხელის შემშლელი. ეს არის სწორედ ევროპარლამენტი, ამ კონკრეტული პოლიტიკური ჯგუფების სახით, რომლებიც საკუთარი ვიწრო პოლიტიკური დღის წესრიგიდან გამომდინარე, მაქსიმალურად ცდილობენ დიალოგის ხელშეშლას. თუ დავაკვირდებით წინა წლების განვითარებებს, სწორედ ასე ხდებოდა ხოლმე: როდესაც იყო ურთიერთობის გადატვირთვის, დიალოგის, თანამშრომლობის პერსპექტივა ამის სრულიად საპირისპირო დინებით ცურავდა ხოლმე ევროპარლამენტი და დღესაც იმავეს ვაკვირდებით.","""What can I tell you? You already know what we would do with this resolution [I would hand it in as waste paper]—for a simple reason: this document, along with its amendments which made the initial version even worse, is completely detached from reality. It is especially clear during these days and weeks who is actually obstructing the dialogue. It is precisely the European Parliament, in the form of these specific political groups, who, driven by their narrow political agendas, are doing their utmost to hinder dialogue. If we look at the developments of previous years, this is exactly what used to happen: whenever there was a prospect of resetting relations, dialogue, or cooperation, the European Parliament would swim against the current, and we are witnessing the same today."""
13_ge_Levan_Makhashvili.csv,"ამიტომ ჩვენთვის და საზოგადოებისთვის ევროპარლამენტის დოკუმენტებმაც, ევროპარლამენტმაც, სამწუხაროდ ფასი დაკარგა, რადგან ის არ ემსახურება თანამშრომლობის და დიალოგის დღის წესრიგს. დღეს ევროპარლამენტის დღის წესრიგი არ მოდის თანხვედრაში საქართველო-ევროკავშირის და ზოგადად საქართველოს უკეთესი, მშვიდობიანი მომავლის დღის წესრიგთან“, - განაცხადა ლევან მახაშვილმა.","""Therefore, for us and for the public, both the European Parliament's documents and the European Parliament itself have unfortunately lost their value, as they do not serve the agenda of cooperation and dialogue. Today, the European Parliament's agenda does not align with the Georgia-EU agenda or, more generally, with the agenda for Georgia's better, peaceful future,"" stated Levan Makhashvili."
13_ge_Levan_Makhashvili.csv,"კითხვაზე, რომ ევროპარლამენტის საგარეო საქმეთა კომიტეტი მიღებული ანგარიშით რამდენიმე ქართული მედიის დასანქცირებას ითხოვს, მახაშვილმა უპასუხა, რომ ღიმილისმომგვრელია ეს განცხადებები და ჩანაწერები ამ კონკრეტულ დოკუმენტში.","In response to a question regarding the European Parliament's Foreign Affairs Committee calling for sanctions against several Georgian media outlets in its adopted report, Makhashvili replied that the statements and entries in this specific document are laughable."
13_ge_Levan_Makhashvili.csv,"ცნობისთვის, ევროპარლამენტის საგარეო საქმეთა კომიტეტმა საქართველოს შესახებ ანგარიში მიიღო. ევროპარლამენტის საგარეო საქმეთა კომიტეტში საქართველოს შესახებ ყოველწლიურ ანგარიშს მხარი 53-მა ევროპარლამენტარმა დაუჭირა, ხოლო მის წინააღმდეგ ხმა 14-მა მისცა.","For information, the European Parliament's Committee on Foreign Affairs has adopted a report on Georgia. In the European Parliament's Committee on Foreign Affairs, 53 MEPs supported the annual report on Georgia, while 14 voted against it."
