Source File,Content,Translated Content
00_bai_ganyo_starts_out_for_europe_bul.csv,"Помогнаха на бай Ганя да смъкне от плещите си агарянския ямурлук, наметна си той една белгийска мантия – и всички рекоха, че бай Ганьо е вече цял европеец.","They helped Bay Ganyo shed the Agarian cloak from his shoulders, he donned a Belgian mantle—and everyone said that Bay Ganyo was now a complete European."
00_bai_ganyo_starts_out_for_europe_bul.csv,– Хайде всеки от нас да разкаже нещо за бай Ганя.,– Let each of us tell something about Bay Ganyo.
00_bai_ganyo_starts_out_for_europe_bul.csv,– Хайде – извикяха всички.,– Come on – everyone shouted.
00_bai_ganyo_starts_out_for_europe_bul.csv,– Аз ще разкажа.,– I will tell.
00_bai_ganyo_starts_out_for_europe_bul.csv,"– Чакайте, аз зная повече...","– Wait, I know more..."
00_bai_ganyo_starts_out_for_europe_bul.csv,"– Не, аз, ти нищо не знаеш.","– No, I—you don't know anything."
00_bai_ganyo_starts_out_for_europe_bul.csv,"Дигна се, глъчкане. Най-сетне се съгласихме да почне Стати. И той почна.","A hubbub arose. Finally, we agreed that Stati should start. And he started."
01_bai_ganyo_sets_off_bul.csv,"Тренът ни влезе под огромния свод на пещенската гара. Ний с бай Ганя влязохме в бюфета. Като знаех, че тук ще се бавим цял час, аз преспокойно се разположих при една маса и си поръчах закуска и пиво. Наоколо ми свят - гъмжило! Па и хубав свят. Маджарите, знайте, не са ми твърде по сърце, ама, виж, маджарките – против тях нямам нищо. Залисан в шума, не забележих кога бай Ганьо изфирясал от ресторана заедно с дисагите си. Де бай Ганя? Чашата му празна. Огледах се наоколо, подирих с oчи из целия ресторан – няма го. Излязох вън – на перона, – бре тук бай Ганьо, там бай Ганьо – няма! Чудна работа! Помислих, че е отишъл във вагона да прегледа да не е отпънал някой килимчето му.","Our train pulled in under the massive vault of the Pest station. Bai Ganyo and I went into the refreshment room. Knowing that we would be delayed here for a whole hour, I settled myself quite comfortably at a table and ordered breakfast and a beer. All around me were people—a swarming crowd! And a fine-looking crowd at that. The Magyars, you know, are not exactly to my liking, but the Magyar women—now, I have nothing against them. Distracted by the noise, I didn't notice when Bai Ganyo had slipped out of the restaurant along with his saddlebags. Where was Bai Ganyo? His glass was empty. I looked around, scanning the entire restaurant—he was gone. I went outside onto the platform—I looked here for Bai Ganyo, there for Bai Ganyo—nothing! Strange business! I thought he might have gone to the carriage to make sure no one had made off with his rug."
01_bai_ganyo_sets_off_bul.csv,"Върнах се пак в ресторана. Има още половин час и повече до тръгването на трена. Пия си пиво и зяпам. Портиерът след всеки пет минути удря звънеца и равнодушно, с един ленив глас съобщава направлението на треновете: „хе-геш-фе-ке-те-хе-ги, киш-ке-реш, се-ге-дин, уй-ве-дек.“ Няколко англичани пътници го зяпнали в устата, а той, види се, навикнал на вниманието, което обръща със своеобразния си език, засмива се до уши и с още повисок и дрезгав глас продължава: „уй-ве-дек, киш-ке-реш, хе-геш-фе-ке-те-хе-ги“... – с натъртено ударение на всеки слог.","I returned to the restaurant again. There is still more than half an hour until the train departs. I am sipping my beer and looking around. Every five minutes, the porter rings the bell and indifferently, in a lazy voice, announces the direction of the trains: “he-gesh-fe-ke-te-he-gi, kish-ke-resh, se-ge-din, uy-ve-dek.” A few English travelers are staring at his mouth, and he, apparently used to the attention his peculiar language draws, grins from ear to ear and continues in an even louder and hoarser voice: “uy-ve-dek, kish-ke-resh, he-gesh-fe-ke-te-he-gi”... with a sharp emphasis on every syllable."
01_bai_ganyo_sets_off_bul.csv,"Останаха още десетина минути до тръгването на трена. Аз се разплатих, заплатих и бай Ганьовото пиво и излязох на перона с намерение да го потърся. В това време под свода на гарата влизаше медлено един трен и, представете си, в един от вагоните на този трен, увиснал до половина на прозореца, лъсна бай Ганьо не можах да дочуя по причина на шипенето на локомотива. Аз разбрах каква е работата. Като се спря тренът, той скочи на земята, притече се при мене и ми разказа с голям примес от енергични псувни, които, с позволението ви, няма да повтарям, следующето:","There were about ten minutes left until the train’s departure. I settled my bill, paid for Bay Ganyo’s beer as well, and went out onto the platform with the intention of looking for him. At that moment, a train was slowly pulling in under the station’s vaulted roof and, imagine, in one of the carriages of this train, leaning halfway out the window, there appeared Bay Ganyo—I couldn't hear what he was saying because of the hissing of the locomotive. I realized what the situation was. When the train stopped, he jumped down, rushed over to me and, with a heavy dose of energetic curses which, with your permission, I shall not repeat, told me the following:"
01_bai_ganyo_sets_off_bul.csv,"– Остави се, брате, изпотрепах се от бяг...","– Don’t even ask, brother, I’ve run myself ragged..."
01_bai_ganyo_sets_off_bul.csv,"– Какъв бяг, бай Ганьо?","– What a run, Bay Ganyo?"
01_bai_ganyo_sets_off_bul.csv,– А бе какъв бяг! Ти нали беше се зазяпал там в гостилницата...,"– Come on, what escape! Weren't you just gawking there in the inn..."
01_bai_ganyo_sets_off_bul.csv,– Е? – отвръщам аз.,– Well? – I reply.
01_bai_ganyo_sets_off_bul.csv,"– Е? В туй време, разбираш ли, оня до вратата задрънка звънеца, па чух, че свирна машината, излизам – не можех да ти се обадя, – гледам, нашият трен потегли. Бре! Килимчето ми! Та като хукнах подир него, па бяг, па тичане – остави се! Хеле по едно време, гледам, поспря се, и аз – хоп! – та вътре. Един ми поизвика нещо сепнато - хекѐ-мекѐ – аз, знаеш, не си поплювам, пооблещих му се насреща, показах му килимчето, нейсе, разбран човек излезе. Позасмя се даже. Кой да знае, че ще се връщаме пак назад. Унгарска работа!","– Well? Right then, you see, that fellow by the door started clanging the bell, then I heard the engine whistle, I go out—I couldn't even call out to you—and I see our train has started moving. Good grief! My rug! So I dashed after it, running and sprinting—don't even ask! Finally, at one point, I see it slowing down, and I—hop!—right inside. Someone shouted something at me, all startled—mumbo-jumbo—but I, you know, I don't take any nonsense, I glared back at him, showed him the rug, and well, he turned out to be a reasonable fellow. He even gave a little laugh. Who was to know we’d be heading back again? Hungarian business!"
01_bai_ganyo_sets_off_bul.csv,"Аз, грешен човек, от душа се смях на бай Ганьовото приключение. Бедният! Тренът маневрирал да влезе в друга линия, а бай Ганьо тичал, горкият, цели три километра да го гони – зер килимчето му вътре!...","I, sinner that I am, laughed heartily at Bay Ganyo’s adventure. Poor fellow! The train was merely maneuvering to switch tracks, but poor Bay Ganyo ran for three whole kilometers chasing after it—for his little rug was inside!..."
01_bai_ganyo_sets_off_bul.csv,"– Ами ти, от бързане, забравил си да заплатиш бирата си, бай Ганьо.","– Well, in your haste, you forgot to pay for your beer, Bay Ganyo."
01_bai_ganyo_sets_off_bul.csv,"– Голяма работа! Те малко ли ни скубят – отговори бай Ганьо с един тон, нетърпящ възражение.",– Big deal! They fleece us enough as it is – replied Bay Ganyo in a tone that brooked no argument.
01_bai_ganyo_sets_off_bul.csv,– Аз я платих.,– I paid it.
01_bai_ganyo_sets_off_bul.csv,"– Имал си бол пари – платил си я. Я качвай се, качвяй се по-скоро да не припкаме пак подир машината – каза наставнически бай Ганьо.","– You had money to burn, so you paid for it. Come on, get on, get on quickly so we don't have to go scurrying after the train again – said Bay Ganyo patronizingly."
01_bai_ganyo_sets_off_bul.csv,"Влязохме във вагона. Бай Ганьо приклекна над дисагите си гърбом към мене, извади половин пита кашкавял, отряза си едно деликатно късче, отряза и един огромен резен хляб и почна дя мляска с един чудесен апетит, като издувяше със залъците си ту единия, ту другия образ и час по час опъваше шията си, за да може да преглътне сухия хлебец. Нахрани се бай Ганьо, пооригна се веднъж-дваж, изтърси трохите в шепата си, глътна и тях, измъмра под носа си: „Ех, да има сега иякой да ме почерпи едно винце“, седна насреща ми, засмя се добродушно и след като ме гледа умилно цяла минута, рече:","We entered the carriage. Bay Ganyo crouched over his saddlebags with his back to me, took out half a wheel of kashkaval, cut himself a delicate little piece, cut an enormous slice of bread as well, and began to smack his lips with a wonderful appetite, puffing out first one cheek, then the other with his mouthfuls, and every now and then stretching his neck so he could swallow the dry bread. Bay Ganyo finished his meal, belched once or twice, shook the crumbs into his palm and swallowed them too, then muttered under his breath: ""Eh, if only there were someone to treat me to a little wine now,"" sat down opposite me, laughed good-naturedly, and after looking at me wistfully for a whole minute, said:"
01_bai_ganyo_sets_off_bul.csv,"– Твоя милост, ходил ли си, обикалял ли си тъй повечко свят?","– Your Grace, have you traveled, have you seen much of the world?"
01_bai_ganyo_sets_off_bul.csv,"– Ходил съм, бай Ганьо, доста.","– I have traveled quite a bit, Bay Ganyo."
01_bai_ganyo_sets_off_bul.csv,"– Ии, ами аз що свят съм изтръшнал! Ц... ц... ц... Ти остави Едрене, Цариград, ами във Влашко! Ти вярвяш ли? Туй Гюргево, Турну Магурели, Плоещ, Питещ, Бряила, Букурещ, Галац – чакай да не те слъжа, в Галац не помня бях ли, не бях ли – всички съм ги изредил.","– Oh, the world I’ve tramped through! Tsk... tsk... tsk... Never mind Edirne, Constantinople, but in Wallachia! Would you believe it? Giurgiu, Turnu Măgurele, Ploiești, Pitești, Brăila, Bucharest, Galați – wait, let me not lie to you, I don't remember if I was in Galați or not – I’ve been through them all."
01_bai_ganyo_sets_off_bul.csv,"Пътят ни до Виена мина еднообразно. Аз предлолих на бай Ганя една от книжките си, за да си съкрати времето с четене, но той любезно отклони предложението ми, защото бил чел доста на времето, и счете за по-практично да си дремне. Защо ще стои бадева буден; тьй и тъй е дал пари за железницата, поне да се наспи. И заспа. Заспа и захърка така, че не ти трябва да слушаш рева ня Атлаския лев.","Our journey to Vienna passed monotonously. I offered Bai Ganyo one of my books to pass the time reading, but he politely declined my offer, as he had read enough in his day, and considered it more practical to take a nap. Why should he stay awake for nothing; since he had paid for the railway anyway, he might as well get some sleep. And he fell asleep. He fell asleep and snored so loudly that you wouldn't need to hear the roar of an Atlas lion."
01_bai_ganyo_sets_off_bul.csv,"Стигнахме във Виена и спряхме в традиционният хотел „Лондон“. Слугите снеха от колата моята чанта, поискаха да вземат и бай Ганьовите дисаги, но той от деликатност ли, кой знае, не им ги даде:","We arrived in Vienna and stopped at the traditional Hotel London. The servants took my bag down from the carriage and wanted to take Bay Ganyo’s saddlebags as well, but he—whether out of delicacy, who knows—did not give them up:"
01_bai_ganyo_sets_off_bul.csv,"– Как ще им ги дадеш бе, братко, гюл е това – не е шега, миризма силна, – ще бръкне да извади някое шише – иди го гони сетне! Знам ги аз тях. Ти не ги гледай, че са такива   м а з н и   (бай Ганьо искаше да каже   у ч т и в и,   но тая дума е още нова в нашия лексикон, забрявя се), не гледай, че се увиват около тебе. Защо се увиват? Мигар доброто ти мислят? Айнц, цвай! Гут моргин, па все гледат да докопат нещо. Ако не – бакшиш! Аз защо пазя на излизане от хотела да се изнижамълчешката... Просеци! На тогоз крайцер, на оногоз крайцер – няма изкарване!","– How can you just give it to them, brother? This is rose oil—it’s no joke, the scent is strong—he’ll reach in and snatch a vial—go chase him then! I know their kind. Don’t you look at them being so o i l y (Bay Ganyo wanted to say p o l i t e, but that word is still new in our lexicon, it gets forgotten), don’t look at how they fawn over you. Why do they fawn? Do you really think they mean you well? Eins, zwei! Gut morgin, yet they’re always looking to grab something. If not—a tip! Why do you think I make sure to sneak out of the hotel quietly... Beggars! A kreutzer for this one, a kreutzer for that one—there’s no making a living!"
01_bai_ganyo_sets_off_bul.csv,"Тъй като розовото масло, което носеше бай Ганьо, беше действително доста ценен предмет, аз му препоръчах да го предаде за съхранение на касата.","Since the rose oil Bay Ganyo was carrying was indeed a quite valuable item, I recommended that he hand it over to the cashier for safekeeping."
01_bai_ganyo_sets_off_bul.csv,"– На касата ли? – извика той с тон, в който звучеше съжаление за моята наивност. – Чудни сте вий, учените? Ами, че ти отде знаеш какви са онези на касата? Прибере ти гюла завий си края нанякъде... Е, сетне? Какво правваш? Остави се! Видиш ли този пояс? – И бай Ганьо си повдигна широката жилетка. – Всичките мускали ще ги натъпча вътре. Истина, тежичко малко, ама сигур.","– At the cash desk? – he cried in a tone that echoed with pity for my naivety. – You scholars are a wonder, you are! Why, how do you know what kind of people those are at the desk? He pockets your rose oil, covers his tracks... Well, then? What are you going to do? Forget about it! Do you see this sash? – And Bay Ganyo lifted his broad waistcoat. – I’ll stuff all the vials inside. It’s a bit heavy, true, but it’s safe."
01_bai_ganyo_sets_off_bul.csv,"И бай Ганьо се обърна гърбом към мене („свят много, хора всякакви, кой знае и туй хлапе какво е“) и почна да тъпче мускалите зад пояса си. Аз го поканих да обядваме.","And Bay Ganyo turned his back on me (“it’s a big world, all sorts of people, who knows what this kid is like, too”) and began stuffing the vials behind his sash. I invited him to have lunch."
01_bai_ganyo_sets_off_bul.csv,– Къде да обядваме?,– Where should we have lunch?
01_bai_ganyo_sets_off_bul.csv,"– Долу, в ресторана.","– Downstairs, in the restaurant."
01_bai_ganyo_sets_off_bul.csv,"– Благодаря, не ми се яде! Твоя милост иди, хални си. Аз ще те почакам тука.","– Thank you, I don't feel like eating! You go ahead, Your Honor, have a bite. I'll wait for you here."
01_bai_ganyo_sets_off_bul.csv,"Уверен съм, че щом излязох из стаята, бай Ганю е отворил похлупците. Има си човекът закуска, защо ще си харчи парите за топло ядене – няма да умре от глад я!","I am certain that as soon as I left the room, Bay Ganyo opened the lids. The man has his own provisions; why should he spend his money on a hot meal—he’s not going to starve, after all!"
01_bai_ganyo_sets_off_bul.csv,"Заведох бай Ганя в кантората на един български търговец и го оставих там, а сам се качих на трамвая и отидох в Шенбрун. Възлизах на арката, изглеждах Виена и околностите й, обикалях алеите, зоологическата градиня и зяпах цял час маймунките и надвечер се върнах в хотела. Бай Ганьо беше в стаята. Той искаше да прикрие занятието си, но не успя и аз забележих, че пришиваше един нов джеб на вътрешната страна на антерията си. Той, опитен човек, носеше си и лятно време антерийка под френските дрехи: „Зиме хляб носи, лете дрехи носи“ – казват старите хора; тъй прави и бай Ганьо.","I took Bay Ganyo to a Bulgarian merchant’s office and left him there, while I boarded the tram and went to Schönbrunn. I climbed the arch, surveyed Vienna and its surroundings, wandered through the alleys and the zoo, spent an entire hour gawking at the monkeys, and returned to the hotel toward evening. Bay Ganyo was in the room. He tried to hide his activity, but failed, and I noticed that he was sewing a new pocket onto the inside of his *anteriya*. Being an experienced man, he wore a small *anteriya* under his Western clothes even in the summer: “In winter, carry bread; in summer, carry clothes,” as the old folk say; and that is exactly what Bay Ganyo does."
01_bai_ganyo_sets_off_bul.csv,– Седнах да се позакърпя малко – каза той сконфузено.,– I sat down to do a bit of mending – he said sheepishly.
01_bai_ganyo_sets_off_bul.csv,"– Ти някакъв джеб си пришиваш, трябва да си ударил нещо от розовото масло – подзех аз шеговито.",— You're sewing yourself a pocket; you must have struck something from the rose oil — I remarked jokingly.
01_bai_ganyo_sets_off_bul.csv,"– Кой, аз? Янлъш си! Защо ми е тук джеб? Джебове мно-о-го, само пари да има. Няма джеб,няма нищо, ами беше се поразпрала малко дрешката ми, та турих едно парцалче... Ти де беше? На разходка ли? Добре си направил.","– Who, me? You're mistaken! Why would I need a pocket here? Pockets galore, if only there was money. There's no pocket, nothing of the sort; it's just that my coat was a bit torn, so I put a little patch there... Where were you? Out for a walk? Good for you."
01_bai_ganyo_sets_off_bul.csv,"– Ти не ходи ли, бай Ганьо, да се разходиш, да видиш Виена?","– Didn't you go for a walk, Bay Ganyo, to see Vienna?"
01_bai_ganyo_sets_off_bul.csv,"– Какво ще й гледам на Виената, град като град: хора, къщи, салтанати. И дето отидеш, все гут моргин, все пари искат. Защо ще си даваме паричките на немците – и у нас има кой да ги яде...","– What’s there to see in Vienna? It’s a city like any other: people, houses, all that pomp. And wherever you go, it’s always ""gut morgin"" and they’re always asking for money. Why should we give our pennies to the Germans—we have plenty of people back home to eat them up..."
02_bai_ganyo_at_the_opera_bul.csv,"Аз склоних бай Ганя да се разходим до операта и да си вземем билети за вечерта. Даваха балета „Рuрреnfее“ и не помня още какво. Минахме гръцкото кафене, завихме към кафе „Мендл“, дето се събират българите, и се упътихме към църквата „Св. Стефан“. Тук на площада поканих бай Ганя да се отбием в една сладкарница, като не предполагах, че характерът на Дон Жуан може да влезе под кожата на бай Ганя. Но цивилизацията какви чудеса не прави! Трябва да ви кажа, че аз се учех тогава във Вена; бях си ходил по ваканциите и се връщах сега, та по пътя за Вена се запознахме с бай Гaня. В тази сладкарница аз ходех често и много добре се познавах с касиерката, една хубавичка и весела мома, весела, но се държеше добре и не допущаше волности. И представете си, господа, влизаме ний с бай Ганя в сладкарницата, приближаваме се до бюфета, момата ме поздравява весело с добре дошъл, аз й отговарям с някои игриви любезности и се връщам да си избера нещо сладко и в това време един негодующ писък оглуши цялото заведение...","I persuaded Bay Ganyo to take a walk to the opera and get tickets for the evening. They were performing the ballet *Puppenfee* and I don't remember what else. We passed the Greek café, turned toward Café Mendl, where the Bulgarians gather, and headed toward St. Stephen's Cathedral. Here on the square, I invited Bay Ganyo to stop by a pastry shop, never suspecting that the character of Don Juan could get under Bay Ganyo's skin. But what wonders civilization works! I should tell you that I was studying in Vienna then; I had gone home for the holidays and was now returning, so we met Bay Ganyo on the way to Vienna. I used to go to this pastry shop often and knew the cashier very well, a pretty and cheerful girl—cheerful, but she conducted herself well and allowed no liberties. And imagine, gentlemen, Bay Ganyo and I enter the pastry shop, we approach the counter, the girl greets me cheerfully with a welcome, I reply with some playful pleasantries and turn back to choose something sweet, and at that moment an indignant shriek deafened the whole establishment..."
02_bai_ganyo_at_the_opera_bul.csv,"– Какво стана, бай Ганьо, ти ли й направи нещо? – извиках аз тревожно и сърдито.","– What happened, Bay Ganyo, did you do something to her? – I cried out anxiously and angrily."
02_bai_ganyo_at_the_opera_bul.csv,"– Не съм бе, брате, какво съм и направил – отговори сплетено бай Ганьо с разтреперан глас.","– I didn't, brother, what have I done to her? – Bay Ganyo replied in a garbled, trembling voice."
02_bai_ganyo_at_the_opera_bul.csv,"Момата, разсърдена до висша степен, с пламнало лице, с висок глас ми разправи, че бай Ганьо я оскърбил с действие, похванал я и не само я похванал, ами си извъртял и ръката със стиснати зъби. Тя искаше да вика полицейския. Скандал!","The girl, incensed to the highest degree, her face aflame, told me in a loud voice that Bay Ganyo had insulted her by deed; he had laid hands on her, and not just laid hands on her, but even twisted his hand with clenched teeth. She wanted to call the policeman. A scandal!"
02_bai_ganyo_at_the_opera_bul.csv,"– Скоро да се махаш оттук, бай Ганьо; ако те свари полицейският, работата ти е спукана, върви нагоре, аз ще те стигна - извиках аз с престорено негодувание и малко остана да се изсмея, като гледах трагикомичната фигура на бай Ганя.","""Get out of here at once, Bay Ganyo; if the policeman catches you, you're done for. Go on up, I'll catch up with you,"" I cried with feigned indignation, and I almost burst out laughing as I looked at the tragicomic figure of Bay Ganyo."
02_bai_ganyo_at_the_opera_bul.csv,"– Какво ми се пери! – каза с кураж бай Ганьо на излизане. – Санким честна ли е? Знам ги аз тукашните жени. Покажи и кесията – изведнъж гут моргин, ама не е прост бай ти Ганьо!...","“Look at her putting on airs!” said Bay Ganyo boldly as he was leaving. “As if she’s so virtuous? I know the women around here. Just show her the purse—suddenly it’s ‘gut morgen,’ but your Uncle Ganyo isn’t a fool!...”"
02_bai_ganyo_at_the_opera_bul.csv,"Съдено ми било впечатленията на тоз ден да приключа с още едно приключение, героят на което беше пак нашият бай Ганьо. В операта даваха, както ви казах, балета „Рuрреnfее“. Ние заемахме седалища в партера. Театърът беше пълен. Бай Ганьовите бозави дрешки се хвърляха в очи като контраст с общия тъмен фон на костюмите. Дигна се зaвесата. Тишина – мъртва. Всички вперили очи на фантастично декорираната сцена. Аз сещах, че от дясната ми страна бай Ганьо нещо шава, пъшка, но не мога да си откъсна очите от сцената: картините на балета постоянно се меняваха по движението на магически жезъл, разни групи балерини явяват се, изчезват; на сцената ту мрак, ту едноцветна, ту разноцветна светлина – феерия! От общата група на балерините се отдели една, пристъпи с дребни бързи крачки към авансцената, спря се, подскочи и заплава из въздуха, подпряна само на връхчеца на едната си нога... В същия този момент зад гърба ми едно истерическо ха-ха-ха-ха! разцепи въздуха. Обръщам се наляво – всички редове зад мене се кискат и сочат нещо от дясната ми страна. Моментално ми мина нещо недобро през ума. Обръщам се към бай Ганя... Боже! Какво виждам! Бай Ганьо се съблякъл по ръкави и си разкопчал жилетката, която го стяга от натъпканите в пояса му мускали: един от служителите на театъра го хванал с два пръста за ръкава и му прави с глава съвсем недвусмислени знакове да поизлезе вън; бай Ганьо се облещил насреща му и му отговаря също със знакове – „санким, кого ще уплашиш?“ Този именно бабаитски момент изтръгва истерическия смях у едно момиченце, което седеше зад нас, и този смях зарази целия театър. Картина! И представете си, господа, погледвам, потънал от срам, към ложите – като че ме теглеше някой да погледна – и очите ми се срещат с устремените към мене очи на цяло едно познато немско семейство, в което яз бях много добре приет, и в техните очи прочетох искрено съжаление за моето отчаяно положение. А в това време бай Ганьо ме теглеше енергически за ръкава:","It was destined that I should conclude the day's impressions with one more adventure, the hero of which was once again our Bay Ganyo. At the opera, they were performing, as I told you, the ballet *Puppenfee*. We occupied seats in the stalls. The theater was full. Bay Ganyo’s drab-colored clothes stood out in sharp contrast to the general dark background of the suits. The curtain rose. Silence—deadly. Everyone’s eyes were fixed on the fantastically decorated stage. I felt that on my right side Bay Ganyo was fidgeting and huffing, but I could not tear my eyes away from the stage: the scenes of the ballet were constantly changing at the movement of a magic wand; various groups of ballerinas appeared and disappeared; on the stage, now darkness, now monochromatic, now multicolored light—a spectacle!

From the main group of ballerinas, one separated herself, stepped with small quick strides toward the proscenium, stopped, leaped, and floated through the air, poised only on the tip of one toe... At that very moment, behind my back, a hysterical ha-ha-ha-ha! split the air. I turned to the left—all the rows behind me were snickering and pointing at something to my right. Instantly, an ill foreboding crossed my mind. I turned toward Bay Ganyo... My God! What do I see! Bay Ganyo had taken off his coat and was in his shirtsleeves, having unbuttoned his waistcoat, which was tight on him from the vials stuffed into his sash: one of the theater attendants had caught him by the sleeve with two fingers and was making unmistakable signs with his head for him to step outside; Bay Ganyo glared back at him and answered also with signs—as if to say, ""Who do you think you're scaring?"" 

This very ""tough-guy"" moment elicited the hysterical laughter of a little girl sitting behind us, and this laughter infected the whole theater. What a scene! And imagine, gentlemen, I looked up, sinking with shame, toward the boxes—as if someone were pulling me to look—and my eyes met the fixed gaze of an entire familiar German family, in whose home I had been very well received, and in their eyes I read sincere pity for my desperate situation. And meanwhile, Bay Ganyo was pulling me energetically by the sleeve:"
02_bai_ganyo_at_the_opera_bul.csv,"– Хайде бе, хайде да си излезем, остави ги тези чифути – ще ми се паднат те на ръка, чакай!...","– Come on, let's go, leave those kikes alone – I'll get my hands on them, just you wait!..."
03_bai_ganyo_at_the_baths_bul.csv,"– Чакайте, аз да ви разкажа мойта среща с бай Ганя - обади се Стойчо.","– Wait, let me tell you about my meeting with Bay Ganyo – Stoycho spoke up."
03_bai_ganyo_at_the_baths_bul.csv,"– Хайде, разказвай – извикахме всинца, защото знаем, че Стойчо умее да разказва таквизи   к о м е д и и.","– Come on, tell us – we all cried out, for we know that Stoycho knows how to tell such c o m e d i e s."
03_bai_ganyo_at_the_baths_bul.csv,"– И това беше във Вена. Седя си една сутрин в кафенето, у Мендля, поръчал съм си чай и взех да прегледам нашите български вестници. Бях се вдълбочил в една много интересна статия, в която се разправяше начинът, по който конституцията може хепидже да се покътне, даже съвсем да се разглоби и пак да си бъде   н е п о к ъ т н а т а...   Чета си така, увлякъл съм се; по едно време като кресна над ухото ми едно: „О-о-о! Добър ден!“ – и една потна ръка сграбчи десницата ми. Дигам си очите: един широкоплещ, черноок, чернокос и даже чернокож господин, със засукани мустаки, със скулесто лице, с бръсната поникнала брадица, облечен (в какво мислите?) в редингот, незакопчан, под жилетката му два-три пръста червен пояс, с бяла (по нашенски бяла) риза, без вратовръзка, с черно, накривено калпаче, с ботуши и един врачански бастон под мишница. Млад човек: да има, да има най-много тридесет години.","– And that was in Vienna. I was sitting one morning in the café, at Mendle’s; I had ordered tea and started looking through our Bulgarian newspapers. I was engrossed in a very interesting article, which explained the way the constitution could be quite significantly shaken, even completely dismantled, and yet remain i n v i o l a b l e... I was reading along, quite absorbed; then all of a sudden, someone bellowed right in my ear: ""O-o-oh! Good day!"" – and a sweaty hand grabbed my right hand. I look up: a broad-shouldered, dark-eyed, dark-haired, and even dark-skinned gentleman, with upturned moustaches, a high-cheekboned face, with a shaved but stubbly beard, dressed (in what do you think?) in a frock coat, unbuttoned, under his waistcoat a red sash two or three fingers wide, with a white (white in our fashion) shirt, without a tie, with a black, tilted fur cap, with boots and a Vratsa cane under his arm. A young man: he might be, at most, thirty years old."
03_bai_ganyo_at_the_baths_bul.csv,"– Извинете, господине – казвам му аз със смирено учудване, – аз нямам удоволствието да ви познавам.","– Excuse me, sir – I say to him with humble astonishment, – I do not have the pleasure of knowing you."
03_bai_ganyo_at_the_baths_bul.csv,"– Какво? Не ме познавате ли, кайш? Ти нали си българин?","– What? You don't recognize me, you say? You're Bulgarian, aren't you?"
03_bai_ganyo_at_the_baths_bul.csv,– Българин съм.,– I am Bulgarian.
03_bai_ganyo_at_the_baths_bul.csv,– Е?,– Well?
03_bai_ganyo_at_the_baths_bul.csv,– Е?,– Well?
03_bai_ganyo_at_the_baths_bul.csv,"– Е хайде, ставай да се разхождаме. Какво ще киснеш тука? Мене ме казват Ганьо. Ставай!","– Come on, get up, let's go for a walk. Why are you just hanging around here? They call me Ganyo. Get up!"
03_bai_ganyo_at_the_baths_bul.csv,"Нямаше нужда да ми казва, че е Ганьо.",He didn't need to tell me he was Ganyo.
03_bai_ganyo_at_the_baths_bul.csv,"– Извинете, г-н Ганьо, аз не съм свободен сега.","– Excuse me, Mr. Ganyo, I am not free now."
03_bai_ganyo_at_the_baths_bul.csv,"– Ами че какво стоиш в кафенето, като не си свободен?","– Well, why are you sitting in the café if you're not free?"
03_bai_ganyo_at_the_baths_bul.csv,Не счетох за нужно да му давам обяснения. Но той не показваше ни най-малко желание да ме остави на мира и току ми изтърси:,I didn't think it necessary to give him any explanations. But he showed not the slightest desire to leave me alone and suddenly blurted out:
03_bai_ganyo_at_the_baths_bul.csv,– Ставай да ме водиш на баня. Де е тук банята?,– Get up and take me to the baths. Where is the bathhouse here?
03_bai_ganyo_at_the_baths_bul.csv,"О-хо! Да го водя на баня! Мен почнаха малко да ме зимат дяволите, ама се сдържах и не само че се сдържах, ами ме и досмеша. Види се, че бай Ганьо имаше действителна нужда от баня: отдалечко дъхтеше на вкиснато. Нямаше какво да правя. Съотечественик – трябва да му служа. Па помислих си, и аз ще се възползувам от случая, ще взема един душ. Беше горещо. Тръгнахме и се упътихме към една лятна къпалня с широк басейн. Из пътя, като срещахме нещо по-забележително, аз все считах за нужно да указвам и обяснявам на бай Ганя, но забележих, че той неохотно ме слушаше и току пропущаше сегиз-тогиз равнодушно по някое „А, тъй ли е?“ ­ или „Знам аз“, с което, види се, искаше да ми се препоръча, че не е прост. Или пресичаше думата ми с някой въпрос, съвсем неподходящ с това, което му обяснявах. Разказвам му например нещо за паметника на Мария Терезия на площада между Музеите, а той ме дърпа за ръкава.","Oho! To take him to the baths! I was starting to get a bit riled up, but I restrained myself, and not only did I restrain myself, but I even felt like laughing. It was clear that Bay Ganyo really needed a bath: he smelled sour from a distance. There was nothing for it. A fellow countryman—I must be of service to him. And I thought to myself, I’ll take advantage of the occasion as well and have a shower. It was hot. We set off and headed toward a summer bathhouse with a large pool. Along the way, whenever we encountered something noteworthy, I felt it necessary to point it out and explain it to Bay Ganyo, but I noticed he listened reluctantly and would just drop an indifferent “Ah, is that so?” or “I know that” every now and then, with which, it seemed, he wanted to show me he wasn't some simpleton. Or he would interrupt me with a question completely irrelevant to what I was explaining. For instance, I’m telling him something about the monument of Maria Theresa on the square between the Museums, and he pulls me by the sleeve."
03_bai_ganyo_at_the_baths_bul.csv,"– Я виж, онази там, със синия фустан, а? Как ти се вижда? А бе я ми кажи, как ги познавате вий коя е такваз, коя не е? Аз много пъти съм се бъркал, а? – Бай Ганьо допълва въпроса си с едно дяволско подмигване.","– Look, that one over there, in the blue dress, eh? What do you think of her? Come on, tell me, how do you tell which one is that sort and which one isn't? I’ve been mistaken many times, eh? – Bay Ganyo followed up his question with a devilish wink."
03_bai_ganyo_at_the_baths_bul.csv,"Пристигнахме в къпалнята. Сърцето ми се стягаше – то като че предчувствуваше това, което ще стане. Вземаме си на касата билети. Бай Ганьо иска „ресто“ с шаване на пръстите си, помъкнати в гишето. Касиерката му подава усмихнато остатъка, бай Ганьо се впива в нея с маслени очи, поемва парите и с една своеобразна кашлица си изказва чувствата. Тя прихва от смях, бай Ганьо, възхитен, засуква си левия мустак и си заклатва главата:","We arrived at the bathhouse. My heart was tightening—it was as if it sensed what was about to happen. We get our tickets at the counter. Bay Ganyo asks for ""change"" with a wiggle of his fingers, thrust into the window. The cashier hands him the remainder with a smile; Bay Ganyo fixes her with oily eyes, takes the money, and expresses his feelings with a peculiar cough. She bursts out laughing; Bay Ganyo, delighted, twirls his left mustache and shakes his head:"
03_bai_ganyo_at_the_baths_bul.csv,"– Че фромоза еш домнета̀. А бе, Стойчо, я попитай дали знае влашки. -  Щий румунещи? – пита сам бай Ганьо.","– How beautiful you are, madam. Hey, Stoycho, ask her if she knows Vlach. – Do you know Romanian? – Bay Ganyo himself asked."
03_bai_ganyo_at_the_baths_bul.csv,"В това време влиза друг посетител и ний се вмъкнахме в общата зала. Околчест коридор. Наоколо стаички за събличане, прикрити със завески. В средата басейн, отделен от коридора с ниска дървена решетка. В басейна се слиза по няколко малки стълби. Заехме с бай Ганя две съседни стаички. Аз се съблякох набързо и влязох в хладния басейн. Във водата чинно и мълчаливо разтягаха мускулите си и пухтяха няколко немци. Бай Ганьо се бави дълго време и зад завесата на стаичката му се чуват пъшкания и се тракат някакви стъклени предмети; най-сетне отдръпна се завесата и той се яви в натура, с влакнати гърди и с нашарени от чорапите нозе – като държеше в ръка един възел: това бяха драгоценните мускали, вързани в една не дотам чиста кърпица, които той се побоял да остави в стаичката. „Отде знаеш, че стените им са здрави, ще откъртят някоя дъска, иди, че се дави подир.“ Той се огледа по стените на коридора, потърси някой гвоздей да закачи възела си; той мисли, че щом е стена, трябва да има и гвоздей по нея, и се обръща към мене:","At that moment, another visitor entered, and we slipped into the common hall. A circular corridor. All around were small dressing rooms, screened by curtains. In the middle was a pool, separated from the corridor by a low wooden railing. One descended into the pool by several small sets of stairs. Bai Ganyo and I took two adjacent rooms. I undressed quickly and entered the cool pool. In the water, several Germans were dutifully and silently stretching their muscles and puffing. Bai Ganyo lingered for a long time, and from behind the curtain of his room, panting could be heard and some glass objects clinked; at last, the curtain was pulled back and he appeared in the flesh, with a hairy chest and legs patterned by his socks—holding a bundle in his hand: these were his precious vials, tied in a not-so-clean handkerchief, which he had been afraid to leave in the room. ""How do you know their walls are solid? They'll pry off a board, and then go and chase after them."" He looked around the walls of the corridor, searching for a nail to hang his bundle on; he thinks that if it's a wall, there must be a nail on it, and he turns to me:"
03_bai_ganyo_at_the_baths_bul.csv,"– Ама проста работа тези немци, един гвоздей не им стига ума да забият, па казват, че ние сме били прости.","– Such simpletons, these Germans; they haven't got the sense to drive a single nail, yet they say we're the simple ones."
03_bai_ganyo_at_the_baths_bul.csv,"Като се убеди окончателно в простотията на немците, бай Ганьо сложи нерешително кърпицата си с мускалите пред входа на стаичката си, за да му са пред очите, доде се изкъпе.","Having finally convinced himself of the Germans' stupidity, Bay Ganyo hesitantly placed his handkerchief with the vials in front of the entrance to his little room, so that they would be before his eyes while he bathed."
03_bai_ganyo_at_the_baths_bul.csv,"– Ти я чуй, момче – обърна се той към мене, – ти хем се къпи, хем понаглеждай мускалите, па гледай и мен какво нещо ще изкалъпя. –  И с тия думи бай Ганьо дигна единия си крак и стъпи на оградата... – Ти само гледай...","– Listen here, boy – he turned to me, – you go ahead and bathe, but keep an eye on the vials, and watch me too, see what a stunt I’m going to pull. – And with these words, Bay Ganyo lifted one of his legs and stepped onto the railing... – You just watch..."
03_bai_ganyo_at_the_baths_bul.csv,"Повдигна се, тури и другия крак, изправи се, прекръсти се и извика: – Гледай... Яла, боже, помози... Хоп!... – и се хвърли във въздуха, изкриви краката си на кравай и бух!  сред басейна. Снопове вода бризнаха нагоре и се посипаха по главите на вцепенените от учудване немци; вълнисти кръгове отскочиха от центъра към краищата, преляха зад басейна, хлътнаха пак назад и когато водата подир няколко секунди се утаи и избистри, всякой от находящите се в банята можеше да види уморителните жестикулации на бай Ганя под водата. Той се повдигна нагоре, спусна си нозете, стъпи на дъното, изправи се със затворени очи и запушени уши, изтърси се от водата – пуф! – и пръсна вода през увисналите си мустаки - пуф! – и изцеди водата от косата и лицето си, отвори си очите, погледна ме и се засмя:","He pulled himself up, put his other leg over, stood up, crossed himself, and cried out:
– Look... Here goes, God help me... Hop!... – and threw himself into the air, tucked his legs up like a pretzel, and *splash!* right into the middle of the pool. Sheets of water sprayed upwards and showered down upon the heads of the Germans, who were frozen in astonishment; rippling circles radiated from the center to the edges, spilled over the sides of the pool, surged back again, and when the water settled and cleared a few seconds later, everyone present in the bathhouse could see Bai Ganyo’s hilarious gesticulations underwater. He rose to the surface, lowered his legs, stepped on the bottom, stood up with his eyes closed and his ears plugged, shook off the water – *poof!* – and sprayed water through his drooping mustache – *poof!* – and squeezed the water from his hair and face, opened his eyes, looked at me, and laughed:"
03_bai_ganyo_at_the_baths_bul.csv,"– Ха, ха, ха... а? Какво ще речеш?...","– Ha, ha, ha... eh? What do you say?..."
03_bai_ganyo_at_the_baths_bul.csv,"Аз не успях нищо да река, защото той се пусна хоризонтално над водата и почна с ръце да пляска повърхността, почна да плава по „гемиджийски“: пляас! – с ръката и ритне две текмета назад, пляс! с другата ръка и още две текмета. Целият басейн закипя. Като че бяхме под някой водопад. Вълни запляскаха към краищата, вериги от капки бризнаха чак до насрещните стени.","I couldn't say a thing, because he launched himself horizontally over the water and began slapping the surface with his hands; he started swimming ""boatman-style"": splash! – with one hand and two kicks back, splash! with the other hand and two more kicks. The entire pool began to boil. It was as if we were under a waterfall. Waves splashed against the edges, and chains of droplets sprayed all the way to the opposite walls."
03_bai_ganyo_at_the_baths_bul.csv,– Туй се казва „по гемиджийски“ – извика през вълните тържествующият бай Ганьо; – чакай сега да им покажем „вампор“ на кое викат.,“That’s what you call ‘boatman style’!” shouted the triumphant Bay Ganyo through the waves; “now wait till I show them what they call a ‘steamboat’!”
03_bai_ganyo_at_the_baths_bul.csv,"И като се обърна по гърба си, той почна да нанася такива немилостиви удари с нозете си по повърхността на разпенената вода, щото бризги летяха чак до тавана. Той завъртя бързо ръце, за да изрази колелото на парахода: „Тупа-лупа, тупа-лупа, фйюууу“, и бай Ганьо изсвири с уста.","And turning onto his back, he began to deal such merciless blows with his feet against the surface of the foamy water that splashes flew all the way to the ceiling. He rotated his arms rapidly to represent the paddle wheel of a steamboat: “Thump-thump, thump-thump, wheeeeee!” and Bai Ganyo whistled."
03_bai_ganyo_at_the_baths_bul.csv,"Немците окаменяха на местата си. Те, по всяка вероятност, приеха моя другар за някой новодошъл, не постъпил още в лудницата възточен човек и аз забележих по лицата им не толкова негодувание, колкото съжаление. А бай Ганьо, вижда се, прочете по лицата им безкрайно удивление на неговото изкуство и затова възлезе бързишката по стълбата, изправи се малко разкрачен, изгледа високомерно немците, почна да се удря геройски по влакнатите гърди и извика победоносно: – Булгар! Булгаар! – и още по-силно се удари в гърдите.","The Germans stood petrified in their places. They, in all probability, took my companion for some newcomer, an Oriental not yet committed to a madhouse, and I noticed on their faces not so much resentment as pity. But Bay Ganyo, it seems, read on their faces an infinite wonder at his prowess, and so he scrambled quickly up the stairs, stood with his legs slightly apart, looked haughtily at the Germans, began to beat his hairy chest heroically, and shouted victoriously: ""Bulgar! Bulga-ar!"" — and struck his chest even harder."
03_bai_ganyo_at_the_baths_bul.csv,"Горделивият тон, с който изрече тази рекомендация, говореше много; този тон казваше: „Ето го, видите ли го българина! Този е той, такъв е той! Вий сте го чували само, сливнишкия герой, балканския гений! Ето го сега пред вас, цял-целиничък, от глава до пети, в натура! Видите ли какви чудеса е той в състояние да направи! И само това ли! Ехе, на какви работи още е той способен! Прости били българите, а! Гиди, чифути с чифути!“","The proud tone with which he uttered this recommendation spoke volumes; that tone said: “Here he is, do you see him—the Bulgarian! This is he, this is what he is! You’ve only heard of him, the hero of Slivnitsa, the Balkan genius! Here he is now before you, every inch of him, from head to toe, in the flesh! Do you see what wonders he is capable of! And is that all! Ha, what other things he is capable of! So the Bulgarians were simpletons, eh! You rascals, you miserable lot!”"
03_bai_ganyo_at_the_baths_bul.csv,"– А бе, я попитай има ли сапун – каза ми бай Ганьо, след. като поизстина малко патриотическият му възторг, – я виж нозете ми на какво са заприличали...","– Hey, go and ask if there’s any soap – Bay Ganyo said to me, after his patriotic fervor had cooled down a bit, – just look at the state my feet have gotten into..."
03_bai_ganyo_at_the_baths_bul.csv,"И наистина, нозете му не представляваха най-подходящ модел за Аполона Белведерски. Шарките на чорапите му бяха се отпечатали на кожата – и без това нечиста и обрасла. Впрочем с нечистотата не можем зачуди българите: не можем накара и най разпалената фантазия да си представи нещо по-нечисто от туй, което може да ти представи самата действителност...","And indeed, his legs were hardly the most suitable model for the Apollo Belvedere. The patterns of his socks had imprinted themselves on the skin—already grimy and hairy. Besides, one cannot surprise Bulgarians with filth: not even the most vivid imagination could conjure up anything more squalid than what reality itself can present to you..."
03_bai_ganyo_at_the_baths_bul.csv,С тези думи свърши разказа си Стойчо.,"With these words, Stoycho finished his story."
04_bai_ganyo_in_dresden_bul.csv,— И аз имах една среща с бай Ганя — обади се Кольо — в Дрезден. — Искате ли да ви я разкажа?,— I too had an encounter with Bay Ganyo — Kolyo spoke up — in Dresden. — Would you like me to tell you about it?
04_bai_ganyo_in_dresden_bul.csv,— Иска ли питане? Разказвай! — извика цялата компания.,— Does it even need asking? Tell us! — shouted the whole company.
04_bai_ganyo_in_dresden_bul.csv,"— Не зная дали сте чували — преди няколко години дрезденското общество биде разтревожено от една крайно печална катастрофа, жертва на която стана една българка, ученичка, и един млад американец. Аз ще ви припомня тази печална случка с две думи. Българката се учеше в Дрезден. В този град, както знаете, има цели квартали англичани, американци, руси и други иностранци, децата на които следват в тамошните учебни заведения. Една американка, ученичка, се сприятелява с нашата българка. Англичанките и американките ученички имат този каприз — да вземат под своето покровителство някоя съученичка измежду най-беззащитните. За такава се е показала и нашата българка: по-свитичка, по-смиреничка, по-мълчаливичка. Сприятелили се те и американката почнала да я кани у дома си на гости по празнични дни. Българката се запознава с цялото им семейство, а между другите и с брата й, млад, двадесетгодишен момък, който изучаваше живопиството. Кой знае дали по свойствената на младите художници наклонност да се увличат от всякой жив модел, неподходящ под общия тип на окръжающите ги модели, дали по присъщата на американците склонност към оригиналност, но младият момък след няколко срещи с нашата скромна и срамежлива българка като че почна да сеща влечение към нея; той се ползуваше от всякой случай да се срещне с нея, да споделя своите артистически впечатления, да любезничи, с една дума, те почнаха да се любят. И тази любов им скъси дните.","— I do not know if you have heard—a few years ago, Dresden society was shaken by an extremely tragic catastrophe, the victims of which were a Bulgarian girl, a student, and a young American man. I will recount this sad incident to you in brief. The Bulgarian girl was studying in Dresden. In that city, as you know, there are entire quarters of English, Americans, Russians, and other foreigners whose children attend the local educational institutions. An American student became friends with our Bulgarian girl. English and American female students have this whim—to take under their wing a classmate from among the most defenseless. Our Bulgarian girl appeared to be just such a person: rather shy, humble, and quiet. They became friends, and the American girl began to invite her to her home on holidays. The Bulgarian girl became acquainted with the whole family, including her brother, a young man of twenty who was studying painting. Who knows whether it was due to the characteristic tendency of young artists to be captivated by any living model who does not fit the common type of those around them, or perhaps due to the inherent American penchant for originality, but after a few meetings with our modest and shy Bulgarian girl, the young man seemed to feel an attraction toward her; he took every opportunity to meet her, to share his artistic impressions, to be attentive—in a word, they fell in love. And this love cut their lives short."
04_bai_ganyo_in_dresden_bul.csv,"Един празничен ден през летните ваканции цялото семейство, придружено и от българката, тръгва на разходка из Саксонска Швейцария. При една скалиста живописна местност младият художник, увлечен в разговора с българката, се отдалечил от компанията. Една висока скала привлякла вниманието на момъка и той почнал да се катери по нея. Тръгва след него и спътницата му: но не успяват да стигнат и до средата на опасната скала, американецът се подхлъзва и в падането си увлича и българката в пропастта. Дотук им бил животът.","One holiday during the summer vacation, the entire family, accompanied by the Bulgarian woman, set off for a walk through Saxon Switzerland. In a picturesque rocky area, the young artist, engrossed in conversation with the Bulgarian woman, strayed from the group. A tall cliff caught the young man's attention, and he began to climb it. His companion followed him; but before they could even reach the middle of the dangerous cliff, the American slipped and, in his fall, dragged the Bulgarian woman down into the abyss with him. That was the end of their lives."
04_bai_ganyo_in_dresden_bul.csv,"Мъртвата двоица докараха в Дрезден, в клиниката. Цял град се разтревожи от това печално събитие. Сума свят се изпровървя да ги види, прострени един до друг върху една голяма мраморна маса. Веднага телеграфираха на брата на българката да дойде в Дрезден; по-близки роднини тя нямаше. Телата балсамираха, за да ги съхранят до пристигането му. Множество венци украсиха смъртното им легло. На третия ден се получи от Виена телеграма, че братът на покойната тръгва за Дрезден. Телата пренесоха в дома на американското семейство. Като очакваха с нетърпение пристигането на брата, сума мистери и мистриси, сума леди и джентлементи бяха се събрали в този дом. Семейството принадлежеше към висшето дрезденско общество. Бях отишъл там и аз с неколцина българи студенти. Имахме покани като българи, знайте, българка-покойница. Други пък българчета бяха отишли на станцията да посрещнат брата на покойната. Чакаме. Печална тържественост! Всичките апартаменти бяха пълни с посетители. Говореха тихо, с шепнене. Тишината се нарушаваше от време на време с горчивите ридания и отчаяни въздишки на убитата от скръб майка на покойния момък. В един интервал на мъртва тишина откъм коридора се зачу една страшна глъчка: чу се грубо тропане на обуща — като че водеха подкован кон, — чуха се гласове: „Къде е? Тука ли бе?“ „Шш!... По-полека!“ И в стаята на покойниците се вмъкна с калпак на главата... бай Ганьо.","The deceased couple was brought to the clinic in Dresden. The entire city was stirred by this tragic event. A multitude of people filed past to see them, laid out side by side on a large marble table. A telegram was immediately sent to the Bulgarian woman's brother, asking him to come to Dresden; she had no closer relatives. The bodies were embalmed to preserve them until his arrival. Numerous wreaths adorned their deathbed. On the third day, a telegram arrived from Vienna stating that the deceased woman's brother was departing for Dresden.

The bodies were moved to the home of the American family. While they awaited the brother's arrival with anticipation, a great many misters and mistresses, many ladies and gentlemen, had gathered in the house. The family belonged to the upper echelons of Dresden society. I had gone there as well, along with several Bulgarian students. We had been invited as Bulgarians—after all, the deceased was Bulgarian. Other Bulgarian youths, meanwhile, had gone to the station to meet the deceased woman's brother.

We waited. A mournful solemnity! All the rooms were filled with visitors. They spoke in hushed tones, in whispers. The silence was broken from time to time by the bitter sobs and desperate sighs of the grief-stricken mother of the deceased young man.

During a moment of deathly silence, a terrible racket erupted from the corridor: the heavy clatter of boots was heard—as if a shod horse were being led in—and voices rang out: ""Where is it? Is it in here, eh?"" ""Shh!... Quietly!""

And into the room of the deceased, with a fur cap on his head, barged... Bay Ganyo."
04_bai_ganyo_in_dresden_bul.csv,"— Добър ден! — извика той с един тон и с едно изражение на лицето, което не приличаше толкова на скръбно настроение, колкото на негодувание; като че окръжающите лица бяха виновни за смъртта на сестра му.","— Good day! — he cried, in a tone and with an expression that suggested not so much a mournful mood as one of resentment; as if the people around him were to blame for his sister's death."
04_bai_ganyo_in_dresden_bul.csv,"Бай Ганьо се приближи към смъртното легло и случайно отдръпна савана от лицето на момъка. — Кой е този? Какъв е този човек? — попита той, като огледа цялото събрание почти свирепо и чакаше с устремени очи отговор.","Bay Ganyo approached the deathbed and accidentally pulled back the shroud from the young man's face. ""Who is this? What kind of man is this?"" he asked, looking over the entire assembly almost fiercely, waiting for an answer with fixed eyes."
04_bai_ganyo_in_dresden_bul.csv,"Един студент, българин, потънал от срам, приближи до бай Ганя, побутна го лекичко за ръкава и отдръпна савана от лицето на покойницата. Бай Ганьо си сне калпака, прекръсти се и я цалуна по челото.","A Bulgarian student, mortified with shame, approached Bay Ganyo, nudged him lightly by the sleeve, and pulled back the shroud from the deceased woman's face. Bay Ganyo took off his kalpak, crossed himself, and kissed her on the forehead."
04_bai_ganyo_in_dresden_bul.csv,"— Ох, завалийката! Какво ти било писано... Марийке, Марийке! — завъртя бай Ганьо глава. Каквото щете, ама пак туй въртене с глава по̀ приличаше на заканване към посетителите, отколкото на изражение на скръб.","— Oh, the poor soul! What was written for you... Mariyka, Mariyka! — Bay Ganyo shook his head. Say what you will, but that head-shaking still looked more like a threat to the visitors than an expression of grief."
04_bai_ganyo_in_dresden_bul.csv,"Той изгледа подозрително лежащия до сестра му покойник и след като пошава въпросително главата и пръстите на лявата си ръка по възточному, обърна се към студента: — А бе каква е тая работа? Защо са турили   о н о г о в а   тука? Що ще мъж в пансиона?","He looked suspiciously at the deceased man lying next to his sister and, after questioningly moving his head and the fingers of his left hand in an Eastern manner, turned to the student:
— Hey, what’s this business? Why have they put *t h a t  o n e* here? What is a man doing in the boarding house?"
04_bai_ganyo_in_dresden_bul.csv,"— Шш! Моля ви се, господин Ганьо, по-полека приказвайте.","— Shh! Please, Mr. Ganyo, speak more quietly."
04_bai_ganyo_in_dresden_bul.csv,— Защо по-полека бе? Аз пари харча тука! Де е директорката?,— Why take it easy? I'm spending money here! Where's the manager?
04_bai_ganyo_in_dresden_bul.csv,"— Тук не е пансионът, тук е частна къща — отговаря гръмнатият студент.","— This is not the boarding house, this is a private house — replied the scatterbrained student."
04_bai_ganyo_in_dresden_bul.csv,— Как частна къща?,"— What do you mean, a private house?"
04_bai_ganyo_in_dresden_bul.csv,"— Шш... Ради бога, по-тихо приказвайте! — умоляваше оглушеният от бликналата в главата му кръв нещастен студент, готов да заплаче.","— Shh... For God's sake, speak more quietly! — implored the wretched student, deafened by the blood rushing to his head and on the verge of tears."
04_bai_ganyo_in_dresden_bul.csv,"Независимо от бабаитското поведение и маниери на бай Ганя, които вече заприличаха на кощунство, на подигравка със свещените чувства на всички окръжающи, a и самият му външен изглед съвсем не вдъхваше симпатия на американците и англичаните, а особено на нежната им половина.","Regardless of Bai Ganyo’s swaggering behavior and manners, which had already come to resemble sacrilege—a mockery of the sacred feelings of everyone around him—his very appearance failed to inspire any sympathy in the Americans and the English, and especially in their gentler half."
04_bai_ganyo_in_dresden_bul.csv,"Бай Ганьо беше облечен в бозови шаячни дрехи, с нечистени, запрашени ботуши, вратът му завързан с една голяма траурна кърпа, под която се виждаше доста кирлива, разкопчана по средата риза. В ръката му бастон и под мишницата един пакет, обвит с жълта книга. Мустаките му бяха пак засукани, а брадицата му пак небръсната — обрасла.","Bai Ganyo was dressed in grayish-brown homespun clothes, with uncleaned, dusty boots, his neck tied with a large mourning scarf, under which a rather grimy shirt, unbuttoned down the middle, was visible. In his hand was a cane, and under his arm a package wrapped in yellow paper. His mustache was once again twirled, and his beard once again unshaven—overgrown."
04_bai_ganyo_in_dresden_bul.csv,— Този ли господин е братът на mademoiselle Marie? — попита ме един от домашните.,— Is this gentleman the brother of Mademoiselle Marie? — one of the household asked me.
04_bai_ganyo_in_dresden_bul.csv,"Аз му отговорих утвърдително, като прибавих за оправдание на бай Ганьовото поведение и външност една набързо скроена лъжа: казах му, че телеграмата със скръбното известие намерила бай Ганьо в неговия чифлик, когато той надзиравал полските си работи, и че без да се отбива във вилата си (бай Ганьо и вила!), той отишел на железницата, снабдил се с пари от познатите на гарата и дошъл в Дрезден, без да се спира някъде. А сегашното му поведение, ако и да изглежда странно, трябва да му се прости, като се има пред вид поражающото впечатление, което му произвожда незаменимата загуба на сестра му и... огромните загуби, които претърпява от несвоевременното напущане на полските си работи.","I answered him in the affirmative, adding a hastily concocted lie to justify Bai Ganyo’s behavior and appearance: I told him that the telegram with the sorrowful news had found Bai Ganyo at his estate while he was supervising his field work, and that without stopping by his villa (Bai Ganyo and a villa!), he had gone straight to the railway, obtained money from acquaintances at the station, and come to Dresden without stopping anywhere. As for his current behavior, even if it seems strange, it should be forgiven him, considering the overwhelming impact made upon him by the irreplaceable loss of his sister and... the enormous losses he is suffering from the untimely abandonment of his field work."
04_bai_ganyo_in_dresden_bul.csv,"— О, бедният! — изговори съчувствено моят събеседник и отиде да сподели чувствата си за бай Ганя с другите домашни и приятели.","— Oh, poor man! — my interlocutor said sympathetically and went to share his feelings about Bay Ganyo with the other members of the household and friends."
04_bai_ganyo_in_dresden_bul.csv,"Поотлекна ми на сърцето, господа! Но за твърде кратко време ми поотлекна. Американецът, домашният, беше успял вече да съобщи събраните от мене сведения на голяма част от присъствующите; тяхното благородно негодувание, предизвикано от бай Ганьовите маниери, беше се уталожило и всички гледаха не само благосклонно, но и съчувствено на бай Ганя: неочаквано пристигнала ужасна телеграма, неприготвено тръгване на далечен път, огромни загуби — това са такива сюрпризи, от които всеки човек може да се слиса. И с тези сюрпризи оправдаваха те снизходително бай Ганя. Но, господа, я ми кажете, моля ви се, с какво можехме ний, българите студенти, да оправдаем следното действие на бай Ганя. Студентът, който се навърташе около него, за да обуздава порива на чувствата му, разказваше му тихичко как е станала катастрофата в скалите на Саксонска Швейцария. В течение на този разказ бай Ганьо изказваше с разни движения, с глава и ръце, чувствата, които го вълнуваха: ту зацъка с език и изпусне едно: „Тюх, да се не видеше макар!“, ту погледне сестра си па заклати глава: „клетата!“, ту погледне покойния момък, заклати заканително глава и светне мълния с очите си, като че иска да каже: „Хич олмаса, тоя дангалак е изял някои... някоя попара.“ Иностранците тълкуваха по своему тези мимики и едва ли угадваха значението им, защото инак те не биха гледали така съчувствено към бай Ганя, когото те считаха за умопомрачен от скръб. По едно време бай Ганьо под впечатлението на разказа зацвъка толкова силно с езика си, щото всички устремиха очи към него. В този именно момент той приложи големия пръст на дясната си ръка към дясното отвърстие на носа си, изкриви си малко очите и устата надясно, понаведе си главата, че като духна през лявото отвърстие на носа си... Па приложи и левия пръст към другото отвърстие, че като запращя още веднъж... Ние се провалихме окончателно...","My heart felt a bit lighter, gentlemen! But it was only for a very short time. The American, our host, had already managed to relay the information he gathered from me to most of those present; their noble indignation, provoked by Bay Ganyo’s manners, had subsided, and everyone looked upon Bay Ganyo not only favorably but even sympathetically: a sudden, terrible telegram, an unprepared departure on a long journey, enormous losses—these are the kinds of surprises that can leave any man bewildered. And with these surprises, they indulgently excused Bay Ganyo. But, gentlemen, tell me, I pray you, how could we, the Bulgarian students, justify Bay Ganyo’s next action?

The student who was hovering around him to restrain his outbursts of emotion was quietly telling him how the accident in the cliffs of Saxon Switzerland had occurred. During this narration, Bay Ganyo expressed the feelings that moved him with various movements of his head and hands: now he would click his tongue and let out a ""Tsk, if only it hadn't happened!""; now he would look at his sister and shake his head: ""the poor thing!""; now he would look at the deceased young man, shake his head menacingly, and flash lightning with his eyes, as if to say: ""At the very least, this lout has gotten himself into a fine mess."" The foreigners interpreted these gestures in their own way and surely did not guess their true meaning; otherwise, they would not have looked so sympathetically at Bay Ganyo, whom they considered distraught with grief.

At one point, Bay Ganyo, under the impression of the story, clicked his tongue so loudly that everyone fixed their eyes on him. At that very moment, he pressed his right thumb against his right nostril, twisted his eyes and mouth slightly to the right, bowed his head, and blew through his left nostril... Then he pressed his left finger to the other nostril and let out another blast... We were utterly disgraced..."
04_bai_ganyo_in_dresden_bul.csv,"Можеше и туй да се извини, ще речете вие, с бързината на тръгването му: забравил, ще кажете, нещастният, от бързина и слисване даже кърпа да си вземе. Ама не е тъй! Не е, защото веднага след тази операция бай Ганьо разгърна пакета с жълтата книга, извади — какво мислите? — цяла дузина кърпи и почна да ги раздава на присъствующите, преимуществено на българите за „бог да прости“, като повтаряше при подаването им: „На, вземи и ти, па речи бог да прости“; или помаха към някого с ръка да се приближи и му извика: „Ей, момче, ела тук, на̀ и на тебе, хайде, па речи бог да прости   М а р и й к а“...","This too could have been excused, you might say, by the haste of his departure: the poor man, you would say, forgot in his rush and bewilderment to even take a handkerchief. But it was not so! It was not, because immediately after this operation, Bai Ganyo unwrapped the package in yellow paper and took out—what do you think?—a whole dozen handkerchiefs and began to distribute them to those present, primarily to the Bulgarians, for ""God rest her soul,"" repeating as he handed them over: ""Here, take one you too, and say God rest her soul""; or he would wave to someone to come closer and shout: ""Hey, boy, come here, here’s one for you too, go on, and say God rest M a r i y k a’s soul""..."
04_bai_ganyo_in_dresden_bul.csv,"— Повече не ще ви разказвам, господа — извика отчаяно Кольо, — вий сами се помъчете да си представите физиономиите на англичаните и американците, които окръжаваха бай Ганя. Ще ви кажа само, че след като се свърши опелото на покойницата като православна в руската черква и след като я погребахме, бай Ганьо бе поканен да поживее до заминуването си от Дрезден в дома на американците. Той пренощува там само един ден. Какво поведение е държал в тази къща — не ми е известно. Само на тръгване казал на студента българин, който го изпращал на гарата: — Остави се, брате, малко остана да направя една поразия. Не им зная реда на тия американци: ядене бол, бадева, па ядох, ядох, щях да се пукна от ядене; па през нощта... Остави се!... Че остави това, ами друга поразия: дохожда сутринта, разбираш ли, една жена, почуква на вратата. Аз — „Слободно!“ Влиза, носи ми кафе с мляко и разни сладкиши. Сложи, разбираш ли, дискоса на масата, па взе да души из въздуха с носа си. — Хай дявола! Дали гюла е подушила, дали друго! — Аз, знаеш, не съм прост, ставам веднага, вземам мускала и го мушвам под носа й. Тя се поусмихна. Гледам я — зарарсъз! Простичко така облечена, рекох си, слугиня. Теглих й едно око — смей се! И аз — хоп! — през кръста. Па тя като се извъртя, да я вземе мътната, че като ме цапардоса по суратя... остави се, потънах!... Тя да била леля на момчето... Нейсе, берекят версин, с един шамар се свърши работата. Добри хора!...",
05_bai_ganyo_at_the_prague_exhibition_bul.csv,— Ами я чакайте пък аз да ви разкажа как ходихме с бай Ганя на изложението в Прага — каза усмихнато Цвятко.,"— Well, wait now, let me tell you how we went with Bay Ganyo to the exhibition in Prague — said Tsvyatko with a smile."
05_bai_ganyo_at_the_prague_exhibition_bul.csv,"— Браво, Цвятко! — извикахме всички. — Откога го очакваме това!","— Bravo, Tsvyatko! — we all shouted. — We’ve been waiting for this for so long!"
05_bai_ganyo_at_the_prague_exhibition_bul.csv,Цвятко почна:,Tsvyatko began:
05_bai_ganyo_at_the_prague_exhibition_bul.csv,"— Ако помните, ний тръгнахме от София с цял трен наши вагони и наш локомотив. Вагони само I и II клас, нови-новинички, едва-що пристигнали от Европа, безукорно чисти и удобни. В един и същи вагон имаше купета и от I, и от II клас. Сума свят — 160 души ли бяхме, не помня. Стари, млади, жени, мъже, деца, та дори и кърмачета. (Ох, тия кърмачета!...)","— If you remember, we set off from Sofia with a whole train of our own carriages and our own locomotive. Carriages of only 1st and 2nd class, brand-new, just arrived from Europe, impeccably clean and comfortable. In the same carriage, there were compartments of both 1st and 2nd class. A multitude of people—were we 160 souls, I don’t remember. Old, young, women, men, children, and even infants. (Oh, those infants!...)"
05_bai_ganyo_at_the_prague_exhibition_bul.csv,"Кой като нас! Каква гордост беше то, че тръгваме за изложението със свой трен. Нека да видят, казвахме си, европейците, че България не спи. Но най-вече се надувахме с новотата, с модерната конструкция и с чистотата на вагоните. Ама дълго ли време, мислите, се наслаждавахме ний от патриотическото обаяние за превъзходството на нашите вагони и от мисълта, че ще слисаме Европа с нашия прогрес? Додето ни изпращаха на гарата, додето минувахме Сливнишките и Драгоманските позиции — полетата на славните наши победи, — ентусиазмът ни растеше пропорционално с изпразването на шишетата и кошниците с провизия, с които в изобилие бяха се снабдили практичните туристи. „Разбира се, ще си вземем закуски, защо ще си даваме парите на сърбите?“ — викаше въодушевеният от патриотизъм и плевенско вино бай Ганьо. Но като наближихме до Цариброд и почна да се стъмнява, като се опитаха да осветят вагоните и се оказа, че забравили да приготвят лампите, че като се стъмни съвсем, че като почнаха децата да се плашат и да реват — о, тогава лека-полека като че с изхлъзването на българската територия се изхлъзваше и нашият патриотически ентусиазъм. Едни печално се усмихваха, други се усмихваха скрито саркастически (не бяхме само българи), трети негодуваха; даже бай Ганьо ми пошепна на ухото: „Разбира ли ти свиня от кладенчева вода!“ Някои пък пускаха недвусмислени псувни по адреса на един чужденец, служещ в управлението на нашите железници. Подкрепен от последните, бай Ганьо извика: „Аз нали зная, че ний не сме виновати, пак тези чужденци, да ги вземе дяволът! Нарочно са го направили да ни омаскарят! И сещате ли се, все от завист! Всичките са таквиз!“","Who is like us! What pride it was that we were setting off for the exhibition with our own train. Let the Europeans see, we told ourselves, that Bulgaria is not asleep. But most of all, we puffed ourselves up with the novelty, the modern construction, and the cleanliness of the carriages. But for how long, do you think, did we enjoy the patriotic charm of the superiority of our carriages and the thought that we would stun Europe with our progress? As long as they were seeing us off at the station, as long as we were passing the Slivnitsa and Dragoman positions—the fields of our glorious victories—our enthusiasm grew proportionally with the emptying of the bottles and the baskets of provisions with which the practical tourists had abundantly supplied themselves. “Of course, we’ll take snacks; why should we give our money to the Serbs?” shouted Bay Ganyo, inspired by patriotism and Pleven wine. But as we approached Tsaribrod and it began to get dark, as they tried to light the carriages and it turned out they had forgotten to prepare the lamps, as it grew completely dark, as the children began to get scared and wail—oh, then little by little, as if with the slipping away of Bulgarian territory, our patriotic enthusiasm was slipping away too. Some smiled sadly, others smiled with hidden sarcasm (we weren't only Bulgarians), others were indignant; even Bay Ganyo whispered in my ear: “Does a pig understand spring water!” Some, meanwhile, let out unambiguous curses directed at a foreigner serving in the management of our railways. Supported by the latter, Bay Ganyo cried out: “Don’t I know that we aren't to blame, it’s those foreigners again, devil take them! They did it on purpose to disgrace us! And do you realize, it’s all out of envy! They’re all like that!”"
05_bai_ganyo_at_the_prague_exhibition_bul.csv,"При тия думи той така изгледа едного от чужденците, щото го накара да се закашля и да мине в другото купе. Като спряхме на станцията в Цариброд, във вагоните беше съвършено тъмно, не можехме да се видим един с един. Повълнувахме се, посърдихме се, па го обърнахме на смях. Сума шеги и бодли се пуснаха за сметка на железопътните ни управници. Зачуваха се викове: „Дайте свещи бе, хора, изплашиха ни се децата!“, „Ей, чичо, иди ни купи един фунт свещи, ще ти дадем бакшиш“, „А бе по една лояна свещ поне дайте.“ Само бай Ганьо не допущаше, че е възможно българи да бъдат виновни за тая неуправия.","With these words, he gave one of the foreigners such a look that it made him cough and move to the next compartment. When we stopped at the station in Tsaribrod, it was pitch black in the carriages; we couldn't even see one another. We got agitated, we got angry, and then we turned it into a joke. A host of jokes and barbs were directed at our railway officials. Shouts were heard: ""Give us some candles, people, the children are terrified!"", ""Hey, old man, go buy us a pound of candles, we'll give you a tip!"", ""Come on, at least give us a single tallow candle!"" Only Bay Ganyo refused to entertain the possibility that Bulgarians could be responsible for such mismanagement."
05_bai_ganyo_at_the_prague_exhibition_bul.csv,"— Оногова там, видите ли го — казваше той, след като донесоха няколко прости свещи, и сочеше един нашенски чужденец, — с катран да го облееш, че да го запалиш. Туй търпи ли се бе! Че оставете тъмното, него кой му гледа — ами резил пред сърбите станахме. Ето го там ѐ, видите ли го, сръбски чиновник — смее се човекът. Смее се зер! Но възбуденият патриотизъм не допусна бай Ганьо да претърпи на един сърбин да му се подсмива, че като се намръщи насреща му:","— That one over there, do you see him — he was saying, after they had brought a few simple candles, pointing at one of our own ""foreigners,"" — you should drench him in tar and set him ablaze. Is this to be endured! Never mind the darkness, who cares about that—but we’ve become a disgrace before the Serbs. There he is, look at him, a Serbian official—the man is laughing. He’s laughing, and no wonder! But his aroused patriotism would not allow Bai Ganyo to endure a Serb smirking at him, so he scowled back at him:"
05_bai_ganyo_at_the_prague_exhibition_bul.csv,"— Ами ти защо се смееш там бе, хей! И искаше да скочи от вагона и да иде да се разправя със сърбина. Геройска кръв!","— And why are you laughing there, hey! And he wanted to jump out of the carriage and go have it out with the Serb. Heroic blood!"
05_bai_ganyo_at_the_prague_exhibition_bul.csv,"— Шш... Стой мирно, бай Ганьо — увещаваха го пътниците, — недей прави скандал. Имай пред вид, че влизаш в Сърбия...","— Shh... Behave yourself, Bay Ganyo — the passengers urged him — don't make a scene. Bear in mind that you are entering Serbia..."
05_bai_ganyo_at_the_prague_exhibition_bul.csv,"— Е, че какво, като влизам в Сърбия! Ще ме уплашат ли? Ами Сливница? Ами „натраг, брача“ — и из устата на бай Ганя изхвръкна една псувня като бомба.","— Well, so what if I'm entering Serbia! Are they going to scare me? What about Slivnitsa? What about ""backwards, brothers"" — and a curse flew out of Bay Ganyo's mouth like a bomb."
05_bai_ganyo_at_the_prague_exhibition_bul.csv,"— Какво ти е крив сърбинът, че нашите вагони били тъмни! — успокояваха го другите.",— How is the Serb to blame that our carriages are dark! — the others were calming him down.
05_bai_ganyo_at_the_prague_exhibition_bul.csv,— Кой? Той ли? Знам ги аз тях! — отговаря бай Ганьо и клати глава.,"— Who? Him? I know their kind! — answers Bay Ganyo, shaking his head."
05_bai_ganyo_at_the_prague_exhibition_bul.csv,"Раздадоха ни по една свещ на купе. Някои лампи, мисля, че успяха да нагласят и запалят. Потегли тренът. Пътниците накапаха гореща лой по прозорците и закрепиха свещите. Това беше първото   п о б ъ л г а р я в а н е   на новите вагони. Второто побългаряване се извърши още в първата нощ: всичките клозети (извинете, господа) се превърнаха в клоаки.","They handed out one candle per compartment. Some lamps, I think, they managed to adjust and light. The train set off. The passengers dripped hot tallow on the windows and fixed the candles. This was the first   B u l g a r i a n i z a t i o n   of the new carriages. The second Bulgarianization took place during the very first night: all the toilets (pardon me, gentlemen) were turned into cesspools."
05_bai_ganyo_at_the_prague_exhibition_bul.csv,"Както и да е, минахме Сърбия. Но да не мислите, че току-тъй тихичко, скромничко я минахме. Охо! Българинът не е прост! Дето имаше възможност, бай Ганьо не пропущаше случай да уязви сърбите, да им напомни Сливница. В Ниш и Белград даже той питаше всички служещи и хамали: „Ти не си ли българин, право кажи? Вий всички сте българи, ама се сърбеете.“","Anyway, we made it through Serbia. But don't you think for a moment that we passed through it just like that—quietly and modestly. Oho! The Bulgarian is no fool! Wherever there was an opportunity, Bay Ganyo didn't miss a chance to needle the Serbs, to remind them of Slivnitsa. In Niš and Belgrade, he even asked all the officials and porters: ""Aren't you Bulgarian? Tell the truth! You're all Bulgarians, you're just acting like Serbs."""
05_bai_ganyo_at_the_prague_exhibition_bul.csv,"Потеглихме из Унгария!... Тук пък се запалиха колелата на един вагон! Хай да ви вземе ашъма с майстори! Спряхме се дълго време. Поливаха, гасиха, палиха, смъдиха... хеле тръгнахме. А маджарите — смях! Знаеха! — български туристи!... И още на едно място се запали този вагон — хеле оставиха го по дяволите на поправка.","We set off across Hungary!... And here, the wheels of one carriage caught fire! To hell with your ""experts""! We were stopped for a long time. They doused it, extinguished it, it flared up, it smoldered... finally, we got moving. And the Magyars—how they laughed! They knew!—Bulgarian tourists!... And at one more spot, that carriage caught fire again—finally, they left the damn thing for repairs."
05_bai_ganyo_at_the_prague_exhibition_bul.csv,"Бай Ганьо, опитен човек, пътувал други път, разправяше на по-простите си спътници: — Сега Пеща ще гоним. Пеща минем ли — Виена, Прага е оттатък Виена. Всичките тия места съм ги изръшнал — на пръсти ги зная.","Bay Ganyo, an experienced man who had traveled before, was telling his simpler companions:
— Now we’re heading for Pest. Once we pass Pest—Vienna; Prague is beyond Vienna. I’ve scoured all those places—I know them like the back of my hand."
05_bai_ganyo_at_the_prague_exhibition_bul.csv,"На малките станции не се спирахме. На големите спирахме, колкото да ни отворят линия. Богатата Моравия обърна вниманието на всички. Прекрасно обработените долини, разкошните градини, безчислените фабрики и заводи накараха даже и бай Ганя да допусне преимуществото на Моравия пред нашето отечество: „И ний работим, ама и тези синковци не падат по-долу, аа, не падат по-долу, пипат синковците.“ Но като се сети, че се е увлякъл в похвалата, прибави: „Ама всичкото нафиле. Те работят, пък немецът го яде.“","We did not stop at the small stations. At the large ones, we stopped only long enough for the line to be cleared. Wealthy Moravia caught everyone’s attention. The beautifully cultivated valleys, the magnificent gardens, the countless factories and plants made even Bay Ganyo concede Moravia’s superiority over our homeland: “We work too, but these fellows aren’t lagging behind either; no, they aren’t lagging behind, they know their stuff, these fellows.” But realizing he had been carried away by his praise, he added: “But it’s all for nothing. They do the work, and the German eats it.”"
05_bai_ganyo_at_the_prague_exhibition_bul.csv,"Из пътя не се минуваше без комедии. Ний — аз, Ванчо, Фильо и Иваницовия син (не вярвам да го познавате) — заехме едно купе от първи клас, в съседното, второкласното отделение се намести бай Ганьо с няколко другари, богато снабдени с провизия. Бай Ганьо от бързина, види се, беше забравил да тури в дисагите закуска. „А бе най-сетне българи сме, ще се прегледаме. От тогози къс хляб, от оногози сиренце — ще помине човек. Ами!“ И наистина, той помина добре. Другарите му го угощаваха с ядене и пиене — той ги угощаваше с най-горещ патриотизъм, смесен с апетит и жажда. Но всичко си има край. Свърши се най-после провизията на съседите ни, изпразниха се галоните. (За да избягна една груба грешка, трябва да се поправя: галоните се изпразниха още като хвърчахме над Сливница и Драгоман с „Да живее България, урааа! Дай да си наквася устата бе, урааа!“)","Along the way, things didn't pass without some comedy. We — I, Vancho, Filyo, and Ivanitso's son (I don't believe you know him) — occupied a first-class compartment; in the neighboring second-class section, Bay Ganyo settled in with several companions, richly supplied with provisions. Bay Ganyo, out of haste, it seems, had forgotten to put any snacks in his saddlebags. ""Well, after all, we are Bulgarians, we'll look out for one another. A piece of bread from this one, a bit of cheese from that one — a man will get by. Why not!"" And indeed, he got by quite well. His companions treated him to food and drink — he treated them to the most fervent patriotism, mixed with appetite and thirst. But everything has an end. Finally, our neighbors' provisions ran out, and the demijohns were emptied. (To avoid a gross error, I must correct myself: the demijohns were emptied while we were still flying past Slivnitsa and Dragoman with ""Long live Bulgaria, hurrah! Let me wet my whistle, man, hurrah!"")"
05_bai_ganyo_at_the_prague_exhibition_bul.csv,"Бай Ганьо почна да се присламчва към нашето купе. Отпърво диреше разни предлози: ту кибрит ще поиска, ту една чаша коняк — че го заболял стомахът, — а сетне лека-полека усвои се, попривикна и, кажи-речи, не излиза ще от стаицата ни. Забрави другарите си, па и защо му са? — Нямат нищичко — всичко изядено, всичко изпито, — а у нас, слава богу, все се понамирваше по нещичко — купувахме си по станциите. Бай Ганьо от любопитство не изпущаше случая да опита иностранните продукти:","Bay Ganyo began to insinuate himself into our compartment. At first, he sought various pretexts: now he would ask for matches, then for a glass of cognac—claiming his stomach was bothering him—and then, little by little, he made himself at home, grew accustomed to us, and, one might say, hardly ever left our little room. He forgot his companions, and why should he care for them anyway? ""They have nothing—everything eaten, everything drunk,"" while with us, thank God, there was always a little something to be found—we would buy things at the stations. Bay Ganyo, out of curiosity, never missed a chance to sample the foreign products:"
05_bai_ganyo_at_the_prague_exhibition_bul.csv,"— Туй какво е, грозде ли е? Браво! Гледай! Я дайте една чепчица. Мм! Хубаво! Браво! Любознателността го караше да се запознава по този начин със закуските ни, с коняка ни, с табакерите ни.","— What's this, is it grapes? Bravo! Look! Give me a little bunch. Mmm! Good! Bravo! Curiosity drove him to acquaint himself in this manner with our snacks, our cognac, and our cigarette cases."
05_bai_ganyo_at_the_prague_exhibition_bul.csv,"— Тази табакера дали е от кавказко сребро? — любопитствува бай Ганьо, като вижда едного от нас, че се готви да запуши.","— ""Is that cigarette case made of Caucasian silver?"" Bay Ganyo inquired curiously, seeing one of us preparing to light up."
05_bai_ganyo_at_the_prague_exhibition_bul.csv,"— Не е, виенска направа е! — отговаря притежателят.","— It isn't, it's of Viennese make! — the owner replies."
05_bai_ganyo_at_the_prague_exhibition_bul.csv,"— Тъй ли? Я дай да я видя. Ц... ц... ц! Гледай! И тютюн има, български, нали? Браво! Я чакай да завъртя една цигарка. Аз си имам цигарени книжки, ако ви потрябват — тук съм!","— Is that so? Let me see it. Tsk, tsk, tsk! Look at that! And there’s tobacco, too—Bulgarian, isn’t it? Bravo! Wait, let me roll a cigarette. I have cigarette papers; if you ever need any, I’m right here!"
05_bai_ganyo_at_the_prague_exhibition_bul.csv,"Че е тука, ний го чувствувахме доста: и по миризмата на ботушите му, и по специфичния аромат на потното му тяло, и по неговото настъпателно движение към окупирането на цялото канапе. Отпърво той седеше на крайчеца на канапето, сетне почна да сяда по-удобно, по-сетне трябваше троица да седим на едното канапе, трябваше Иваницовият син да се свие на крайчеца на другото, за да има възможност бай Ганьо да вземе хоризонтално положение. И той не изпущаше случай. Ний се сговорихме да опитаме докъде може да стигне потребността на бай Ганя за удобства и той почна чистосърдечно да дава храна на нашето любопитство:","That he was here, we felt it quite strongly: by the smell of his boots, by the specific aroma of his sweaty body, and by his aggressive movement toward occupying the entire sofa. At first, he sat on the very edge of the sofa; then he began to seat himself more comfortably; later, three of us had to squeeze onto one sofa, and Ivanitsov’s son had to huddle on the edge of the other, so that Bai Ganyo could stretch out horizontally. And he never missed an opportunity. We agreed to test just how far Bai Ganyo’s need for comfort could go, and he began, in all sincerity, to feed our curiosity:"
05_bai_ganyo_at_the_prague_exhibition_bul.csv,"— Я се поотмести малко към края да си сложа и другия крак. Ха така! Браво! Е-е-е-х! Майка му стара! Кеф! Я чувайте машината какво прави: тупа-тупа, тупа-тупа! Фърчи!... Много обичам така да се обтегна. Отвъд тясно. Па и другарите — прости хорица, какво ще приказваш с тях?... Какво ядете там, круша ли? Браво! Я да видим, тъй както съм легнал, мога ли изяде една круша. Благодарим! Отде ги взимате вий тези неща?","— Move over a bit towards the edge so I can put my other leg up too. That’s it! Bravo! Ahhh! Damn it all! Pure bliss! Just listen to what the engine is doing: chug-chug, chug-chug! It’s flying!... I love stretching out like this. It’s cramped over there. And the companions—simple folk, what is there to talk about with them?... What are you eating there, a pear? Bravo! Let’s see if I can eat a pear while lying down like this. Thank you! Where do you get these things from?"
05_bai_ganyo_at_the_prague_exhibition_bul.csv,— Купуваме ги — отговаря едва сдържано един от нас.,"— We’ll buy them — one of us answers, barely containing himself."
05_bai_ganyo_at_the_prague_exhibition_bul.csv,— Тъй ли? Браво! — одобрява той с пълни от сочната круша уста. — Аз обичам круши.,— Is that so? Bravo! — he approves with his mouth full of juicy pear. — I love pears.
05_bai_ganyo_at_the_prague_exhibition_bul.csv,"Бай Ганьо, унесен от монотонните удари на локомотива, почна да дреме. Мисля си аз какво, какво да му скроим. Най-сетне озари ме една гениална мисъл. Направих предварително знак на другарите си и казвам: — Да направим, господа, по едно кафе. Я подайте спирта и машинката.","Bay Ganyo, lulled by the monotonous rhythm of the locomotive, began to doze. I was thinking what, what trick we could play on him. Finally, a brilliant thought struck me. I signaled to my companions beforehand and said:
— Let’s make some coffee, gentlemen. Hand over the spirit and the stove."
05_bai_ganyo_at_the_prague_exhibition_bul.csv,— Кафе ли? — извика бай Ганьо и скочи от канапето като ужилен. — Има хас?,— Coffee? — cried Bay Ganyo and jumped from the sofa as if stung. — You don't say!
05_bai_ganyo_at_the_prague_exhibition_bul.csv,"— Какво кафе ще правим, вода няма — обади се артистически престорен Иваницовият син.",— How are we to make coffee? There is no water — Ivanitso's son spoke up with theatrical affectation.
05_bai_ganyo_at_the_prague_exhibition_bul.csv,— Вода ли? — извика със същия глас бай Ганьо. — Само вода искайте от мене. Ей сегичка! — И той из-хвръкна от купето.,"— ""Water?"" Bay Ganyo shouted in the same voice. ""Just ask me for water. Right away!"" — And he flew out of the compartment."
05_bai_ganyo_at_the_prague_exhibition_bul.csv,"Изпокапахме от смях. Иваницовият син се изтегна и зае цялото канапе. Върна се бай Ганьо и пъхти повече, отколкото имаше нужда. Трябваше да ни покаже какъв труд и мъка е претърпял за наше добро. В ръката му една стомничка.","We were dying of laughter. Ivanitso’s son stretched out and took up the whole sofa. Bai Ganyo returned, huffing and puffing more than was necessary. He had to show us what toil and trouble he had endured for our sake. In his hand was a small pitcher."
05_bai_ganyo_at_the_prague_exhibition_bul.csv,"— На̀, намерих, видяхте ли? Претарашувах всичките вагони! Най-сетне виждам стомна, грабнах я завчас, една жена ми извика: „Хей, дай тук водата, тя е за детето ми.“ Аз какво да излъжа, какво да излъжа, дойде ми на ума: „Извинете, госпожо, там на едного му припадна.“ „Тъй ли“, кай. „Тъй.“ „Е, тогава скоро занеси му вода и пак донеси стомничката.“ Ахмак жена!... Пуф! Изпотих се. Хайде сега кафенце!","— There, I found it, did you see? I scoured all the carriages! Finally, I see a pitcher, I grabbed it in a flash, and a woman shouted at me: “Hey, give the water here, it’s for my child.” What lie to tell, what lie to tell, then it hit me: “Excuse me, madam, someone over there has fainted.” “Is that so,” she says. “It is.” “Well, then take him the water quickly and bring the little pitcher back.” Simpleton of a woman!... Phew! I broke a sweat. Now, how about a little coffee!"
05_bai_ganyo_at_the_prague_exhibition_bul.csv,"— Не ви ли е срам, господине! — каза с укор един от другарите, който не можеше вече да сдържа своето негодувание.","— Aren't you ashamed, sir! — said one of the companions reproachfully, who could no longer contain his indignation."
05_bai_ganyo_at_the_prague_exhibition_bul.csv,"Бай Ганьо го изгледа с обтегнато лице, като се стараеше колкото е възможно по-нагледно да изобрази своето искрено учудване; след туй съвсем неочаквано каза: — Аз ми дойде на ума, че е скроена работата, ама хайде, рекох. Е дайте тогаз барем една цигарка и едно коняченце.","Bay Ganyo looked at him with a strained face, trying to portray his sincere astonishment as vividly as possible; after that, quite unexpectedly, he said:
— It did cross my mind that the whole thing was a setup, but ""oh well,"" I said. Well then, give me at least a cigarette and a little cognac."
05_bai_ganyo_at_the_prague_exhibition_bul.csv,"Дадохме му цигарка и коняк и той си отиде в свойто купе, при простите хорица. — Страшни диванета са туй учените — зачу се след малко бай Ганьовият глас в съседното отделение; — аз не зная как ги търпят такива на служба. Ама чакай, ще се върне бай ти Ганьо в България, па видя щем кой е кум, кой е сват.","We gave him a cigarette and a cognac, and he went back to his compartment, to the simple folk. ""These scholars are terrible fools,"" Bay Ganyo’s voice was heard a moment later in the next compartment; ""I don’t know how they tolerate such people in the civil service. But just you wait, your Bay Ganyo will return to Bulgaria, and then we shall see who’s who."""
05_bai_ganyo_at_the_prague_exhibition_bul.csv,"Наближавахме чешката граница. С нас пътуваха и комисарите, пратени от правителството да се научат как се нарежда изложение, та да наредят и Пловдивското. Един от тях закачи по гърдите на всички пътници български трикольорчета. По пътя още се разнесе слух, че ще бъдем посрещнати тържествено както на границата, тъй и в Прага, следователно бяхме подготвени към срещата — но туй, което видяхме в действителност, надмина всичките наши очаквания.","We were approaching the Czech border. Traveling with us were the commissioners sent by the government to learn how an exhibition is organized, so that they could organize the one in Plovdiv as well. One of them pinned small Bulgarian tricolors to the chests of all the passengers. Along the way, a rumor spread that we would be greeted ceremoniously both at the border and in Prague; consequently, we were prepared for the encounter—but what we saw in reality surpassed all our expectations."
05_bai_ganyo_at_the_prague_exhibition_bul.csv,"Ето и пограничната станция, локомотивът вече свири. Виждаме, отляво и отдясно на железния път стича се свят към станцията. Ръсеше дъжд и търчащите мъже, жени, деца носеха отворени омбрели. Спряхме се. На перона задръстено с хора. Веднага една музика гръмна „Шуми Марица“. Един хор след това изпя „Kde domov muj“ за безкрайно удоволствие на всинца ни, а особено на бай Ганя, който похвали между нас чешкия народ, че доста добре изучил гласа на народната българска песен „Где й родът ми“, само че думите изговаряли малко неясно, та не се твърде разбирало.","Here is the border station; the locomotive is already whistling. We see, to the left and right of the railway, crowds of people streaming toward the station. It was drizzling, and the running men, women, and children carried open umbrellas. We came to a halt. The platform was jammed with people. Immediately, a band struck up ""Shumi Maritsa."" A choir then sang ""Kde domov muj"" to the infinite pleasure of us all, and especially of Bay Ganyo, who praised the Czech people among us for having learned the tune of the Bulgarian folk song ""Where is my kin"" quite well, except that they pronounced the words a bit unclearly, so they weren't very easy to understand."
05_bai_ganyo_at_the_prague_exhibition_bul.csv,"Кръв се хвърля в главата ми от срам, като си спомня поведението, което ний държахме при тая първа среща. Представете си, господа: стекъл се градът, дошли хора от селата да посрещнат братята-българи, довели музика, дошъл хор, наредили се сума момичета с букети в ръка, чакат да слязат братята от трена да ги посрещнат, да ги поздравят с думи, с песни, с музика, с букети; а „братята“ си подали главите от прозорците и гледат! Вярвайте, вярвайте, господа! Прозорците на вагоните, знайте, тесни, един си подал главата, друг се гуши през рамото му, трети подава отдолу само половината разкривена физиономия с едно око и гледат! — Да се стопиш! Ех, де да имаше една минутна фотография! — Посрещачите се слисаха. Не знаеха и те какво да правят — де да дянат букетите! Музиката спря, спря и хорът и настъпи мълчание и взаимно огледване.","Blood rushes to my head with shame when I recall the way we behaved during that first encounter. Imagine, gentlemen: the whole city had gathered, people had come from the villages to welcome their Bulgarian brothers; they brought a band, a choir had come, a multitude of girls had lined up with bouquets in hand, waiting for the ""brothers"" to step off the train so they could welcome them, greet them with words, with songs, with music, with flowers; but the ""brothers"" just stuck their heads out of the windows and stared! Believe me, believe me, gentlemen! The carriage windows, you must know, are narrow; one had poked his head out, another was huddling over his shoulder, a third was peeking from below, showing only half a distorted face with a single eye—and they just stared! — It was enough to make you die of embarrassment! Oh, if only there had been a snapshot camera! — The welcoming party was bewildered. They didn't know what to do—where to put the bouquets! The music stopped, the choir stopped, and a silence fell as everyone just stared at each other."
05_bai_ganyo_at_the_prague_exhibition_bul.csv,"По едно време бай Ганьо слезе от вагона. Всички чехи устремиха очи към него и му направиха път да мине и той мина... Боже! Как важно мина бай Ганьо посред стотини очи и ръце, които му простираха букети. Той потегли с цяла шепа и завъртя нагоре левия си мустак, издаде навън лактите си, изкашля се на дебело и погледна с едно око госпожицата, която беше поднесла букета си почти под носа му, погледна я и пошава с пръстите на лявата си ръка, обърнати нагоре, като че искаше да каже: „Посрещаш ли, моме, посрещаш ли? Хубаво правиш, посрещай, аз обичам“ — и си замина, без да я удостои с честта да й приеме букета. Момата сконфузено си прибра ръката. След малко бай Ганьо се появи, като закопчваше не съвсем грациозно една част от тоалета си. Пак му сториха път, пак засука левия си мустак, пак се изкашля, изсекна се с пръсти и се покачи във вагона. Локомотивът изпищя и тръгнахме.","At one point, Bay Ganyo got off the carriage. All the Czechs fixed their eyes on him and made way for him to pass, and he passed... Good God! How pompously Bay Ganyo walked amidst hundreds of eyes and hands reaching out to him with bouquets. He set off, twirling his left mustache with his whole palm, thrust out his elbows, coughed deeply, and glanced with one eye at the young lady who had held her bouquet almost under his nose; he looked at her and wiggled the fingers of his left hand, turned upwards, as if to say: ""Are you welcoming me, girl, are you? You're doing well, keep welcoming, I like it"" — and went on his way without deigning to honor her by accepting her bouquet. The girl sheepishly pulled back her hand. After a while, Bay Ganyo reappeared, ungracefully buttoning a part of his attire. Again they made way for him, again he twirled his left mustache, again he coughed, blew his nose with his fingers, and climbed into the carriage. The locomotive whistled and we set off."
05_bai_ganyo_at_the_prague_exhibition_bul.csv,"За да не помисли някой от вас, че аз преувеличавам, че нарочно украсявам разказа си, за да окарикатуря бай Ганя, ще ви кажа, че, напротив, аз пропущам някои работи, защото и сега ми се стяга сърцето, като си ги припомня. Например, аз умълчах още в начало да ви кажа каква картина представляваше нашият трен още на втория ден от пътуването ни. Нали ви споменах, че нашите туристи бяха задигнали със себе си и кърмачетата; като оставя настрана плачовете и писъците, ще ви кажа, че клозетите бяха се превърнали и в перачници, дето перяха детските зацапани ризички и гащички, а коридорите на вагоните се превърнаха в сушилници за това пране: проточиха въжета и простряха не дотам изпраните гащички: те заменяваха флаговете,с които трябваше да украсим нашия трен; вместо трикольор — бяло, зелено и червено — у нас лъщяха на слънцето множество двукольори — бяло и жълто. Тези прелести украшаваха нашия трен и тогава, когато се спирахме по станциите в Чехия и народът с музика, с песни, с букети, с приветствени речи на кметовете и на другите представители ни посрещаше. Тези жълтобели флагове се развяваха по въжетата и тогава, когато нашият водител, господин Василаки, оглушаваше чешките слушатели с гръмогласните си чувствителни речи и когато господин Петко гъделичкаше националното самолюбие на братския чешки народ на всяка станция със своите ораторски слова, от които ясно се чуваха за по-далечко стоящите само думите: „Братя! Иван Хус... О! Иван Хус, братя!“, и когато бай Ганьо възнегодувал от това, че в речите не поменуват за нашите исторически великани, мушкаше един учител в хълбоците с думите: „Даскале, кажи и ти нещо бе, нека им покажем кои сме, сега му е времето, кажи нещо я за Филип Тотя, я за Крума Страшний или изпей някоя песен...“ А двукольорните флагове все се развяваха!...","Lest any of you think that I am exaggerating, that I am intentionally embellishing my narrative to caricature Bay Ganyo, I will tell you that, on the contrary, I am omitting certain things, because even now my heart sinks when I recall them. For instance, I kept silent at the very beginning about the sight our train presented as early as the second day of our journey. I believe I mentioned that our tourists had dragged their infants along with them; leaving aside the crying and the screaming, I will tell you that the lavatories had been turned into laundries where they washed the children's soiled little shirts and drawers, and the corridors of the carriages were turned into drying rooms for this laundry: they strung up ropes and hung out the none-too-cleanly washed drawers: these replaced the flags with which we were supposed to decorate our train; instead of the tricolor—white, green, and red—we had a multitude of bicolors glistening in the sun—white and yellow. 

These ""charms"" decorated our train even when we stopped at stations in Bohemia and the people welcomed us with music, songs, bouquets, and welcoming speeches from mayors and other representatives. These yellow-and-white flags fluttered on the ropes even as our leader, Mr. Vasilaki, deafened the Czech listeners with his thunderous, sentimental speeches, and as Mr. Petko tickled the national pride of the brotherly Czech people at every station with his oratorical words, of which those standing further off could only clearly hear the words: ""Brothers! Jan Hus... Oh! Jan Hus, brothers!"", and when Bay Ganyo, indignant that the speeches made no mention of our own historical giants, poked a teacher in the ribs with the words: ""Teacher, you say something too, man, let’s show them who we are, now’s the time, say something about either Philip Totyu or Krum the Terrible, or sing a song..."" And the bicolor flags kept on fluttering!..."
05_bai_ganyo_at_the_prague_exhibition_bul.csv,"Целият ни път от чешката граница до Прага беше едно триумфално шествие; край градове ли, села ли, през полета ли — дето поминеше нашият трен, шапки захвърчаваха нагоре и нескончаемо „nazdar!“ цепеше въздуха.","Our entire journey from the Czech border to Prague was one triumphal procession; whether past towns or villages, or through the fields—wherever our train passed, hats flew into the air and an endless “nazdar!” rent the air."
05_bai_ganyo_at_the_prague_exhibition_bul.csv,"Аз забележих една работница в полето, която, като видя, че мъжете махат и хвърлят шапки, помаха, помаха с ръце, па взе, че си развърза кърпата от главата, завъртя я на въздуха и запищя: „Nazdaar!“ Друго: минувахме край един град (не помня как се казваше и де ще запомниш, ний бяхме слисани тогава), по улиците свят, по прозорците свят, по дърветата, по оградите, че и по стрехите. Та в този град, помня, забелязах на едно място, строеше се една нова къща, почти изкарана, и гредите на стряхата бяха нахвърляни, на върха на стряхата беше забоден един дълъг прът, окичен със зеленчук, и на върха му флаг (като по нас, кога строят къщи): няколко работници отгоре, като видяха, че по цялата улица от всичките етажи махат кърпи и викат „nazdaar!“, затичаха се по гредите към върха на стряхата, обхванаха пръта с флага и потеглиха да го извадят, за да ни салютират, но, види се, беше закрепен солидно — не можаха да го измъкнат, но го разклатиха в основанието дотолкова, щото можеше да се развее с една малка амплитуда наляво-надясно. Тези два случая — с работниците в полето и с дюлгерите на стряхата — ме трогнаха във висша степен. Не приличаше туй на нашите: „Цялата интелигенция цепеше въздуха с френетически ура“, „Днес целият народ ликува...“","I noticed a woman working in the field who, seeing the men waving and throwing their hats, waved and waved her hands, then went and untied her headscarf, whirled it in the air, and shrieked: ""Nazdar!"" Another thing: we were passing by a town (I don't remember what it was called, and how could one remember, we were so dazed then), people in the streets, people at the windows, on the trees, on the fences, even on the eaves. So in this town, I remember, I noticed in one place a new house being built, almost finished, and the roof beams were laid out; at the peak of the roof, a long pole was stuck, adorned with greenery, and a flag at its tip (just like with us when houses are built): several workers up there, seeing that all along the street from every floor people were waving handkerchiefs and shouting ""Nazdar!"", ran along the beams toward the top of the roof, grabbed the pole with the flag, and tried to pull it out to salute us, but it seemed it was firmly fixed—they couldn't pull it out, but they shook it at its base enough so that it could sway with a small amplitude left and right. These two instances—with the worker in the field and the masons on the roof—moved me to the highest degree. It didn't resemble our usual: ""The entire intelligentsia rent the air with frenetic cheers,"" ""Today the whole nation rejoices..."""
05_bai_ganyo_at_the_prague_exhibition_bul.csv,"Пристигнахме на станцията в Прага, На перона не забелязахме много хора, имаше само официални посрещачи: помощникът на кмета, ако не се лъжа, и членовете от комитета на изложението. Тази среща ми се показа глуха; привикнахме на триумф! Пък то крушката си имала опашка; хората, по-разпоредителни, знаят, че като слязат от трена 160 души, ако има публика на перона, ще се смесят, ще се слишат: ще стане една каша от гости, гостоприемци и от багаж, затова оставили дебаркадера празен и се явила само една комисия да ни посрещне. Почнаха се пак приветствия и речи, от една страна „Bratri...! Bulhari...! Veliky slovansky... Cyrila Metodej“, от друга страна „Bratri, my jsme prsli poucit se u velkeho ceskeho naroda!“... от трета страна: „Братя! Великият Иван Хус!... Да, братя, Иван Хус е велик!“ А бай Ганьо от своя страна недоволен, че поменуват само Кирила и Методия, пак мушка учителя: „Кажи и ти нещо бе, даскале, малко ли ги имаме и ний, за Аспаруха кажи или земи, че надуй кавала — сега му е времето!...“","We arrived at the station in Prague. We did not notice many people on the platform; there were only official welcomers: the deputy mayor, if I am not mistaken, and the members of the exhibition committee. This reception seemed muted to me; we had grown accustomed to triumphs! But as it turned out, there was a reason for it; the people, being more organized, knew that when 160 people get off the train, if there is a crowd on the platform, they will get mixed up and confused: it would become a jumble of guests, hosts, and luggage, so they had left the platform empty and only a committee appeared to meet us. Greetings and speeches began again; on one side: ""Brothers...! Bulgarians...! Great Slavic... Cyril and Methodius""; on another side: ""Brothers, we have come to learn from the great Czech nation!""... on a third side: ""Brothers! The great Jan Hus!... Yes, brothers, Jan Hus is great!"" And Bay Ganyo, for his part, dissatisfied that they only mentioned Cyril and Methodius, nudged the teacher again: ""You say something too, teacher! Don't we have plenty of our own? Tell them about Asparuh, or go on, blow the kaval—now's the time!..."""
05_bai_ganyo_at_the_prague_exhibition_bul.csv,"Тук ни казаха, че всички ще идем в градския клуб „Meshtanska Beseda“, а оттам ще ни разпределят по квартири. Разпоредиха се да ни донесат там багажа. Тръгнахме. От перона влизаме в станционната зала и какво да видиш! Свят! Почерняло от свят! Буквално яйце няма де да пуснеш. По средата една ивица, колкото да минем. Отсам и оттатък наредени дами с букети. Всички облечени празнично. Че като гръмна едно „nazdar!“, че като почнаха да ни подават букети и да ни обсипват с цветя, че като излязохме на улицата и погледнахме — боже! — додето ни стигаше окото: оставили само една ивица за нас, а всичко задръстено с хора и пак редове дами, и пак „nazdaaar! nazdaaar! ураа!“ — и пак град от букети. — Царска среща!... Насядахме посред виковете и цветята във файтони и потеглихме. Сега, доколко грациозно сме насядали и сме се разместили с домочадията и кърмачетата — оставам на вас да си представите! Ний бяхме като гръмнати от неочакваната грандиозна среща! Снемаме шапки наляво и надясно; после се сетихме да ги свалим съвсем (като бъде за сещане, ний много се сещахме, а! Разбираме ги тия ваджии, етикетите!). Една усмивка беше замръзнала на конвулсивно треперещите ми уста и като че ми се искаше хем да се изсмея, хем да заплача, хем да се проваля вдън земя!","Here we were told that we would all go to the city club ""Meshtanska Beseda,"" and from there we would be assigned to our lodgings. Arrangements were made for our luggage to be brought there. We set off. From the platform, we entered the station hall, and what a sight! People! Teeming with people! Literally, there wasn't a square inch of space. In the middle, there was a narrow lane, just wide enough for us to pass. On either side stood rows of ladies with bouquets, all dressed in their holiday best. Then a thunderous ""Nazdar!"" rang out, and they began handing us bouquets and showering us with flowers. When we stepped out onto the street and looked—good heavens!—as far as the eye could see, they had left only a narrow path for us, while everything else was jammed with people. And again, rows of ladies, and again ""Nazdaaar! Nazdaaar! Hurrah!""—and again a hail of bouquets.

A royal welcome!... Amidst the shouts and the flowers, we climbed into carriages and set off. Now, as for how gracefully we seated ourselves and settled in with our families and nursing infants—I leave that to your imagination! We were absolutely thunderstruck by this unexpected, grand reception! We tipped our hats left and right; then we thought to take them off entirely (when it comes to being quick-witted, we were quite sharp, weren't we! We know how to handle these things, the etiquette!). A smile was frozen on my convulsively trembling lips, and I felt as though I wanted to laugh, to cry, and to sink into the ground all at once!"
05_bai_ganyo_at_the_prague_exhibition_bul.csv,"Стигнахме в „Мещанска беседа“ и заехме масите в градината. Чакахме да пристигне багажът ни и да ни разпределят по квартири. Няколко файтонджии чакаха, горките, цял час около портите да им платят, но много от нашите туристи не намериха за нужно да плащат. „Голяма работа“ — казваше бай Ганьо, — какво им струва да ни заплатят файтоните? Най-после — славяни сме! Тук да си покажат славянщината, ха де! Ами как! Всичко без пари! С пари и баба знай! Само едно голо — наздар“...","We arrived at the ""Meshchanska Beseda"" and took the tables in the garden. We were waiting for our luggage to arrive and to be assigned to our lodgings. Several carriage drivers waited, poor things, for a whole hour by the gates to be paid, but many of our tourists did not find it necessary to pay. ""Big deal,"" Bay Ganyo was saying, ""what does it cost them to pay for our carriages? After all—we are Slavs! This is where they should show their Slavic spirit, come on! Of course! Everything for free! With money, even a grandmother knows how! Just a bare—nazdar""…"
05_bai_ganyo_at_the_prague_exhibition_bul.csv,"Пристигна багажът и почнаха да ни разпращат по квартири. Погрижили се хората да ни намерят помещения. Аз няма да ви разправям за кавгите с файтонджиите, с келнерите в клуба, с разпоредителите за окъсняването или погрешното разменяване на багажа, за неудоволствията от квартирите, за пазарлъците и други такива. Да се пренесем с вас за една минута в нашата стая (не бойте се, госпожо). Ний се настанихме в една голяма стая четворица. Имахме всички удобства. Стаята ни гледаше към двора... На срещната страна се издигаха същото число етажи. По едно време слугинята, която ни шеташе, Анушка, като снемаше саксиите с цветята от прозорците, за да може да ги затвори, обърна се внезапно към мене и сконфузено ме попита, като указваше с очи към насрещните прозорци: —  Prosim vaz, pane, je ten pan take Bulhar? Recte se podivat, co dela! Lak je cerny! Vlasaty jako nejaky divoch! Ha-ha-ha-ha!","The luggage arrived, and they began sending us off to our lodgings. People had taken the trouble to find us accommodations. I won't tell you about the quarrels with the coachmen, with the waiters at the club, with the organizers over delays or the accidental swapping of luggage, about the dissatisfaction with the lodgings, the haggling, and other such things. Let us transport ourselves for a moment into our room (do not be afraid, madam). The four of us settled into a large room. We had all the amenities. Our room looked out onto the courtyard... On the opposite side, an equal number of floors rose up. At one point, the maid who was attending to us, Anushka, as she was taking the flower pots off the windowsills so she could close them, suddenly turned to me and asked bashfully, gesturing with her eyes toward the windows opposite:

— Please, sir, is that gentleman also a Bulgarian? Do look at what he is doing! How dark he is! Hairy like some kind of savage! Ha-ha-ha-ha!"
05_bai_ganyo_at_the_prague_exhibition_bul.csv,"Погледвам по указаното направление и какво да видя? Бай Ганьо при отворени прозорци, без да спусне завесите или жалузите, освободил се от горните си дрехи и в момента, когато аз погледнах, той се хилеше на нашата слугиня и гладеше влакнатите си гърди, види се, с туй искаше да я плени.","I look in the indicated direction, and what do I see? Bai Ganyo, with the windows wide open, without having drawn the curtains or the shutters, had stripped off his outer garments; and at the very moment I looked, he was leering at our maid and stroking his hairy chest, evidently intending to captivate her with this."
05_bai_ganyo_at_the_prague_exhibition_bul.csv,"В местните вестници същия ден се появиха приветствия за скъпите (имаха право) гости — bratri Bulhari. Напечатана беше и програмата, по която ний ще посетим изложението и забележителностите на града Прага. Печатаха отчети за нашите посещения: де сме ходили, как сме били посрещнати, как са ни приветствували, какво сме им отговаряли. Името на нашия водител, господин Василаки, гърмеше; той заслужи това внимание с безчислените си речи. И право да си кажа, каквото щете, но ако не беше господин Василаки да им позамаже очите, ний съвсем щяхме да се провалим.","In the local newspapers that same day, greetings appeared for the dear (and they were right) guests — *bratri Bulhari*. The program according to which we were to visit the exhibition and the sights of the city of Prague was also printed. They published reports of our visits: where we had gone, how we had been received, how they had welcomed us, and what we had replied to them. The name of our leader, Mr. Vasilaki, was echoing everywhere; he earned this attention with his countless speeches. And to tell the truth, say what you will, but if it hadn't been for Mr. Vasilaki to gloss things over for them, we would have been a total failure."
05_bai_ganyo_at_the_prague_exhibition_bul.csv,"При входа на изложението ни посрещнаха членове от комитета. И пак речи за cesheho naroda, за bulharskeho naroda. Тук, видите, не се сбъркаха да ни посрещнат като сърби, каквато погрешка, разказват, станала при входа на Пловдивското изложение: сливенци и ямболци се намирали в постоянен антагoнизъм — от завист ли, от съперничество ли, кой знае от що. Явяват се пред входа на Пловдивското изложение сливненци, а един от комитета им държи реч, като ги мисли за ямболци, и хвали ли, хвали: „Храбрите ямболци, славните ямболци!“ А сливненците се потят, кашлят в шепа, мигат... Картина!...","At the entrance of the exhibition, we were met by members of the committee. And once again, speeches about *cesheho naroda*, about *bulharskeho naroda*. Here, you see, they didn't make the mistake of greeting us as Serbs—a blunder that, they say, occurred at the entrance of the Plovdiv Exhibition: the people of Sliven and Yambol were in constant antagonism—whether out of envy, rivalry, who knows what. The Sliven folk appeared at the entrance of the Plovdiv Exhibition, and a committee member delivered a speech to them, mistaking them for the Yambol folk, and how he praised them: ""The brave people of Yambol, the glorious people of Yambol!"" And the people of Sliven were sweating, coughing into their hands, blinking... Quite a sight!..."
05_bai_ganyo_at_the_prague_exhibition_bul.csv,Влязохме в изложението. Един от комитета ни поведе да направим набързо един общ обзор на главните отдели. Е че кого води? — Нашите туристи — цели англичани!... Като влязоха веднъж ония ти хора в ботаническия отдел — няма излизане!,"We entered the exposition. A member of the committee led us to take a quick general overview of the main departments. And who was he leading? Our tourists—veritable Englishmen!... Once those people of yours entered the botanical department, there was no getting them out!"
05_bai_ganyo_at_the_prague_exhibition_bul.csv,"— Иванчо, Иванчо, ела, ела тука, я виж лале, какво голямо! Помниш ли, у леля ти има такова лале! — вика един от една страна.","— Ivancho, Ivancho, come, come here, look at this tulip, what a big one! Do you remember, your aunt has a tulip just like it! — one of them calls out from one side."
05_bai_ganyo_at_the_prague_exhibition_bul.csv,"— Марийке, Марийке, ела, ела тука, виж мимоза, това е мимоза, видиш ли? Помниш ли в атласчето, дето ти го купих за Великден? — вика друг от друга страна.","— Mariika, Mariika, come, come here, look, a mimosa, this is a mimosa, do you see? Do you remember in the little atlas I bought you for Easter? — another calls out from another side."
05_bai_ganyo_at_the_prague_exhibition_bul.csv,"— Я гледай, босилек! Ц... ц... ц... И чехите имат босилек, браво! — обажда се трети и рукват да гледат босилека.","— Look at that, basil! Tsk... tsk... tsk... Even the Czechs have basil, bravo! — a third one chimes in, and they all rush over to look at the basil."
05_bai_ganyo_at_the_prague_exhibition_bul.csv,"— А бе аз здравец не виждам тука — обажда се бай Ганьо с недоволен глас, — проста им работата, ако нямат здравец! И-и, у нас! По балкана! Ех, мама му стара!","— Well, I don't see any geranium here — Bay Ganyo pipes up in a disgruntled voice, — a poor show, if they don't have any geranium! Ah, back home! In the Balkan mountains! Damn it all!"
05_bai_ganyo_at_the_prague_exhibition_bul.csv,А членът на комитета в това време стои като на бодли! Чакаха да се поизприкажат скъпите гости!...,And the committee member meanwhile was on pins and needles! They were waiting for the dear guests to finish their talk!...
05_bai_ganyo_at_the_prague_exhibition_bul.csv,"Аз не можах да се сдържа, излязох от ботаническия отдел и отидох да зяпам из другите павилиони. В моето отсъствие фотографирали скъпите гости и на другия ден в един илюстрован вестник се появи цялата група.","I could not restrain myself; I left the botanical department and went to gawk at the other pavilions. In my absence, the distinguished guests were photographed, and the next day the whole group appeared in an illustrated newspaper."
05_bai_ganyo_at_the_prague_exhibition_bul.csv,"Водиха ни в Hradchany, дето са дворците на чешките крале. Показаха ни разни исторически кьошенца: стаичката, дето заседавал съветът и било решено началото на Трийсетгодишната война; прозореца;, през който били хвърлени в пропастта чешките патриоти. Водиха ни в стария градски дом, в стария и новия музей. Дадоха в наша чест една опера в Narodni divadlo, дадоха една вечеринка в „Мещанската беседа“. Ходихме у пана Naprstka, многоуважаван гражданин, едно време компрометиран пред австрийското правителство, забягнал в Америка, съставил си там богатство, завърнал се в Прага и сега, окръжен от почести и уважения, занимава се с филантропия. Има свой музей и библиотека. Стопанинът ни посрещна с всичкото радушие и гостоприемството на един славянин. Тук се държаха най-чистосърдечните речи. В една от стаите имаше дебела книга, в която посетителите записваха имената си. В един момент, когато бяха се натрупали мнозина около книгата и всеки бързаше да грабне перото и да увековечи името си, бай Ганьо ме дръпна за ръкава и нетърпеливо ме запита: — А бе за какво се записват там?","They took us to Hradčany, where the palaces of the Czech kings are. They showed us various historical nooks: the small room where the council met and the start of the Thirty Years' War was decided; the window through which the Czech patriots were thrown into the abyss. They took us to the Old Town Hall, to the old and the new museum. They staged an opera in our honor at the Národní divadlo and held a soiree at the ""Měšťanská beseda."" We visited Pan Náprstek, a highly respected citizen who was once compromised in the eyes of the Austrian government, fled to America, made a fortune there, returned to Prague, and now, surrounded by honors and respect, occupies himself with philanthropy. He has his own museum and library. Our host welcomed us with all the cordiality and hospitality of a Slav. Here, the most heartfelt speeches were made. In one of the rooms, there was a thick book in which visitors signed their names. At one point, when many people had crowded around the book and everyone was rushing to grab the pen and immortalize their name, Bay Ganyo pulled me by the sleeve and asked impatiently:

— Hey, what are they signing up for there?"
05_bai_ganyo_at_the_prague_exhibition_bul.csv,"Аз, като знаех предварително, че никакъв предлог за записване не би удовлетворил бай Ганя, ако от това не произтича нещо за пред кума, казах му на шега: който не иска да обикаля по-нататък старините на Прага, може да се запише в тази книга и да обядва у pana Naprstka.","Knowing beforehand that no pretext for signing would satisfy Bai Ganyo unless there was something in it for his belly, I told him jokingly: whoever does not wish to tour the antiquities of Prague any further may sign this book and have lunch at Mr. Naprstek’s."
05_bai_ganyo_at_the_prague_exhibition_bul.csv,"— Тъй ли? — извика бай Ганьо. — Поврага им старините, дайте тука перото! Дайте бе, дайте по-скоро перото! С плайваз не може ли? Дай, дай, че бързам! — и почна с лактите си да разтваря път към масата, върху която лежеше голямата книга. Настъпиха се, сбутаха се с едного, почнаха да отнемат един от друг перото, накапаха книгата с чернило и най-сетне разтрепераната, влакната и потна ръка на бай Ганя украси една от страниците с две звучни думи: Ганьо Балкански","— Is that so? — cried Bay Ganyo. — To the devil with their antiquities, give me the pen! Give it here, man, give me the pen quickly! Can't I use a pencil? Give it, give it, I'm in a hurry! — and he began to elbow his way toward the table on which the large book lay. They stepped on each other's toes, he jostled with someone, they began to snatch the pen from one another, they splattered the book with ink, and at last the trembling, hairy, and sweaty hand of Bay Ganyo adorned one of the pages with two resonant words: Ganyo Balkanski."
05_bai_ganyo_at_the_prague_exhibition_bul.csv,"Цвятко ни заяви, че не желае да продължава разказа си.",Tsvyatko told us that he did not wish to continue his story.
05_bai_ganyo_at_the_prague_exhibition_bul.csv,"— Разкажи нещо за вечеринката. Нали каза, че дали в чест на българите вечеринка? — обади се един от компанията.",— Tell us something about the party. Didn't you say they gave a party in honor of the Bulgarians? — one of the group spoke up.
05_bai_ganyo_at_the_prague_exhibition_bul.csv,"— Аз не ходих на тази вечеринка. Бай Ганьо беше. A propos, в този ден ходихме с бай Ганя в една берберница. Той имаше намерение нея вечер да плени чешките дами и вземаше предварително всевъзможни мерки да се яви във всичкия си блясък: купи си вратовръзка, изчисти си декорацията (че как го мислите вий бае си Ганя!) и отидохме в берберницата, понеже косата и брадата му бяха доста обрасли. Седна той на стола. Берберинът го старателно обвърза и почна работата си. Едва ли не цял час се бавихме тука. Не беше тъй лесно да се угоди на бай Ганя.","— I didn’t go to that soiree. Bay Ganyo did. A propos, that day I went with Bay Ganyo to a barbershop. He intended to captivate the Czech ladies that evening and was taking all sorts of preliminary measures to appear in all his glory: he bought a tie, cleaned his medal (for what did you expect of your Bay Ganyo!) and we went to the barbershop, because his hair and beard were quite overgrown. He sat in the chair. The barber carefully wrapped him up and began his work. We were delayed there for nearly a whole hour. It wasn't so easy to please Bay Ganyo."
05_bai_ganyo_at_the_prague_exhibition_bul.csv,"— Тука, тука; я му кажи тука — и бай Ганьо сочи врата си, — тука да пооглади, с бръснача да поостърже малко. Па му кажи да си отваря очите, да не среже някоя пъпчица, че го вземат дяволите.","— Here, here; tell him right here — and Bay Ganyo points to his neck — to smooth it out here, to scrape a bit with the razor. And tell him to keep his eyes peeled, not to nick any pimple, or there’ll be hell to pay."
05_bai_ganyo_at_the_prague_exhibition_bul.csv,Берберинът вижда през огледалото сърдитото изражение на бай Ганьовото запотено лице и ме поглежда в недоумение.,The barber sees the angry expression on Bay Ganyo's sweaty face in the mirror and looks at me in bewilderment.
05_bai_ganyo_at_the_prague_exhibition_bul.csv,"— Co pan mluvi? — пита ме той смирено, като мисли, че е сторил някоя грешка против вкуса на бай Ганя. — Ти я му кажи да остави сега приказките настрана — обръща се към мене бай Ганьо, и с такъв тон, като че ме е пазарил за преводач. — Я му кажи да ми остави брадичка и нека я направи по-остричка, като на Наполеона, разбираш ли? Пък мустаките нека ги разчеше така, да кабардисат, като — хе, хе! — на италианския крал, хи-хи-хи! Видял ли си го изписан? Таквиз да ги на-прави! Кажи му де!","— Co pan mluvi? — he asks me humbly, thinking he has committed some blunder against Bay Ganyo’s taste.

— You there, tell him to put the talk aside for now — Bay Ganyo turns to me, in a tone as if he had hired me as his interpreter. — Tell him to leave me a goatee and have him make it a bit pointier, like Napoleon’s, you understand? And as for the mustache, let him comb it so it puffs up like — heh-heh! — the Italian king’s, hee-hee-hee! Have you seen him in portraits? That’s how he should make them! Tell him, come on!"
05_bai_ganyo_at_the_prague_exhibition_bul.csv,"Аз нямах куража да преведа буквално скромното желание на бай Ганя; то би турило в голямо затруднение берберина: лесна работа ли е с помощта на бръснач и на гребен да оприличиш едного хем на Наполеона III, хем на Хумберта! И кого?","I did not have the courage to translate Bay Ganyo’s modest wish literally; it would have put the barber in a great predicament: was it an easy task, with the help of a razor and a comb, to make someone resemble both Napoleon III and Humbert! And whom, of all people!"
05_bai_ganyo_at_the_prague_exhibition_bul.csv,"Свърши се коафюрата. Бай Ганьо извади кесията си, завъртя я около връвта, отвори я, бръкна до дъното, нарина една шепа монети, обърна се гърбом към нас, рови, рови из монетите, избра една и я подаде на берберина, ама я подаде така, като че искаше да каже: „Хайде, на, нейсе, от мен да замине.“ Монетата беше двайсет крайцера. Но като се сети, че може да се е излъгал, пък и да не го помислят за прост, той пошава с пръстите си към берберина, санким „дай ресто“. Берберинът за един миг отвори чекмеджето, хвърли там монетата, избра две монети по десет крайцера, удари ги сърдито на мраморната маса и изчезна в една вътрешна врата. Монетите се претърколиха на земята. Бай Ганьо в първия момент като че се постресна, позачуди се, но не успях да схвана това впечатление и той се наведе, прибра парите и каза: — Сърдитко Петко — празна му торбичка! Хайде бе, остави ги! Само знаят да скубят! Нали ги зная аз тях! Славяни!... Бошлаф!...","The grooming was finished. Bay Ganyo pulled out his purse, unwound the string, opened it, reached to the bottom, scooped up a handful of coins, turned his back to us, rummaged and rummaged through the coins, chose one and handed it to the barber, but he handed it in such a way as if to say: “Here, take it, never mind, let it be on me.” The coin was twenty kreuzers. But realizing he might have made a mistake, and so they wouldn't think him a fool, he gestured with his fingers toward the barber, as if to say “give me change.” In an instant, the barber opened the drawer, threw the coin in, picked out two ten-kreuzer coins, slammed them angrily onto the marble table, and disappeared through an inner door. The coins rolled onto the floor. At first, Bay Ganyo seemed a bit startled, a bit puzzled, but I couldn't quite catch that impression before he bent down, picked up the money, and said:

— Angry Petko—his bag is empty! Come on, forget them! All they know is how to fleece you! Don't I know them! Slavs!... Nonsense!..."
06_bai_ganyo_at_jirecheks_bul.csv,"— Туй, дето го разказа Цвятко — обади се срамежливият Илчо, — то е по-подирна работа, пък аз зная, че бай Ганьо по-рано е дохождал в Прага, бавил се е дълго време и е продал доста розово масло. Искате ли да ви разкажа?","— What Tsvyatko told — the shy Ilcho spoke up — happened later on, but I know that Bay Ganyo had visited Prague earlier, stayed for a long time, and sold quite a bit of rose oil. Would you like me to tell you about it?"
06_bai_ganyo_at_jirecheks_bul.csv,"— Щом е за бай Ганя, недей пита, разказвай! — отговорихме ний.","— Since it’s about Bay Ganyo, don’t ask, tell us! — we replied."
06_bai_ganyo_at_jirecheks_bul.csv,"— Добре. Слушайте тогава. Пристигва бай Ганьо от Виена в Прага. Слиза на станцията, нарамва си дисагите и излиза на улицата. Файтонджиите се спущат да му предлагат услугите си — той им прави знак с глава, че не ще. Те разбират знака му за утвърдителен и един файтон се изпречва отпреде му. Бай Ганьо се сърди, блещи се и прави сърдити жестове. Това забелязва полицейският и заповядва на файтоните да се оттеглят. Мисли си бай Ганьо от кого да узнае де живее Иречек, нашият историограф. Иречек е живял в България, обича българите, ще иде бай Ганьо у него: „Добър ден“ — „Дал ти бог добро“ — и може да го покани в къщата си; защо ще си дава паричките по хотели? — Додето си мисли така, пред него се изпречва един трегер с червена шапка и предлага да му носи дисагите. Бай Ганьо го пита знае ли де живее Иречек, трегерът отговаря отрицателно, по дава надежда, че ще може да се намери, и пак простира ръце да поeме дисагите. Бай Ганьо не му ги дава, едно, защото мускалите са вътре и може „да запраши нанякъде“ и, друго, гледа го облечен добре, кой знае колко ще го оскубе.","— All right. Listen, then. Bay Ganyo arrives from Vienna in Prague. He gets off at the station, shoulders his saddlebags, and goes out into the street. The cabmen rush to offer him their services — he makes a sign with his head that he doesn't want any. They take his sign for an affirmative one, and a cab pulls up in front of him. Bay Ganyo gets angry, glares, and makes angry gestures. The policeman notices this and orders the cabs to withdraw. Bay Ganyo wonders from whom he can find out where Jireček, our historiographer, lives. Jireček lived in Bulgaria, he loves Bulgarians, Bay Ganyo will go to his place: “Good day” — “God give you good” — and he might invite him into his house; why should he spend his little coins on hotels? — While he is thinking this, a porter with a red cap appears before him and offers to carry his saddlebags. Bay Ganyo asks him if he knows where Jireček lives; the porter answers in the negative, but gives hope that it can be found, and again stretches out his hands to take the saddlebags. Bay Ganyo does not give them to him, firstly, because the vials are inside and he might “dash off somewhere” and, secondly, he sees him well-dressed, who knows how much he will fleece him."
06_bai_ganyo_at_jirecheks_bul.csv,"— Ваша милост, вървете напред, аз подире ви — казва вежливо бай Ганьо. — Оставете дисагите, аз ще ги нося. Тази вежливост бай Ганьо я пуща със сметка: хем ще предразположи трегера към себе си, хем ще му покаже, че не е някой голям и богат човек, та да не мисли   о н з и   да го оскубе.","— Your Honor, you go on ahead, I’ll follow you — says Bay Ganyo politely. — Leave the saddlebags, I’ll carry them. Bay Ganyo puts on this politeness with a calculation: it will both win the porter over and show him that he is not some big, rich man, so that *t h a t  o n e* doesn't think of fleecing him."
06_bai_ganyo_at_jirecheks_bul.csv,"Вървят, разпитват по кръстопътищата де живее Иречек; най-сетне сетил се някой, че въпросът е за професор Иречек, казал им де да попитат, попитали и го намират. Бай Ганьо казва на трегера едно ""да си жив, благодарим"" и влиза в квартирата на Иречека.","They walk along, asking at the intersections where Jireček lives; at last, someone realized that they were asking about Professor Jireček, told them where to inquire, and they asked and found him. Bay Ganyo says a ""bless you, thank you"" to the porter and enters Jireček’s lodgings."
06_bai_ganyo_at_jirecheks_bul.csv,"— О-о! Добър ден, бай Иречек, как си, добре ли си? — извиква бай Ганьо с един най-приятелски тон, щом влиза в кабинета на стопанина. Последният му подава зачудено ръка, поканва го да седне и се сърди на своята памет, която не го подсеща кой е този любезен приятел.","— Oh! Good day, Bay Jireček, how are you, are you well? — exclaims Bay Ganyo in a most friendly tone as he enters the host's study. The latter offers him a hand in bewilderment, invites him to sit, and is vexed with his memory, which fails to remind him who this polite friend might be."
06_bai_ganyo_at_jirecheks_bul.csv,"— Не ме ли познаваш? — припомня бай Ганьо, като смесва ту ""ви"",ту ""ти"". — Вий нали бяхте министър в София? — Да. — Е и аз съм оттам! — заключава тържествено бай Ганьо. — То се казва емишерии сме, хе, хе, хе, ами как! Помниш ли статията във в. „Славянин“?","— Don't you recognize me? — Bay Ganyo reminds him, mixing formal and informal ""you"". — Weren't you a minister in Sofia? — Yes. — Well, I'm from there too! — Bay Ganyo concludes solemnly. — As they say, we're fellow countrymen, heh, heh, heh, of course! Do you remember the article in the ""Slavyanin"" newspaper?"
06_bai_ganyo_at_jirecheks_bul.csv,"— Да, да, спомням си — отговаря сдържано-снизходително Иречек.","— Yes, yes, I remember — Jireček replies with restrained condescension."
06_bai_ganyo_at_jirecheks_bul.csv,"— Ей че бяха те нацапали!... Ама ти си гледай кефа, хич да не те е еня! Аз колко съм ви хвалил!... Те викат Иречек такъв, Иречек онакъв. — ""Да ме прощавате — викам, — не е тъй.""","— Boy, did they drag your name through the mud!... But don't you mind them, just enjoy yourself! I've praised you so much!... They say Jireček is this, Jireček is that. — ""Begging your pardon,"" I say, ""it's not like that."""
06_bai_ganyo_at_jirecheks_bul.csv,"Иречек познава добре българите и затова никак не се учудва на тази фамилиарност на бай Ганя. Разговорът продължава няколко минути в този тон, сетне минува на по-практическа почва: бай Ганьо хвали квартирата на стопанина, загатва му доста осезателно, че „най-сетне има място и още един странен човек даже да се прибере тука“, говори му за гостоприемството на българите, изказва съжаление, че „виж, другите не са като нас, българите; чужденец да влезе в българска къща, ще го нахранят, ще го напоят, ще му постелят“.","Jireček knew the Bulgarians well and was therefore not at all surprised by Bay Ganyo's familiarity. The conversation continued in this vein for several minutes, then moved onto more practical ground: Bay Ganyo praised the host's lodgings, hinting quite pointedly that ""after all, there is room for even another traveler to put up here,"" spoke to him of Bulgarian hospitality, and expressed regret that ""you see, others are not like us Bulgarians; if a foreigner enters a Bulgarian house, they will feed him, give him drink, and make his bed."""
06_bai_ganyo_at_jirecheks_bul.csv,"Иречек се старае да му внуши, че квартирата е тясна за домашните му. Бай Ганьо си прави оглушки и развива темата за българското гостоприемство. От тази тема разговорът се извива към търговийката на бай Ганя. Той съобщава на стопанина, че е донесъл за продан розово масло, и му заявява: „Утре, ако щеш, води ме по всичките фабрики, аз съм съгласен; ще ми превеждаш, че не знам езика, а?“","Jireček tries to impress upon him that the apartment is too cramped for his own family. Bay Ganyo turns a deaf ear and elaborates on the theme of Bulgarian hospitality. From this topic, the conversation shifts to Bay Ganyo’s petty trade. He informs his host that he has brought rose oil for sale and declares: “Tomorrow, if you like, take me around all the factories, I’m willing; you’ll translate for me, since I don’t know the language, eh?”"
06_bai_ganyo_at_jirecheks_bul.csv,"Иречек бърза да отговори, че не е запознат с фабрикантите на етерни масла, понеже занятията му са съвсем от други род, а освен това няма свободно време, но ще му каже де се събират българите студенти, та измежду тях някой може да му услужи.","Jireček hastens to reply that he is not acquainted with the manufacturers of essential oils, as his pursuits are of a completely different nature, and besides, he has no free time, but he will tell him where the Bulgarian students gather, so that someone among them might be of service to him."
06_bai_ganyo_at_jirecheks_bul.csv,"— Ако щете, санким — допълня бай Ганьо, — няма да те пресилвам. Аз ще дам и на госпожата (тука ли е тя?) един мускал масло. Познавам я и нея, как не (Иречек не може да се начуди за коя госпожа е думата). Па ако имате тука роднини, приятели, кажете им, че съм донесъл масло — то не е срамота! Аз ще се навъртам по-често около вас, ще си приказваме за България. Па ако обичате, съгласен съм и у вас да остана, додето съм в Прага. А?","— If you like, so to speak — added Bay Ganyo — I won't force you. I'll give the lady (is she here?) a vial of rose oil too. I know her as well, of course (Jireček couldn't help wondering which lady he was talking about). And if you have relatives or friends here, tell them I've brought oil — it’s no shame! I'll be hanging around you more often; we'll have a chat about Bulgaria. And if you like, I’m even willing to stay at your place while I’m in Prague. Eh?"
06_bai_ganyo_at_jirecheks_bul.csv,"— Извинете, но...","— Excuse me, but..."
06_bai_ganyo_at_jirecheks_bul.csv,"— Казвам, санким, ако обичате — обяснява сплетено бай Ганьо, — и мен ми е по-добре на хотела, ама хайде, рекох, Иречек — наш човек...","— I’m saying, I mean, if you please — Bay Ganyo explains in a muddled way, — it’s better for me at the hotel too, but oh well, I said to myself, Jireček — he’s one of us..."
06_bai_ganyo_at_jirecheks_bul.csv,"— Благодаря за вниманието; аз бих ви задържал на драго сърце у дома, но не разполагам с лишни помещения. Днес обаче вий сте наш гост и ще обядвате у нас.","— Thank you for your kindness; I would gladly have you stay at my home, but I do not have any spare rooms. Today, however, you are our guest and will have lunch with us."
06_bai_ganyo_at_jirecheks_bul.csv,"— Да обядваме, защо да не обядваме! — съгласява се бай Ганьо. — И ваша милост, казва се, ако не от мойта — от българска софра все сте яли.","— Let’s have lunch, why not have lunch! — Bay Ganyo agrees. — And your honor, as they say, if not from mine — you’ve surely eaten from a Bulgarian table before."
06_bai_ganyo_at_jirecheks_bul.csv,"Иречек е зает с една спешна работа, която с влизането на бай Ганьо се пресича. Стопанинът седи като на бодли и не знае как по деликатен начин да експедира временно сладкодумния си гост. Той звъни, явява се един слуга, комуто поръчва да съобщи на домашните, че им е пристигнал гостенин от България. Влиза след малко майка му. Бай Ганьо едва се повдига от стола си, прави с ръка едно двойно движение към челото си и снизходително изговаря: „О, здрасти, здраво-живо, дайте да се похванем, ха така, по български. Как сте още? Радвам се.“","Jireček is occupied with an urgent task, which is interrupted by Bay Ganyo's entrance. The host is sitting on pins and needles, unsure of how to delicately and temporarily dispatch his talkative guest. He rings a bell; a servant appears, whom he instructs to inform the household that a guest from Bulgaria has arrived. A moment later, his mother enters. Bay Ganyo barely rises from his chair, makes a double gesture toward his forehead with his hand, and says condescendingly: “Oh, hello there, greetings, let’s shake on it—there we go, the Bulgarian way. How are you doing? Glad to see you.”"
06_bai_ganyo_at_jirecheks_bul.csv,Госпожата го приветствува любезно и с цял ред въпроси показва жив интерес към отечеството на гостенина.,"The lady welcomed him graciously and, with a series of questions, showed a keen interest in the guest's homeland."
06_bai_ganyo_at_jirecheks_bul.csv,"— Е, кажете сега правичката — пита бай Ганьо, — къде е по-хубаво, в Прага ли, в София ли?","— Well, tell the honest truth now — asked Bay Ganyo — where is it better, in Prague or in Sofia?"
06_bai_ganyo_at_jirecheks_bul.csv,"Госпожата е в недоумение, тя не е била в София, а бай Ганьо при тоя въпрос погледва с дяволска усмивка Иречека, като че иска да му внуши своя възглед за жените: „А бе жена нали е, какво ще приказваш с нея?...“","The lady is bewildered; she has never been to Sofia, and at this question, Bay Ganyo looks at Jireček with a devilish smile, as if wishing to impart his own view of women: “Well, she’s a woman, isn’t she? What is there to talk to her about?...”"
06_bai_ganyo_at_jirecheks_bul.csv,"— Негова милост ще обядва днес у дома — обръща се Иречек към майка си и сетне, за да може да продължава занятието си, по немски я моли да заведе бай Ганя в друга стая. Госпожата предлага на бай Ганя да минат в съседната стая. Бай Ганьо погледва проницателно Иречека, погледва и дисагите с мускалите, прави сметка с вежди: „По немски нещо си продумаха, кой знай! Ама не вярвам. Най-сетне министър е бил у нас. А бе то и министрите не са стока я! Ама за тогоз не ми се вярва“ — и след това става нерешително и тръгва по указанието на госпожата към съседната стая, но като дохожда до вратата, обръща се и иска да прочете на лицата на стопаните тяхното намерение и забелязва няколко неми знакове, с които действително в този момент се обмениха домашните; тези знакове означаваха: „Гледай да го занимаеш с нещо по-дълго време, понеже имам много бърза работа“, но бай Ганьо го изтълкува инак.","— ""His Honor will be lunching at home today,"" Jireček says, turning to his mother, and then, so that he might continue his work, asks her in German to take Bay Ganyo into another room. The lady suggests to Bay Ganyo that they move into the adjoining room. Bay Ganyo gives Jireček a piercing look, glances at his saddlebags with the vials, and calculates with his eyebrows: ""They said something in German, who knows! But I don't believe it. After all, he was a minister in our country. Well, even ministers aren't worth much, are they! But I don't believe it of this one""—and then he rises indecisively and follows the lady’s lead toward the adjoining room, but upon reaching the door, he turns back, wanting to read the hosts' intentions on their faces, and notices several silent signs which the family members were indeed exchanging at that moment; these signs meant: ""Try to keep him occupied for a while, as I have very urgent work to do,"" but Bay Ganyo interpreted them differently."
06_bai_ganyo_at_jirecheks_bul.csv,"— Тези неща тука може да ви пречат — заявява той, като показва с очи на дисагите.","— These things here might get in your way — he states, gesturing with his eyes toward the saddlebags."
06_bai_ganyo_at_jirecheks_bul.csv,"— О, никак не. Моля, не се безпокойте — отговаря Иречек.","— Oh, not at all. Please, don't worry — Jireček replied."
06_bai_ganyo_at_jirecheks_bul.csv,"— Ама все ще ви пречат, знам аз. Я чакай да ги взема в другата стая — и посягва да ги вземе, но домашните любезно се съпротивят. — Мигар ме е страх, не, ами така, рекох...","— But they'll still be in your way, I know it. Wait, let me take them into the other room — and he reaches out to take them, but the hosts politely object. — Not that I'm afraid, no, it's just... I just thought..."
06_bai_ganyo_at_jirecheks_bul.csv,"Минуват в приемната стая и госпожата затваря след себе си вратата, за да не се чува шумът в кабинета. Тя се старае всякак да занимае бай Ганя с нещо любопитно: предлага му разни албуми, показва му картини, слага пред него цял куп илюстрации, но умът на бай Ганя е съвсем на друго място и той на любезностите на госпожата с престорено равнодушие отговаря: — Не ща, благодарим: гледайте вий. Колко съм ги гледал аз такива картини и портрети! Не ме гледайте, че съм млад!","They move into the reception room, and the lady closes the door behind her so that the noise doesn't reach the study. She tries her best to occupy Bai Ganyo with something interesting: she offers him various albums, shows him pictures, and places a whole stack of illustrations before him; but Bai Ganyo’s mind is elsewhere entirely, and he responds to the lady’s courtesies with feigned indifference:

— I don’t want any, thank you: you look at them. How many such pictures and portraits I’ve seen! Don’t let my youth fool you!"
06_bai_ganyo_at_jirecheks_bul.csv,"Бай Ганьо поглежда нетърпеливо на своя огромен сребърен часовник и почва един твърде интересен и своевременен разговор: — Аз много съм любопитен да изуча Европа. Ето сега например, да речем, у нас дойде ли пладне — сядат да обядват. У вас инак е наредено. Вий кога обядвате например?","Bay Ganyo looks impatiently at his huge silver watch and begins a most interesting and timely conversation: ""I am very curious to study Europe. Now, for instance, let's say, back home when noon comes—they sit down to lunch. With you, things are arranged differently. When do you have lunch, for example?"""
06_bai_ganyo_at_jirecheks_bul.csv,"— Ний обядваме в 5 часа обикновено, но днес можем да обядваме и по-рано. Извинете, ще ви оставя само за една минутка — каза госпожата и излезе из другите врата.","— We usually have lunch at 5 o'clock, but today we can have lunch earlier. Excuse me, I will leave you for just a minute — said the lady and went out through the other door."
06_bai_ganyo_at_jirecheks_bul.csv,"Бай Ганьо седи сам в салона, зяпа разсеяно картините, час по час плюе по килима (не че е гладен, ами кой знае!), разтрива го с ботушите и се вслушва при най-малък шум в кабинета. Чува той по едно време, че Иречек става от стола си, пристъпва няколко крачки и се спира. „Ама и аз диване, защо не си пренесох дисагите в тая стая.“ Бай Ганьо седи като на тръни; най-сетне не го сдържа, става, пристъпя тихичко по килима към вратата на кабинета, навежда си ухото към дупката на ключалката и слухти; той чува само собственото си често дишане и ударите на кръвта в ушите. Но и тук бай Ганьо не се успокойва, той не вижда нищо през ключалката и като натиска нерешително дръжката на вратата, отваря я, подава си тайнствено главата в кабинета и вижда Иречека, приклекнал близо до дисагите му пред един шкаф с книги.","Bay Ganyo sits alone in the parlor, staring absent-mindedly at the paintings, spitting on the carpet every now and then (not that he’s hungry, but who knows!), rubbing it in with his boots, and listening for the slightest noise in the study. After a while, he hears Jireček get up from his chair, take a few steps, and stop. “What a fool I am, why didn’t I move my saddlebags into this room.” Bay Ganyo sits as if on pins and needles; finally, he can no longer contain himself, gets up, steps quietly across the carpet toward the door of the study, leans his ear against the keyhole, and listens; he hears only his own rapid breathing and the pounding of blood in his ears. But even here Bay Ganyo does not find peace; he sees nothing through the keyhole and, tentatively pressing the door handle, opens it, pokes his head mysteriously into the study, and sees Jireček, crouched near his saddlebags in front of a bookcase."
06_bai_ganyo_at_jirecheks_bul.csv,"Бай Ганьо се хили насреща му: — Хи, хи, хи, работите ли, работите ли? Хи, хи, хи! Чакай, рекох, да надникна. Работете си, нищо, аз пак ще затворя. Иречек го гледа зачудено, без да му мине през ума причината на това своеобразно любопитство.","Bay Ganyo snickers at him:
— Hee, hee, hee, are you working, are you working? Hee, hee, hee! Wait, I said to myself, let me take a peek. Keep on working, it’s nothing, I’ll close the door again.
Jireček looks at him in bewilderment, without the reason for this peculiar curiosity ever crossing his mind."
06_bai_ganyo_at_jirecheks_bul.csv,"Обедът готов. Минуват в обедната стая и сядат около трапезата: родителите на Иречека, сестра му, бай Ганьо и той. Бай Ганьо, преди да почне обедът, начева да се кръсти, хем се усмихва, с което иска да покаже на стопаните, че той не е от онези простите хорица и не че дотам вярва, ама все не е лошо (с дявола сме добре, какво бива и на господа малко тамян да покадим — за зор заман).","Lunch is ready. They move into the dining room and sit around the table: Jireček’s parents, his sister, Bai Ganyo, and he. Before the meal begins, Bai Ganyo starts crossing himself, all the while smiling to show his hosts that he is not one of those simple folk and that it’s not as if he believes all that much, but still, it doesn’t hurt (we’re on good terms with the devil, so why not burn a little incense for the Lord as well—just in case)."
06_bai_ganyo_at_jirecheks_bul.csv,"— Аз съм леберал, от лебералната партия — пояснява той, — ама сегиз-тогиз удрям по едно кръстене, то не е зле, хора сме... Това какво е, супа ли е? А, аз обичам супа. Чорбата е турско ядене. И ний сега повече супа ядем. Ах, пърдон, извинете, оцапах ви бохчата... Ц... ц... ц... Тюх да се не види!...","— I’m a leberal, from the leberal party — he explains — but every now and then I cross myself, it’s no bad thing, we’re only human... What’s this, is it soup? Ah, I love soup. Chorba is a Turkish dish. And we eat more soup now. Ah, pardon, excuse me, I’ve soiled your bundle... Tsk... tsk... tsk... Blast it!..."
06_bai_ganyo_at_jirecheks_bul.csv,"Увлечен от желание да се препоръча за цивилизован човек, бай Ганьо не можа да поеме право чинията със супата, която му подаде стопанката, и изля доста от нея върху масата и додето да му попречат, той събра една част с лъжицата и я изсипа в чинията си. Стопанката не искаше да му позволи да яде от тая супа, но той от деликатност загради чинията си с ръце и не искаше да му я меняват.","Eager to present himself as a civilized man, Bay Ganyo failed to take the soup plate properly as the hostess handed it to him, spilling a good deal of it onto the table; before anyone could stop him, he scooped some of it up with his spoon and poured it back into his plate. The hostess did not want to allow him to eat that soup, but out of ""delicacy,"" he shielded the plate with his hands and would not let her change it."
06_bai_ganyo_at_jirecheks_bul.csv,"— Аз имам чушки в дисагите си — съобщи ненадейно бай Ганьо. Той гореше от желание да си разтрие една чушчица от дребните в супата, която се показа съвсем бледна за неговия стомах, но се стесняваше да извади чушки, да не го помислят за простак, та искаше по-напред да сондира стопаните.","— I have peppers in my saddlebags — Bay Ganyo suddenly announced. He was burning with desire to crush one of those small hot peppers into the soup, which seemed far too bland for his stomach, but he felt self-conscious about taking them out, lest they think him a boor, so he wanted to sound out his hosts first."
06_bai_ganyo_at_jirecheks_bul.csv,— Да? Имате чушки? — обади се Иречек.,— Yes? You have peppers? — Jireček said.
06_bai_ganyo_at_jirecheks_bul.csv,"— Как не, нося си аз чушки; нали знаете, „Българѝя майка мила“ не може без лютичко — казва иронически бай Ганьо и без да чака повече, скача от стола, спуска се в кабинета, домъква дисагите си, прикляква над тях гърбом към стопаните и донася на трапезата две чушки.","— Why, of course, I’ve got my peppers with me; you know, ""Bulgaria, dear mother"" can’t do without a bit of heat — Bay Ganyo says ironically and, without waiting a moment longer, jumps up from his chair, rushes into the study, drags out his saddlebags, squats over them with his back to his hosts, and brings two peppers to the table."
06_bai_ganyo_at_jirecheks_bul.csv,"— Две стигат за петима ни, страшно са люти — заявява той, като изтърсва половина чушка със семките в чинията си и остатъка любезно предлага на стопаните: — На, заповядайте, разтрийте си, хе, хе, хе, по български! Не, не, разтрийте, слушайте мене и ще видите какво нещо е. Е, вий знайте: насила хубост не става. Чакайте аз да си разтрия, че да ви покажа какво се вика супа.","— Two are enough for the five of us, they are terribly hot — he declares, shaking out half a pepper with the seeds into his plate and politely offering the rest to the hosts: — Here, help yourselves, rub some in, heh, heh, heh, the Bulgarian way! No, no, rub it in, listen to me and you'll see what it's like. Well, you know: you can't force beauty. Wait until I rub mine in, so I can show you what a real soup is."
06_bai_ganyo_at_jirecheks_bul.csv,"И наистина, бай Ганьо разлюти супата си до такваз степен, щото един непривикнал човек би се отровил. И почна да сърба; ама сърба българинът, не се шегува, триста псета да се сдавят, не могат го заглуши. Едри капки пот му замрежиха челото и като че се стремяха да рукнат в чинията му. Бай Ганьо сръбне веднъж откъм върха на лъжицата, остави лъжицата и затисне лютата влага с два-три залъка хляб; пак вземе лъжицата, сръбне супа, смръкне с носа си навътре и пак два-три залъка хляб.","And indeed, Bay Ganyo spiced his soup to such an extent that an unaccustomed person would have been poisoned. And he began to slurp; and how the Bulgarian slurps—he is not joking; even if three hundred dogs were fighting, they could not drown him out. Large beads of sweat clouded his forehead, as if striving to pour into his plate. Bay Ganyo would take a sip from the tip of the spoon, set the spoon down, and tamp down the spicy liquid with two or three morsels of bread; then he would take the spoon again, sip some soup, sniffle loudly, and have another two or three morsels of bread."
06_bai_ganyo_at_jirecheks_bul.csv,"— Я ми подайте още едно късче хлебец. Вий съвсем без хляб ядете — учудва се бай Ганьо. — На българѝята дай хляб; ние много хляб ядем; да не се хваля, ама с таквази чорба, пърдон, с таквази супа цял самун хляб изядам. Бас държа.","— Pass me another little piece of bread. You eat with no bread at all — Bay Ganyo wonders. — Give the Bulgarian bread; we eat a lot of bread; not to boast, but with such a stew—pardon, with such a soup—I can eat a whole loaf of bread. I bet you."
06_bai_ganyo_at_jirecheks_bul.csv,"Бас не държаха, но и без това бай Ганьо унищожи доста хлебец.","They didn't make a bet, but Bay Ganyo polished off quite a bit of bread anyway."
06_bai_ganyo_at_jirecheks_bul.csv,"— Туй винце отде го вземате — любопитствува бай Ганьо, не че го интересува отговорът, а така, да намери предлог за още някоя чашка.","— ""Where do you get this wine from?"" Bay Ganyo inquired, not that he cared for the answer, but simply to find a pretext for another glass."
06_bai_ganyo_at_jirecheks_bul.csv,"— Купуваме го — отговаря стопанинът, — добро ли е?",— We'll buy it — the owner replied — is it good?
06_bai_ganyo_at_jirecheks_bul.csv,"— А-а! Чиста стока! Купувате го, а? Я подайте шишето насам. Каквото се е запалил стомахът ми от чушката като нажежено желязо, да ливна сега цялото шише, ще зацвърчи отвътре. Ех, у нас винце, половин лев оката, като му светнеш една окица — тука ли си!... А, оригнах се, прощавайте: туй малко просташко пада, ама пърдон, човещина, не можеш да го задържиш!...","— Ah! Pure stuff! You’re buying it, eh? Pass the bottle over here. My stomach is so on fire from that pepper, like red-hot iron, that if I pour the whole bottle in now, it’ll sizzle inside. Ah, back home, wine is half a lev an oka—when you knock back an oka, there you go!... Ah, I burped, forgive me: that’s a bit crude, but pardon, it’s only human, you can’t hold it in!..."
06_bai_ganyo_at_jirecheks_bul.csv,"Обедът у Иречека благодарение на бай Ганя излезе доста оживен. Кафе им поднесоха в приемната стая. Бай Ганьо в благодарност за вкусния, а главно сития обед, иска да почерпи стопанина с една цигара тютюн и как да се случи тютюнът му в дисагите. Право казано, табакерата беше в джеба му, но трябваше да намери предлог да понавести дисагите, не може той да си остави мускалите така у чужди хора, всичко става на тоя свят.","Lunch at Jireček’s turned out to be quite lively, thanks to Bay Ganyo. Coffee was served to them in the drawing room. Out of gratitude for the delicious and, above all, filling lunch, Bay Ganyo wanted to treat his host to a cigarette, but as it happened, his tobacco was in his saddlebags. To tell the truth, his cigarette case was in his pocket, but he needed to find a pretext to check on his bags; he couldn’t just leave his vials with strangers—anything can happen in this world."
06_bai_ganyo_at_jirecheks_bul.csv,"Бай Ганьо не ще и да чува отказването на стопанина да запуши от тютюна му: ""Как тъй, джанъм, хич може ли да бъде български тютюн да не запуши човек!""","Bay Ganyo won't hear of the host's refusal to smoke some of his tobacco: ""What do you mean, my friend, how could a man not smoke Bulgarian tobacco!"""
06_bai_ganyo_at_jirecheks_bul.csv,"Запуши бай Ганьо и почна с наслаждение да сърба кафето. Ето кое се казва сърбане!... Да се намираш в таквози приятно настроение, да минеш с един събеседник цели часове, да си в стая, дето никой няма да чуе какво приказваш, па и да чуе, няма да те разбере — при тия благоприятни условия да се сдържиш и да не заприказваш за политика, това е вън от силите на бай Ганя. Не може да се сдържи той, изля си душата: — А бе, бай Иречек, я ми кажи твоя милост леберал ли си, консерватор ли си? Май-май, че си консерва, както виждам. И аз, ако питаш, не мога да ги разбера нито едните, нито другите, ама хайде, да не им остане хатъра... Знайш, алъш-вериш е то, не е шега... Па да ти кажа ли правичката... (Тука дали няма някой да ни подслушва?) Да ти кажа ли правичката? — И едните, и другите са маскари!... Ти мене слушай, па се не бой! Маскари са до един!... Ама какво да сториш? Не се рита срещу ръжена!... Търговийка, предприятийца, процеси имам в съдилищата — не може. Не си ли с тях — спукана ти е работата! Па и мене нали ми се иска — я депутат да ме изберат, я кмет. Келепир има в тия работи. Хората пара натрупаха, ти знаеш ли? Хубаво, ама като не им клатиш шапка — дявол не може те избра! Тъй е! Аз съм врял и кипял в тия работи, че ги разбирам... Иречек едва ли се е съмнявал, че гостът му разбира „тия работи“.","Bay Ganyo lit up and began to slurp his coffee with relish. Now that's what you call slurping!... To find yourself in such a pleasant mood, to spend hours with a companion, to be in a room where no one will hear what you're saying, and even if they do, they won't understand you—under such favorable conditions, to restrain oneself and not start talking about politics was beyond Bay Ganyo's strength. He couldn't hold back; he poured his soul out:

— Say, Bay Jireček, tell me, are you a Liberal or a Conservative? It seems to me you're a Conservative, as far as I can see. And if you ask me, I can't understand either of them, but well, let's not offend them... You know, it's business, it's no joke... And shall I tell you the honest truth... (Is there anyone eavesdropping on us here?) Shall I tell you the honest truth? Both of them are scoundrels!... You listen to me, and don't you worry! They're scoundrels, every last one of them!... But what can you do? You can't kick against the goad!... A little trade, little ventures, I've got lawsuits in the courts—it's impossible otherwise. If you're not with them, you're finished! And besides, I want to be elected too—maybe as a deputy, maybe as a mayor. There's profit in these things. People have piled up money, do you know? Fine, but if you don't tip your hat to them—the devil himself couldn't get you elected! That's how it is! I've been through it all, I've seen it all, so I understand these things...

Jireček hardly doubted that his guest understood ""these things."""
07_bai_ganyo_goes_visiting_bul.csv,"Бай Ганьо, като се убеди окончателно, че няма възможност да се настани у Иречека на квартира, дигна си дисагите, без да чува увещанията на стопанина да ги остави у дома му, додето си намери помещение, и тръгна, съпроводен от слугата, за Nàrodny Kavàrna — кафенето, в което се събират българите студенти. Беше вече седем часа, когато той влезе в кафенето с дисагите в ръка и с калпака на главата. Иди, че не го познай кой е и откъде е! Отляво на входа, около една маса, седяха няколко студенти българи.","Bay Ganyo, having finally convinced himself that there was no possibility of lodging at Jireček’s, picked up his saddlebags, ignoring the host’s entreaties to leave them at his home until he found a place, and set off, accompanied by the servant, for the Nàrodny Kavàrna — the café where the Bulgarian students gathered. It was already seven o’clock when he entered the café with the saddlebags in hand and the kalpak on his head. Just try not to recognize who he was and where he came from! To the left of the entrance, around a table, sat several Bulgarian students."
07_bai_ganyo_goes_visiting_bul.csv,"Един от тях видя входящия съотечественик и сбута другите: „Българин, българин!“ Всички се обърнаха в момента, когато бай Ганьо спря един келнер, носещ поднос с кафета, и като се стараеше колкото е възможно повече да изкриви българските думи, за да ги направи понятни за чужденеца, попита с висок глас: „Дека овде български малчики?“ — и придружи въпроса с движение на главата и свободната си ръка. Дружен смях от лявата страна прекрати недоумението на келнера. Бай Ганьо се обърна и позна своите черноокички, чернокосички, сгушени съотечественици.","One of them saw the entering compatriot and nudged the others: ""A Bulgarian, a Bulgarian!"" Everyone turned at the moment when Bay Ganyo stopped a waiter carrying a tray of coffees and, trying as much as possible to mangle the Bulgarian words to make them intelligible to the foreigner, asked in a loud voice: ""Where here Bulgarian boys?"" — accompanying the question with a movement of his head and his free hand. A collective laugh from the left side ended the waiter's bewilderment. Bay Ganyo turned and recognized his dark-eyed, dark-haired, huddled compatriots."
07_bai_ganyo_goes_visiting_bul.csv,"— О-о! Добър ден! Тука ли сте биле? — извика той от сърце, сложи дисагите и почна да граби ръцете на студентите. — Какво ме гледате? Не бойте се, българин съм... Я ми направете място да седна.","— Oh! Good day! So this is where you were? — he cried out heartily, set down his saddlebags, and began grabbing the students' hands. — Why are you staring at me? Don't be afraid, I'm Bulgarian... Come on, make some room for me to sit down."
07_bai_ganyo_goes_visiting_bul.csv,"— Как ви казват, господине — полюбопитствува един от студентите.","— What is your name, sir? — one of the students asked curiously."
07_bai_ganyo_goes_visiting_bul.csv,— Мене ли? Защо питаш? Ганьо Балкански. Донесох във вашата Прага малко гюлово масло — ей го тука в дисагите.,"— Me? Why do you ask? Ganyo Balkanski. I’ve brought some rose oil to your Prague — here it is, right here in the saddlebags."
07_bai_ganyo_goes_visiting_bul.csv,— Тъй ли? — извика в патриотически екстаз един от по-младите студенти. — Я дайте да го видим.,— Is that so? — cried one of the younger students in patriotic ecstasy. — Let’s see it.
07_bai_ganyo_goes_visiting_bul.csv,Той наистина беше чувал само за розово масло.,He really had only heard of rose oil.
07_bai_ganyo_goes_visiting_bul.csv,"— Какво ще му гледаш, масло като масло — отговори бай Ганьо, — то не е за вас. Оставете вий маслото, па ми кажете друго: де да се настаня? Бях сега у бай Иречека...","— What is there to look at, it’s just oil like any other — answered Bay Ganyo, — it’s not for you. Forget about the oil and tell me something else: where can I stay? I’ve just been at Bay Jireček’s..."
07_bai_ganyo_goes_visiting_bul.csv,— Тъй ли? — извика пак екзалтираният студент.,— Is that so? — the exalted student cried out again.
07_bai_ganyo_goes_visiting_bul.csv,"— Как „тъй ли“? Че защо да не му отида? Отидох — мисля, ще си покаже човещината, ще ме покани у тях на гости. Тая вяра! Тясна ми, кай, квартирата, па не знам какво, па не знам що. Обичал, кай, българите... Той ли! Като има келепир, и бай ти Ганьо знае да обича. — Тъй ли се посреща българин? Българин!... Да не ви излъжа, нахрани ме човека. И то каква храна — нейсе, запуши я!... Къде са по-гостоприемни българите; българинът, една стая да има, пак ще те покани...","— What do you mean ""is that so""? Why shouldn't I have gone to see him? I went—thinking he’d show some decency, invite me over to his place. Such faith! My apartment is cramped, says he, and I don’t know what else, and this and that. He loved Bulgarians, says he... Him! When there’s a profit in it, even your Uncle Ganyo knows how to love. — Is that how you welcome a Bulgarian? A Bulgarian!... To tell you the truth, the man did feed me. And what food it was—anyway, never mind that!... Bulgarians are far more hospitable; a Bulgarian, even if he has only one room, he’ll still invite you in..."
07_bai_ganyo_goes_visiting_bul.csv,Някои от студентите почнаха да се сещат накъде бие бай Ганьо и чакаха от минута на минута да си открие картите. Само екзалтираният студент се отнесе съчувствено към думите му и сподели явно неговото възмущение от негостоприемството на чужденците.,Some of the students began to realize what Bay Ganyo was driving at and were waiting from minute to minute for him to show his hand. Only the exalted student reacted sympathetically to his words and openly shared his indignation at the inhospitality of the foreigners.
07_bai_ganyo_goes_visiting_bul.csv,"— Наистина, нашите българи са много гостоприемни — потвърди той с най-голяма увереност, — тукашните не искат да те знаят. Киснем тук из кафенетата...","— ""Indeed, our Bulgarians are very hospitable,"" he confirmed with the utmost confidence, ""the locals here don't want to know you. We just hang around these cafes..."""
07_bai_ganyo_goes_visiting_bul.csv,"Студентът, който каза тия думи, беше много напреднал в цивилизацията, но кой знае защо не се ползуваше с особена репутация между своите другари; види се, някои грехове лежаха на душата му; говореха между другото, че много обичал „да удря келепир“. Не е за чудо! Тоз пусти грях — скъперничеството — по зараза на окръжающата домашна среда вгнездява се почти от детски години; изсушава душата на младия човек, като го превръща в най-студен егоист: нищо нежно, нищо благородно не остава у него. Материалният интерес управлява всичките действия на скъперника и определя отношенията му към окръжающите: никакво морално подбуждение не предшествува, никакво разкаяние не следва действията му, насочени без разбор на средствата към добиване на изгоди. Даже тогава, когато тия действия влекат бедствие или позор за някого, и тогава вместо угризения егоистът-скъперник сеща доволство, като че загубата на другите е негова печалба, нещастието на другите е негово щастие. Едно би смутило нашия млад егоист — да го надхитрува някой. Когато в другите народи думата „хитър“ е синоним с лукав, вероломен и прикачена на някое лице, би го понижила в мнението на обществото, у нас с епитета хитър се кичат като с най-почтена декорация: „Брей! Хитро момче излезе, да е живо на баща си, всинца ни измами! Не можахме да го излъжем! Ашколсун. Браво!“","The student who said those words was very advanced in civilization, but for some reason, he did not enjoy a particularly good reputation among his comrades; it seemed that certain sins weighed upon his soul; it was said, among other things, that he was very fond of ""striking a bargain."" And no wonder! This wretched sin—avarice—by the contagion of the surrounding domestic environment, takes root almost from childhood; it withers the soul of the young man, turning him into the coldest of egoists: nothing tender, nothing noble remains in him. Material interest governs all the actions of the miser and determines his relations with those around him: no moral impulse precedes, and no remorse follows his actions, which are directed toward obtaining profit without any regard for the means. Even when these actions bring disaster or disgrace upon someone, even then, instead of remorse, the miserly egoist feels satisfaction, as if the loss of others were his gain, and the misfortune of others his happiness. Only one thing would trouble our young egoist—to be outsmarted by someone. While among other nations the word ""cunning"" is synonymous with being devious or treacherous, and when attached to a person would lower them in the estimation of society, here the epithet ""cunning"" is worn like the most honorable of decorations: ""My! What a cunning lad he turned out to be; long life to his father, he fooled us all! We couldn't trick him! Well done! Bravo!"""
07_bai_ganyo_goes_visiting_bul.csv,"Никакви действия и отношения нямаха смисъл за Бодкова — тъй се казваше той, — ако от тях не произтичаше нещо   кьораво,   някой келепир. (Дали има в европейските езици думи, съответствующи на тия, в това им значение?) Ако посещаваше тамошните семейства, това не го правеше от общителност, от желание да се запознае с начина на живота у по-цивилизованите кръгове; умствените и нравствените интереси на това общество не само че не го занимаваха, но му бяха и в тягост — те като че бяха скучни интервали, нестърпими паузи, които го разделяха от целта на посещенията му — от кьоравото: я някое угощенийце, я някоя разходка на тяхна сметка. Той не можеше да си представи познанство с жени без задни мисли. Държеше цял списък на моми — коя колко зестра има; друго не го интересуваше в това отношение. Също така интересът определяше отношенията му към другарите. Ласкателства, злословия, интрижки и доноси бяха оръдията на неговите изгоди. Даже такива неща като национални и племенни симпатии и антипатии му служеха само да извлича лична полза. Неведнъж е бъркал той в кесиите на разни славянски комитети ту като „от Батак“, ту като „емигрант“. Но за тия работи Асланов е по̀ майстор.","No actions or relationships had any meaning for Bodkov—that was his name—unless they resulted in some ""freebie,"" some easy profit. (Are there words in European languages corresponding to these, in this particular sense?) If he visited the local families, he did not do so out of sociability or a desire to become acquainted with the lifestyle of more civilized circles; the intellectual and moral interests of that society not only failed to engage him but were a burden to him—they were like boring intervals, intolerable pauses that separated him from the goal of his visits—from the ""freebie"": be it a little feast or an outing at their expense. He could not imagine an acquaintance with women without ulterior motives. He kept a whole list of maidens—how much dowry each had; nothing else interested him in that regard. Likewise, self-interest determined his relationships with his comrades. Flattery, slander, petty intrigues, and denunciations were the tools of his personal gain. Even things such as national and tribal sympathies and antipathies served him only as a means to extract personal profit. More than once he had dipped into the purses of various Slavic committees, posing now as a survivor ""from Batak,"" now as an ""emigrant."" But in these matters, Aslanov was the greater master."
07_bai_ganyo_goes_visiting_bul.csv,"Такъв беше екзалтираният студент, който поддържа бай Ганя в мнението му за егостоприемството на чужденците. — Да, киснем тука из кафенетата, никой не ни кани на гости — повтори той в угода на бай Ганя.","Such was the exalted student who supported Bay Ganyo in his opinion regarding the hospitality of foreigners.
— Yes, we just languish here in the cafes, no one invites us over — he repeated, to please Bay Ganyo."
07_bai_ganyo_goes_visiting_bul.csv,"— Ами ти де искаш да те оставят да киснеш? — обади се с презрителна усмивка един студент с жлъчен изглед, който, види се, отдавна таеше ненавист към младия егоист. — На ръце ли искаш ти да те носят? Защо? Затуй ли, че неуспял още прага на къщата им да прескочиш, ти ще закачиш първо слугинята, която те посрещне в коридора! Затуй ли, че в тяхното общество ти или като дъб мълчиш, или разтваряш уста само да бръщолевиш пошлости и глупости? Затуй ли, че в лицето им ще ги възхваляваш до небеса, а зад гърба им ще ги злословиш? Затуй ли, че ще им пуснеш прах в очите и ще се препоръчаш за син на милионерин-фабрикант или притежател на кораби, когато баща ти има два чарка за гайтан или две пробити враници — само за да можеш да обаеш родителите и да увлечеш дъщеря им? Защо ще те приемат с разтворени обятия? Кой си ти? Какъв си им? Кому в очите пъхаш твоето гостоприемство? И какво е туй твое прехвалено гостоприемство! — Туй ли, че българинът ще ти постеле мазна постелка и ще те завие със съмнително алище? Ах, оставете, ради бога, тия дивашки самохвалства! Не е ли време да си отворим вече очите?",
07_bai_ganyo_goes_visiting_bul.csv,"— Какво си се запалил бе? Сега ли му намери времето да се караш — обади се един от студентите, — когато ни е дошъл гост?",— What are you so fired up about? Is this the time to be picking a fight — one of the students spoke up — when we have a guest?
07_bai_ganyo_goes_visiting_bul.csv,"— Нека се поизприкаже човека, пари не иска я? — успокои го бай Ганьо с този типичен аргумент: „П а р и   н е   и с к а   я!“ Може да говори, каквото ще, да върши, каквото ще, само пари да не иска, само да не се косва до нашия джеб, до нашите интереси. Може и да лъже, пари не иска я!","— Let the man talk a bit, he’s not asking for money, is he? — Bay Ganyo reassured him with this typical argument: “H e   i s n ’ t   a s k i n g   f o r   m o n e y,   i s   h e!” He can say whatever he wants, do whatever he wants, as long as he doesn’t ask for money, as long as he doesn’t touch our pocket, our interests. He can even lie, he’s not asking for money!"
07_bai_ganyo_goes_visiting_bul.csv,"Но след този случаен инцидент не можа вече да се поддържа дружен разговор. Компанията утихна и един след други почнаха да си разотиват. Останаха от българите само бай Ганьо и екзалтираният студент, който не искаше да пропусне случая да извлече някоя полза от своята случайна среща с българския търговец на розово масло. — Претъркули се тенджурата, че си намери капака.","But after this chance incident, it was no longer possible to maintain a convivial conversation. The group fell silent, and one by one, they began to disperse. Of the Bulgarians, only Bai Ganyo and the over-excited student remained; the latter did not want to miss the opportunity to derive some benefit from his chance encounter with the Bulgarian rose oil merchant. — The pot rolled over and found its lid."
07_bai_ganyo_goes_visiting_bul.csv,"Не се измина един час, и студентът успя така да наклепе другарите си пред бай Ганя, щото го накара от все сърце да извика: „Ашколсун кьопоолар!“ След още един час бай Ганьо беше вече в стаята на студента, който умя доста изкусно да експлоатира в своя полза дохождането на гостенина, когото препоръча на хазяите си за свой роднина, милионер, който „има сума фабрики за розово масло“. Той успя да заемне от хазяйката — на която не беше плащал доста отдавна наема за стаята — десет гулдена. Додето в едната стая студентът превъзнасяше богатствата на бай Ганя, в съседната стая бай Ганю беше вече съблякъл антерията си и търсеше в нея нещо с голямо внимание, като мъмреше под носа си: „Пак се навъдил тоя пусти гад.“ Понятието за чистота не е развито в твърде висока степен у бай Ганя. „Хич жив човек без гад бива ли?“ — казват старите хора у нас и успокоени с тази аксиома, не препятствуват твърде усърдно на размножаването на животинките. Па и защо ще се лишават от едно такова удоволствие: пекнало слънце, че защо му е туй слънце, ако не може да излезе на чардака, да се изтегне на рогозката, да кихне два-три пъти от праха й, че да дойде баба му, че да си сложи главата на коляното й, па тя да си завре костеливите пръсти с траурни нокте в косата му и като че требе ориз, да почне чук! — отсам, чук! — оттатък, че като се изплашат животинките, че като плъзнат по главата, па едно приятно гъделичкане, че като запее бабата, а онова ти слънце балканско пекнало! Идилия...","Not an hour had passed, and the student managed to slander his comrades before Bay Ganyo so thoroughly that he made him cry out from the bottom of his heart: “Bravo, you rascals!” After another hour, Bay Ganyo was already in the student’s room, who had managed quite skillfully to exploit the guest’s arrival for his own benefit, recommending him to his landlords as his relative, a millionaire who “owns a multitude of rose oil factories.” He managed to borrow ten guilders from the landlady—to whom he had not paid the room rent for quite a long time. While in one room the student was extolling Bay Ganyo’s riches, in the adjoining room Bay Ganyo had already stripped off his *anteriya* and was searching for something in it with great attention, muttering under his breath: “That cursed vermin has bred again.” The concept of cleanliness is not developed to a very high degree in Bay Ganyo. “Can a living soul ever be without vermin?” say the old folk in our country, and comforted by this axiom, they do not hinder the reproduction of the little creatures too zealously. And why should they deprive themselves of such a pleasure: the sun has come out, and what is the use of that sun if one cannot go out onto the veranda, stretch out on the mat, sneeze two or three times from its dust, and have his grandmother come, and lay his head on her knee, and she sticks her bony fingers with mourning nails into his hair and, as if she were sorting rice, starts *click!*—here, *click!*—there, and when the little creatures get frightened and scurry over his head, and there is a pleasant tickling, and the grandmother starts singing, and that Balkan sun of yours is shining! An idyll..."
07_bai_ganyo_goes_visiting_bul.csv,"Бай Ганьо, след като свърши своите ентомологически издирвания, възстанови си тоалета и без да почука, влезе в съседната стая, но тозчас извика: „Пърдон!“ — и имаше защо: той завари в твърде нежно vis a vis студента и дъщерята на стопанката — те бяха се прегърнали, както подобава на две млади влюбени сърца. Момата, засрамена, избяга в другата стая.","Bay Ganyo, after finishing his entomological searches, restored his attire and, without knocking, entered the adjacent room, but instantly cried out: ""Pardon!"" — and with good reason: he found the student and the landlady's daughter in a most tender *vis-à-vis* — they were embracing, as befits two young hearts in love. The girl, shamed, fled into the other room."
07_bai_ganyo_goes_visiting_bul.csv,— А бе защо влизаш така? Засрами момичето — каза с ироническо подмигване студентът.,"— Hey, why are you coming in like that? You've embarrassed the girl — the student said with an ironic wink."
07_bai_ganyo_goes_visiting_bul.csv,"— Ударил си келепира! — пошепна таинствено бай Ганьо с очи, светнали като на манастирски котарак. — Лъскава, дявол да я вземе! Слугиня ли е?","— You’ve hit the jackpot! — Bay Ganyo whispered mysteriously, his eyes gleaming like a monastery tomcat’s. — A sleek one, devil take her! Is she a maid?"
07_bai_ganyo_goes_visiting_bul.csv,— Каква слугиня! Дъщеря на хазяйката!,— What a servant! The landlady's daughter!
07_bai_ganyo_goes_visiting_bul.csv,"— Тъй ли? Тука не можеш да ги разбереш коя е слугиня, коя е господарка, все лъскави, все чисто облечени. Изпречи се някоя насреща ти, хили се така мазно-мазно, мислиш, слугиня е, закачиш я, вземеш си беля на главата; изпречи се друга, хубавичка, смирена, мислиш, ха това е господарката, станеш й на крака, поканиш я да седне, тя се срами — хелбетя! — говориш й с политика, па сетне я видиш, че ти чисти ботушите!","— Is that so? You can't tell them apart here—who's the maid and who's the mistress; they’re all so polished, all dressed so cleanly. One comes across you, grinning all oily-like; you think she’s a maid, you accost her, and you bring trouble on your head. Another one comes along, pretty and modest; you think, ""Aha, this is the mistress,"" you stand up for her, invite her to sit down, she acts all shy—naturally!—you speak to her with great ceremony, and then later you see her cleaning your boots!"
07_bai_ganyo_goes_visiting_bul.csv,"От разказите на студента, акомпанирани с разни жестове, с които той украшаваше и даваше повече сила и значение на думите си, бай Ганьо узна, че младият момък от няколко месеца под вид на чиста любов атакира с една неотразима настойчивост дъщерята на своята хазяйка-вдовица.","From the student’s accounts, accompanied by various gestures with which he embellished and lent more force and significance to his words, Bay Ganyo learned that for several months, under the guise of pure love, the young man had been assailing the daughter of his widowed landlady with irresistible persistence."
07_bai_ganyo_goes_visiting_bul.csv,"— И тя, диването — пояснява разказвачът, — се надява, че ще я взема за жена! Нека се надява и нека ме храни хубавичко, нека ми ший ризи. Да беше някоя богата — разбирам да я вземе човек, ами тя фукара като мене. Увива се около мене, защото ме счита за богаташ. Я да ме знае какъв съм, ще ламти ли? Страшни спекулантки са тукашните! Ама и аз зная да ги въртя я? — И той разправи надълго и нашироко как ги върти...","— And she, the silly thing — the narrator explains — hopes that I’ll take her as my wife! Let her hope, and let her feed me well, let her sew shirts for me. If she were some rich girl — I could understand a man marrying her — but she’s a pauper just like me. She hangs around me because she thinks I’m a rich man. If she only knew what I really am, would she be so greedy? The local women here are terrible schemers! But I know how to play them, don’t I? — And he went on at great length about how he plays them..."
07_bai_ganyo_goes_visiting_bul.csv,"— Ашколсун! — извика бай Ганьо с маслени очи, възхитен от младия събеседник.","— Bravo! — cried Bay Ganyo with oily eyes, delighted by his young interlocutor."
07_bai_ganyo_goes_visiting_bul.csv,"— Чакай де, че само това ли е? Ако е това, хич да не е! Друга, друга една има, хвърлил съм око на нея, ама кой знай! На, ней да мога да завъртя мозъка — има какво да се удари. Богата! За утре съм поканен у тях на гости, че ще ме водят на едно село на разходка.","— Wait a minute, is that all? If that's it, it's nothing! There's another one, another one I've got my eye on, but who knows! Now, if I could just turn her head—there’s a real prize to be had there. She's rich! I'm invited to their place tomorrow; they're taking me on an outing to a village."
07_bai_ganyo_goes_visiting_bul.csv,— Ами на фабриките кога ще ме водиш? — попита практическият бай Ганьо.,— And when are you going to take me to the factories? — asked the practical Bay Ganyo.
07_bai_ganyo_goes_visiting_bul.csv,"— Лесна работа, в други ден. Ти утре остани тука, върти се около тях, те, като те видят, че не знаеш език, няма да те оставят да идеш на гостинницата, ще те поканят у тях и ще се наядеш бадева.","— Easy enough, the day after tomorrow. You stay here tomorrow, hang around them; when they see you don't know the language, they won't let you go to the inn, they'll invite you to their place and you'll get a free meal."
07_bai_ganyo_goes_visiting_bul.csv,"И наистина, на другия ден сутринта рано студентът отиде на гости, а бай Ганьо остана в квартирата само с хазяите. Както обикновено, и този ден той стана много рано, събуди и изпрати другаря си и чака още цял час, додето да се събудят стопанките. Това чакане беше много тежко за него, той чувствуваше някаква голяма нужда, като всеки човек, па забрави да попита и студента где е онова и — ще не ще — трябваше да чака да станат домашните и — срам не срам — да ги попита. Много е лошо, като не знае човек език на чужбина, за най-простото нещо не могат да те разберат, все трябва с ръце, с пръсти да им разправяш, да им показваш... А пък всяко нещо показва ли се? Бай Ганьо знаеше езици, по турски да ти приказва като турчин, влашки разбираше, сръбски, руски чат-пат, но немците и чехите не разбират ни един от тези езици. Не може да се каже, че бай Ганьо съвсем не знаеше немски, знаеше някоя и друга дума.","And indeed, early the next morning, the student went out visiting, while Bay Ganyo remained in the lodgings alone with the hosts. As usual, on this day too, he rose very early, woke and saw off his companion, and waited for a whole hour more until the landladies woke up. This waiting was very difficult for him; he felt a certain great need, like any human being, but had forgotten to ask the student where *that place* was, and—willy-nilly—he had to wait for the household to get up and—shame or no shame—ask them. It is a very bad thing when one does not know the language in a foreign land; they cannot understand you even for the simplest thing, and you must always explain with your hands and fingers, showing them... But then, can everything be shown? Bay Ganyo knew languages: he could speak Turkish to you like a Turk, he understood Vlach, Serbian, and Russian every now and then, but the Germans and Czechs did not understand a single one of these languages. It could not be said that Bay Ganyo knew no German at all; he knew a word or two."
07_bai_ganyo_goes_visiting_bul.csv,"В съседната стая стопанките станаха и се разшаваха. Бай Ганьо погледна през ключалката не от някое неприлично любопитство, а да види дали са вече облечени и внимателно, със затаено дишане, като се запознаваше с техния тоалет, съчиняваше в ума си една фраза по немски, която да отговаря на нашето: „Де е онова, за голяма работа?“ — и най-сетне от буквалния превод скомбинира фразата: „Wo is diese fur gross Arbeit?“ — Чук! чук! чук!","In the next room, the hostesses got up and began to stir. Bay Ganyo peered through the keyhole, not out of any indecent curiosity, but to see if they were already dressed; and carefully, with bated breath, as he familiarized himself with their toilette, he was composing a phrase in German in his mind that would correspond to our: “Where is that thing, for the big business?” — and finally, from a literal translation, he cobbled together the phrase: “Wo is diese fur gross Arbeit?” — Knock! knock! knock!"
07_bai_ganyo_goes_visiting_bul.csv,— Prosim! — обадиха се от съседната стая два женски гласа.,— Come in! — two female voices called out from the next room.
07_bai_ganyo_goes_visiting_bul.csv,"Бай Ганьо отвори вратата, каза едно „пърдон“ и срамежливо изрече: —  Wo is diese fur gross Arbeit? — и пошава с пръсти за усилване на въпроса.","Bay Ganyo opened the door, said a ""pardon,"" and shyly uttered: — Wo is diese fur gross Arbeit? — and wiggled his fingers to emphasize the question."
07_bai_ganyo_goes_visiting_bul.csv,"— Co, pàn? — попита в недоумение момата, като се стараеше да разгледа външността на препоръчания от любовника й милионер.","— Co, pan? — the girl asked in bewilderment, trying to examine the appearance of the millionaire recommended by her lover."
07_bai_ganyo_goes_visiting_bul.csv,"— Fur gross Arbeit? — повтори още по-сконфузен бай Ганьо и пак пошава с пръсти и с глава, но забеляза, че не го разбраха.","— Fur gross Arbeit? — repeated Bay Ganyo, even more abashed, and again gestured with his fingers and head, but he noticed that they did not understand him."
07_bai_ganyo_goes_visiting_bul.csv,"Разбраха го те, но не тъй, както трябваше; жените помислиха, че той им съобщава, че е дошъл да върши големи работи, голяма търговия с розово масло.","They understood him, but not as they should have; the women thought he was informing them that he had come to do great things, a major trade in rose oil."
07_bai_ganyo_goes_visiting_bul.csv,"„Хай, дявола! — мисли си бай Ганьо. — Какво да правя сега?“ — И за да не бъде поне дъщерята свидетел на неговото затруднително положение, той повика с ръка майката в стаята си, затвори вратата и след като повтори пак по немски въпроса, допълни го този път с една отчаяна мимика, която накара дамата да избяга, задавена от сдържан смях, в другата стая. Яви се слугинята и удовлетвори любопитството на бай Ганя. Едно трио от непрекъснат женски смях покърти стените.","""The devil!"" thought Bay Ganyo. ""What am I to do now?"" And so that at least the daughter would not be a witness to his awkward predicament, he beckoned the mother into his room, closed the door, and after repeating the question in German once more, he supplemented it this time with a desperate gesture, which caused the lady to flee into the other room, choking with suppressed laughter. The maid appeared and satisfied Bay Ganyo’s curiosity. A trio of continuous female laughter shook the walls."
07_bai_ganyo_goes_visiting_bul.csv,"Ароматът, изходящ през отворените врата на кухнята в коридора, подразни апетита на бай Ганя и той от любопитство надникна да види какво готвят. Там бяха стопанката и слугинята.","The aroma wafting through the open kitchen doors into the hallway whetted Bai Ganyo’s appetite, and out of curiosity, he peeked in to see what was cooking. The landlady and the maid were there."
07_bai_ganyo_goes_visiting_bul.csv,"— Was ist das? — попита бай Ганьо с един снизходителен тон, не толкова от желание да се запознае с кулинарното изкуство на чехите, колкото да покаже, че е врял и кипял из Европа и ги знае тези работи, па знае и по немски да говори. — Супа, нали? Супа готвите? Зная аз. Ich versten supa!","— Was ist das? — asked Bay Ganyo in a condescending tone, not so much out of a desire to acquaint himself with the culinary arts of the Czechs as to show that he had been around Europe and knew these things, and that he could speak German as well. — Soup, right? You're cooking soup? I know. Ich versten supa!"
07_bai_ganyo_goes_visiting_bul.csv,"И бай Ганьо с една смес от немски, български и изкривено български, подпомогнат и от внушителни жестикулации, даде на стопанката да разумее, че той не би се отказал да опита вкуса на тяхната кухня. Като видя, че жените показаха по-голяма склонност да се обясняват на чешки език, и бай Ганьо обърна на „чешки“ и подкрепи снизходителното си желание с думите: „я хочем кушай“, като изтълкува тия думи с многократно допиране на пръстите си до отворените си уста, и сетне, като посочи трите си пръста, бутна гърдите си с указателния пръст, бутна същия пръст към гърдите на хазяйката и трети път посочи в пространството, като че показваше на невидимата дъщеря на хазяйката, т. е. „да кушай барабар, троица!“ За бай Ганьо беше важно още да знае в кой час ще обядва, понеже се канеше да иде на разходка, та да не пропусне обеда, и сетне „давай пари за ядене, додето има без пари, кьораво“, и затова той извади огромния си часовник и като го поднесе пред носа на стопанката, накара я с пръст да му покаже на стрелките кога ще „кушай“. Когато се убеди,че работата е наред, бай Ганьо влезе в стаята си, натъпка мускалите в пояса си и излезе на улицата да се разходи, па хем ще се разходи, хем може да наскочи някой мющерия за розово масло.","And Bai Ganyo, using a mixture of German, Bulgarian, and distorted Bulgarian, aided by impressive gesticulations, let the landlady understand that he would not mind sampling their cuisine. Seeing that the women showed a greater inclination to express themselves in Czech, Bai Ganyo also switched to ""Czech"" and supported his condescending desire with the words: ""ya hochem kushay,"" interpreting these words by repeatedly touching his fingers to his open mouth; then, holding up three fingers, he poked his chest with his index finger, poked the same finger toward the landlady's chest, and a third time pointed into the air, as if indicating the landlady's invisible daughter—meaning, ""to eat together, all three of us!"" It was also important for Bai Ganyo to know at what time he would be lunching, as he intended to go for a walk and didn't want to miss the meal and then ""have to pay for food when there's a freebie to be had""; so he pulled out his enormous watch and, thrusting it under the landlady's nose, made her point to the hands to show him when he would ""kushay."" Once satisfied that everything was settled, Bai Ganyo went into his room, stuffed the vials into his sash, and headed out for a stroll—partly for the walk itself, and partly on the off chance he might run into a customer for his rose oil."
07_bai_ganyo_goes_visiting_bul.csv,"Гледа бай Ганьо, улици много се пресичат, може да се сбърка пътя, може да се изгуби и като практичен човек поогледа се наоколо да забележи някой знак, по който да може да познае къщата, и видя на срещната страна, на една задна стена, надпис с големи букви; той извади тефтерчето си, наслюни плайваза, написа едно точно копие от надписа и напълно уверен, че има в ръцете си най-точния адрес на квартирата си, впусна се из тесните улици на стара Прага, па ха туй да погледне, ха онуй да погледне, ха тук мющерия, ха там мющерия увлече се и оставете, че се увлече, ами побърка пътя. Ами сега? Че като тръгна да си дири къщата, че като се забатачи още повече из еврейските улици, па минува час, минуват два часа, задъни се в някоя къща — няма изход, тръгне по друго направление, върви, върви и изскочи на брега на Вълтава. „Хай, дявола, ами сега?“ Па оставете другото, ами дойде време за обед, дойде, че и замина. Подпретнал се оня ми ти бай Ганьо, крачи ли, крачи, станал вир-вода, запъхтял се, на нищо не прилича. Хората, които той срещаше, особено полицейските, го поглеждаха подозрително: това още повече го смути. „Хай, дявола, ами сега?“ Пък гладен, в стомаха му революция, но за какъв бяс ще си дава паричките на вятъра, когато е поканен на обед?","Bai Ganyo saw that many streets intersected, that one could easily take the wrong path or get lost, and being a practical man, he looked around for some sign by which he might recognize the house. On the opposite side, on a back wall, he saw an inscription in large letters; he pulled out his notebook, licked his pencil, wrote down an exact copy of the inscription, and, fully confident that he held the most precise address of his lodgings in his hands, he set off through the narrow streets of old Prague. Now he’d look at this, now he’d look at that, here a customer, there a customer—he got carried away, and not only did he get carried away, but he lost his way. Now what? When he started searching for his house, he got even more bogged down in the Jewish streets; an hour passed, two hours passed, he hit a dead end in some building—no way out; he tried another direction, walked and walked, and popped out on the banks of the Vltava. ""Damn it all, now what?"" And to top it off, lunchtime came; it came and it went. That dear Bai Ganyo of ours, with his sleeves tucked up, trudged and trudged, becoming soaked with sweat, panting, looking like a total sight. The people he encountered, especially the policemen, looked at him suspiciously: this unsettled him even more. ""Damn it all, now what?"" And he was hungry, a revolution was brewing in his stomach, but why the devil should he throw his money to the wind when he had been invited to lunch?"
07_bai_ganyo_goes_visiting_bul.csv,"Но, ще речете вий, защо се лута бай Ганьо из улиците, когато адресът е в джеба му? Е че там е работата я! И бай Ганьо не е прост, мигар мислите вий, че той не се сети да извади тефтерчето си, да поспре тогоз-оногоз на улицата и като му посочи написания адрес, да го попита с пръсти „накъде“. Знае той тия работи, спира той и мъже, и жени, но чудно нещо — когото спре да попита, щом му посочи написаното, или ще го изгледат зачудено и ще се изсмеят, или ще се отвърнат от него с негодувание. Една дама, вероятно някоя нервозна стара девица, като й показа адреса, така се сопна насреща му, че и бай Ганьо изгуби кураж. „Хай, дявола, или аз съм побъркан, или цяла Прага е подлудяла“ — мисли си той и не може да се начуди на ефекта, който произвежда неговият написан адрес; хем си мисли, хем се оглежда и по едно време — не е ли туй щастие? — гледа, пред него изпъква Nàrodny Kavàrna, кафенето, дето се събират българите студенти. Влиза бай Ганьо вътре и намира сърдития студент.","But, you might say, why does Bai Ganyo wander the streets when the address is in his pocket? Well, that’s just the point! And Bai Ganyo is no fool; do you really think it didn’t occur to him to take out his notebook, stop this person or that on the street, and, pointing to the written address, ask with his fingers “which way”? He knows how these things are done; he stops both men and women, but a strange thing happens—whoever he stops to ask, as soon as he shows them what is written, they either look at him in amazement and burst out laughing, or turn away from him with indignation. One lady, likely some nervous old maid, when he showed her the address, snapped at him so sharply that even Bai Ganyo lost his nerve. “The devil take it, either I’m crazy or all of Prague has gone mad,” he thinks to himself, unable to fathom the effect his written address produces; and as he ponders, he looks around and suddenly—isn’t that a stroke of luck?—he sees rising before him the *Nàrodny Kavàrna*, the café where the Bulgarian students gather. Bai Ganyo goes inside and finds the angry student."
07_bai_ganyo_goes_visiting_bul.csv,"— Добър ден! А бе я ми кажи, твоя милост, аз ли съм луд, тукашните хора ли са луди? — пита бай Ганьо, запъхтян, с прилепнали на челото мокри коси.","— Good day! Tell me, my good man, am I crazy, or are the people here crazy? — asks Bay Ganyo, out of breath, with wet hair plastered to his forehead."
07_bai_ganyo_goes_visiting_bul.csv,"Студентът го изгледа въпросително. Бай Ганьо му разказа как се е заблудил, как е разпитвал за къщата си по адреса и какво му са отговаряли.","The student looked at him questioningly. Bay Ganyo told him how he had lost his way, how he had inquired about his lodgings using the address, and what they had told him in response."
07_bai_ganyo_goes_visiting_bul.csv,"Студентът, като знае, че чехите, груби и фанатици само спрямо немците, инак са доста любезни, не може да се начуди как така да не услужат на бай Ганя.","The student, knowing that the Czechs—rude and fanatical only toward the Germans, but otherwise quite courteous—could not help but wonder how it was that they would not do a favor for Bai Ganyo."
07_bai_ganyo_goes_visiting_bul.csv,"— Я прочети, моля ти се, какво пише тука! — и бай Ганьо поднесе тефтерчето.","— Read, please, what is written here! — and Bay Ganyo held out the little notebook."
07_bai_ganyo_goes_visiting_bul.csv,"Студентът го прочете:, отначало се понамръщи, че като прихна!...","The student read it:, at first he frowned slightly, then he burst out laughing!..."
07_bai_ganyo_goes_visiting_bul.csv,— На някоя дама показахте ли тоя адрес? — попита той през смеха.,— Did you show this address to any lady? — he asked through his laughter.
07_bai_ganyo_goes_visiting_bul.csv,— Защо? Показах го зер! Е?,"— Why? I showed it, after all! Well?"
07_bai_ganyo_goes_visiting_bul.csv,— Е? Знаете ли какво е написано тук?,— Well? Do you know what is written here?
07_bai_ganyo_goes_visiting_bul.csv,— Какво?,— What?
07_bai_ganyo_goes_visiting_bul.csv,— Написано е „...Zde je zapovedeno...“ „Тук е запретено да се...“ Ти си го преписал от някоя стена.,"— It is written ""...Zde je zapovedeno..."" ""It is forbidden here to..."" You copied it from some wall."
07_bai_ganyo_goes_visiting_bul.csv,"— Има хас! Гледай! Ц... ц... ц! Истина ли казваш? Гледай! — каза бай Ганьо, поцъка малко с езика си, па почна и той да се смее.","— Well, I'll be! Look at that! Tsk... tsk... tsk! Are you telling the truth? Look at that! — said Bay Ganyo, clicked his tongue a little, and then he too began to laugh."
07_bai_ganyo_goes_visiting_bul.csv,"Студентът не знаеше квартирата на Бодкова, те не си ходеха един у други, и затова посъветва бай Ганя да почака, та все ще дойде някой българин да му укаже къщата. Лесно е да се каже „почакай“, ама бай Ганьовият стомах да видим дали е на същото мнение! А че не беше на същото мнение, това го доказа демонстративно с едно нескончаемо куркане.","The student did not know Bodkov’s lodgings—they were not on visiting terms—and so he advised Bai Ganyo to wait, for some Bulgarian or other would surely come along to show him the house. It is easy to say “wait,” but let’s see if Bai Ganyo’s stomach was of the same opinion! And that it was not of the same opinion, it proved demonstratively with an endless rumbling."
07_bai_ganyo_goes_visiting_bul.csv,"— Вий да не сте гладни? — попита го студентът, като чу революционните сигнали.","— Are you hungry? — the student asked him, hearing the revolutionary signals."
07_bai_ganyo_goes_visiting_bul.csv,"— Кой, аз? — Не съм — поизлъга бай Ганьо, защото, ако кажеше истината, онзи ще му покаже гостинницата, а съвсем не иде да му се признае („Как ще му кажа на таквоз опърничаво хлапе!“), че го чака келепир ядене у стопанките.","— Who, me? I'm not — Bai Ganyo lied slightly, because if he told the truth, the other would show him the inn, and it wouldn't do at all to admit to him (""How could I tell such a stubborn brat!"") that a free meal awaited him at the hostesses' place."
07_bai_ganyo_goes_visiting_bul.csv,"Разговор между бай Ганьо и ""опърничавото хлапе"" не можа да се завърже. От първа среща и инстинктивно някак те сетиха, че не са един за друг, защото според българската пословица (ех, че изящни пословици е създал българският гений!) „краставите магарета през девет баира се подушват“. Единият дошъл от България, другият живял в Европа, все би имало какво да поприказват, понеже все пак трябва да има някоя различка между Запада и нашата татковина. Впрочем тая разлика бай Ганьо не я сещаше, и как ще я сети! Той, дето ходи, носи със себе си своя атмосфера, свои нрави и обичаи, търси си жилище по своите вкусове, среща все свои хора, на които е навикнал и в които, разбира се., не вижда нищо ново: отиде ли във Виена, той ще се спре в хотел „Лондон“, там е също така задушено, също мирише на кухня и на сернисти водород, както и у дома му; среща се със същите турци, арменци, сърби, арнаути, каквито е привикнал да среща всеки ден; няма да иде в кафе „Хабсбург“, понеже го е страх да не го оскубят, а ще влезе пак в гръцкото кафене, което е също тъй нечисто и задушено от вечен дим, както са и нашите кафенета. За търговия ли отива, ще иде при българите търговци, а чрез тях той даже не сеща, че влиза в съприкосновение с европейци. А че именно вън от тая ограничена сфера се почва европейският живот, той нито знае и като че не иска даже и да знае. Възпитанието, нравственият мир на европееца, домашната му обстановка — плод на вековна традиция и постепенно усъвършенствуване умственото движение, — обществените борби и начинът на воденето им, музеите, библиотеките, филантропическите учреждения, изящните изкуства, хилядите проявления на прогреса не обременяват вниманието на бай Ганя.","A conversation between Bay Ganyo and the ""stubborn kid"" failed to take root. From their very first meeting, they instinctively sensed that they were not meant for each other, for according to the Bulgarian proverb (oh, what exquisite proverbs the Bulgarian genius has created!) “scabby donkeys can smell each other from nine hills away.” One had just arrived from Bulgaria, the other had been living in Europe; surely they would have had something to talk about, since there must be at least some small difference between the West and our fatherland.

In fact, Bay Ganyo did not notice this difference—and how could he! Wherever he goes, he carries his own atmosphere, his own manners and customs; he seeks out lodgings that suit his tastes and meets only his own kind of people, to whom he is accustomed and in whom, naturally, he sees nothing new. If he goes to Vienna, he will stay at the Hotel London, where it is just as stifling and smells just as much of the kitchen and hydrogen sulfide as it does back home; there he meets the same Turks, Armenians, Serbs, and Arnauts he is used to seeing every day. He won't go to the Café Habsburg for fear of being fleeced; instead, he will duck into the Greek café, which is just as filthy and choked with eternal smoke as our own coffeehouses. If he goes for business, he seeks out Bulgarian merchants, and through them, he doesn't even realize he is coming into contact with Europeans.

As for the fact that European life begins precisely outside this narrow sphere, he neither knows it nor, it seems, does he even care to know. The upbringing, the moral world of the European, his domestic environment—the fruit of centuries of tradition and the gradual refinement of intellectual thought—social struggles and the manner in which they are conducted, museums, libraries, philanthropic institutions, the fine arts, and the thousands of manifestations of progress do not weigh upon Bay Ganyo’s attention."
07_bai_ganyo_goes_visiting_bul.csv,"""Чунким баща ми все опери е слушал"" — каже бай Ганьо и обаян от този принцип на окаменелост и ултраретроградство, не се стряска твърде много от „новата мода“, т. е. от цивилизацията. Но при всичко това бай Ганьо няма доблестта на китайците — да се огради със стена против нахлуването на цивилизацията — и при всичко че го въодушевява принципът „баща ми това не е правил и аз няма да го правя“, но току видиш, че си облякъл чиста риза, турил си ръкавици, па кога го назорят, облича и фрак, сърди се, смее се, ама облича фрака. Чуваш го, че казва „pardon“, говори за „костентуцията“, похвалява се сам-там, че обича „супа“, когато всъщност една люта чорба би предпочел от всички европейски гозби.","""As if my father was always listening to operas,"" Bay Ganyo would say, and charmed by this principle of fossilization and ultra-retrogradism, he is not overly startled by the ""new fashion,"" i.e., by civilization. Yet, for all that, Bay Ganyo lacks the valor of the Chinese—to wall himself in against the invasion of civilization—and despite being inspired by the principle ""my father didn't do this, and neither will I,"" you'll suddenly see that he's put on a clean shirt, donned gloves, and when pressed, he even puts on a frock coat; he grumbles, he laughs, but he puts on the frock coat. You hear him saying ""pardon,"" talking about the ""constentution,"" boasting here and there that he loves ""soup,"" when in fact he would prefer a spicy *chorba* over all European dishes."
07_bai_ganyo_goes_visiting_bul.csv,"— А, ето че иде едно българче, то знае квартирата на Бодкова — заяви ""опърничавото хлапе""...","— Ah, here comes a Bulgarian boy; he knows Bodkov's lodgings — declared the ""stubborn kid""..."
07_bai_ganyo_goes_visiting_bul.csv,"— Хайде да ме водиш у дома — обърна се бай Ганьо към българчето с такъв   тон,   който би трябвало да изчезне и в отношенията ни към ленивите слуги; но думите ""вежливост"", „учтивост“ са новооткраднати от руски език, „деликатност“ е взета назаем от французите, а у нас най-подходящ за тия понятия термин е думата „лигавене“. Тия меки, нежни, сърдечни обръщения, които характеризират отношенията на цивилизованите хора и които правят живота по-благ, по-приятен — са непонятни за бай Ганя; говори, както дал господ: „Хайде бе, ей, я чувай, заведи ме у дома.“ А какво ще рече то: „Моля ви се, имайте добрината, бъдете тъй любезен“, какви са тези лигавения!...","— ""Come on, take me home,"" Bay Ganyo turned to the Bulgarian youth with a tone that should have vanished even from our treatment of lazy servants; but the words ""politeness"" and ""courtesy"" are newly stolen from the Russian language, ""delicacy"" is borrowed from the French, and in our country, the most suitable term for these concepts is the word ""slobbering."" Those soft, gentle, heartfelt forms of address that characterize the relations of civilized people and make life milder and more pleasant are incomprehensible to Bay Ganyo; he speaks as God gave him: ""Come on, hey, listen here, take me home."" And what is the meaning of: ""I beg of you, have the kindness, be so kind""—what is all this slobbering!..."
07_bai_ganyo_goes_visiting_bul.csv,"Българчето заведе бай Ганя до портата на квартирата му и се върна. Бай Ганьо погледна нещастния надпис на срещната стена, закани му се с глава, поцъка с езика си и влезе в къщата. В коридора не срещна никого, надникна в кухнята — там огънят беше вече изгасен, съдовете изчистени и наредени. „Тюх, язък, пропуснах келепира“ — измъмра бай Ганьо, влезе в стаята си, приклекна над дисагите си, извади из пояса си мускалите, наблъска ги вътре, измъкна размасления кашкавал, отряза си сух хлебец и почна да задушава революцията, като мляскаше до такава степен апетитно, щото и най-ленивата швейцарска крава би му завидяла. За да раздразни своите уморени от непроизводителен труд лимфатически органи, той пропусна в пищевода си една раздъвкана арнаутска чушка, която го накара да се просълзи и да придружи мляскането си с подсмъркване. Слугинята, която шеташе в съседната стая, като дочу странните звукове, с които бай Ганьо акомпанираше закуската си, отвори вратата и надникна в стаята: бай Ганьо срамежливо прикри с гърба си дисагите, обърна своето просълзено и запотено лице, каза: „пърдон!“, смръкна енергически с носа си и пропъди слугинята, т. е. не че й каза да си излезе, но тя побърза да избяга, като помисли, че милионеринът може да е получил някое скръбно известие.","The young Bulgarian led Bay Ganyo to the gate of his lodgings and returned. Bay Ganyo looked at the wretched inscription on the opposite wall, shook his head threateningly at it, clicked his tongue, and entered the house. In the corridor, he met no one; he peeked into the kitchen—the fire there was already out, the dishes cleaned and put away. ""Tsk, what a pity, I missed the freebie,"" Bay Ganyo muttered, entered his room, crouched over his saddlebags, took the vials out of his sash and stuffed them inside, pulled out the greasy kashkaval, cut himself a piece of dry bread, and began to stifle the revolution, smacking his lips so appetizingly that even the laziest Swiss cow would have envied him. To stimulate his lymphatic organs, tired from unproductive labor, he sent down his esophagus a chewed-up hot pepper, which made his eyes water and caused him to accompany his smacking with a sniffle. The maid, who was tidying up in the next room, hearing the strange sounds with which Bay Ganyo accompanied his snack, opened the door and peeked into the room: Bay Ganyo shyly shielded the saddlebags with his back, turned his tearful and sweaty face, said ""Pardon!"", gave a vigorous sniff, and drove the maid away—that is to say, not that he told her to leave, but she hurried to flee, thinking that the millionaire might have received some mournful news."
07_bai_ganyo_goes_visiting_bul.csv,"Бодков не се върна вечерта. Надвечер стопанките се прибраха; в кухнята пак се запали огън и почнаха да готвят вечеря. Бай Ганьо се счита вече фамилиарен, „па най-сетне, с жени какво ще се церемониш“ — дума той и без всяко предисловие влиза в кухнята и разправя повече с мимика, отколкото с думи, че се е заблудил из улиците и пропуснал обеда, но все едно — има да взема един обед, ще го навакса с една вечеря. Бай Ганьо разбира и от кулинарно изкуство и не само че разбира, но и всяко нарушение на тоя занаят го възмущава. Видя той например, че стопанката се готвеше да сложи в кипящата вода една прясна риба, и въстава с всичката си енергия, хвана ръката на стопанката, измъкна с другата ръка рибата и направи знак с ръка и с глава, с което искаше да каже: „Стойте, не шавайте, само гледайте как се готви риба!“ „Сол“! — командува бай Ганьо. Дават му сол, той си подпретва ръкавите до лактите на влакнатите ръце, бръква в солницата с недотам деликатните си пръсти и почва да соли и да разтрива отвън и отвътре и без туй насолената риба. „Червен пипер!“ — ама де ще имат тия диванета червен пипер! „Чер пипер“ — командува бай Ганьо, граби пипера и търка по рибата. „Скара!“ — тръби тържествующият готвач, но тук не можаха да го разберат, при всичките му жестове, па и той сам назърна наоколо и не можа да забележи скара; но туй препятствие ли е за бай Ганя? Не е той вчерашен! Като взе щипците, нарина всичкия огън пред отвърстието на пещта, остави другите гозби да почиват (то добре, че бяха вече готови), разкрачи щипците, сложи върху тях рибата и рече да я вмъкне в пещта, но вратицата тесни, закачи се рибата, подхлъзна се и — цап! — в огъня. „Ай!“ — извика стопанката. „Нищо, нищо!“ — успокои я бай Ганю, грабна рибата, издуха налепените въглени и пепел и пак я тури на скарата. Дим и рибена миризма напълниха цялата кухня. Стопанките — в отчаяние, бай Ганьо сияй, той е сега в сферата си; хем пече рибата и духа, и подсмръква, раздразнен от апетитния дим, хем командува със свободната си и омацана от обръщането на рибата ръка да слагат трапезата, за да не изстине неговата гозба: „Прясна риба не е ли гореща — хвърли я!“ Рибата, опечена, с оваляна в пепелта опашка и глава, сложиха в една чиния и под любезната команда на бай Ганя: „Скоро! Скоро! Додето е гореща, дайте лимон и вино, без вино две пари не чини!“ — насядаха около трапезата, като пратиха слугинята да тича за лимон и вино. Какво ще правят! Милионеринът няма да си измени привичките за тяхно удоволствие я! Стопанката посегна да нареже рибата. „Моля, моля, моля! Сакън!“ — извика бай Ганьо и й хвана ръката, сетне обърна рибата откъм гърба, натисна я сам-там с двата си пръста и тя се разцепи на две половини. Е, иди, че не тържествувай! Донесе слугинята лимон, разряза го бай Ганьо, хвана половината с цяла шепа и го изцеди над чинията с таквоз старание, щото и месестите части на лимона попадаха над рибата. Как мислите, дали няма бай Ганьо апетит? Надали толкова лимонов сок изтече в чинията, колкото слюнки преглътна бай Ганьо. И вино донесоха. Почна се вечерята.","Bodkov did not return that evening. Towards evening, the hostesses returned; a fire was lit in the kitchen again, and they began preparing dinner. Bai Ganyo already considered himself one of the family—""after all, why stand on ceremony with women,"" he says—and without any preamble, he enters the kitchen and explains, more with gestures than words, that he had lost his way in the streets and missed lunch, but no matter—he was owed a lunch and would make up for it with a dinner. Bai Ganyo also understands the culinary arts, and not only does he understand them, but any violation of the craft outrages him. For instance, seeing the hostess preparing to put a fresh fish into boiling water, he rose up with all his energy, grabbed her hand, snatched the fish with his other hand, and signaled with hand and head, as if to say: ""Stop, don't move, just watch how fish is cooked!"" ""Salt!"" Bai Ganyo commands. They give him salt; he rolls up his sleeves to the elbows of his hairy arms, reaches into the salt cellar with his none-too-delicate fingers, and begins to salt and rub the fish inside and out, even though it was already salted. ""Paprika!""—but where would these fools get paprika! ""Black pepper!"" Bai Ganyo commands, grabs the pepper, and rubs it onto the fish. ""A grill!"" trumpets the triumphant cook, but here they couldn't understand him despite all his gestures, and he himself glanced around and couldn't spot a grill; but is this an obstacle for Bai Ganyo? He wasn't born yesterday! Taking the tongs, he raked all the fire to the mouth of the oven, let the other dishes rest (it was just as well they were already done), spread the tongs wide, placed the fish on them, and attempted to shove it into the oven, but the door was narrow; the fish caught, slipped, and—splat!—into the fire. ""Oh!"" cried the hostess. ""Nothing, nothing!"" Bai Ganyo reassured her, snatched the fish, blew off the stuck coals and ash, and put it back on the ""grill."" Smoke and the smell of fish filled the entire kitchen. The hostesses were in despair; Bai Ganyo was beaming—he was in his element now. While roasting the fish, blowing on it, and sniffing, stimulated by the appetizing smoke, he used his free hand—greasy from turning the fish—to command them to set the table so his dish wouldn't get cold: ""If fresh fish isn't hot—throw it away!"" The fish, roasted, its tail and head rolled in ash, was placed on a plate, and under Bai Ganyo’s ""gracious"" command: ""Quickly! Quickly! While it’s hot, bring lemon and wine; without wine, it’s not worth a penny!""—they sat around the table, having sent the maid running for lemon and wine. What could they do! The ""millionaire"" wasn't going to change his habits for their pleasure, was he! The hostess reached out to cut the fish. ""Please, please, please! Heaven forbid!"" cried Bai Ganyo, grabbing her hand; then he turned the fish onto its back, pressed it here and there with his two fingers, and it split into two halves. Well, how could one not triumph! The maid brought a lemon; Bai Ganyo sliced it, gripped a half in his whole fist, and squeezed it over the plate with such diligence that even the pulp of the lemon fell onto the fish. What do you think, does Bai Ganyo have an appetite or not? Hardly as much lemon juice flowed into the plate as the saliva Bai Ganyo swallowed. And the wine was brought. Dinner began."
07_bai_ganyo_goes_visiting_bul.csv,"Карлсбад и не зная още какъв си бад препоръчват ескулапите на страдающите от катар в стомаха. Я да вземат тези страдающи за ухото, че да ги сложат на трапезата пред бай Ганя, па нека стомасите им бъдат развалени повече и от ючбунарските улици... ще видите какъв ефект ще им произведе зрелището!... Яде бай Ганьо, брей, не се шегува, яде, та ушите му плющят! Всичките органи на тялото му са в движение, а зъбите, езикът и носът на първо място. Ето де съзнава човек бледността и бедността на езика! С какви думи, с какви междуметия, с какви препинателни знакове, най-сетне с какви музикални ноти е възможно да се изобразят тия мляскания, грухкания, смъркания, тракания, цъкания, смукания, които като град се сипят от бай Ганя!... Блазе на стопанките! Не всяка чехкиня ще има щастието да се наслади от таквози зрелище.","Carlsbad and I know not what other -bad the Aesculapians recommend to those suffering from stomach catarrh. Let them take these sufferers by the ear and seat them at the table before Bay Ganyo, even if their stomachs are more ruined than the streets of Yuchbunar... you shall see what an effect the spectacle will have on them!... Bay Ganyo is eating, boy, he’s not joking; he eats so his ears flap! Every organ of his body is in motion, with his teeth, tongue, and nose leading the way. This is where one realizes the paleness and poverty of language! With what words, what interjections, what punctuation marks, or finally, what musical notes is it possible to depict those smackings, gruntings, snifflings, clatterings, clickings, and suckings that pour from Bay Ganyo like a hailstorm!... Blessed are the hostesses! Not every Czech woman will have the good fortune to enjoy such a spectacle."
07_bai_ganyo_goes_visiting_bul.csv,"Нахраниха се най-сетне. Минаха в приемната стая. Бай Ганьо, зачервен като божур, току суче мустакито, току се пооригва с шепа, току мъмре „пърдон“. Разположиха се на столовете. Бай Ганьо завъртя една цигара, омаслена от пръстите му, и почна да смучи и да издухва през мустаките си облаци дим. Не е ли този най-сгодният момент за наслаждение: за музика, за песни, за любов? Момата улучи настроението на милионерина и го попита дали обича музика. Кой? Бай Ганьо ли? Ами че ако бай Ганьо не обича музиката, кой други ще я обича? Кой други е можал да внуши на циганите, сиреч на музикантите, такъв респект към себе си, както бай Ганю? Само като им мигне с око, погледнете вий какво става с тия цигани! Огън! Огън! Завий оная ти цигулка, запищи онзи ти кларнет!","They finally finished eating. They moved into the drawing room. Bay Ganyo, red as a peony, kept twirling his mustache, kept belching into his hand, and kept muttering ""pardon."" They settled into the chairs. Bay Ganyo rolled a cigarette, greasy from his fingers, and began to puff and blow clouds of smoke through his mustache. Is this not the most suitable moment for enjoyment: for music, for songs, for love? The young woman caught the millionaire's mood and asked him if he liked music. Who? Bay Ganyo? Why, if Bay Ganyo doesn't love music, who else will? Who else has been able to inspire such respect in the Gypsies—that is, the musicians—as Bay Ganyo? Just with a wink of his eye, look what happens to those Gypsies! Fire! Fire! Let that violin wail, let that clarinet shriek!"
07_bai_ganyo_goes_visiting_bul.csv,"Снагата ти е топола,","Your figure is a poplar,"
07_bai_ganyo_goes_visiting_bul.csv,на мойто сърце кат` два кола.,on my heart like two stakes.
07_bai_ganyo_goes_visiting_bul.csv,На фустаня ти тегеля,I'm stitching your dress
07_bai_ganyo_goes_visiting_bul.csv,изгори на мен джигеря...,You burned my heart...
07_bai_ganyo_goes_visiting_bul.csv,"— Сус 6е, ченгене! Не ща аз любовни! На ракия ми свири! — извика им бай Ганьо и тракне с чашата по масата. Почнат „Каран-каранфилчето“, бай Ганьо тракне с чашата, спрат. Почнат „Не щеми ний богатство“ — пак тракне с чашата. Обърнат на „Зелен листец“. „Ха, видяхте ли сега! Е-е-е-е-х! Гел кефим, гел!“... — и бух шишето в земята или в прозореца... Е, кой е майсторът на тия работи? И веднъж ли е било, дваж ли е било? Ама   т и я   ж е н и   откъде ще знаят кой е бай ти Ганьо! И да им разправяш колко стъкла си строшил с музика, не могат те разбра!...","— Shut up, you Gypsies! I don't want love songs! Play me some drinking music! — Bay Ganyo shouted at them and banged his glass on the table. They start “The Dark Carnation,” Bay Ganyo bangs his glass, they stop. They start “We Want No Wealth” — he bangs his glass again. They switch to “Green Leaf.” “Ha, see that now! E-e-e-e-h! Come, my joy, come!”... — and smash goes the bottle on the ground or through the window... Well, who is the master of these things? And was it just once, or twice? But   t h e s e   w o m e n   how would they know who your Bay Ganyo is! Even if you tell them how many windowpanes you've smashed to music, they can't understand you!..."
07_bai_ganyo_goes_visiting_bul.csv,"— Обичам музика! — изговори снизходително бай Ганьо. — Обичам музика! — повтори той и си разклати главата, което по негово мнение изражаваше печалната необходимост да слуша за хатъра на жените едно нещастно дрънкане на пиано. „Какво разбирате вий от срвирня, от мохабет?“ — мисли си бай Ганьо.","— I love music! — Bay Ganyo uttered condescendingly. — I love music! — he repeated and shook his head, which in his opinion expressed the sad necessity of listening to a pathetic tinkling of a piano for the sake of the women. “What do you understand of music-making, of a *muhabet*?” — Bay Ganyo thought to himself."
07_bai_ganyo_goes_visiting_bul.csv,"Момата отвори пианото и почна едни нескончаеми пиеси из „Prodana nevesta“ от Smetana. Под пръстите й се посипаха звуковете, които довеждат до екстаз всяка чешка душа. Майка й, която вероятно хиляда и първи път чуваше тия пиеси, тънеше в блаженство а в погледа й, обърнат към бай Ганя, светеше национална гордост и самодоволство; тя държеше глава в такт според темпа на пиесата, ту adagio, ту allegro, като че пунктираше с носа си нотите на фиоритурите. От време на време тя с очи правеше знакове на бай Ганя, предупредяваше за настъпването на някой любим момент в пиесата, а милионеринът отговаряше: „Внимавай, твоя милост, мен недей гледа, колко съм ги чувал   а з   т а к в и з!...“ И за да подкрепи на дело този си знак, той стана от стола именно в тоя момент, когато стопанката очакваше да се наслади от ефекта, който Smetana ще произведе върху бай Ганя, и набързо, с един план в главата отиде в стаята си, взе от дисагите си отворения за проба мускал и върна се в приемната стая, подмигна на майката: „гледай кое ще произведе ефект“, пристъпи на пръсти към увлечената от музиката мома и — страшен дявол бил тоз бай Ганьо! — отвори мускала с розовото масло и полекичка го бутна под носа на момата. Тя, като почувствува дъха на потната бай Ганьова ръка, вмирисана на риба, обърна се с отвращение и унесена от музиката, в първия миг го погледна намръщено, но моментално дойде в съзнание, че пред нея стои милионеринът и й се хили, и я пита: „Вашия Сметана ли по̀ чини, или туй, дето го помириса, а?“ — и затъкна мускала в пояса си... Момата престана да свири. Почна бай Ганьо... (Какво казахте? — не можах да ви разбера!)... Почна да свири небрежно с един пръст, без да седне на стола: „Колкото да им дам на тези да разберат, че и ний малко-много проумяваме от тия ваджии.“ У един бай Ганьов роднина беше изпаднала една ръчна хармоника с клавиши, та сегиз-тогиз, като се намери на кеф, и бай Ганьо си е чупил пръстите да изкалъпи някоя песен. Сега той почна едно сепнато pizzicato, което по негово мнение изображаваше песента: „Открадна ла“ сей, бабината, сла-сланин-каа, сланинка, откраднала сей бабината сланинка... която „Сланинка“ цяла е открадната от чешката „Slaninka“.",
07_bai_ganyo_goes_visiting_bul.csv,"— Pan hraje „Slaninku“, maminko! — съобщи откритието си момата.","— The gentleman is playing ""Bacon"", Mother! — the girl announced her discovery."
07_bai_ganyo_goes_visiting_bul.csv,"— „Сланинка“ зер — обади се бай Ганьо, — вий отде я знаете?","— ""Bacon, indeed,"" Bay Ganyo spoke up, ""how do you know about it?"""
07_bai_ganyo_goes_visiting_bul.csv,"Възхитен от успеха, бай Ганьо седна на стола, за да свири, вече основателно, нещо по-сериозно. А какво може да бъде по-сериозно от „Нощ е ужасна“? Почна бай Ганьо да   с в и р и,   но остана сам недоволен от изпълнението. И твърде естествено! „Нощ е ужасна“ не е създадена за пиано; звуковете се пресичат: бутнеш клавиша на „ужа-а-а-сна-а!“ и се пресече гласът; друго нещо е хармониката! Като си туриш пръста на „... жа-а-а-сна-а-а...“ — натискай майка му стара! Половин час да ти бучи, натискай, извивай на талази, додето ти дойде кефът! А пък с пиано — дрън, дрън, вятър! Видя бай Ганьо, че ще отслабне ефектът, произведен от „Сланинката“, помисли, помисли, па реши: „А бе чакай да взема да изпея аз „Нощ е ужасна“ на тия женоря!...“ Позамисли се той, искаше да се настрои печално, в духа на жалната песен, въздъхна веднъж отдълбоко, тури си десницата на ухото, задряма с очи, че като зина!...","Delighted by his success, Bai Ganyo sat down at the stool to play something more serious, now with good reason. And what could be more serious than ""The Night is Terrible""? Bai Ganyo began to p l a y, but even he was dissatisfied with the performance. And quite naturally so! ""The Night is Terrible"" was not made for the piano; the sounds are cut short: you strike the key on ""terri-i-i-ble!"" and the note breaks off; the accordion is a different matter entirely! When you put your finger on ""...ri-i-i-ble...""—press it, damn it all! Let it drone for half an hour, keep pressing, let it swell in waves until your heart's content! But with a piano—plink, plank, it’s all for nothing! Bai Ganyo saw that the effect produced by ""The Little Bacon"" was beginning to fade; he thought and thought, then decided: ""Wait, let me just sing 'The Night is Terrible' to these womenfolk!..."" He paused for a moment, wanting to get into a mournful mood in the spirit of the sorrowful song; he gave a deep sigh, cupped his right hand over his ear, half-closed his eyes, and then—how he bellowed!..."
07_bai_ganyo_goes_visiting_bul.csv,"„Grandissimo maestro Verdi! Ти нямаш, ти не можеш да имаш врагове! Но ако, паче чаяния, би се явил някой изрод, той ще бъде самият сатана. Бог е велик, Esimio Maestro! — и всичките стрели на злия дух са безсилни против тебе! Едно само... само едно средство може да употреби лукавият и целият музикален свят ще се покрие с траур... Ний ще се молим, моли се и ти, Divin Maestro, на всемогущия създател, да не допусне сатаната да те въведе в салона, в който бай Ганьо пее „Нощ е ужасна“... И когато твоят тънчайши слух се покърти с непонятните за тебе диви, нечеловечески звукове, Злият дух да ти открие ужасната истина със сатанинския си смях: Ха! ха! ха! Верди! Това е песен от твоята   б о ж е с т в е н а   „Травиата“! Ха! ха! ха! ха-а!!...“","„Grandissimo maestro Verdi! You have no, you cannot have enemies! But if, against all expectations, some monster were to appear, he would be Satan himself. God is great, Esimio Maestro! — and all the arrows of the evil spirit are powerless against you! Only one... only one means can the Deceiver use, and the entire musical world will be covered in mourning... We shall pray, and you pray too, Divin Maestro, to the almighty creator, that he may not allow Satan to lead you into the salon where Bay Ganyo is singing “The night is terrible”... And when your most refined hearing is shaken by the wild, inhuman sounds incomprehensible to you, the Evil Spirit shall reveal the terrible truth to you with his satanic laughter: Ha! ha! ha! Verdi! This is a song from your   d i v i n e   “La Traviata”! Ha! ha! ha! ha-a!!...“"
07_bai_ganyo_goes_visiting_bul.csv,"—  Късно стана вече, господа — каза срамежливият Илчо, като погледна часовника си, — среднощ! Хайде да си ходим, па други път, с божата воля, пак ще поприказваме за бай Ганя.","— It's late already, gentlemen — said the shy Ilcho, looking at his watch, — midnight! Let's go home, and some other time, God willing, we shall talk of Bai Ganyo again."
07_bai_ganyo_goes_visiting_bul.csv,"— А бе, Илчо, я ми кажи, защо мразиш толкова българските песни? — обади се Дравичката на излизане. — Кой? Аз да ги мразя? Съжалявам, гълъбче, че лошо си ме разбрал. Аз съм в състояние да се възхитя, да се забравя, да се захласна до екстаз от хубавите наши меланхолични народни песни, но от българските песни, а не от онези гнуснави пародии на чуждестранните вулгарни песни, които байганьовците ни предават изкълчени до неузнаваемост чрез ония цигански форшлаги и къртения на гърлото с пиянски трели и фиоритури... Ний имаме песни, но нямаме певци. Аз съм готов да прегърна своя враг, ако ми изпее, както трябва, песента „Богдане, бог да те убие“ или „Я запретни, Вело моме, бели ръкави“ и да погледна накриво приятеля си, когато видя, че се възхищава от „Зелен листец“, „Каранфилчето“ и други такива цигански прелести...","— Say, Ilcho, tell me, why do you hate Bulgarian songs so much? — Dravichkata piped up on the way out.

— Who? Me, hate them? I’m sorry, my dear fellow, but you’ve misunderstood me completely. I am capable of admiring, of losing myself, of being entranced to ecstasy by our beautiful, melancholy folk songs—but by the *true* Bulgarian songs, and not those revolting parodies of vulgar foreign tunes that our ""Bay Ganyos"" deliver to us, distorted beyond recognition with those Gypsy grace notes and throat-wrenching drunken trills and fiorituras... We have songs, but we have no singers. I am ready to embrace my enemy if he sings ""Bogdane, bog da te ubie"" or ""Ya zapretni, Velo mome, beli rakavi"" as they should be sung, and to look askance at my friend when I see him admiring ""Zelen listets,"" ""Karanfilcheto,"" and other such Gypsy ""delights""..."
08_bai_ganyo_in_switzerland_bul.csv,"— Ами ти бе, Дравичка, защо мълчиш, не знаеш ли нещо за бай Ганя? — попита един от компанията нашия весел приятел Дравичката.","— And what about you, Dravichka, why are you silent? Don't you know something about Bai Ganyo? — one of the group asked our cheerful friend Dravichka."
08_bai_ganyo_in_switzerland_bul.csv,"— Как да не зная бе, брате, зная сума работи, но как да ги разкажеш? — отговаря с престорена скромност Дравичката.","— How could I not know, brother? I know a great many things, but how can one tell them? — Dravichkata replied with feigned modesty."
08_bai_ganyo_in_switzerland_bul.csv,— Как ще ги разкажеш! Да имам аз твоите уста!,— How you tell them! If only I had your mouth!
08_bai_ganyo_in_switzerland_bul.csv,"— Е добре, слушайте:","— Well then, listen:"
08_bai_ganyo_in_switzerland_bul.csv,"Отидох едно лято на разходка в Женлоз, знайте го, в Швейцария. Взех си стая в един хотел и излязох да се разходя из града. Град — прекрасен, околности — и живописни, и величествени. Разхождам се така, безцелно, зяпам наляво-надясно и от улица на улица излязох на площада, дето е оперният театър. Гледам насреща едно елегантно кафене: чакай, рекох си, да се отбия да си почина малко. От входа надясно виждам една стъклена преграда с отворен изглед към площада и влизам — хем ще пия кафе, хем ще гледам кой минува. И какво заварвам там! Цели три маси заети с българи студенти! Е, идете да казвате, че българите нямат вкус за изящност! В такъв красив град, в най-хубавата част на града, в най-елегантното кафене заели най-хубавото място! Шум, дим, кибрити и димящи цигари по земята, тракане, вик, крамоли!... Тук играят табли, там префа, отвъд trenta una!... И чувам от всички страни: „Шеш-беш!... Купи!... Дай парите! Джехар и ек!... Защо ми гледаш картите бе!... Garзon!... Първи на вторите!... Дю-беш!... Лъжеш, не е дюбеш!... Trenta una... Пики!... Garзon!... Ти хабер нямаш от префа!... Не ща ум от социалисти!... Дюбара!... И аз не ща ум от чорбаджии!... Цакам!... Подлец!... Garзon! С декорациите ли се гордееш?... Спатии!... Ами ти с руските чифути ли? Господа, ахмака иде!   Ха, ха, ха!... Garзon un chope! Дай ми още един франк назаем бе!... Ти си батакчия! Земи назаем от гарсона!... Дьорт джехар!...“","One summer I went for a stroll in Geneva—mind you, in Switzerland. I took a room in a hotel and went out to walk around the city. The city—wonderful; the surroundings—both picturesque and majestic. I was walking like that, aimlessly, gazing left and right, and from street to street I came out onto the square where the opera house is. I saw an elegant café opposite: wait, I said to myself, let me stop by and rest for a bit. To the right of the entrance, I saw a glass partition with an open view of the square and went in—I’d have a coffee and watch the passers-by at the same time. And what did I find there! No less than three tables occupied by Bulgarian students! Well, go ahead and say that Bulgarians have no taste for elegance! In such a beautiful city, in the finest part of town, in the most elegant café, they had taken the best spot! Noise, smoke, matches and smoldering cigarettes on the floor, clattering, shouting, bickering!... Here they were playing backgammon, there preference, over there *trenta una*!... And I heard from all sides: “Shesh-besh!... Hearts!... Give me the money! Jehar-i-yek!... Why are you looking at my cards, man!... Garçon!... First on the seconds!... Du-besh!... You’re lying, it’s not du-besh!... Trenta una... Spades!... Garçon!... You haven’t the slightest clue about preference!... I don’t want advice from socialists!... Dubara!... And I don’t want advice from chorbadzhiyas!... I trump!... Scoundrel!... Garçon! Are you proud of your medals?... Clubs!... And what about you and the Russian Yids? Gentlemen, the fool is coming! Ha, ha, ha!... Garçon, un chope! Lend me another franc, man!... You’re a deadbeat! Borrow from the waiter!... Dort-jehar!...”"
08_bai_ganyo_in_switzerland_bul.csv,"Лицето, на което лепнаха не съвсем ласкателния епитет ахмака, влезе в кафенето, поздрави студентите, които го посрещнаха, както се казва, с разтворени обятия, и не знаеше към коя група да се присъедини, понеже от всички маси се стараеха да го привлекат. Такава симпатия към един   ахмак   ми се показа отпърво необяснима, но не се мина много време, и от думите, с които се кръстосваха масите за сметка на това лице, моето недоумение се разпръсна. Сетне аз узнах, че този   ахмак   е син на един землевладелец от Аржентина, в Южна Америка. Богато момче. Бащата му пращал по 500 франка месечно, от които половината всеки месец се разпределяли с помощта на trenta una по джебовете на нашите студиозуси. И затуй, че добродушно се оставял да го скубят, като си доставял удоволствието да наблюдава любопитната за него жадност, с която нашите примамвали паричките му — той се удостоил с титлата   ахмак.","The individual upon whom the not-so-flattering epithet of ""the fool"" had been bestowed entered the café and greeted the students. They welcomed him, as the saying goes, with open arms, and he was at a loss as to which group to join, for every table was vying for his company. Such affection for a ""fool"" initially seemed inexplicable to me, but before long, the banter exchanged between the tables at his expense cleared up my confusion. 

Later, I learned that this ""fool"" was the son of a landowner from Argentina, in South America. A wealthy young man. His father sent him five hundred francs a month, half of which was redistributed every month into the pockets of our students by way of *trenta una*. And because he good-naturedly allowed himself to be fleeced, deriving pleasure from observing the curious greed with which our lot lured away his coins—he had earned the title of ""the fool."""
08_bai_ganyo_in_switzerland_bul.csv,"В какъвто час на деня и да посетях това кафене, като почнеш от 9 часа сутринта до късно вечер, постоянно заварвах същите лица при същите занятия — табли, префа, trenta una. Кога тия младежи четяха, по какъв начин те усвояваха европейската култура — това ми остана необяснимо. Ясно ми бе само туй, че почти ни един от тях не говореше сносно френски език. Не успее да зине на този език, и по грубостта на интонацията, по дикцията, по конструкцията на фразите ще го познаеш, че е възточен човек.","No matter what time of day I visited this café, from nine in the morning until late at night, I always found the same faces engaged in the same activities—backgammon, preferans, thirty-one. When these young men found the time to read, or in what manner they were assimilating European culture, remained a mystery to me. One thing alone was clear: hardly any of them spoke decent French. No sooner would one of them open his mouth to speak the language than you would recognize him as an Easterner by the coarseness of his intonation, his diction, and the construction of his phrases."
08_bai_ganyo_in_switzerland_bul.csv,"През ден, през два към тази компания се присъединяваха няколко озлобени, нихилиствуващи еврейчета, които от тъмните кьошета на кръчмите се зъбеха на тиранина. Аз не зная каква беше пък тази симпатия към тези тъмни герои, които са в състояние едновременно да бъдат и нихилисти, и тайни полицейски агенти, и анархисти, и най-низка проба злоупотребители на дружествени пари, библиотеки и други имоти. Вместо да се сдружават с френците, с немците, с англичаните, винаги примерни и във веселбите си, и в занятията си, вместо да се проникнат с техния дух на порядъчност, на трудолюбие, на честност, на кавалерство — те, нашите, намираха своя идеал или в еврейчетата, или в гърчетата, или в някои арменчета, които по най-долен начин експлоатираха средствата и силите им, като ги увличаха в задушената атмосфера на своите злобни, груби и безплодни глаголствувания. Сетне узнах, че в този град имало и други българчета, които не посещавали това кафене, а се занимавали най-сериозно с науките си.",
08_bai_ganyo_in_switzerland_bul.csv,"Един ден, в най-големия разгар на trenta una, когато аржентинецът беше изгубил около стотина франка, влезе в кафенето едно лице с накривен калпак, с тояга под мишница и дисаги в ръка.","One day, at the height of *trenta una*, when the Argentine had lost about a hundred francs, a man entered the cafe with a tilted kalpak, a staff under his arm, and saddlebags in hand."
08_bai_ganyo_in_switzerland_bul.csv,— О-о! Бай Ганьо! Добре дошъл! — извика цялата компания.,— Oh! Bai Ganyo! Welcome! — shouted the whole company.
08_bai_ganyo_in_switzerland_bul.csv,"— Добре заварил! Как сте? — отговори новодошлият и като се отказа великодушно от любезните предложения да му направят място около техните маси, дойде и седна при моята маса и със сядането си прекатури чашата с кафето ми. Бабаитска натура!","— Glad to find you well! How are you? — the newcomer replied, and magnanimously declining the kind offers to make room for him at their tables, he came and sat at my table, knocking over my coffee cup as he sat down. A real swaggering sort!"
08_bai_ganyo_in_switzerland_bul.csv,— Пърдон!,— Pardon!
08_bai_ganyo_in_switzerland_bul.csv,"— Нищо, не се безпокойте — побързах аз да кажа, при всичко че не забелязах той да се безпокои твърде много.","— It’s nothing, don’t worry — I hastened to say, even though I hadn’t noticed him being particularly worried."
08_bai_ganyo_in_switzerland_bul.csv,"— А-а! Вий българин ли сте? Е добър ден, кога е тъй! Ганьо Балкански! Отде бяхте, ваша милост?","— Ah! Are you Bulgarian? Well, good day then! Ganyo Balkanski! Where are you from, your grace?"
08_bai_ganyo_in_switzerland_bul.csv,Казах му. Запознахме се.,I told him. We met.
08_bai_ganyo_in_switzerland_bul.csv,— С туй пусто гюлово масло обикалям света — заяви ми с отчаян глас бай Ганю.,— With this wretched rose oil I travel the world — Bay Ganyo declared to me in a desperate voice.
08_bai_ganyo_in_switzerland_bul.csv,"— Как, не върви ли тази търговия?","— What, isn't this business going well?"
08_bai_ganyo_in_switzerland_bul.csv,"— Е, че правичката да ти кажа, господине, не върви!","— Well, to tell you the truth, sir, it’s not going well!"
08_bai_ganyo_in_switzerland_bul.csv,— Защо така?,— Why so?
08_bai_ganyo_in_switzerland_bul.csv,"— Защо! От главите си теглим. Де едно време — като кажеш българско масло, като оси на мед тичаха, а сега, тая вяра! Влезеш в някоя сапунджийница, доде зинеш да кажеш, че си българин, казал-неказал „бонжур“, току те попита „Есанс-дероз“? — и хем пита, хем се подсмива. Па кой гледа подсмиването, току алъш-вериш да има, ама не щат! Дай ми, каже, един грам за проба. Подиграва те! Как ще му дадеш един грам? Един грам ще налееш — два ще разлееш. „Ама, приятелю — кажа му, — туй масло не е таквоз, каквото го мислиш, туй е чисто масло.“ — „Ехе — каже, — и вий всички тъй говорите, все тази песен пеете.“ — Каже ти така, в очите, хич не ще да те знае. Ама все туй терше пусто да опустее макар!... Анадоллука ни изяде главата! Е че то, брате, не е един, не са двама: като плъзнали из Европа на сюрии: анадоллии, арменци, турци, гърци, па лъжат, па мамят света, па тогоз изгорили, па оногоз закърпили — бактисали хората! Като им замиришеш на гюл — яката си търсят!...","— Why! We suffer from our own doing. Back in the day—when you mentioned Bulgarian rose oil, they’d flock to it like wasps to honey, but now, what a world! You walk into some soap shop, and before you can even open your mouth to say you’re Bulgarian, whether you’ve said “bonjour” or not, he just asks, “Essence de rose?”—and he asks with a smirk. And who cares about the smirking, as long as there’s business to be done, but they don’t want it! “Give me,” he says, “one gram for a sample.” He’s mocking you! How can you give him one gram? You’ll pour one gram—and spill two. “But, my friend,” I tell him, “this oil isn’t what you think it is, this is pure oil.” “Aha,” he says, “you all say that, you all sing the same song.” He tells you that right to your face, doesn’t want to know you at all. But it’s all that damned *tershe*, may it be cursed!... Anatolia has been our ruin! Well, brother, it’s not just one or two: they’ve swarmed over Europe in droves: Anatolians, Armenians, Turks, Greeks, and they lie, and they cheat the world, and they’ve burned this one, and swindled that one—people are fed up! As soon as you smell of rose—they’re on their guard!..."
08_bai_ganyo_in_switzerland_bul.csv,"Невинният Възток изпъкна отпреде ми с всичките му прелести. За допълнение на картината по всичките маси около нас тракаха табли, пляскаха карти — шум и дим до небеса!","The innocent East stood out before me with all its charms. To complete the picture, backgammon boards clattered and cards slapped at all the tables around us — noise and smoke to the heavens!"
08_bai_ganyo_in_switzerland_bul.csv,"— Много ми се харесват нашите момчета — каза ми бай Ганьо, като изгледа играещите. — Маладци! Има между тях таквиз сербез, че на професорите пей дават! Ето например, да речем, онова момче, по-дъртото, видите ли го? Дето играе на отуз-бир. Вий знаете ли, че той има три медала!... За сръбската война, за заслуга и не знам още за какво. Съдебен следовател е бил, знае законите на пръсти. То що му е трябвало още да се учи, де-де — бодат го паричките! Три месеца, откакто е дошло тук, ама да го чуеш, френските ги говори като разпрано! Да не му е уроки, сече му главата! Досега да е станал веке доктор, ама инат хора тукашните. Ректора, кай, не го остава. Не може, кай, казал му, за три месеца, да станеш доктор, кай. А бе как да не може, когато момчето знае; сегичка да го изправиш, ще ти каже всичките закони, наизуст ги знае. Казал му ректора, не може, кай, за три месеца само да прочетеш, а камо ли да го изучиш. Нашият сербез — йок, за три месеца доктор ще стана. Онзи — йок, не бива. — Не бива ли? — Не бива! Че като пламва един ден нашият, че като го нацапва, мати-маскара го направил... Наистина, на, питай го, ако щеш... Аз повярвах на бай Ганя и не отидох да питам обладателя на трите медала.","— I really like our boys — Bay Ganyo said to me, watching the players. — Fine fellows! There are some among them so bold that they could teach the professors a thing or two! Take, for instance, let's say, that boy, the older one, do you see him? The one playing *otuz-bir*. Do you know that he has three medals!... For the Serbian war, for merit, and I don't know what else. He was a judicial investigator; he knows the laws like the back of his hand. Why he needed to study more, who knows—his money was burning a hole in his pocket! It's been three months since he arrived, but you should hear him, he rattles off French like a house on fire! Knock on wood, he’s sharp as a tack! He would have been a doctor by now, but the people here are stubborn. The Rector, he says, won't let him. It’s not possible, he says, he told him, to become a doctor in three months, he says. But how can it not be possible when the boy knows his stuff; if you stood him up right now, he’d recite all the laws to you, he knows them by heart. The Rector told him, it’s not possible, he says, to even read them in three months, let alone learn them. Our bold fellow says—no, I’ll become a doctor in three months. The other one says—no, it can't be done. — ""It can't?"" — ""It can't!"" So our guy flares up one day, and he gives him such a piece of his mind, he made a complete fool of him... Truly, there, ask him if you like... I took Bay Ganyo's word for it and did not go to ask the possessor of the three medals."
08_bai_ganyo_in_switzerland_bul.csv,"Той продължи: — И знаеш ли как е станала тая работа? Не стига, дето ректора се заинатил и не ще да остави момчето да стане доктор, ами и дойена, кай, и той. Твоя милост, знаеш какво е „дойен“... таквоз, дето там у тях... туйнаке... сещаш се... Нашият им представил сума свидетелства — от градски съвет ли не щеш, от прокурор ли не щеш, и послужен списък, и какво не щеш. Ама инат човек разбира ли ти? И не е, да кайш, някое какво да е хлапе, ами то съдебен следовател! И с три медала на гърдите, моля ти се!... Ректорът почнал да му дрънка, че за да бъдел полезен за себе си и за народа си — нему какво му влязва в работата! — трябвало да прекара редовно цял курс, че и повечкото живот в странство ще му бъде за полза — диване! — и много таквиз бабини деветини. Па остави ректора, ами — барабар Петко с мъжете — и дойена се обажда: „Да, кай, и аз ви препоръчвам да послушате съвета на ректора!“ Ей! Че като кипва келя на нашия, че като зинал: „Ами вий — кай — бе защо се обаждате, вий адвокатин ли на ректора ще ставате!...“ Туй на доайена го изтърсил! — Свили си опашките ония ми ти хора, гък не могат да кажат!... Хей, гърсон! Юн каве!... Не, каквото щеш, твоя милост, ама отворени момчета имаме. Ашколсун!...","He continued: — And do you know how that business went down? Not only did the rector get stubborn and wouldn't let the boy become a doctor, but the dean, he says, him too. Your Honor, you know what a “dean” is... that sort of thing, over there with them... whatchamacallit... you know... Our man presented them with a pile of certificates—from the city council if you like, from the prosecutor if you like, and a service record, and what not. But does a stubborn man listen? And it’s not like he’s just any kid, he’s a judicial investigator! And with three medals on his chest, if you please!... The rector started blathering to him that in order to be useful to himself and his people—what business is it of his!—he had to complete a full regular course, and that spending more time abroad would be to his benefit—the fool!—and many such old wives' tales. But never mind the rector, even the dean—tagging along like a big shot—pipes up: “Yes,” he says, “I also recommend you follow the rector’s advice!” Ha! So our man’s blood starts boiling, and he lets him have it: “And you,” he says, “why are you speaking up, are you going to be the rector’s lawyer!...” He blurted that out to the dean!—Those people tucked their tails, couldn't say a peep!... Hey, garçon! Un café!... No, say what you will, Your Honor, but we have sharp boys. Bravo!..."
08_bai_ganyo_in_switzerland_bul.csv,"— Гърсон бе, хей! Юн каве — извика бай Ганьо.","— Garçon, hey! Un café! — shouted Bay Ganyo."
08_bai_ganyo_in_switzerland_bul.csv,— Monsieur! — отзова се пъргавият гарсон.,— Monsieur! — the nimble waiter responded.
08_bai_ganyo_in_switzerland_bul.csv,"— Юн каве е апорт газет булгар — поръча бай Ганьо и сетне, като се обърна към мене, добави: — Не съм ги забравил тия ваджии френските.","— Un café et apporte gazette bulgare — ordered Bay Ganyo, and then, turning to me, added: — I haven't forgotten those French rascals."
08_bai_ganyo_in_switzerland_bul.csv,"Гарсонът му донесе кафе и едни зацапани корици, в които бяха прикачени няколко български, издрани по краищата газети.","The waiter brought him coffee and some stained covers, in which several Bulgarian newspapers, frayed at the edges, were attached."
08_bai_ganyo_in_switzerland_bul.csv,"— Чакай да видим какви новини има, какво става по света — каза бай Ганьо, като разгърна кориците и се задълбочи в политиката. Аз наблюдавах отстрана как той жадно, с наслаждение поглъщаше антрефилетата, усмихваше се и със светнали очи пущаше сегиз-тогиз по едно „браво!“ По едно време, препълнен, види се, с възхищение, обърна се към мене:","""Wait, let's see what news there is, what's going on in the world,"" said Bay Ganyo, as he unfolded the pages and immersed himself in politics. I watched from the side as he greedily, with relish, devoured the short articles, smiling and, with eyes lit up, letting out an occasional ""bravo!"" At one point, seemingly overflowing with admiration, he turned to me:"
08_bai_ganyo_in_switzerland_bul.csv,"— Ех, че ги нацапали! Я слушай да ти прочета...","— Oh, how they've messed them up! Listen, let me read to you..."
08_bai_ganyo_in_switzerland_bul.csv,"— Извинете, господин Балкански, поне тука искам да успокоя ушите си от тази политика — казах аз и станах от стола си, — сбогом!","— Excuse me, Mr. Balkanski, at least here I want to give my ears a rest from this politics — I said and rose from my chair, — goodbye!"
08_bai_ganyo_in_switzerland_bul.csv,"— Ама ти чуй само това: „Онази разбойническа сган от сводници, крадци и мръсници, които си въвират муцуните в нечистотиите...“ Чакайте, по-нататък е още по-хубаво!...","— But just listen to this: “That bandit scum of pimps, thieves, and scoundrels, who stick their snouts into the filth...” Wait, it gets even better further on!..."
08_bai_ganyo_in_switzerland_bul.csv,"— Не, не! Сбогом, господин Балкански — извиках аз решително и излязох.","— No, no! Goodbye, Mr. Balkanski — I cried out decisively and left."
09_bai_ganyo_in_russia_bul.csv,"— Дравичката, господа, тъй хубаво разказва, че след него е трудно да ви задоволя с някой разказ. А пък право да ви кажа и аз зная някои работи за бай Ганя — обади се Васил. — От Москва, от Петербург!","— Dravichkata, gentlemen, tells stories so well that it will be hard to please you with a tale after him. And to tell you the truth, I also know a thing or two about Bai Ganyo — Vasil spoke up. — From Moscow, from Petersburg!"
09_bai_ganyo_in_russia_bul.csv,"— Я начевай по-скоро, стига си го усуквал! — отвърна му Дравичката.","— Get on with it already, stop beating around the bush! — Dravichkata replied."
09_bai_ganyo_in_russia_bul.csv,— Думата „усуквал“ не ми се вижда извънредно поетическа — пошегува се Мато.,"— The word ""twisted"" doesn't strike me as extraordinarily poetic — Mato joked."
09_bai_ganyo_in_russia_bul.csv,"— Мълчете бе, господа. Василе! Хайде бе, гълъбче, начевай!","— Quiet now, gentlemen. Vasil! Come on, my dear fellow, begin!"
09_bai_ganyo_in_russia_bul.csv,"— По пътя към Петербург — почна Васил — спряхме на станцията във Вилно. Пътувахме другарски двоица — бай Ганьо и аз. Влязохме в бюфета. Бай Ганьо поиска аз да почерпя, понеже из пътя съм пушил от неговия тютюн. Поръчах пиво и закуска. Съдържателят на бюфета се вслуша в нашия разговор, позна, види се, че съм българин, и ни попита по руски: — Извинете, господа, мисля, че сте българи?","— On the way to Petersburg — Vasil began — we stopped at the station in Vilno. We were traveling together as a pair — Bay Ganyo and I. We went into the buffet. Bay Ganyo insisted that I treat him, since I had been smoking his tobacco along the way. I ordered beer and a snack. The buffet manager listened to our conversation, realized, it seemed, that I was Bulgarian, and asked us in Russian: — Excuse me, gentlemen, I believe you are Bulgarians?"
09_bai_ganyo_in_russia_bul.csv,Отговорихме му утвърдително.,We answered him affirmatively.
09_bai_ganyo_in_russia_bul.csv,"— Не знаете ли господина Димитрова, студента?","— Don't you know Mr. Dimitrov, the student?"
09_bai_ganyo_in_russia_bul.csv,"— Аз не го познавам, ти познаваш ли го, бай Ганьо!","— I don't know him, do you know him, Bay Ganyo!"
09_bai_ganyo_in_russia_bul.csv,"— Димитрова? Чакай... аха! Сещам се. Димитров, зная, познавам го. Едно отворено момче, зная го, как не!","— Dimitrova? Wait... aha! I remember. Dimitrov, I know, I know him. A sharp lad, I know him, of course!"
09_bai_ganyo_in_russia_bul.csv,— Не можете ли да ми кажете де е той сега? — попита гостилничарят.,— Can't you tell me where he is now? — asked the innkeeper.
09_bai_ganyo_in_russia_bul.csv,"— Той е сега в Цариград — отговори бай Ганьо, — подир една неделя ще се венчава там. Ударил келепира!",— He is in Constantinople now — replied Bay Ganyo — he’ll be getting married there in a week. He’s hit the jackpot!
09_bai_ganyo_in_russia_bul.csv,"— Ка-ак! — извика като гръмнат гостилничарят. — Ще се вен-ча-ва? Ами че той е венчан тука, господа!...","— Wh-at! — cried the innkeeper, as if thunderstruck. — He is to be mar-ried? Why, he was married here, gentlemen!..."
09_bai_ganyo_in_russia_bul.csv,"— Има хас. Гледай, ха, ха, ха! — изкикоти се от сърце бай Ганьо. Гостилничарят го изгледа зачудено.","— You bet. Look, ha, ha, ha! — Bay Ganyo cackled heartily. The innkeeper looked at him in wonder."
09_bai_ganyo_in_russia_bul.csv,"— Ти не го знаеш него — продължи бай Ганьо, като се обърна към мене, — то е страшно отворено хлапе, туй, Димитров...","— You don't know him — continued Bay Ganyo, turning to me, — he's an awfully sharp kid, that Dimitrov..."
09_bai_ganyo_in_russia_bul.csv,"Гостилничарят ни разказа следующето: „Пристигна един ден, господа, с железницата господин Димитров с едно глухонямо 13—14-годишно момченце. Аз познавах Димитрова от една година по-рано; той живя в нашия град, залюби една мома, венчаха се и заминаха за Москва ли, за Петербург ли — не зная. Като дойде тази година с глухонямото момче, каза ми, че туй момче имало у вас, в България, брат чиновник или офицерин — не помня, — който щял да му отпуща по сто франка ежемесечно, за да живее в един от петербургските институти за глухонеми. Понеже господин Димитров заминуваше за някой друг град — така поне той ми каза, — то ме помоли да прибера у дома момченцето, да го храня, да го гледам до пристигането му. Той ме увери, че ще се завърне след десетина дни. Съгласих се аз, прибрах нещастното дете и го гледах като свое. Изминаха десетина дена, мина месец, минаха два, от Димитрова глас се не чува. Искам да узная нещо от детето — то глухонямо, горкото, не може да ми разправи. Па, гледам, разтъжи се онуй дете. Писах аз в Петербург, в Москва — никой не се обади. На третия месец, господа, момченцето изчезна. Питахме, дирихме, на полиция заявявахме, телеграми дадохме по няколко направления — няма, пропадна бедното дете. Какво стана това дете, и досега не зная. Нека господин Димитров му тегли греха, аз ще тегля 100 рубли загуба... Та вий казвате, че той щял да се венчава идущата неделя? Боже мой, как е възможно подобно нещо? Ради бога, господа, съобщете това на вашето началство, предупредете тази нещастна мома, с която ще се венчава...“",
09_bai_ganyo_in_russia_bul.csv,"Аз обещах на гостилничаря, че щом стигна в Петербург, ще съобщя на един господин, който, уверен бях, немедленно ще телеграфира в Екзархията. Разплатих се. Качихме се в трена и потеглихме за Петербург.","I promised the innkeeper that as soon as I reached Petersburg, I would inform a gentleman who, I was certain, would immediately telegraph the Exarchate. I settled my bill. We boarded the train and set off for Petersburg."
09_bai_ganyo_in_russia_bul.csv,"— Много ти трябваше да се месиш — каза ми с укор бай Ганьо, — отде знаеш тукашната му жена каква е стока.","— You just had to go and interfere — Bay Ganyo said to me reproachfully, — how do you know what sort of woman his wife here is."
09_bai_ganyo_in_russia_bul.csv,"Ний пътувахме в трети клас. Бай Ганьо зае две седалища и си легна да подремне. На следующата станция в нашия вагон влязоха още няколко пътника и трябваше да им се отстъпят лишните места, но бай Ганьо не е прост — той се преструва на заспал и хърка ли, хърка. Един великан немец, селянин, доближи с чанта в ръка до бай Ганя, почна да го буди, като го буташе леко по ботушите. Бай Ганьо се потайва и току пуща хрр... пуф... хрр... пуф... и като си закрил лицето от немеца, смига ми с око, санким „виж ме колко съм дявол“. „Нуу, ставай!“ — извика немецът и почна доста осезателно да мушка моя спътник. Хррр... пуфф!... „Ну, не притворяйся, чорт!“ — изръмжа немецът и с едно замахване смете нозете на бай Ганя, сгромоли го над дисагите му и седна при нас. Бай Ганьо се преструва на сепнат, разтри си очите и веднага, като че ни лук ял, ни лук мирисал, извади си табакерата и я предложи отворена на немеца: — Болгарский табак!","We were traveling in third class. Bay Ganyo took up two seats and lay down to take a nap. At the next station, several more passengers entered our carriage and the extra seats had to be yielded to them, but Bay Ganyo is no fool — he pretends to be asleep and snores and snores. A giant of a German, a peasant, approached Bay Ganyo with a bag in hand and began to wake him, nudging him lightly on his boots. Bay Ganyo keeps quiet and just lets out a *hrrr... puff... hrrr... puff...* and, having covered his face from the German, winks at me, as if to say, ""look how clever I am."" ""Nu, get up!"" the German shouted and began to poke my companion quite palpably. *Hrrr... puff!...* ""Nu, don't pretend, you devil!"" the German growled and with one sweep brushed aside Bay Ganyo's legs, sent him tumbling over his saddlebags, and sat down with us. Bay Ganyo pretended to be startled, rubbed his eyes, and immediately, as if nothing had happened, took out his cigarette case and offered it open to the German: ""Bulgarian tobacco!"""
09_bai_ganyo_in_russia_bul.csv,"— А-а, так значит, вы болгары! Очень приятно познакомиться — каза добродушно немецът и почна да си свива цигарка. — Вы в Питер едете. И я тоже. Вместе, значит.","— Ah, so you're Bulgarians! Very pleased to meet you — the German said good-naturedly and began to roll himself a cigarette. — You're going to Piter. Me too. Together, then."
09_bai_ganyo_in_russia_bul.csv,"Щом стигнахме в Петербург, побързах да изпълня обещанието си, дадено на гостилничаря във Вилно. Срещнах се с моя познайник, разправих му похождението на Димитрова. Той веднага телеграфира в Цариград и успя да спре предстоящата сватба. Той пък от своя страна ми разправи продължението на историята с глухонямото момче. Кога и как е било подучено да избяга от Вилно, не е известно, но един ден то пристигва в Петербург и тук дълго време е било жертва на най-низка експлоатация от страна на Димитрова, който не само че прибирал сумите, пращани от брата на нещастното момче, но и карал насила бедното дете да ходи от порта на порта при всичките по-влиятелни лица и известни филантропи в Петербург да проси пари. И не само в Петербург, но го е тикал често и до Кронщад, при известния светец на простолюдието Йоана Кронщадский...","As soon as we arrived in St. Petersburg, I hastened to fulfill the promise I had made to the innkeeper in Vilno. I met with an acquaintance of mine and told him about Dimitrov’s escapade. He immediately telegraphed Constantinople and managed to stop the impending wedding. He, in turn, told me the rest of the story about the deaf-mute boy. It is not known when or how he had been coached to run away from Vilno, but one day he arrived in St. Petersburg, where for a long time he was the victim of the basest exploitation by Dimitrov, who not only pocketed the sums sent by the unfortunate boy’s brother but also forced the poor child to go from door to door, visiting all the more influential figures and well-known philanthropists in St. Petersburg to beg for money. And not only in St. Petersburg, but he often sent him as far as Kronstadt, to the famous saint of the common folk, John of Kronstadt..."
09_bai_ganyo_in_russia_bul.csv,"Аз, като нямах почти никакви средства за съществуване, принуден бях да живея в Дешовката, прибежище за крайно бедните студенти. Бай Ганьо най-енергически настояваше да дойде и той в Дешовката.","Having almost no means of subsistence, I was forced to live in the Deshovka, a refuge for the poorest of students. Bay Ganyo most energetically insisted on coming to the Deshovka as well."
09_bai_ganyo_in_russia_bul.csv,"— А бе не може, бай Ганьо, това заведение е само за студенти.","— Look, you can’t, Bai Ganyo, this place is only for students."
09_bai_ganyo_in_russia_bul.csv,"— Че какво, като е за студенти — убеждаваше ме бай Ганьо, — студентите не са ли хора като мене? Какво бива най-сетне един българин да приберат?","— So what if it’s for students — Bay Ganyo was trying to convince me, — aren’t students people like me? Is it such a big deal if they take in a Bulgarian for once?"
09_bai_ganyo_in_russia_bul.csv,"— Но вий сте богат човек, бай Ганьо, вий можете да платите на хотел.","— But you are a rich man, Bay Ganyo, you can afford to pay for a hotel."
09_bai_ganyo_in_russia_bul.csv,"— Ама че си бил прост човек — укоряваше ме бай Ганьо, — аз те мислех за по-хитър. А бе хей, българино, защо да си даваме паричките на московците? Набуташ ли келепир, дръж го с двете ръце, ами! Те отде ще знаят какъв ми е халът?","— What a simpleton you are — Bay Ganyo reproached me, — I thought you were shrewder. Hey there, fellow Bulgarian, why should we give our money to the Muscovites? If you stumble upon a windfall, grab it with both hands! How are they to know what my situation is?"
09_bai_ganyo_in_russia_bul.csv,"— Не може, бай Ганьо, ще протестират бедните студенти, ще ми се сърдят и може да ме изпъдят от общежитието.","— It’s not possible, Bay Ganyo; the poor students will protest, they’ll be angry with me, and they might even kick me out of the dormitory."
09_bai_ganyo_in_russia_bul.csv,"— Инат глава българска! — продължаваше бай Ганьо. — Ами че ти уста нямаш ли? Не ти ли сече толкова пипето да им речеш, че съм ти брат, че съм изпаднал човек; а бе то стига да речеш, че съм българин, ти нали ги знаеш русите какви са ахмаци!...","— Stubborn Bulgarian head! — Bay Ganyo continued. — Don't you have a tongue in your head? Aren't you sharp enough to tell them that I'm your brother, that I'm a man in distress; why, it's enough just to say I'm Bulgarian—you know what simpletons those Russians are!..."
09_bai_ganyo_in_russia_bul.csv,"— Не, не, не мога! — извиках аз решително и тръгнах към Дешовката.","— No, no, I can't! — I cried out resolutely and started toward Deshovka."
09_bai_ganyo_in_russia_bul.csv,"— Ехе! Ти мислиш, че така лесно ще се откопчиш от мене! Чакай де! Какво си видял ти още! — мъмре бай Ганьо и върви подире ми. — Българин! И туй било българин! Няма за пет пари патриотизъм!... Чакай бе, човече, недей бърза толкова, че не мога да те стигна, дисагите ми тежат! Чакай бе, българино!...","— Oho! You think you’ll shake me off that easily! Just you wait! You haven't seen anything yet! — Bay Ganyo grumbles, following behind me. — A Bulgarian! And he calls himself a Bulgarian! Not a penny's worth of patriotism!... Wait up, man, don't rush so much, I can't catch up with you, my saddlebags are heavy! Wait up, fellow Bulgarian!..."
09_bai_ganyo_in_russia_bul.csv,"В тази минута ний представлявахме, види се, доста любопитна картина, защото проходящите по тротоарите лица се обръщаха и ни изглеждаха внимателно. Бай Ганьо на десет крачки зад мене, нарамил дисагите, нанизани на бастона му, на другата ръка преметнал килимчето си, което издига сегиз-тогиз да си трие изпотеното си чело. Калпакът му едва се държи на темето. Крачи бай Ганьо подире ми и мъмре: „Чакай бе, човече божий, поемни поне килимчето, че ми откъсна ръката... Ти мислиш да се откачиш от мене! Не знаеш ти бай си Ганя какво е цвете!...“ Аз стъпвам като в паници и си смятам в ума как ще се явя с бай Ганя в Дешовката и как ще оправдая тази своеволна постъпка. Трябва да излъжа! Пък виждам, че да се откача от него, е немислимо! Най-сетне, нали е работата за няколко дена, по неволя примирих се с положението. А бай Ганьо върви ли, върви подире ми и все мъмре, но остави вече бабаитския език и почна в миньорен тон: „Я чувай, бай Василе, почакай малко бе, моля ти се бе, бай Василе, българи сме най-сетне...“","At that moment, we must have presented quite a curious sight, for the people passing by on the sidewalks turned and looked at us intently. Bay Ganyo was ten paces behind me, his saddlebags slung over his shoulder on his cane, his rug draped over his other arm, which he raised every now and then to wipe his sweaty brow. His fur cap was barely clinging to the crown of his head. Bay Ganyo strode after me, grumbling: ""Wait, for God's sake, man, at least take the rug, it's breaking my arm... You think you can shake me off! You don't know what a piece of work your Bay Ganyo is!..."" I was treading carefully, calculating in my mind how I would show up with Bay Ganyo at Deshovka’s and how I would justify this impulsive move. I’ll have to lie! And yet I saw that shaking him off was unthinkable! Finally, since it was only a matter of a few days, I reluctantly resigned myself to the situation. And Bay Ganyo kept walking and walking behind me, still grumbling, but he dropped his tough-guy talk and began in a minor key: ""Listen here, Bay Vasil, wait a moment, please, Bay Vasil, we're Bulgarians after all..."""
09_bai_ganyo_in_russia_bul.csv,"И представете си, господа, в този момент аз съжалих бай Ганя! Вярвайте! Съзнавах, че постъпката му е безобразна, че той е отвратителен скъперник, егоист, лукав хитрец, лицемерен експлоататор, грубиян и простак до мозъка на костите... но съжалих го: в тънките вибрации на тона, с който той изговори последните думи, моето ухо схвана една нежна нотка, която се таила и се таи в сърцето на бай Ганя, но рядко — боже, колко рядко! — се появява... Не зная, може да ви се покаже смешно, неестествено, но ще ви кажа, господа, че в този момент аз инак погледнах на бай Ганя; като че някой ми внуши: „Недей презира този простичък, лукавичък, скъпичък нещастник, той е рожба на грубата среда, той е жертва на груби възпитатели; злото не се таи в него самия, а във влиянието на околната среда. Бай Ганьо е деятелен, разсъдлив, възприемчив — главно възприемчив! Постави го под влиянието на добър ръководител, и ти ще видиш какви подвиги е той в състояние да направи. Бай Ганьо е проявявал досега само животната си енергия, но в него се таи голям запас от потенциална духовна сила, която очаква само морален импулс, за да се превърне в жива сила...“","And imagine, gentlemen, at that moment I felt sorry for Bay Ganyo! Believe me! I was aware that his conduct was outrageous, that he was a disgusting miser, an egoist, a cunning trickster, a hypocritical exploiter, a brute and a vulgarian to the marrow of his bones... but I felt sorry for him: in the subtle vibrations of the tone with which he uttered those last words, my ear caught a tender note that had been hidden and remains hidden in Bay Ganyo’s heart, but rarely — God, how rarely! — does it appear... I do not know, it may seem ridiculous to you, unnatural, but I will tell you, gentlemen, that at that moment I looked upon Bay Ganyo differently; as if someone whispered to me: “Do not despise this simple, cunning, poor wretch; he is a child of a crude environment, he is a victim of crude educators; the evil does not reside in him himself, but in the influence of the surrounding environment. Bay Ganyo is active, sensible, receptive — above all, receptive! Place him under the influence of a good guide, and you will see what feats he is capable of performing. Bay Ganyo has so far manifested only his animal energy, but within him lies a great store of potential spiritual power, which awaits only a moral impulse to be transformed into a living force...”"
09_bai_ganyo_in_russia_bul.csv,"Пристигнахме в Дешовката. Повечето студенти не бяха се още завърнали от ваканцията, та имаше доста свободни места. Моето легло го запазил верният другар Кочо, албанец, бедняк във висша степен, който получаваше от Славянското общество по три рубли на месец за чай и захар; той беше постъпил в университета, следва там две години, но като се убеди, че не е за него работа, напусна го и постъпи в семинарията. Добър беше този Кочо, за приятеля си главата си даваше, но не дай боже да го раздразниш — в миг кипват всичките му арнаутски страсти, като побледнее, позеленее, очите му се налеят с кръв, цял звяр!... Като влязохме с бай Ганя в стаята, заварихме Коча в хоризонтално положение върху леглото: на туй легло трудно беше да се определи изведнъж кое е възглавница, кое постелка, кое завивка... Кочо скокна от кревата си с лекостта на пантера, прегърна ме, целуна ме, запозна се с бай Ганя и весел, засмян до уши от радост, размести ни да седнем кой на леглото, кой на сандък, като се извиняваше за малкия безпорядък в стаята. Сетне отвори вратата и нададе един арнаутски вик: „Ванька, поставь, голубчик, самовар!“ — „На что вам самовар, когда чаю и сахару нет!“ — обади се голубчикът от дъното на коридора. Кочо се хвана с две ръце за главата, прекрачи стаята, грабна си шапката и без да чува нашите молби да остане, че ние ще купим чай и захар, изтръгна се, извика „сейчас“ и изчезна... Чакаме ние с бай Ганя половин час, чакаме цял час — Кочо се не връща. Трябва да му се е случило нещо.","We arrived at the Deshovka. Most of the students had not yet returned from vacation, so there were plenty of vacant spots. My bed had been saved by my faithful comrade Kocho, an Albanian, a pauper in the highest degree, who received three rubles a month from the Slavic Society for tea and sugar; he had entered the university, studied there for two years, but having convinced himself that it was not for him, he left and entered the seminary. This Kocho was a good man, he would give his life for a friend, but God forbid you should provoke him—in an instant all his Arnaut passions would boil over, he would turn pale, then green, his eyes would fill with blood, a total beast!... When Bay Ganyo and I entered the room, we found Kocho in a horizontal position on the bed: on that bed, it was difficult to tell at a glance which was the pillow, which the bedding, and which the blanket... Kocho leapt from his bed with the agility of a panther, embraced me, kissed me, met Bay Ganyo, and cheerful, grinning from ear to ear with joy, arranged for us to sit, one on the bed, another on a trunk, while apologizing for the slight disorder in the room. Then he opened the door and let out an Arnaut cry: ""Vanka, put on the samovar, my dear fellow!""—""What do you need a samovar for when there's no tea or sugar!"" the ""dear fellow"" called back from the end of the corridor. Kocho grabbed his head with both hands, paced across the room, snatched his hat, and without listening to our pleas to stay, saying that we would buy tea and sugar, he tore himself away, shouted ""right away,"" and vanished... Bay Ganyo and I waited for half an hour, we waited for a whole hour—Kocho did not return. Something must have happened to him."
09_bai_ganyo_in_russia_bul.csv,"За да не губим хубавия ден, предложих на бай Ганя да излезем на разходка. „А бе чакай да почакаме, ще ни напои човека с чай“ — възрази бай Ганьо; не може той да изпусне келепира, отдето и да се явява. Но все пак аз настоях на своето. Натика бай Ганьо мускалите в пояса си и излязохме. Като наближавахме Аничкин мост, чуваме отдалече един зверски вик, размесен с най-отчаяни псувни и хули; излизаме на моста и какво да видим!... Кочо, разсвирепял като тигър, впил железните си пръсти в шията на един непознат господин, шапката на когото се валяше по камъните, навел му главата и се силеше да го хвърли от моста. Жертвата правеше всички усилия да се избави, но не беше тъй лесно да се изтръгне от ръцете на побеснелия арнаутин. „Шарлатан! — ревеше Кочо. — Подлец! Негодяй! Ты шпион, а не я, ты шпион, сукин сын! Я тебя убью, подлая тварь!“ Аз се спуснах да ги разтървам. Бай Ганьо извика подире ми: „Остави ги бе, що ти трябва беля на главата, нека си трошат главите; остави ги, ще те влачат за свидетел по участъците.“ Аз не послушах съветите на бай Ганя и тръгнах към арнаутина, който не преставаше да си дере гърлото и да изрига най-позорни епитети за своята жертва, която беше вече дотътрил до края на моста, и, стори ми се, още един миг — и непознатият ще полети с главата надолу в бистрите води на Фонтанка. „Шарлатан! Подлец!“ — ревеше Кочо и още по-силно впиваше костеливите си пръсти в дебелия врат на противника си.","So as not to waste the fine day, I suggested to Bay Ganyo that we go out for a walk. ""Hey, wait, let’s wait a bit, the man will treat us to tea,"" Bay Ganyo objected; he couldn’t let a freebie pass him by, no matter where it came from. But I insisted nonetheless. Bay Ganyo stuffed the vials into his sash, and we went out. As we approached the Anichkov Bridge, we heard from afar a beastly shout, mixed with the most desperate curses and insults; we reached the bridge, and what did we see!... Kocho, enraged like a tiger, had sunk his iron fingers into the neck of an unknown gentleman whose hat was rolling on the stones; he had bent the man’s head down and was struggling to throw him off the bridge. The victim was making every effort to escape, but it was not so easy to tear oneself away from the hands of the maddened Arnaut. ""Charlatan!"" Kocho roared. ""Scoundrel! Villain! You’re the spy, not me, you’re the spy, you son of a bitch! I’ll kill you, you vile creature!"" I rushed to break them up. Bay Ganyo shouted after me: ""Leave them alone, man, why do you need trouble on your head, let them smash each other’s heads; leave them, they’ll drag you as a witness to the police stations."" I did not heed Bay Ganyo’s advice and headed toward the Arnaut, who did not stop tearing his throat and spewing the most shameful epithets at his victim, whom he had already dragged to the edge of the bridge, and it seemed to me, one more moment—and the stranger would fly headfirst into the clear waters of the Fontanka. ""Charlatan! Scoundrel!"" Kocho roared, sinking his bony fingers even deeper into his opponent’s thick neck."
09_bai_ganyo_in_russia_bul.csv,"Когато аз бях вече на няколко крачки от тях, жертвата, стресната от предстоящата гибел, направи отчаяно движение, изтръгна се из ръцете на албанеца, грабна си моментално оваляната шапка и фукна да бяга. „Стой, шарлатан! Трус паршивый, мерзавец!“ Кочо грабна един камък и го запрати подире му. Непознатият дотърча до един трамвай, хопна се вътре и изчезна... Но арнаутинът не се успокойва: „Я тебя убью, подлый шарлатан!“ — продължаваше той да ръмжи, като показваше с юмрук в пространството, където изчезна врагът му. Аз повиках Коча по име, той се обърна и не ме позна!... В погледа му имаше нещо зверско, очите му блестяха, лицето му позеленяло и потъмняло, зъбите му тракаха като в най-силна треска, устните му конвулсивно трептяха и пропущаха едно глухо ръмжене. „В... в... б... р... р... Шаррлл... Сук... к... п... подлец... м. .. м... м... Шарлатан!“ — извика той още веднъж, като се обърна със заканване към невидимия враг. „Кочо, гълъбче, какво ти се случи, какъв е този господин?“ — попитах аз с приятелско съчувствие. Той си впери очите в мене и ме гледаше безсмислено и злобно и пак не ме позна!... „Я тебя убью, подлая тварь! Я тебе покажу, кто шпион!“ — ръмжеше Кочо и се заканваше на проходящия трамвай, като че във всякой трамвай седеше неговият враг.","When I was just a few steps away from them, the victim, terrified by his impending doom, made a desperate move, wrenched himself from the Albanian's grasp, instantly snatched up his soiled hat, and bolted. ""Stop, you charlatan! You filthy coward, you scoundrel!"" Kocho grabbed a stone and hurled it after him. The stranger ran to a tram, hopped inside, and vanished... But the Albanian would not be pacified. ""I’ll kill you, you vile charlatan!"" he continued to growl, shaking his fist at the empty space where his enemy had disappeared. I called Kocho by name; he turned, but did not recognize me!... There was something beastly in his gaze; his eyes gleamed, his face had turned a sallow, dark hue, his teeth chattered as if in a violent fever, and his lips quivered convulsively, letting out a low growl. ""V... v... b... r... r... Char-r-rl... S-s-son of a... b... scoundrel... m... m... m... Charlatan!"" he cried out once more, turning threateningly toward his invisible foe. ""Kocho, my dear fellow, what happened to you? Who was that gentleman?"" I asked with friendly sympathy. He fixed his eyes on me, staring blankly and maliciously, and still he did not recognize me!... ""I’ll kill you, you vile creature! I’ll show you who’s a spy!"" Kocho growled, shaking his fist at a passing tram, as if his enemy were sitting in every single one of them."
09_bai_ganyo_in_russia_bul.csv,"„Кочо, моля ти се, кажи ми какво ти се е случило — умолявах аз разгневения до полуда приятел. — Кой беше този господин?“ Кочо ме изгледа още веднъж и извика: „Този е величайшия негодяй! Разбра ли? Ве-ли-чай-шия не-го-дяй!“ — и пак си извърна очите, и пак се залови да изрига проклятия. Аз почнах да се досещам,че моят приятел е жертва на някаква подлост, скроена от неговия враг, но каква именно, не разгадах и не бих могъл да разгадая. Туй, което ми разправи Кочо, бе до такава степен подло, щото и не може да бъде предмет на догадки.","""Kocho, please, tell me what happened to you,"" I pleaded with my friend, who was driven to a frenzy of rage. ""Who was that gentleman?"" Kocho looked at me once more and cried out: ""That man is the greatest scoundrel! Do you understand? The grea-test scoun-drel!"" — and he turned his eyes away again, returning to his outburst of curses. I began to suspect that my friend was the victim of some treachery devised by his enemy, but exactly what it was, I did not and could not fathom. What Kocho told me was so utterly vile that it defied all conjecture."
09_bai_ganyo_in_russia_bul.csv,"Ето какво ни разправи Кочо, след като дойде малко на себе си: „Представете си, господа, като излязох от Дешовката, отидох в Славянското общество да си получа стипендията, за да мога да купя чай и захар да ви угостя. Ти знаеш, Василе, гълъбче, каква стипендия получавам аз! Три рубли на месец! Три нещастни рубли! И въобразете си, намерил се мерзавец, който да ми завижда и да се полакоми за това мое богатство. И кой? Ваш съотечественик! Поздравявам ви!... Аз ще му избия зъбите на този шарлатанин!... Представете си, господа, влизам аз при касиера, моля го да ми даде трите рубли, а той се обръща към мене с един сърдит тон и ми казва: — Как вам не совестно, молодой человек, Вы ученик и занимаетесь такими мерзкими делами!... — Какви „мерзки дела“; — извиках аз стреснат. — Ний имаме сведения — продължи той, — че вий сте шпионин на българското правителство. — Как?! Аз шпионин! — Да, ний имаме положителни сведения. Вашата стипендия е отнета и е дадена на брата на господин Асланова. — Ради бога, кой ви е дал тези сведения? — помолих аз през сълзите, които ме давеха от гняв. — Сам господин Асланов — отговори той спокойно. — „А-а-ах! Бесса-та-бесса“ — изкрещях аз като луд и изхвръкнах на улицата до Аничкиния мост... вий вече знаете!... Боже мой! Господа, можете ли да си въобразите нещо по-подло!... Шар-латан! Аз... аз... аз казах „бесса!“ и няма да забравя!...",
09_bai_ganyo_in_russia_bul.csv,"Успокоихме криво-ляво Коча и влязохме с него в един трактир да пием чай. Тук се забавихме доста дълго, увлечени от разказите на албанеца за унизителните похождения на Асланова. Даже бай Ганьо не се реши да извика своето „браво!“ или „ашколсун!“, а, напротив, от време на време цъкаше с езика си, клатеше си зачудено главата и казваше: „Брей, хептен магаре бил този човек!“ Излязохме из трактира и тръгнахме по „Невски проспект“. Смесена публика от всичките части на света пълнеше тротоарите на блестящата улица, ний едва лавирахме между проходящите. По улицата се движеха в два реда всевъзможни файтони. Един от друг по-разкошните магазини мамеха очите на публиката. Бай Ганьо благоволи да изкаже мнение, че „най-сетне и Петербург не е съвсем долна работа“... Цял час се промъквахме между тълпата, доде стигнем до Нева. Щом излязохме на по-тихата „Английска Набережна“, не успяхме да направим и десет крачки, Кочо ме дръпна сепнато за ръкава и извика със задавен глас: — Ето го!","We managed to calm Kocho down after a fashion and went with him into a tavern to drink tea. We lingered there for quite a long time, engrossed in the Albanian's stories about Aslanov's humiliating escapades. Even Bay Ganyo did not venture to shout his ""bravo!"" or ""ashkolsun!""; on the contrary, from time to time he clicked his tongue, shook his head in wonder, and said: ""My, what a total ass this man was!"" We left the tavern and set off along Nevsky Prospekt. A mixed crowd from all parts of the world filled the sidewalks of the brilliant street; we could barely weave our way through the passers-by. All sorts of carriages moved along the street in two rows. Shops, each more luxurious than the last, enticed the eyes of the public. Bay Ganyo deigned to express the opinion that ""after all, even Petersburg isn't such a bad place""... For a whole hour, we pushed through the crowd until we reached the Neva. As soon as we came out onto the quieter English Embankment, before we had even taken ten steps, Kocho gave my sleeve a startled tug and cried out in a choked voice: ""There he is!"""
09_bai_ganyo_in_russia_bul.csv,— Кой?,— Who?
09_bai_ganyo_in_russia_bul.csv,— Шарлатанинът!,— The charlatan!
09_bai_ganyo_in_russia_bul.csv,— Кой шарлатанин?,— Which charlatan?
09_bai_ganyo_in_russia_bul.csv,— Величайшият! Стой! Да се скрием да не ни забележи! — измъмри той и ни повлече за ръкавите зад колоните на една порта. Бай Ганьо си подаде носа зад колоната и погледна по указаното от Коча направление.,— The Most High! Stop! Let’s hide so he doesn’t notice us! — he muttered and pulled us by the sleeves behind the columns of a gateway. Bay Ganyo poked his nose out from behind the column and looked in the direction indicated by Kocho.
09_bai_ganyo_in_russia_bul.csv,— Кого виждате? — пита Кочо.,— Who do you see? — asks Kocho.
09_bai_ganyo_in_russia_bul.csv,"— Виждам един човек — шепне тайнствено бай Ганьо. — А бе, Василе, я погледни, този човек прилича много на нашия Дондуков-Корсаков.","— I see a man — Bay Ganyo whispers mysteriously. — Hey, Vasil, take a look, this man looks a lot like our Dondukov-Korsakov."
09_bai_ganyo_in_russia_bul.csv,"— Той е същият — отговаря Кочо, — още кого виждате?",— He is the same — Kocho replies — who else do you see?
09_bai_ganyo_in_russia_bul.csv,"— Виждам още двама души, коленичили пред Дондукова, я гледай! Ц... ц... ц... цалуват му ботушите, плачат, молят му се нещо, удрят се в гърдите, гледай! Ц... ц... ц... той иска да се откачи от тях, те не го оставят — един отсам, други оттам, прегърнали му нозете...","— I see two more people, kneeling before Dondukov, look! Tsk... tsk... tsk... they are kissing his boots, weeping, begging him for something, beating their chests, look! Tsk... tsk... tsk... he wants to shake them off, but they won't let him go — one on this side, the other on that, clutching his legs..."
09_bai_ganyo_in_russia_bul.csv,"— Я се вгледайте, не можете ли позна някой от тях? — диктува албанецът.","— Look closely, can't you recognize any of them? — the Albanian dictated."
09_bai_ganyo_in_russia_bul.csv,"— Не мога, как ще ги позная, те постоянно си тракат главите в ботушите му... Ха, чакай — каза бай Ганьо, — чакай!... Познах го! А бе той... истина! А бе той е онзи бе, дето щеше да го хвърлиш от моста... той е!","— I can't, how am I to recognize them, they keep knocking their heads against his boots... Ha, wait — said Bai Ganyo, — wait!... I've recognized him! Why, it's him... for real! Why, it's that fellow, the one you were going to throw off the bridge... it's him!"
09_bai_ganyo_in_russia_bul.csv,— Той е същият... мерзавецът! Вий сега сте свидетели на една от неговите мизерни комедии! — изръмжа със стиснати зъби арнаутинът. — Хайде сега да се вмъкнем пак на „Невски проспект“.,"— He is the same... the scoundrel! You are now witnesses to one of his wretched comedies! — the Arnaut growled through clenched teeth. — Now, let’s slip back onto Nevsky Prospect."
09_bai_ganyo_in_russia_bul.csv,— Чакай да видим края на сцената — заявих аз.,"— Wait, let's see the end of the scene — I stated."
09_bai_ganyo_in_russia_bul.csv,"— Не е нужно — каза решително Кочо, — краят е известен: ще го държат за нозете и ще плачат, додето им даде няколко рубли или някоя рекомендация до друга жертва, или някое ходатайство... Тези негодници са в състояние да опозорят името на цяла нация...","— There is no need — Kocho said decisively, — the outcome is certain: they will cling to his legs and weep until he gives them a few rubles, or a recommendation to another victim, or some intercession... These scoundrels are capable of disgracing the name of an entire nation..."
09_bai_ganyo_in_russia_bul.csv,— Брей! Хептен магаре бил този чиляк — извика бай Ганю и зацъка с езика си.,"— Goodness! This fellow is a total ass — cried Bay Ganyo, clicking his tongue."
09_bai_ganyo_in_russia_bul.csv,"— Е, защо спря бе, Василе, продължавай! — обади се един от компанията.","— Well, why did you stop, Vasil? Keep going! — one of the group called out."
09_bai_ganyo_in_russia_bul.csv,— Разкажи за историята с Ермолова...,— Tell me about the story with Ermolova...
09_bai_ganyo_in_russia_bul.csv,"— Остави се, гнус ме е — заяви Васил.","— Forget it, I'm disgusted — Vasil stated."
09_bai_ganyo_in_russia_bul.csv,— Или за княгиня Белозерская...,— Or about Princess Belozerskaya...
09_bai_ganyo_in_russia_bul.csv,"— Остави се, не мога вече!","— Forget it, I can't take it anymore!"
09_bai_ganyo_in_russia_bul.csv,— Ами знаете ли историята на бай Ганя с шкембе-чорбасъ̀? — обажда се други.,"— Well, do you know the story of Bay Ganyo and the tripe soup? — another one chimed in."
09_bai_ganyo_in_russia_bul.csv,— Ами вий пък знаете ли нещо за бръснатите мустаки...,"— Well, do you know anything about the shaved mustaches..."
09_bai_ganyo_in_russia_bul.csv,"— Стига, господа! Бай Ганьовите истории нямат свършване. Хайде да почнем вече втората част на вечеринката. Марк Аврелий изпей нещо бе, гълъбче! Или ти, Калина-Малина, изпей нещичко!... Хайде: „За-претни-и-и, Вело моме-е-е, бели ръкави....“","— Enough, gentlemen! There is no end to these Bay Ganyo stories. Let’s start the second part of the gathering already. Marcus Aurelius, sing something, my little dove! Or you, Kalina-Malina, sing a little something!... Come on: “Roll u-u-up, Velo girl, your white slee-ee-ves...”"
09_bai_ganyo_in_russia_bul.csv,Почна се втората част на вечеринката... След полунощ се разотидохме.,The second part of the party began... After midnight we dispersed.
09_bai_ganyo_in_russia_bul.csv,"Довиждане, бай Ганьо! Обикаляй Европа, разнасяй по всички краища произведението на нашата хубава Розова долина и... моля ти се бе, бай Ганьо, взирай се по-дълбочко в европейския живот, дано му видиш лицето, стига ти се е натрапвало туй пусто опаки!...","Goodbye, Bay Ganyo! Travel across Europe, carry to every corner the product of our beautiful Rose Valley and... I beg of you, Bay Ganyo, look a little deeper into European life, may you see its true face; enough of that cursed reverse side has been thrust upon you!..."
10_bai_ganyo_returns_from_europe_bul.csv,"— Чухте ли новината? — извика Марк Аврелий, щом отвори вратата и се втурна запъхтян в стаята.","— Did you hear the news? — cried Marcus Aurelius, as soon as he opened the door and rushed breathlessly into the room."
10_bai_ganyo_returns_from_europe_bul.csv,— Каква новина? — обадихме се всички.,— What news? — we all cried out.
10_bai_ganyo_returns_from_europe_bul.csv,— Бай Ганьо се върнал от Европа!,— Bay Ganyo has returned from Europe!
10_bai_ganyo_returns_from_europe_bul.csv,— Не може да бъде!,— It can't be!
10_bai_ganyo_returns_from_europe_bul.csv,"— Как „не може да бъде“ бе, господа, аз го видях, говорих с него... Първата му дума... ха-ха-ха!... Първата му дума: оплес... ха-ха-ха!... Оплескахме я, кай, ний нея... ха-ха-ха...","— What do you mean ""it can't be,"" gentlemen? I saw him, I spoke with him... His first word... ha-ha-ha!... His first word: we messed... ha-ha-ha!... We messed it up, says he, we really did... ha-ha-ha..."
10_bai_ganyo_returns_from_europe_bul.csv,"— Стига си се кикотил бе — извика с нетърпение Арпакаша, — разказвай. Искаш ли чай?","— Stop giggling already — Arpakasha shouted impatiently, — tell us. Do you want tea?"
10_bai_ganyo_returns_from_europe_bul.csv,"— Арпакаш, дай да те цункам между очичките...","— Arpakash, let me kiss you between your little eyes..."
10_bai_ganyo_returns_from_europe_bul.csv,"— Говедо! — изпусна с добродушна усмивка Арпакаш и подаде една чаша чай на Марк Аврелия, като го дръпна със свободната си ръка за къдравия мустак. — Оберговедо!","— You brute! — Arpakash let out with a good-natured smile, handing a cup of tea to Mark Aurelius while pulling him by his curly mustache with his free hand. — Arch-brute!"
10_bai_ganyo_returns_from_europe_bul.csv,"— Капитан, не крути, пожалуйста, параход — пошегува се Марк Аврелий, отсръбна от чашата и ни разказа следното:","— Captain, don't spin the steamboat, please — Marcus Aurelius joked, took a sip from his glass, and told us the following:"
10_bai_ganyo_returns_from_europe_bul.csv,"— Въобразете си, господа, какво щастие, преди няколко дена, на 22-й (Альоша, твойто любимо число), в неделя, отидохме с Герванича на Искърските ханчета, към Враждебна; заварихме там сума свят...","— Imagine, gentlemen, what luck, a few days ago, on the 22nd (Alyosha, your favorite number), on Sunday, Gervanich and I went to the Iskar inns, towards Vrazhdebna; we found quite a crowd there..."
10_bai_ganyo_returns_from_europe_bul.csv,— Урвичците не бяха ли там?...,— Weren't the Urvichians there?...
10_bai_ganyo_returns_from_europe_bul.csv,"— Не, не бяха, те бяха на техния Урвич... Недей ме прекъсва, Арпакаш... Сума свят имаше, повечето иностранци — немци, чехи — и ни един, ама положително ни един от тия вкаменени от апатия шопи... Само дядо Хаджи мина за чифлика си. Времето, както знаете, беше чудесно; ония ти ливади, ония ниви, оная прясна зеленина на гората, да не можеш да се надишаш... Чужденците дошли с целите си семейства, надомъкнали провизия, постилки, люлки за децата; насядали са сам-там като букети под сенките и си пируват хората. Да ти е драго да ги гледаш. И не да речеш някои заможни, охолни хора, не, а все еснаф, работен свят — тенекеджии, железари, дърводелци. Работи шест дни — седмия гуляй! А не кат вашите милости да се завирате из задимените кафенета с вашата проклета „бачка“...","— No, they weren't; they were at their Urvich... Don't interrupt me, Arpakash... There were crowds of people, mostly foreigners—Germans, Czechs—and not a single one, absolutely not one of those Shopi, petrified by apathy... Only Old Hadji passed by on his way to his farm. The weather, as you know, was wonderful; those meadows, those fields, that fresh greenery of the forest—you just couldn't get enough of the air... The foreigners had come with their whole families, lugging along provisions, blankets, hammocks for the children; they were sitting here and there like bouquets in the shade, enjoying their feast. It was a joy to watch them. And don't think they were some wealthy, affluent folk—no, they were all craftsmen, working people: tinsmiths, blacksmiths, carpenters. They work for six days—and on the seventh, they make merry! Not like you lot, huddling in smoky cafes with your cursed ""bachka""..."
10_bai_ganyo_returns_from_europe_bul.csv,"— Марк Аврелий! Тебе ли чувам, гълъбче? Иван Златоуст, дай да те цункам!...","— Marcus Aurelius! Is that you I hear, my little dove? John Chrysostom, let me give you a kiss!..."
10_bai_ganyo_returns_from_europe_bul.csv,"— Млъкни, Арпакаш, недей ме прекъсва...","— Shut up, Arpakash, don't interrupt me..."
10_bai_ganyo_returns_from_europe_bul.csv,"— Хей, Амонасро, не прекъсвай човека — обади се Мойше.","— Hey, Amonasro, don't interrupt the man — Moishe said."
10_bai_ganyo_returns_from_europe_bul.csv,"— Ама наистина бе, господа — продължава шегата си Арпакаша с маслен поглед, — кажете, не е ли сладък Марк Аврелий особено като изговаря тази хубава думица „бачка“, туй че цяла музика...","— But really, gentlemen — Arpakasha continued his joke with an oily gaze, — tell me, isn't Marcus Aurelius just darling, especially when he utters that lovely little word 'works'—it's like pure music..."
10_bai_ganyo_returns_from_europe_bul.csv,"— Ще млъкнеш ли ти, Амонасро Етиопский?...","— Will you shut up, Amonasro the Ethiopian?..."
10_bai_ganyo_returns_from_europe_bul.csv,"— И не забелязахте ли, господа, каква бездънна омраза питае нашият сладчайши Марк Аврелий към тази бачка.","— And did you not notice, gentlemen, what bottomless hatred our most sweet Marcus Aurelius harbors for this toil?"
10_bai_ganyo_returns_from_europe_bul.csv,"— Слушай, Амонасро, млъкни или ще накарам Мойше да ти налее цяла чаша коняк в гърлото.","— Listen, Amonasro, shut up or I'll have Moishe pour a whole glass of cognac down your throat."
10_bai_ganyo_returns_from_europe_bul.csv,"— Но ка-кви зев-зе-ци наш-ти, кат видели ба-ба с га-щи, всич-ки-те го по-ди-гра-ли и мо-ма-та му не да-ли, таааа-ра-ра-бум-бие, та-рара бум...","— But what jok-ers ours, when they saw grand-ma in draw-ers, all of them mocked him and the girl they didn't give him, ta-ra-ra-boom-de-ay, ta-ra-ra boom..."
10_bai_ganyo_returns_from_europe_bul.csv,"— Ти си луд, Арпакаш, ей богу, луд си — каза с лек укор Марк Аврелий, — постой малко мирен, моля ти се...","— You are mad, Arpakash, by God, you are mad — said Marcus Aurelius with a slight reproach, — stay still for a moment, I beg you..."
10_bai_ganyo_returns_from_europe_bul.csv,"— Артък веке, Арпакаш! — обади се Ожилката.","— Enough already, Arpakash! — said the Stinger."
10_bai_ganyo_returns_from_europe_bul.csv,"— И ти ли, Ожилка, и ти ли, Бруте! Я запей ти „Снощи си минах край Севлиево.“","— And you too, Ozhilka, and you too, Brutus! Go on, sing ""Last night I passed by Sevlievo."""
10_bai_ganyo_returns_from_europe_bul.csv,— Долу Арпакаша! — извика Мойше и след него цялата компания зарева „долу!“ и накараха най-сетне етиопския цар да млъкне.,"— Down with Arpakasha! — Moishe shouted, and the whole company roared ""down!"" after him, finally making the Ethiopian king shut up."
10_bai_ganyo_returns_from_europe_bul.csv,Марк Аврелий продължи:,Marcus Aurelius continued:
10_bai_ganyo_returns_from_europe_bul.csv,"— Не, наистина, господа, то е печално явление тази триклета „бачка“, тя ни е вкаменила, тя ни е покрила мозъка с плесен и паяжина. Ами че, моля ви се, аз зная някои приятели, които цели десет години — десет години! — господа, това не е шега — не са престанали да гният в задимените кьошета на „Панаха“ с карти в ръка, а пред носа им цъфти тази хубава, тази живописна градска градина, от дъха и прохладата на която те не умеят да се ползуват; а пък вън от София, в околностите, какви чудни места! Седим в кафенетата и въздишаме за Швейцария, а пък стига ни само малко волица, и Швейцария, българска Швейцария е пред нас — Витоша, Рила, Родопите! Най-последният бедняк-чужденец от живущите в София се е насладил от величествения вид от Черния връх на Витоша, а я ми кажете, има ли един — един, божичко! — шоп, който да се е качил на Витоша! Ний знаем примери между работниците италианци, които са напущали тука готова работа само защото им омръзва еднообразието и с риск тръгват да странствуват, за да видят свят, а пък, от друга страна, има примери, като, да речем, овчаринът на Драгалевския манастир, който цял живот е гледал от височините града София, гледал го е години преди Освобождението, гледал е неговото разрушаване, обновяването и разширението му, продължава и досега да се взира, седнал под сянката на ореха, в неговия по-бляскав изглед и до ден днешен той няма воля да слезе от гората да полюбопитствува, да види отблизо тази във всяко отношение интересна трансформация на столицата!... Но аз оправдавам този своеобразен философ и даже, правичката да ви кажа, завиждам на това дете на природата! Ами какво да кажа за мнозина от нашите заможни граждани, които се душат цял живот в праха, миризмите и миазмите на софийските стари улици, гледат цял живот хубавата драгалевска горица и не са имали волята да станат, да идат там и да се насладят от нейния дъх и прохлада, от омайния шум на пенливия поток и от славеите...","— No, truly, gentlemen, this cursed ""baccarat"" is a pitiful phenomenon; it has petrified us, it has covered our brains with mold and cobwebs. Why, I ask you, I know friends who for ten whole years—ten years, gentlemen, this is no joke!—have not ceased to rot in the smoky corners of ""Panah"" with cards in hand, while right under their noses blooms this beautiful, this picturesque city garden, whose fragrance and coolness they do not know how to enjoy; and outside Sofia, in the surroundings, what wonderful places! We sit in the cafes and sigh for Switzerland, yet all we need is a little willpower, and Switzerland—a Bulgarian Switzerland—is right before us: Vitosha, Rila, the Rhodopes! The lowliest foreigner living in Sofia has enjoyed the majestic view from Cherni Vrah on Vitosha, but tell me, is there even one—one, good heavens!—local *Shop* who has climbed Vitosha! We know of instances among Italian laborers who have abandoned steady work here simply because they grew tired of the monotony and, taking a risk, set off to wander and see the world; yet, on the other hand, there are examples like, say, the shepherd of the Dragalevtsi Monastery, who has spent his whole life looking down upon the city of Sofia from the heights. He watched it years before the Liberation, watched its destruction, its renewal, and its expansion; he continues to this day to gaze from beneath the shade of a walnut tree at its now more glittering visage, and yet to this very day, he has not the will to descend from the forest out of curiosity, to see up close this transformation of the capital, which is interesting in every respect!... But I excuse this peculiar philosopher and even, to tell you the truth, I envy this child of nature! And what can I say of many of our wealthy citizens, who stifle their whole lives in the dust, the odors, and the miasmas of Sofia’s old streets, looking all their lives at the beautiful Dragalevtsi woods without ever having the will to get up, go there, and delight in its fragrance and coolness, in the enchanting murmur of the frothing stream and the song of the nightingales..."
10_bai_ganyo_returns_from_europe_bul.csv,"— Брей, че ти си бил цял поет бе, Марк Аврелий, я гледай!... Ама я ми кажи ти защо ни приказваш тия бабини деветини; нали уж за бай Ганя разправяш?","— Well, well, you’ve turned out to be quite the poet, Marcus Aurelius, look at that!... But tell me, why are you telling us these old wives' tales; aren't you supposed to be telling us about Bay Ganyo?"
10_bai_ganyo_returns_from_europe_bul.csv,"— Затуй ти приказвам „бабини деветини“, защото просто яд ме е, като гледам каква апатия ни е вдървила... Да речете, че ний не отбираме от природни хубости — не; не можем да не отбираме, защото това е естествено чувство — говедото и то отбира; но работата е, че сме сковани от възточна неподвижност. Ако те хвана, Арпакаш, за яката и те потътра към Урвичкия манастир, ти, щом те наведа зад Кокаленския баир над искърската бездна и чуеш таинствения говор на извилистата запенена река, ти ще почнеш да цъкаш с езика си и ще извикаш, непременно ще извикаш: „Брей, че то цяла Швейцария, я гледай, че тя била хубава нашата България и ний, глупци, да не знаем това, а киснем по празниците в кафенетата.“ Но щом се върнеш в София и дъхнеш от задушената й атмосфера, ти пак ще паднеш в летаргия, пак ще те вкамени апатията, додето не те потътре друг за яката.","— That is why I am telling you ""old wives' tales,"" because it simply galls me to see what apathy has paralyzed us... To say that we do not appreciate natural beauties—no; we cannot fail to appreciate them, for it is a natural feeling—even the cattle appreciate it; but the trouble is that we are stiffened by an Oriental immobility. If I were to grab you, Arpakash, by the collar and drag you toward the Urvich Monastery, once I lead you behind the Kokalyane hill over the Iskar abyss and you hear the mysterious murmur of the winding, foaming river, you will begin to click your tongue and you will cry out, you will surely cry out: ""Good heavens, why, it is a veritable Switzerland! Look, how beautiful our Bulgaria was, and we fools did not know it, but instead languish in the coffeehouses on holidays!"" But as soon as you return to Sofia and catch a breath of its stifling atmosphere, you will fall back into lethargy, apathy will petrify you once more, until someone else drags you by the collar."
10_bai_ganyo_returns_from_europe_bul.csv,"Сега — за бай Ганя. Ний с Герванича цял ден сновахме из гората, търкаляхме се по тревата между дърветата, ядохме, пихме, зяпахме веселите групи на чужденците, които с душа и тяло бяха се предали на веселба; устроили бяха разни игри, пееха, тичаха, скачаха — да им завиждаш! Надвечер, след една вкусна закуска, влязохме с Герванича в ханчето да пием кафе. По едно време откъм Орханийското шосе зачуха се звънци и след малко сред един облак прах зададе се файтон с пътници. Слезе от колата един пътник, слезе втори и зад гърба на файтонджията се зачу гласът на третия: „Бай Михале, че поемни дисагите; гледай да не ги блъснеш някъде, да не строшиш мускалите, зере няма с какво да се отсрамим пред... оногова.“","Now — about Bai Ganyo. Gervanich and I had been roaming through the forest all day, rolling on the grass among the trees, eating, drinking, and gaping at the merry groups of foreigners who had surrendered themselves body and soul to the festivities; they had organized various games, were singing, running, jumping — you couldn't help but envy them! Towards evening, after a delicious snack, Gervanich and I entered the small inn to have some coffee. At one point, bells were heard from the direction of the Orhanie road, and shortly after, a carriage with passengers appeared amidst a cloud of dust. One passenger stepped out of the vehicle, then a second, and from behind the driver’s back, the voice of the third was heard: “Bai Mihal, take the saddlebags; mind you don't bump them anywhere, don't break the vials, for otherwise we'll have nothing to show for ourselves before... that one.”"
10_bai_ganyo_returns_from_europe_bul.csv,"И след тия думи скочи от колата... бай Ганьо. Същият бай Ганьо, както си го знаете, преди да тръгне за Европа; с тая разлика само, че си турил вратовръзка и освен това сега има импозантна външност и чувство на собствено достойнство и преимущество пред окръжающите. Човекът врял и кипял из Европа, Европа му станала като таквоз... като нищо. Дръпна си той левия мустак, поизкашля се в шепа и изгледа в полукръг с един поглед, с какъвто нашите полицейски изглеждат арестантите, групите на веселящите се чужденци и като хвърли око и заклати глава на своите невежи спътници, като че искаше да им каже: „Живи да ви оплача“, въздъхна дълбоко и многозначително произнесе: „Ех, Пра̀тер, Пра̀тер!“","And after those words, out of the carriage jumped... Bay Ganyo. The same Bay Ganyo you know, before he set off for Europe; with the only difference being that he had put on a necktie and, moreover, now possessed an imposing appearance and a sense of self-dignity and superiority over those around him. The man had seen it all in Europe; Europe had become to him like, you know... like nothing. He gave his left mustache a tug, cleared his throat into his palm, and surveyed in a semicircle—with the kind of look our policemen give prisoners—the groups of merrymaking foreigners; and casting an eye and shaking his head at his ignorant companions, as if he wanted to say to them: ""I pity your poor souls,"" he sighed deeply and pronounced with great significance: ""Ah, Prater, Prater!"""
10_bai_ganyo_returns_from_europe_bul.csv,"— Какво каза, твоя милост, не можах да дочуя — обади се нареченият бай Михал.","— ""What did you say, your honor? I couldn't quite hear,"" spoke up the man called Bai Michal."
10_bai_ganyo_returns_from_europe_bul.csv,"— Живи да ви оплача аз вас — произнесе състрадателно бай Ганьо. — Ех, Пра̀тер, Пра̀тер!... Минавало ли ви е през ума какво нещо е туй Пратера! Ама отде ще ви мине през ума. А да взема да ви разправям — не можете го разбра.","— I could weep for you, I really could — Bay Ganyo uttered compassionately. — Ah, the Prater, the Prater!... Has it ever even crossed your minds what a thing that Prater is! But how could it ever occur to you. And if I were to start telling you about it — you wouldn't be able to understand it."
10_bai_ganyo_returns_from_europe_bul.csv,"И за да покаже на своите прости другари кои са в състояние да го разберат, той се приближи към една от веселящите се групи, при която се търкаляха няколко изцедени бурета от бира, и като изобрази една ироническа усмивка, показа с очи към горицата и изрече: „Дас ист булгарише Пра̀тер, ха-ха-ха!...“","And to show those of his simple companions who were able to understand him, he approached one of the merrymaking groups, where several drained beer barrels lay rolling about, and with an ironic smile, gestured with his eyes toward the grove and uttered: “Das ist bulgarische Prater, ha-ha-ha!...”"
10_bai_ganyo_returns_from_europe_bul.csv,"Цялата група, с весело замъглени от пивото очи, изгледа отдолу-нагоре нашия ""немец"" и един от компанията, без да се вслушва в бай Ганьовото ироническо изречение, подаде му една чаша изветряло вино с думите: — Просим вас, гòсподин, искàате пиво?","The whole group, their eyes merrily clouded by beer, looked our ""German"" up and down, and one of the company, without paying heed to Bay Ganyo’s ironic remark, handed him a glass of stale wine with the words:

— We pray you, sir, do you want beer?"
10_bai_ganyo_returns_from_europe_bul.csv,"""И тези не ме разбират"" — помисли си бай Ганьо и като се върна при другарите си, прибави: „Нарязали се като... казаци.“","""These don't understand me either,"" thought Bay Ganyo, and as he returned to his companions, he added: ""They've gotten drunk as... Cossacks."""
10_bai_ganyo_returns_from_europe_bul.csv,"След туй компанията влезе в кръчмата и насяда близо до нас. Аз бях гърбом към тях и бай Ганьо не можа да ме познае, а че не ме позна, това се видя от думите, които той пусна за наша сметка: „И тези трябва да са се насвяткали. Немска стока!“","After that, the group entered the tavern and sat down near us. My back was turned to them, so Bay Ganyo couldn't recognize me; and that he didn't recognize me was evident from the remark he let slip at our expense: ""These ones must have gotten plastered, too. German stock!"""
10_bai_ganyo_returns_from_europe_bul.csv,Слугата се приближи към пътниците и почна да изтрива масата:,The servant approached the travelers and began to wipe the table:
10_bai_ganyo_returns_from_europe_bul.csv,— Не искате ли нещо? — попита той.,— Don't you want anything? — he asked.
10_bai_ganyo_returns_from_europe_bul.csv,"— Не щем, ний си имаме. Ама, хайде, нейсе, дай една вода и едно огънче: налей прясна вода — поръча бай Ганьо.","— We don't want any, we've got our own. But alright, never mind, give us some water and a light: pour fresh water — ordered Bay Ganyo."
10_bai_ganyo_returns_from_europe_bul.csv,"Между пътниците се почна един таинствен сериозен разговор, от който не всички думи долетяваха до нас.","A mysterious and serious conversation began among the passengers, of which not all the words reached us."
10_bai_ganyo_returns_from_europe_bul.csv,"— Тази вечер надали ще видим големеца, късно ще бъде — шепнеше бай Ганьо, — ще му пратим армаганите и ще му сторим хабер за утре; па той ще ни нареди кога да идем при княза.","— We're unlikely to see the big man tonight, it will be late — whispered Bay Ganyo, — we'll send him the gifts and send him word for tomorrow; and then he'll arrange for us when to go to the Prince."
10_bai_ganyo_returns_from_europe_bul.csv,— Ами за княза нещо армаганец? — попита предпазливо бай Михал.,— And what about a gift for the prince? — Bai Michal asked cautiously.
10_bai_ganyo_returns_from_europe_bul.csv,"— Не трябва — отговаря авторитетно бай Ганьо, — тука всичко е големеца; замажеш ли му очите — тръгни по бели гащи. Ний ще му дадем туй, дето ни го написа адвокатина, да го прочете и ако има нещо да поправи — негова работа! Пред княза да се държите, брей, да не се уплаши някой. Вие мене гледайте какво правя. Като кажа, както ни казаха да кажем: „Ваше Царско Височество, сакън да не му приемете оставката, зере Задунайская губерния“, и вий подир мене: „Сакън, Ваше Царско Височество!“","— No need — Bay Ganyo answers authoritatively — here, the big man is everything; if you pull the wool over his eyes, you'll end up in your white drawers. We’ll give him what the lawyer wrote for us, let him read it, and if there’s anything to fix — that’s his business! Hold yourselves together before the Prince, now, don't let anyone get cold feet. You watch me and do as I do. When I say, just as they told us to say: ""Your Royal Highness, for God's sake don't accept his resignation, or else it's the Trans-Danubian Province,"" then you follow after me: ""For God's sake, Your Royal Highness!"""
10_bai_ganyo_returns_from_europe_bul.csv,"— Хелбетя, друго какво ще речем — покорно отговаря бай Михал.","— To be sure, what else can we say — Bai Michal answers submissively."
10_bai_ganyo_returns_from_europe_bul.csv,"— А бе ти, Михале, малко на ботуш миришеш, че кой те знай? Опичай си акъла! — предупредява наставнически бай Ганьо.","— Look here, Mihal, you smell a bit like a boot, who knows what you're up to? Watch your step! — Bay Ganyo warns patronizingly."
10_bai_ganyo_returns_from_europe_bul.csv,"— Кой? Аз ли? — оправдава се бай Михал. — Не думай така, братко, ще чуй някой. И стените имат уши. Аз като чуя името ""казак"", треска ме хваща.","— Who? Me? — Bai Michal protested. — Don't say such things, brother, someone might hear. Even the walls have ears. When I hear the name ""Cossack"", I start to tremble."
10_bai_ganyo_returns_from_europe_bul.csv,"— Треска те хваща, а? — шепнеше тихо, с подмигване бай Ганьо. — А като дойдоха русите, кой обра говедата по турските села, а? Откога имаш ти тези богатства, а? Кажи де!","— You're breaking into a sweat, aren't you? — Bay Ganyo whispered softly, with a wink. — And when the Russians came, who was it that plundered the cattle from the Turkish villages, eh? Since when have you had all this wealth, eh? Go on, tell me!"
10_bai_ganyo_returns_from_europe_bul.csv,"— Ама че и ти бе, бай Ганьо, правичката да си говорим — шепне бай Михал, — нали от руско време ти останаха водениците. Кажи, не е ли тъй?","— Oh, you're a fine one, Bay Ganyo, let's speak the truth — whispered Bay Mihal, — didn't those mills stay with you from the Russian times? Tell me, isn't that so?"
10_bai_ganyo_returns_from_europe_bul.csv,"— Хайде, хайде, то с тебе не може човек дума да прохортува. То било, каквото било. Сега не е тъй. Сега Задунайская губерния, разбираш ли?","— Come now, come now, there’s no talking to you. What’s done is done. It’s not like that anymore. Now it’s the Transdanubian Governorate, do you understand?"
10_bai_ganyo_returns_from_europe_bul.csv,— А бе как да не разбирам! — каза бай Михал и дяволски подмигна на другарите си.,"— Why, of course I understand! — said Bai Michal and gave his companions a devilish wink."
10_bai_ganyo_returns_from_europe_bul.csv,"И тримата се изсмяха в шепа, за да не ги чуе някой.",All three of them laughed into their hands so that no one would hear them.
10_bai_ganyo_returns_from_europe_bul.csv,"— Брей, опичайте си акъла, вардете се, че ако ви чуе някой — отиваме на гюрултия... Хей, момче, какъв е онзи вестник там? „Свобода“ ли? — обърна се бай Ганьо към слугата.","— Good grief, keep your wits about you, watch out, for if someone hears you—we're in for it... Hey, boy, what's that newspaper there? ""Svoboda"" [Freedom]? — Bay Ganyo turned to the servant."
10_bai_ganyo_returns_from_europe_bul.csv,"— „Свободно слово“, господине.","— ""Free Word,"" sir."
10_bai_ganyo_returns_from_europe_bul.csv,"— Ех, че ми се иска да попрочета — шепне на другарите си бай Ганьо, — ама ме е страх, дявол да го вземе. Ще чуе големеца — па иди се оправяй сетне.","— Oh, how I’d like to read a bit — Bay Ganyo whispers to his companions, — but I’m afraid, damn it. The big shot will hear — and then try to talk your way out of it."
10_bai_ganyo_returns_from_europe_bul.csv,"Но тъкмо в този момент произлезе една сцена, която накара пътниците да се вдървят на местата си. Едно пет-шестгодишно момченце пристъпваше лениво около прага на кръчмата и си пееше някакви импровизации и, види се, под впечатлението на тридневното софийско непрекъснато „долу“ в мотива на „Шуми Марица“ остави същинския текст и захласнато в песнята си, употребяваше следующите втълпени в мозъка му думи: „До-лу-лу, до-лу, до-лу-лу, до-лу, до-о-лу, до-о-лу, до-лу Стамболов!“ Дружен смях на веселящите се групи прекъсна импровизацията на детето, което, възбудено от неочаквания успех, отново, с по-силен глас, почти с крясък, продължи песента си и вместо, ма-арш,ма-арш! — викаше „до-о, до-о, долу Стамболов, до-до-до-доолу, долу Стамболов“. Този път освен дружния смях зачуха се ръкопляскания и викове „браво“, „долу“, „долу блудникът“, „долу тиранинът“ от една компания младежи, които се връщаха от разходка.","But just at that moment, a scene occurred that made the passengers freeze in their places. A five- or six-year-old boy was stepping lazily around the threshold of the tavern, singing some improvisations and, apparently under the impression of the three-day continuous ""down with"" in Sofia, to the tune of ""Shumi Maritsa,"" he abandoned the actual lyrics and, absorbed in his song, used the following words drummed into his brain: ""Down-wn-wn, down, down-wn-wn, down, do-o-own, do-o-own, down with Stambolov!"" A collective laugh from the merrymaking groups interrupted the child's improvisation, who, excited by the unexpected success, again, with a louder voice, almost a scream, continued his song and instead of ""March, march!"" — shouted ""do-o, do-o, down with Stambolov, do-do-do-doown, down with Stambolov."" This time, besides the collective laughter, there were sounds of applause and cries of ""bravo,"" ""down with him,"" ""down with the libertine,"" ""down with the tyrant"" from a company of young men returning from a walk."
10_bai_ganyo_returns_from_europe_bul.csv,Аз се обърнах към масата на тримата пътници.,I turned toward the table of the three passengers.
10_bai_ganyo_returns_from_europe_bul.csv,"Бай Ганьо и неговите другари се превърнали в статуи. С разтворени уста, с облещени неподвижно очи, лицата им изобразяваха такава печална смес от страх и учудване, щото не ми оставаше освен да съжалявам, че нямах фотографически апарат... Пръв се свести бай Ганьо, обърна очи към манифестантите и веднага трепна, като че поразен от електрически ток: един конен полицейски стражар минуваше по шосето и чуваше тези ужасни викове и вместо да извади шашката си и като хала с бесен вик да я развърти около главите на тези нечувани бунтовници, на тези черни души, на тези разбойници и предатели, той изглеждаше спокойно, с добродушна усмивка на лицето... Ако в този момент беше избухнал вулкан на Витоша, едва ли би слисал нашите пътници повече, отколкото тази сцена...","Bay Ganyo and his companions had turned into statues. With mouths agape, with eyes staring motionlessly, their faces depicted such a mournful mixture of fear and astonishment that I could only regret not having a camera... Bay Ganyo was the first to come to his senses; he turned his eyes toward the demonstrators and immediately shuddered, as if struck by an electric current: a mounted police guard was passing along the road and hearing these terrible shouts, and instead of drawing his saber and, like a whirlwind with a furious cry, brandishing it over the heads of these unheard-of rebels, these black souls, these brigands and traitors, he looked on calmly, with a good-natured smile on his face... If a volcano had erupted on Vitosha at that moment, it would hardly have stunned our travelers more than this scene..."
10_bai_ganyo_returns_from_europe_bul.csv,"— Оплескахме я ний нея! — изговори с отчаяна въздишка бай Ганьо. — А бе, бай Михале, я иди, моля ти се, около тезгяха, та надзърни в „Свободно слово“, виж там дано разбереш каква е тази работа...","— We’ve really botched it! — Bay Ganyo uttered with a desperate sigh. — Listen, Bay Mihal, go, I beg you, over by the counter and take a peek at *Svobodno Slovo*; see if you can figure out what this business is all about..."
10_bai_ganyo_returns_from_europe_bul.csv,"— Хубава работа, ами ти защо не отидеш? Я да ти видя куража! — отговаря бай Михал.",— That’s a fine thing! Why don’t you go then? Let’s see your courage! — replied Bai Michal.
10_bai_ganyo_returns_from_europe_bul.csv,"— Ей, че си прост! Какво бива най-сетне да надзърнеш; мини край тезгяха, уж че гледаш ракията, подсвирквай си така, па с едно око, тъйцък, виж... да няма ново минис... Има хас!...","— Hey, you're so thick! Why don't you finally take a peek; pass by the counter, pretending to look at the rakia, whistling to yourself like this, and with one eye, just like that, see... if there isn't a new minis... Could it be!..."
10_bai_ganyo_returns_from_europe_bul.csv,— Невъзможно нещо... Опичай си акъла!...,— Impossible... Keep your wits about you!...
10_bai_ganyo_returns_from_europe_bul.csv,"— Ами не видя ли стражарина?... А бе я чакай, мечка страх, мен не страх — ще погледна вестника, па майната му!","— Well, didn't you see the policeman?... Wait a minute, I'm not afraid — I'll take a look at the newspaper, and to hell with it!"
10_bai_ganyo_returns_from_europe_bul.csv,"И бай Ганьо стана от мястото си, засвири със зъбите си „Зелен листец“ и като се озърташе уж разсеяно, правеше орлов кръг към тезгяха; доближи се, хвана за гърлото една бутилка с коняк и престорен, че чете етикета й, така си изкриви надясно очите, щото човек насреща му би видял само белтъците им, и погледът му падна върху сгънатата газета, от която се виждаше само заглавието „Свободно слово“. Той си потътра дясната ръка и като усили „Зелен листец“, за да заглуши шума на вестника, разтвори едната му част и с ужасно изкривени надясно очи прочете: „Известия от Двореца. Днес... се представи на Н. Ц. Височество президент-министърът и министърът на вътрешните дела г. д-р К. Стоил...“ — Нещо се пресече в гърлото на бай Ганьо; той се изкашля; облиза си мигом засъхналите устни и метна изкривено око по-надолу и прочете с големи заглавни букви: „Падна Стамбол...“, и сърцето на Ганя падна в ботушите му, той изтърва бутилката с коняка и за да заглади произведения шум, почна силно да кашля... Обърна се бай Ганьо към другарите си и изрече многозначително. — Беше!","And Bay Ganyo rose from his seat, began whistling ""Green Leaf"" through his teeth, and, glancing around with feigned nonchalance, made a wide, eagle-like sweep toward the counter; he approached, grabbed a bottle of cognac by the neck, and, pretending to read its label, squinted his eyes so far to the right that anyone facing him would have seen only the whites; his gaze fell upon a folded newspaper, of which only the title ""Svobodno Slovo"" was visible. He reached out his right hand and, whistling ""Green Leaf"" more loudly to drown out the rustling of the paper, unfolded a section of it and, with his eyes strained terribly to the right, read: ""News from the Palace. Today... the Prime Minister and Minister of Internal Affairs, Dr. K. Stoilov, was presented to His Royal Highness..."" Something caught in Bay Ganyo’s throat; he coughed, instantly licked his dry lips, and cast a sideways glance further down, reading in large capital letters: ""Stambolov has fallen..."", and Ganyo’s heart sank into his boots; he dropped the cognac bottle and, to cover up the noise, began to cough violently... Bay Ganyo turned to his companions and uttered meaningfully:
— He’s finished!"
10_bai_ganyo_returns_from_europe_bul.csv,"— Хаир сюле, бай Ганьо! — обади се бай Михал.","— Good tidings, Bay Ganyo! — called out Bay Mihal."
10_bai_ganyo_returns_from_europe_bul.csv,"— Свърши се тя! — допълни бай Ганьо и като се приближи при масата, пошепна тихо на другарите си: — Стамболов ефенди боклатмъш! Стоилов сега...","— It’s all over! — Bay Ganyo added, and as he approached the table, he whispered quietly to his companions: — Stambolov effendi is finished! It’s Stoilov now..."
10_bai_ganyo_returns_from_europe_bul.csv,"— Не може да бъде бе, що думаш! Във вестника ли?...","— It can't be, man, what are you saying! In the newspaper?..."
10_bai_ganyo_returns_from_europe_bul.csv,— Разбира се!,— Of course!
10_bai_ganyo_returns_from_europe_bul.csv,— А бе да не е някоя уйдурма?,"— Hey, is this some kind of setup?"
10_bai_ganyo_returns_from_europe_bul.csv,"— Каква ти уйдурма! — извика с глас бай Ганьо и като събра всичкия си кураж, затропа по масата и се провикна: — Хей, момче, я дай тука „Свободно слово“...","— What a setup! — cried Bay Ganyo aloud, and summoning all his courage, he banged on the table and shouted: — Hey, boy, bring ""Svobodno Slovo"" over here!..."
10_bai_ganyo_returns_from_europe_bul.csv,Другарите неволно си снишиха главите и почнаха да се озъртат плахо.,The comrades involuntarily lowered their heads and began to look around timidly.
10_bai_ganyo_returns_from_europe_bul.csv,"Момчето донесе вестника и го подаде случайно на бай Михаля, но той, като че му подадоха нажежено желязо, отдръпна си ръката и показа с очи към бай Ганя. Бай Ганьо взе газетата и то се знай, пообърна се да види какво има, какво няма в кръчмата, па най-сетне откъде ще се вземе толкова кураж у бай Ганя! Ама все пак куражлия! Разгърна „Свободно слово“ и почна: „Падна Стамб...“","The boy brought the newspaper and happened to hand it to Bay Mihal, but he, as if he were being handed red-hot iron, pulled back his hand and gestured with his eyes toward Bay Ganyo. Bay Ganyo took the paper and, as you might expect, looked around to see what was and wasn't going on in the tavern, for after all, where would Bay Ganyo find so much courage! But he was a brave soul nonetheless! He unfolded *Svobodno Slovo* and began: ""Stamb[olov] has fallen..."""
10_bai_ganyo_returns_from_europe_bul.csv,"Закашля се бай Ганьо, закашляха се още по-силно другарите му. Бай Михал изкриви окото си към вестника да види дали чете право неговият смел другар и се увери, че няма грешка... Наведе глава към вестника и третият другар и прочете и... треска го втресе, и свят му се зави. Колко ли негови дела и делца, дрямали с години под прокурорското сукно, ще измъкнат на бял свят тия две думици...","Bay Ganyo cleared his throat, and his companions cleared theirs even more loudly. Bay Michal squinted at the newspaper to see if his brave comrade was reading correctly and satisfied himself that there was no mistake... The third comrade also bowed his head over the newspaper, read, and... a shudder seized him, and his head began to swim. How many of his deeds and misdeeds, which had slumbered for years under the prosecutor’s cloth, would those two little words drag into the light of day..."
10_bai_ganyo_returns_from_europe_bul.csv,"С гушене, с шепнене, с кашляне иззобаха уводната статия и като назърнаха сам-там из вестника, узнаха и се убедиха най-сетне, че работата е свършена.","Huddled together, whispering and coughing, they devoured the editorial, and after glancing here and there through the newspaper, they finally learned and were convinced that the work was done."
10_bai_ganyo_returns_from_europe_bul.csv,"— Оплескахме я ний нея! Ами сега? Сега е късно вече да молим да не му се приема оставката. Хай дявол да го вземе. Е, Михале, какво мълчиш, кажи какво да се прави? — пита бай Ганьо.","— We’ve really botched it! Now what? It’s too late now to plead for his resignation not to be accepted. To hell with it. Well, Mihal, why are you silent? Tell me, what’s to be done? — asked Bay Ganyo."
10_bai_ganyo_returns_from_europe_bul.csv,"— Кажи, твоя милост; аз съм тъй слисан, като че ме е стоварил някой с бухалка по кратуната — отговаря отчаяно бай Михал.","— Tell me, your honor; I am so stunned, it’s as if someone has walloped me over the noggin with a club — Uncle Michal replies desperately."
10_bai_ganyo_returns_from_europe_bul.csv,"— Ами ти бе, Гуньо, какво мълчиш? Кажи и ти някоя дума. Какво да правим сега, а?","— And what about you, Gunyo, why are you keeping quiet? Say something as well. What are we to do now, eh?"
10_bai_ganyo_returns_from_europe_bul.csv,"— Е, че зная ли аз. . . Каквото речеш, твоя милост — мъмли убитият духом Гуньо.","— Well, how should I know... Whatever you say, your honor — mumbles the dejected Gunyo."
10_bai_ganyo_returns_from_europe_bul.csv,"— Ами че ти ум нямаш ли бе, серсем! Все аз ли ще ви оправям — вика почти просълзен от отчаяние бай Ганьо, — нейсе, хайде и тоя път да ви науча... Знаете ли какво?","— Don't you have any brains, you fool! Am I always the one who has to sort you out? — shouts Bay Ganyo, almost moved to tears with despair. — Anyway, come on, let me teach you this time too... You know what?"
10_bai_ganyo_returns_from_europe_bul.csv,"По този въпрос бай Ганьо се позамисли намръщено, почеса се, дето го не сърби, поизкашля се еднъж-дваж в шепа, бръкна в джеба на редингота си, извади една хартия, сгъната на четири, и я подаде на бай Гуня.","On this matter, Bay Ganyo pondered for a moment with a frown, scratched himself where it didn't itch, coughed once or twice into his hand, reached into the pocket of his frock coat, pulled out a piece of paper folded in four, and handed it to Bay Gunyo."
10_bai_ganyo_returns_from_europe_bul.csv,"— Я прочети още веднъж тая пущина, та после ще ви кажа какво ще правим.","— Read that wretched thing once more, and then I’ll tell you what we’re going to do."
10_bai_ganyo_returns_from_europe_bul.csv,"— Ами защо, ваша милост, не я прочетеш?","— Well, why don't you read it, your honor?"
10_bai_ganyo_returns_from_europe_bul.csv,"— Ама, Гуньо, каздърма бени! Ти знаеш защо не я чета, на тебе по̀ ти иде отръки да четеш онези папищашки думи...","— But Gunyo, don't provoke me! You know why I don't read it; you're the one who's more adept at reading those papist words..."
10_bai_ganyo_returns_from_europe_bul.csv,"Гуньо разгърна хартията и прочете горе-долу следното: „Ваше Царско Височество! Небесни гръмове се посипаха върху нещастните ни глави! Петвековното ни робство е приятен сън в сравнение с грозния удар, който Северният враг ни нанася чрез оставката на нашия — о! има ли думи! — най-гениален вожд, този Цицерон, този Нютон на българския небосклон! O tempora, o mores! „Не, Ваше Царско Височество! Ний още вярваме в здравия смисъл на доблестния български народ и очакваме, че той няма да се раздели с човека, който е олицетворение на неговите стремления и идеали, на всичко честно, благородно, целомъдрено, прогресивно, либерално! Ний няма да повярваме, че Ваше Царско Височество ще поверите властта в ръцете на ония развратни предатели, на ония невежи и невъзпитани нищожества, които денонощно се, стремят да подкопаят основите на нашия държавен строй и да хвърлят нашето мило отечество под миризливия ботуш на казака.","Gunyo unfolded the paper and read something like this:

""Your Royal Highness! Heavenly thunderbolts have rained down upon our wretched heads! Our five centuries of slavery are a pleasant dream compared to the hideous blow dealt to us by the Northern Enemy through the resignation of our—oh, are there words!—most brilliant leader, this Cicero, this Newton of the Bulgarian firmament! *O tempora, o mores!*

""No, Your Royal Highness! We still believe in the common sense of the valiant Bulgarian people and expect that they will not part with the man who is the embodiment of their aspirations and ideals, of everything honest, noble, chaste, progressive, and liberal! We shall not believe that Your Royal Highness would entrust power into the hands of those depraved traitors, those ignorant and ill-bred nonentities, who strive day and night to undermine the foundations of our state order and to cast our beloved fatherland under the stinking boot of the Cossack."""
10_bai_ganyo_returns_from_europe_bul.csv,"Ваше Царско Височество! Timeo Danaos et dona ferentes! Горната резолюция се прие от 11 000 най-видни граждани и се упълномощиха Ганьо Балкански, Михал Михалев и Гуньо Килипирчиков да я поднесат пред стъпките на Ваше Царско Височество. Ураа!“","Your Royal Highness! *Timeo Danaos et dona ferentes!* The above resolution was adopted by 11,000 of the most prominent citizens, and Ganyo Balkanski, Michal Michalev, and Gunyo Kilipirchikov were authorized to present it at the feet of Your Royal Highness. Hurrah!"
10_bai_ganyo_returns_from_europe_bul.csv,"— Ей, че сме калпав народ! — казва с клатене на глава и с цъкане бай Ганьо. — Като бъде за лъжата, дъртите цигани са нищо пред нас. Че хич дотам бива ли? 11 000 най-видни граждани! Ха-ха-ха! Махни хилядите, колко остава?","— Oh, what a lousy people we are! — says Bai Ganyo, shaking his head and clicking his tongue. — When it comes to lying, the old Gypsies are nothing compared to us. Is it even possible to go that far? 11,000 most prominent citizens! Ha-ha-ha! Take away the thousands, how many are left?"
10_bai_ganyo_returns_from_europe_bul.csv,— Единадесет души — отговаря Михал.,— Eleven people — Michal answers.
10_bai_ganyo_returns_from_europe_bul.csv,— Толкоз ли бяха?,— Was that all?
10_bai_ganyo_returns_from_europe_bul.csv,"— Е, толкоз, бай Ганьо, правото — право. Аз нали ходих със стражар да ги събирам.","— Well, that’s that, Bay Ganyo, fair is fair. After all, didn’t I go with a policeman to collect them?"
10_bai_ganyo_returns_from_europe_bul.csv,"— Калпав народ!... Сега знаете ли какво? За връщане назад не може и дума да става. Ти, Гуньо, си едно парче адвокатин. Я се запретни, моля ти се, па дай тука всички заедно да изкалъпим един друг адрес, за новия... Не, аз имам хартия. Па дано не узнаят, че сме дошли да молим за онзи хубостник, че ни е спукана работата. Особено твойта работа, Гуньо... Ако дойде други прокурор.","— Rotten lot!... Now, you know what? There’s no question of turning back. You, Gunyo, are something of a lawyer. Roll up your sleeves, if you please, and let’s all together cook up another address for the new one... No, I have paper. And let’s hope they don’t find out we came to plead for that ""fine fellow,"" or we’re done for. Especially you, Gunyo... if a different prosecutor comes."
10_bai_ganyo_returns_from_europe_bul.csv,"Гуньо се поизкашля... — Дай хартията и калема — каза той тревожно. — Вий гледайте, аз ще пиша.","Gunyo cleared his throat... ""Give me the paper and the pencil,"" he said anxiously. ""You watch, I will write."""
10_bai_ganyo_returns_from_europe_bul.csv,"И той почна да пише: ""Ваше Царско Височество! Небесни гръмове се посипаха върху нашите нещастни глави!...","And he began to write: ""Your Royal Highness! Heavenly thunders have rained down upon our unfortunate heads!..."""
10_bai_ganyo_returns_from_europe_bul.csv,— Сега трябва да го напишем наопаки. Как да го напишем?... Чакайте... Одобрявате ли така: „Небесата се отвориха и посипаха благодат върху нашето отечество.“,— Now we must write it backwards. How shall we write it?... Wait... Do you approve of this: “The heavens opened and showered grace upon our fatherland.”
10_bai_ganyo_returns_from_europe_bul.csv,"— Само отечество много просто излиза — заявява бай Ганьо, тури „нашето мило отечество“.","— ""Just 'fatherland' sounds too plain,"" declares Bay Ganyo, ""put 'our dear fatherland'."""
10_bai_ganyo_returns_from_europe_bul.csv,"— И аз мисля, че без мило не чини — казва бай Михал.",— I also think that without kindness it is worth nothing — says Uncle Michal.
10_bai_ganyo_returns_from_europe_bul.csv,"— Добре, турих мило. По-нататък: „Петвековното ни робство е приятен сън в сравнение с грозния удар“... Сега наопаки: „Освобождението ни от петвековното ни робство е нищо в сравнение с бляскавото събитие, което разруши веригите на грозния тиранин.“ Съгласни ли сте?","— Alright, I've put it in nicely. Further on: ""Our five-century slavery is a pleasant dream compared to the hideous blow""... Now the reverse: ""Our liberation from our five-century slavery is nothing compared to the glorious event that broke the chains of the hideous tyrant."" Do you agree?"
10_bai_ganyo_returns_from_europe_bul.csv,"— Да беше прибавил още „изчадие на пъкъла“ — заявява бай Ганьо. — Ама нейсе, по-сетне.","— You should have added ""spawn of hell"" as well — declares Bay Ganyo. — But never mind, later."
10_bai_ganyo_returns_from_europe_bul.csv,"— ...„който Северният враг ни нанася чрез оставката на нашия — о! има ли думи! — най-гениалния вожд, този Цицерон, този Нютон на българския небосклон.“","— ...'which the Northern Enemy inflicts upon us through the resignation of our — oh! are there words! — most brilliant leader, this Cicero, this Newton of the Bulgarian firmament.'"
10_bai_ganyo_returns_from_europe_bul.csv,"— Сега туй как да го обърнем?... Чакайте... Ето как: „И което се дължи единствено на Ваше Царско Височество, всемилостивейши баща и татко, като приехте оставката на този — о! има ли думи — най-грозен мъчител, този Калигула, този Тамерлан на българския небосклон.“","— Now, how shall we phrase this?... Wait... Here’s how: “And which is due solely to Your Royal Highness, most merciful father and papa, by your accepting the resignation of this — oh! are there even words — most hideous tormentor, this Caligula, this Tamerlane of the Bulgarian firmament.”"
10_bai_ganyo_returns_from_europe_bul.csv,"— Браво бе, Гуньо! — извика с възторжено блеснали очи бай Ганьо.","— Bravo, Gunyo! — cried Bay Ganyo, his eyes shining with enthusiasm."
10_bai_ganyo_returns_from_europe_bul.csv,— Че ти как го мислиш Гуня? — ласкае Михал.,"— Well, what do you think, Gunya? — Michal flattered."
10_bai_ganyo_returns_from_europe_bul.csv,"— „O tempora, o mores!“... Туй може да си остане. То, дето и да го туриш, все си е на мястото... „Не, Ваше Царско Височество!“... Да турим: „Да, Ваше Царско Височество!... Ний още вярваме в здравия смисъл на доблестния български народ и очакваме, че той няма да се раздели с человека...“ Сега вместо „няма да се раздели“ ще турим „и ще изтрие от лицето на земята“, а вместо „человека“ ще турим „свирепия звяр“.","— “O tempora, o mores!”... That can stay. No matter where you put it, it’s always appropriate... “No, Your Royal Highness!”... Let’s put: “Yes, Your Royal Highness!... We still believe in the common sense of the valiant Bulgarian people and expect that they will not part with the man...” Now, instead of “will not part with,” we’ll put “and will wipe off the face of the earth,” and instead of “the man,” we’ll put “the ferocious beast.”"
10_bai_ganyo_returns_from_europe_bul.csv,"— Не, по-добре тури „бясното чудовище“ — поправя бай Ганьо.","— No, better put ""the rabid monster"" — Bay Ganyo corrected."
10_bai_ganyo_returns_from_europe_bul.csv,— Аз пък мисля да турим „Геена огненная“ — каза Михал.,"— As for me, I think we should put ""Fiery Gehenna"" — said Michal."
10_bai_ganyo_returns_from_europe_bul.csv,"— Ех, че го набута! Ха-ха-ха! Че отде-накъде „Геена огненная?“ По-добре да турим „мръсния кръволок“ — казва Гуньо.","— Boy, you really stuck it to him! Ha-ha-ha! Where on earth did “fiery Gehenna” come from? Better to put “the filthy bloodsucker” — says Gunyo."
10_bai_ganyo_returns_from_europe_bul.csv,"— Ха, видя ли сега! Аферим! — одобрява бай Ганьо.","— Ha, see that now! Bravo! — Bay Ganyo approves."
10_bai_ganyo_returns_from_europe_bul.csv,"— ...„който е олицетворение на неговите стремления и идеали — на всичко честно, благородно, целомъдрено, прогресивно, либерално!“ Сега да обърнем наопаки... „който е олицетворение на народното нещастие!... на всичко безчестно, вагабонтско, развратно, мракобесно и тиранско!“ По-нататък: „Ний няма да повярваме, че Ваше Царско Височество ще поверите властта в ръцете на ония развратни предатели, на ония невежи и невъзпитани нищожества...“ Как да го обърнем сега?... Стойте! Дойде ми на ума! Ето как: „Позволете ни, Ваше Царско Височество, да се считаме честити и да изразим нашите най-безпределно верноподанически чувства, задето поверихте властта в ръцете на ония благородни патриоти, на тия образовани и възпитани държавни мъже... които денонощно се стремят да под-копаят основите на нашия държавен строй.“","— ...""who is the personification of its aspirations and ideals — of everything honest, noble, chaste, progressive, liberal!"" Now let's turn it upside down... ""who is the personification of the people's misfortune!... of everything dishonest, scoundrelly, depraved, obscurantist, and tyrannical!"" Further: ""We shall not believe that Your Royal Highness will entrust the power into the hands of those depraved traitors, of those ignorant and ill-bred nonentities..."" How shall we flip it now?... Wait! I've got it! Here's how: ""Allow us, Your Royal Highness, to consider ourselves fortunate and to express our most infinitely loyal feelings, for having entrusted the power into the hands of those noble patriots, of those educated and well-bred statesmen... who day and night strive to undermine the foundations of our state order."""
10_bai_ganyo_returns_from_europe_bul.csv,— Как така! Имаш грешка! — каза стреснато бай Ганьо.,"— What do you mean! You're mistaken! — said Bay Ganyo, startled."
10_bai_ganyo_returns_from_europe_bul.csv,"— Сега ще го обърнем наопаки, така вместо „да подкопаят“ ще турим „да закрепят“. „И да хвърлят нашето мило отечество под миризливия ботуш на казака.“",— Now we’ll turn it inside out; so instead of “to undermine” we’ll put “to strengthen.” “And to cast our dear fatherland under the stinking boot of the Cossack.”
10_bai_ganyo_returns_from_europe_bul.csv,"— Хайде сега да видим — казва бай Ганьо. — Сега е зорът! Не знаем, дявол да го вземе, сегашните как ще я подкарат с Московията. Да знай човек, че искат да се мирят — лесна работа, може сума неща да напишем: „Цар освободител; цар покровител; едноутробни братя; немските келяви чифути“ и прочее; ама не знаем какъв вятър ще повее... Добре: „братя славяни, ами ако и днешните са против славяните, па току виж... хоп! — бай Ганьо предател! Не, знаете ли какво? По-добре онуй там за „миризливия ботуш“ да го изхвърлим...","— Now let’s see — says Bay Ganyo. — Now comes the tricky part! We don’t know, damn it, how the current lot will play it with Muscovy. If one knew they wanted to make peace — it’s easy work, we could write a heap of things: “Tsar Liberator; Tsar Protector; brothers from the same womb; the scabby German kikes” and so on; but we don’t know which way the wind will blow... Fine: “Slavic brothers,” but what if the current ones are also against the Slavs, and then before you know it... hop! — Bay Ganyo is a traitor! No, you know what? Better to throw out that bit about the “stinking boot”..."
10_bai_ganyo_returns_from_europe_bul.csv,"— Е, ами какво да турим!...","— Well, what shall we put then!..."
10_bai_ganyo_returns_from_europe_bul.csv,"— Сто-ой! Недей бърза! Ще помислим... Знаете ли какво? Сега ний, като не знаем още какъв вятър вее, да турим и тъй, и тъй, па те нека го тълкуват, както им уйдиса. Да турим така... „И да се прегърнем братски хем с русите, хем с немците... Тю! Да ги порази господ!...“","— Whoa! Don't rush! Let's think... You know what? Since we don't know which way the wind is blowing yet, let's put it both this way and that, and let them interpret it however it suits them. Let's put it like this... ""And let us embrace as brothers both the Russians and the Germans... Bah! May God strike them down!..."""
10_bai_ganyo_returns_from_europe_bul.csv,"— Не, хич не уйдисва така! Какво е това „хем-хем“? Пред княз така ли се говори! — заявява адвокатствуващият Гуньо.","— No, that won't do at all! What is this ""on the one hand, on the other hand""? Is that any way to speak before a Prince! — declared Gunyo, acting the lawyer."
10_bai_ganyo_returns_from_europe_bul.csv,"— Ами как се говори бе, келеш! Ти мене ли ще ме учиш! — пламна бай Ганьо. — Ти знаеш ли кой съм аз? Ти знаеш ли, че аз цяла Европа съм изходил? Не съм като тебе дърво! Ти знаеш ли, че туй Иречек-Миречек ей тъй — зяпнали са ме слушали, като им заприказвам. Мен англичани, мен американци ихтибар са ми правили в Дрезден... че ти ли на ум ще ме учиш?... Ти знаеш ли, че аз...","— And how else is one supposed to talk, you punk! You think you're going to teach me! — Bay Ganyo flared up. — Do you know who I am? Do you know that I’ve traversed all of Europe? I’m not a blockhead like you! Do you know that those Irecheks and Mirecheks—they’d listen to me with their mouths agape when I started talking to them. Englishmen and Americans showed me great respect in Dresden... so you’re the one who’s going to teach me sense?... Do you know that I..."
10_bai_ganyo_returns_from_europe_bul.csv,"— Зная бе, бай Ганьо, как да не зная — оправдава се стреснатият Гуньо.","— I know, Bay Ganyo, how could I not know — the startled Gunyo said, justifying himself."
10_bai_ganyo_returns_from_europe_bul.csv,"— Е, ами като знаеш, какво там таквозинаке... Нейсе, пиши там, както знаеш...","— Well, since you know, what's the point of all that... Anyway, write it as you know how..."
10_bai_ganyo_returns_from_europe_bul.csv,"— Да напишем така: „...и да ни турят, ако не по-горе, то поне наред с великите европейски сили“...","— Let's write it like this: ""...and to place us, if not higher, then at least alongside the great European powers""..."
10_bai_ganyo_returns_from_europe_bul.csv,"— Нейсе, съгласен съм — одобрява бай Ганьо.","— Well, I agree — Bay Ganyo approves."
10_bai_ganyo_returns_from_europe_bul.csv,"— ...„с великите европейски сили, като ни възвърнат към величието на Аспаруха и Крума.“","— ...“with the great European powers, by returning us to the greatness of Asparuh and Krum.”"
10_bai_ganyo_returns_from_europe_bul.csv,— Съгласен съм. Добре.,— I agree. Fine.
10_bai_ganyo_returns_from_europe_bul.csv,"— Сега по-нататък: „Ваше Царско Височество, Timeo danaos et dona ferentes!“ ...Вместо него най-добре е да турим: „Vox populi, vox dei.“ Съгласни ли сте?","— Now, moving on: “Your Royal Highness, Timeo danaos et dona ferentes!” ...Instead of that, it would be best to put: “Vox populi, vox dei.” Do you agree?"
10_bai_ganyo_returns_from_europe_bul.csv,"— Най-сетне, нейсе, тури го. То не е съвсем българско, ама като трябва, какво ще му правим! — съгласява се бай Ганьо.","— Finally, so be it, put it in. It’s not quite Bulgarian, but if it’s necessary, what can we do! — Bay Ganyo agrees."
10_bai_ganyo_returns_from_europe_bul.csv,"— ...„Горнята резолюция се прие от 11 хиляди най-видни граждани и се упълномощиха Ганьо Балкански...“ и прочее, туй може да си остане цяло докрай.","— ...'The above resolution was adopted by 11 thousand most prominent citizens, and Ganyo Balkanski was authorized...' and so forth, this can remain whole to the end."
10_bai_ganyo_returns_from_europe_bul.csv,"— Да ги оставим ли само 11 хиляди души, или да покачим за хатъра на новите още една-две хиляди? Да им подмажем колата?","— Shall we leave them at just 11,000 people, or should we bump it up by another thousand or two for the sake of the newcomers? To grease the wheels for them?"
10_bai_ganyo_returns_from_europe_bul.csv,"— Доста са, бай Ганьо. В нашия град кьораво и кьопаво да събереш, надали ще излязат 11 000, ама хайде, нейсе, за хатър нали е!","— That’s quite a lot, Bay Ganyo. In our town, even if you gathered every soul, the halt and the blind included, you’d hardly reach 11,000, but oh well, never mind, it’s for the sake of a favor, after all!"
10_bai_ganyo_returns_from_europe_bul.csv,"— Съгласен съм... Ами туйнаке... наместо Ганьо Балкански не е ли по-салтанатлия да турим „господин Ганьо“ и прочее? Да види княза, че не сме някоя долна работа хора, а?","— I agree... Now, look here... instead of Ganyo Balkanski, wouldn't it be more grand to put “Mister Ganyo” and so forth? Let the Prince see that we aren’t some low-class sort of people, eh?"
10_bai_ganyo_returns_from_europe_bul.csv,— И аз тъй ще кажа — обажда се Михал.,— I’ll say the same — Michal spoke up.
10_bai_ganyo_returns_from_europe_bul.csv,"— Ефендилер, късно стана. Хайде да ходим! — извика файтонджията турчин от прага на кръчмата. Пътниците заминаха за София.","— Efendiler, it has grown late. Let us go! — the Turkish carriage driver called out from the threshold of the tavern. The passengers departed for Sofia."
10_bai_ganyo_returns_from_europe_bul.csv,"На другия ден, господа, прочетох в един от местните вестници, че пред големите капии се е представила депутация от г. П., състояща от Ганьо Балкански и прочее, да благодари за освобождението от тиранския режим.","The next day, gentlemen, I read in one of the local newspapers that a deputation from the town of P., consisting of Ganyo Balkanski and so forth, had presented itself before the High Portals to offer thanks for the liberation from the tyrannical regime."
10_bai_ganyo_returns_from_europe_bul.csv,"След два дена в този вестник прочетох телеграма от същия град, подписана от името на „хиляди“ граждани, с която уведомяваха големците, че бай Ганю и другарите му били самозвана депутация и че същинските народни избраници са тръгнали вече за столицата да благодарят...","Two days later, in this newspaper, I read a telegram from the same city, signed on behalf of ""thousands"" of citizens, informing the dignitaries that Bay Ganyo and his companions were a self-appointed delegation and that the true representatives of the people had already set off for the capital to offer their thanks..."
10_bai_ganyo_returns_from_europe_bul.csv,"Аз знаех хотела, в който спира бай Ганьо, и се упътих към него. Не исках да изказвам негодувание за подлата му постъпка не защото всяко негодувание е бледно, за да я похули; но желаех да направя един опит — дали е възможно да накарам тази нещастна рожба на обстоятелствата да съзнае всичкия ужас на своята постъпка.","I knew the hotel where Bay Ganyo was staying and made my way there. I did not wish to express indignation at his despicable act, not because any indignation would be too faint to condemn it, but because I wanted to make an attempt—to see if it were possible to make this unfortunate offspring of circumstances realize the full horror of his deed."
10_bai_ganyo_returns_from_europe_bul.csv,"На таблата в хотела прочетох в коя стая е бай Ганьо и се изкачих по стълбите. Почуках на вратата, никой не се обади. Натиснах дръжката и вратата се отвори. Стаята празна. Заминали. Върху масата съгледах един къс хартия, на която беше написано с бай Ганьовски почерк: ""До редакцията на в. „Свободно слово“. Последното название зачеркнато и вместо него написано „Свобода“. По-нататък: „Потайностите на Стамболова“ — и това зачеркнато и вместо него написано „Анархия“. Ясно се виждаше, че авторът на писмото дълго време се е колебал кой път да хване, защото на много редове се забелязваха зачеркнати думи, заменени със съвършено противоположни тям по смисълта. Написано например „патриоти“ е зачеркнато, а отгоре му написано „пладнешки хайдути“ — и това зачеркнато, и пак написано „патриоти“. Цялото писмо беше задраскано накръст с дебели черти, дръпнати от сърдита ръка, защото за втората черта не хванало мастило, топнато още веднъж перото в мастилото и дотеглена двойно по-дебела черта... Под зачеркнатите редове стояха следните думи: „На маймуни ни обърнахте, да ви вземе дявола с маскари...“","On the hotel board, I read which room Bai Ganyo was in and went up the stairs. I knocked on the door; no one answered. I turned the handle and the door opened. The room was empty. They had left. On the table, I spotted a scrap of paper on which was written in Bai Ganyo’s handwriting: ""To the editorial office of the newspaper *Svobodno Slovo*."" The latter title was crossed out and replaced with ""*Svoboda*."" Further down: ""The Mysteries of Stambolov""—this too was crossed out and replaced with ""Anarchy."" It was clear that the author of the letter had hesitated for a long time over which path to take, for on many lines one could see crossed-out words replaced by others completely opposite in meaning. For instance, the word ""patriots"" was crossed out, and above it was written ""daylight robbers""—this too was crossed out, and ""patriots"" was written once more. The entire letter had been crossed out with thick, angry strokes; the ink had failed on the second stroke, so the pen had been dipped again and a line twice as thick had been drawn... Beneath the crossed-out lines were the following words: ""You've made monkeys of us, may the devil take you, you scoundrels..."""
11_bai_ganyo_does_elections_bul.csv,"— Не ми дрънкайте много-много, аз ви казвам, че трябва да изберем правителствени! — извика бай Ганьо и удари силно по масата.","— Don’t give me all that talk, I’m telling you we must elect the government’s men! — Bay Ganyo shouted and struck the table hard."
11_bai_ganyo_does_elections_bul.csv,"— А бе как ще изберем правителствени, откъде ще изкопаем избиратели? Ами че ти бе, бай Ганьо, нали си; уж либерал — осмели се да възрази Бочоолу.","— But look, how are we going to elect government men, where are we going to dig up voters? And you, Bay Ganyo, aren't you... supposedly a liberal — Bochoolu dared to object."
11_bai_ganyo_does_elections_bul.csv,"— Кой ти каза, че съм либерал! — попита строго бай Ганьо.",— Who told you that I am a liberal! — Bay Ganyo asked sternly.
11_bai_ganyo_does_elections_bul.csv,"— Как кой ми каза? Ами че не помниш ли колко консерватори си пердашил, колко си ги псувал, как да не си либерал? Не знаеш ли — ти сам каза, — че даже на Иречека си се хвалил, че си либерал? — възразяваше Бочоолу.","— What do you mean, who told me? Why, don't you remember how many conservatives you've thrashed, how much you've cursed them—how could you not be a liberal? Don't you know—you said it yourself—that you even bragged to Jireček that you were a liberal? — Bochoolu retorted."
11_bai_ganyo_does_elections_bul.csv,"— Ей че си прост! — отговаря със снизходителна усмивка бай Ганьо. — Че какво, като съм казал на Иречека, дума дупка прави ли! А бе, ахмако, че аз, един Иречек ако не метна, кого ще метна?","— My, how simple you are! — Bay Ganyo replies with a condescending smile. — So what if I told Jireček, do words leave a mark! Listen, you fool, if I don't dupe someone like Jireček, who am I going to dupe?"
11_bai_ganyo_does_elections_bul.csv,"— Имаш право, твоя милост! Бочоолу, налягай си парцалите, недей го опява! — обади се Гочоолу. — И аз съм консерватор.","— You're right, your honor! Bochoolu, keep your head down, don't nag him! — Gochoolu spoke up. — I'm a conservative too."
11_bai_ganyo_does_elections_bul.csv,"— Ами че аз на гроб камък ли съм! Аз съм пък хептен консерватор — изтърси Дочоолу, — я стани и ти бе, Бочоолу, един консерватор, че да ги пипнем онези, да не могат да мръднат.","— Am I a tombstone or what! I’m a conservative through and through — blurted out Dochoolu, — come on, Bochoolu, you become a conservative too, so we can grab those fellows so they can't even budge."
11_bai_ganyo_does_elections_bul.csv,"— Добре, ама не зная управителят с кои ще бъде — отговаря Бочоолу.","— Fine, but I don't know who the governor will be with — Bochoolu answers."
11_bai_ganyo_does_elections_bul.csv,"— Управителят ли? С нашите, разбира се — съобщава бай Ганьо, — и околийският е с нашите. Постоянната комисия не е законна, ама кой ще му дири законност, тя е наша. Бюрото е наше. Градският съвет е наш. Кметът малко шава, ама ще му отрежем куйрука. Общинските съвети по селата не са утвърдени нарочно, разбирате ли? Ако бъдат с нас — ще ги утвърдим, ако не — на дяволите. Пак ти казвам — колкото за управителя, нямай грижа, той е наш.","— The Governor? He’s with our people, of course — reports Bay Ganyo — and the sub-prefect is with our people too. The Standing Commission isn’t legal, but who’s going to go looking for legality? It’s ours. The Bureau is ours. The City Council is ours. The Mayor is acting up a bit, but we’ll cut his tail short. The village municipal councils haven’t been confirmed on purpose, do you see? If they’re with us — we’ll confirm them; if not — to hell with them. I tell you again — as for the Governor, don’t you worry, he’s our man."
11_bai_ganyo_does_elections_bul.csv,— Ами хамалите? — любопитствува Бочоолу.,— What about the porters? — Bochoolu asked curiously.
11_bai_ganyo_does_elections_bul.csv,"— И хамалите са наши, и циганите, и Данко Харсъзина е наш...","— And the porters are ours, and the gypsies, and Danko the Rogue is ours..."
11_bai_ganyo_does_elections_bul.csv,— Ами че той нали беше затворен за кражба? — учудва се Бочоолу.,— But wasn't he in prison for theft? — Bochoolu wondered.
11_bai_ganyo_does_elections_bul.csv,"— Е-хе, ти патки пасеш. Пуснахме го ний него. Нали той ни спечели хамалите. Отишъл при тях онзи ден, събрал ги, че като им скръцнал със зъби, те замръзнали по местата си, като им изръмжал: „Зъбите ви ще разкъртя, ако не изберете бай Ганя!“ — и хамалите кандисали. Пазарил ги Данко по два лева на човек и срещу изборите цяла нощ ядене-пиене.","— Ha! You’re clueless. We set him loose, we did. He’s the one who won the porters over for us. He went to them the other day, gathered them together, and when he gnashed his teeth at them, they froze in their tracks; when he growled, ""I’ll smash your teeth in if you don’t elect Bay Ganyo!""—the porters gave in. Danko hired them for two levs a head, and on the eve of the election, it was food and drink all night long."
11_bai_ganyo_does_elections_bul.csv,"— Страшен хайдучага, брей!","— A hell of a haiduk, man!"
11_bai_ganyo_does_elections_bul.csv,"— И за колко мислиш! За 50 лева. Ходил при онези да иска 100 лева, те го изпъдили, нахокали го. Ще го видиш сега в неделя — кокалите им ще смаже! — казва самодоволно бай Ганьо.","— And for how much, do you think! For 50 leva. He went to those others to ask for 100 leva, but they kicked him out and berated him. You’ll see him this Sunday — he’ll crush their bones! — says Bay Ganyo smugly."
11_bai_ganyo_does_elections_bul.csv,"— Бочоолу, я иди повикай Гуня Адвокатина да дойде тука да ни напише едно възвание, кажи му: „Бай Ганьо те вика.“","— Bochoolu, go and fetch Gunya the Lawyer to come here and write us a proclamation; tell him: ""Bai Ganyo is calling you."""
11_bai_ganyo_does_elections_bul.csv,"Щом Бочоолу излезе, бай Ганьо си сниши главата и с един таинствен глас се обърна към другарите си: — Мълчете си! Това диване до самия ден на изборите ще го лъжем, че ще го направим депутат, ще напишем колкото за лице няколко бюлетини с неговото име, а другите бюлетини ще ги напишат писарите в Градския съвет и от Окръжното управление. Сега чувайте ме: министърът иска аз непременно да бъда депутат. Ти, Гочоолу, искаш ли?","As soon as Bochoolu went out, Bay Ganyo lowered his head and, in a conspiratorial voice, turned to his comrades: ""Keep quiet! We’ll keep lying to this fool until the very day of the elections, telling him we’ll make him a deputy; we’ll write a few ballots with his name just for show, and the rest of the ballots will be written by the clerks in the City Council and the District Office. Now listen to me: the minister insists that I must be a deputy. You, Gochoolu, do you want to be one?"""
11_bai_ganyo_does_elections_bul.csv,"— Е, че иска ми се, бай Ганьо — отговаря Гочоолу.","— Well, I’d like to, Bay Ganyo — replies Gochoolu."
11_bai_ganyo_does_elections_bul.csv,— Че и мен ми се иска — обажда се Дочоолу.,"— I’d like to, too — says Dochoolu."
11_bai_ganyo_does_elections_bul.csv,"— А бе иска ти се тебе, ама, право да ти кажа, хептен си се омаскарил пред хората. Защо ти трябваше да излизаш толкова налице; кой кряскаше по мегданите: „Да живей великият патриот!“, „Долу гнусният тиранин!“, „На бесилката Климента“, „Да живее Климент!“;","— Well, you want it, all right, but to tell you the truth, you’ve completely disgraced yourself before the people. Why did you have to be so conspicuous; who was it shouting in the squares: “Long live the great patriot!”, “Down with the vile tyrant!”, “To the gallows with Kliment!”, “Long live Kliment!”;"
11_bai_ganyo_does_elections_bul.csv,"— Ами че нали все заедно бяхме бе, бай Ганьо, защо си кривиш душата?","— But weren't we always together, Bay Ganyo? Why are you being so dishonest?"
11_bai_ganyo_does_elections_bul.csv,"— Заедно, ама нашето излизане все шито-крито. Най-сетне, нейсе, като искаш толкова — добре, ще те избера. Туй, че селяните те мразят и чергите си им продал с твоя пусти фаисчилък...","— Together, but our dealings are always hush-hush. Finally, well, since you want it so much—fine, I’ll choose you. Never mind that the villagers hate you and you’ve sold the very rugs from under them with your wretched usury..."
11_bai_ganyo_does_elections_bul.csv,"— Колкото за туй, недей приказва, бай Ганьо, нали зная и ти каква си стока — дума предпазливо Дочоолу.","— As for that, don't talk, Bay Ganyo; don't I know what sort you are too,"" Dochoolu says cautiously."
11_bai_ganyo_does_elections_bul.csv,"Бай Ганьо е готов да кипне, но в това време влиза Гуньо Адвокатина. Бай Ганьо му разправя като какво трябва да бъде възванието. Гуньо сяда до масата, зема перото и се задълбочава в мисли. По поръчка на бай Ганя слугата донася едно шише мастика. Гочоолу, Дочоолу и бай Ганю пият, Гуньо пише. След половин час е готово следующето:","Bay Ganyo is ready to boil over, but at that moment Gunyo the Lawyer enters. Bay Ganyo explains to him what the proclamation should be like. Gunyo sits at the table, takes up the pen, and becomes deep in thought. At Bay Ganyo's order, the servant brings a bottle of mastic. Gochoolu, Dochoolu, and Bay Ganyo drink; Gunyo writes. After half an hour, the following is ready:"
11_bai_ganyo_does_elections_bul.csv,ВЪЗВАНИЕ КЪМ ИЗБИРАTЕЛИTЕ НА НАШАТА ОКОЛИЯ,APPEAL TO THE VOTERS OF OUR DISTRICT
11_bai_ganyo_does_elections_bul.csv,"Пред вид на голямата важност и значение, което предстоящите избори за народни представители имат за настоящето и бъдещето на нашето отечество, нашите граждани, на брой повече от 700 души, събрахме се днес в двора на училището в Парцал махлеси и като обсъдихме въпроса по кандидатурите на лицата за представители, останахме съгласни и единодушно решихме да препоръчаме на г. г. избирателите от нашата околия за народни представители съгражданите си:","In view of the great importance and significance that the upcoming elections for national representatives hold for the present and future of our fatherland, we, the citizens, numbering more than 700 people, gathered today in the courtyard of the school in Partsal Mahala, and having discussed the matter of the candidacies for representatives, reached an agreement and unanimously decided to recommend to the honorable voters of our district, as national representatives, our fellow citizens:"
11_bai_ganyo_does_elections_bul.csv,"Ганьо Балкански, търговец, известен в цяла България.","Ganyo Balkanski, a merchant known throughout Bulgaria."
11_bai_ganyo_does_elections_bul.csv,"Филю Гочоолу, търговец с капитал.","Filyu Gochoolu, a merchant with capital."
11_bai_ganyo_does_elections_bul.csv,"Танас Дочоолу, търговец с винена индустрия.","Tanas Dochoolu, a wine industry merchant."
11_bai_ganyo_does_elections_bul.csv,"Именно същите тия лица, които и комитетът на Народната партия беше ви препоръчал с възванието си от 27 август на миналий месец.",These are the very same individuals whom the committee of the People's Party had recommended to you in its proclamation of August 27th of last month.
11_bai_ganyo_does_elections_bul.csv,"Като обявяваме това наше единодушно решение на останалите г. г. избиратели от града и околията ни, които имат присърце доброто на Отечеството, материално подобрение на земеделеца, облекчение положението на данъкоплатеца, с една дума, интересите на нашата околия, приканваме ги да гласоподават в избора на 11-й того за горните трима наши съграждани, в които имаме пълно доверие, че те с достойнство ще представят страната ни в Народното събрание.","In announcing this unanimous decision of ours to the other gentlemen voters of our town and district, who have at heart the welfare of the Fatherland, the material improvement of the farmer, the relief of the taxpayer's burden—in a word, the interests of our district—we invite them to cast their votes in the election on the 11th of this month for the three aforementioned fellow citizens, in whom we have full confidence that they will represent our country with dignity in the National Assembly."
11_bai_ganyo_does_elections_bul.csv,"Г. г. Избиратели,","Gentlemen Voters,"
11_bai_ganyo_does_elections_bul.csv,"Представена ви е вече от няколко граждани една листа с имената на Никола Търновалията, Лулчо Докторов и Иваница Граматиков, лица не от Нашата среда, лица чужди за Нас, които нямат и не могат да имат Нашето доверие. Може би ще се явят и други, които да ви убеждават да гласувате за техни кандидати. Съветваме ви, г. г. избиратели, да не се мамите на хубавите им думи, и не се вдавайте на техните ласкания, и не вярвайте на разни пръскани от тях слухове и измислици за някакви си окръжни телеграми и прочее. Никола Търновалията е родом от гр. Търново и затова той от инат за бълхата изгаря юргана. Лулчо Докторов е цял-целеничък Задунайская Губерния, а Иваница Граматиков никой не го познава и nota bene, той е руски възпитаник, следователно предател на нашето мило Отечество.","A list has already been presented to you by several citizens containing the names of Nikola Tarnovaliyata, Lulcho Doktorov, and Ivanitsa Gramatikov—individuals not from Our circle, individuals foreign to Us, who do not and cannot have Our trust. Perhaps others will also appear to persuade you to vote for their candidates. We advise you, gentlemen voters, not to be deceived by their fine words, do not yield to their flatteries, and do not believe the various rumors and fabrications they spread regarding certain district telegrams and the like. Nikola Tarnovaliyata is a native of the city of Tarnovo, and therefore, out of sheer spite, he would burn the quilt to kill a flea. Lulcho Doktorov is through and through a product of the ""Trans-Danubian Governorate,"" while Ivanitsa Gramatikov is known to no one and—*nota bene*—he is Russian-educated, and therefore a traitor to our dear Fatherland."
11_bai_ganyo_does_elections_bul.csv,"Г. г. Избиратели,","Gentlemen Voters,"
11_bai_ganyo_does_elections_bul.csv,"Ний сме убедени, че горните лица, т. е. долните:","We are convinced that the above-mentioned persons, i.e., the base ones:"
11_bai_ganyo_does_elections_bul.csv,"Ганю Балкански,","Ganyo Balkanski,"
11_bai_ganyo_does_elections_bul.csv,"Филю Гочоолу,","Filyu Gochoolu,"
11_bai_ganyo_does_elections_bul.csv,"Танас Дочоолу,","Tanas Dochoolu,"
11_bai_ganyo_does_elections_bul.csv,"които имат пълна преданост и коленопреклонна вярност към ПРЕСТОЛА И ДИНАСТИЯТА НА НЕГОВО ЦАРСКО ВИСОЧЕСТВО ЛЮБИМИЙ НИ КНЯЗ ФЕРДИНАНД I-Й и които вярно ще поддържат днешното ни патриотическо правителство воглаве със сегашния президент-министър, ще спечелят вашето доверие.","...who have full devotion and humble loyalty to THE THRONE AND THE DYNASTY OF HIS ROYAL HIGHNESS OUR BELOVED PRINCE FERDINAND I, and who will faithfully support our current patriotic government headed by the current Prime Minister, will win your trust."
11_bai_ganyo_does_elections_bul.csv,"— Браво бе, Гуньо — провикна се бай Ганьо, — ти си бил цял Бисмарк.","— Bravo, Gunyo — exclaimed Bay Ganyo, — you’re a regular Bismarck."
11_bai_ganyo_does_elections_bul.csv,— Че ти за прост ли ме мислиш? — обажда се самодоволно Гуньо.,— Do you think I'm simple? — Gunyo spoke up smugly.
11_bai_ganyo_does_elections_bul.csv,"— Сега иди и дай това в печатницата да го напечатат с едри букви, ей таквиз!","— Now go and take this to the print shop to have it printed in large letters, like this!"
11_bai_ganyo_does_elections_bul.csv,— Ами пари?,— And what about money?
11_bai_ganyo_does_elections_bul.csv,"— Няма пари, ти му кажи тъй да го напечата, ако не, кажи му, че ще речем на Градския съвет и на другите канцеларии да не си печатат книжата у него. Разбра ли? Хайде сега — командува бай Ганьо.","— There's no money; tell him to print it anyway, and if he won't, tell him we'll tell the City Council and the other offices not to have their papers printed by him. Got it? Off you go now — Bay Ganyo commanded."
11_bai_ganyo_does_elections_bul.csv,"— Вий знаете ли — продължава бай Ганьо, — онези подали телеграма до министъра да му се оплачат, че управителят тръгнал по селата да агитира.",— Do you know — Bay Ganyo continues — those people sent a telegram to the minister to complain that the governor has gone around the villages to campaign.
11_bai_ganyo_does_elections_bul.csv,— Диванета! — обажда се Гочоолу.,— Rascals! — Gochoolu says.
11_bai_ganyo_does_elections_bul.csv,— Ама какви! — допълня Дочоолу.,— And what kind! — added Dochoolu.
11_bai_ganyo_does_elections_bul.csv,"— Министра чева не е света Богородичка, да ги послуша хемен така! Отговорил им: изборите са свободни, ха-ха-ха!...","— The Minister isn't the Holy Virgin, to just listen to them like that! He answered them: the elections are free, ha-ha-ha!..."
11_bai_ganyo_does_elections_bul.csv,— Ха-ха-ха! — кикотят се Гочоолу и Дочоолу.,— Ha-ha-ha! — Gochoolu and Dochoolu giggle.
11_bai_ganyo_does_elections_bul.csv,"— Страшен дявол, да го вземе мътната. Свобода ли? На̀-а свобода! Ще видят те в неделя една свобода, че ще я помнят до живот. Хеле Граматиков! Той, горкия, не е виждал още наши избори. Да му излязат насреща ония ми ти влася, ония ми ти цигани с кръвясали очи, изпъкнали два пръста навън, ония пресипнали гърла, ония ми ти пояси до гуша; да му се облещят насреща, па да иде онзи глиган, Данко Харсъзина, отзаде му, па да извика само: „Дръжте го!“","— A real devil, damn his soul. Freedom, eh? I'll give them freedom! They'll see such a ""freedom"" this Sunday that they'll remember it for the rest of their lives. And as for Gramatikov! Poor fellow, he hasn't seen our kind of elections yet. Just wait until those Vlachs and Gypsies come at him with their bloodshot eyes bulging out two inches, those hoarse throats, those sashes wrapped up to their chests; let them glare him down, and then that brute Danko the Scoundrel sneaks up behind him and just yells: ""Grab him!"""
11_bai_ganyo_does_elections_bul.csv,— Ха-ха-ха! — кикотят се Гочоолу и Дочоолу със светнали от удоволствие очи.,"— Ha-ha-ha! — Gochoolu and Dochoolu giggle, their eyes shining with pleasure."
11_bai_ganyo_does_elections_bul.csv,"— Ли-бе-ра-ли! Кос-тен-ту-ция! Нa-а, костентуция! Те все се надяват на „окръжната телеграма“. Проглушили са ушите на хората с тази окръжна телеграма. Току я четат, току я сочат на света. Че се смяхме вчера с управителя в кафенето. Той, колкото за лице, накарал да напечатат тая пуста телеграма, разпратил я по кафенетата. Вчера седим с него в кафенето, гледаме онези, като си навели главите над една маса, като че овци пладнуват, четат ли, четат телеграмата, радват се, чуваме, шушнат си: „Свободни! Изборите свободни! Полицията няма да се меси!“ А ний с управителя кис-кис-кис! Аз го погледвам с едно око и му казвам на смях: „Ний сме сигур!“ Той като се закикоти и хоп — една мастика. Той се потупа по джеба — демек онова писмо, за свободата на изборите, смигне с око и каже: „Ний не сме сигур“, и кис-кис-кис! Хоп! Друга мастика... На-а-рязахме се богато!... Че като доде и Данко Харсъзина, че и други, и други, че като се затворихме в кафенето, че като викнах на цигуларите: хъ̀ сега! Изпокъсаха си кордите!... Мастиката му не е добра на Георгя, па и мезето калпаво; не вземе да направи краставички, ами дава кисела бамя!... Уф! Боли ме глава от вчера. Гочоолу, я налей още по една мастика.","— Li-be-rals! Con-sti-too-tion! There, con-sti-too-tion! They’re always pinning their hopes on that ""circular telegram."" They’ve talked everyone’s ears off with that circular telegram. They’re constantly reading it, constantly pointing it out to the world. How the Governor and I laughed yesterday at the cafe! Just for appearances, he had that blasted telegram printed and sent around to all the coffeehouses. Yesterday, we’re sitting there with him in the cafe, watching those fellows with their heads huddled over a table like sheep at noon, reading and reading that telegram, all happy, and we hear them whispering: ""Free! The elections are free! The police won't interfere!"" 

And the Governor and I—tee-hee-hee! I give him a look and say jokingly: ""We’re safe!"" He starts chuckling and—down goes a mastika. He pats his pocket—meaning that letter about the ""freedom"" of the elections—winks and says: ""We’re *not* safe,"" and tee-hee-hee! Down goes another mastika... We got ourselves properly plastered!... Then Danko the Scoundrel showed up, and others, and more others, and we locked ourselves in the cafe, and I yelled to the fiddlers: ""Now, give it to 'em!"" They nearly snapped their strings!... 

Georgi’s mastika isn’t any good, and the *meze* is lousy; he doesn't bother making pickles, just serves pickled okra!... Ugh! My head’s splitting from yesterday. Gochoolu, pour us another round of mastika."
11_bai_ganyo_does_elections_bul.csv,— За махмурлук!,— For a hangover!
11_bai_ganyo_does_elections_bul.csv,"— Остави се, че и довечера пак трябва да се пие. От тази вечер трябва да наредим хората по кръчмите.","— Don't even talk about it, we have to drink again tonight. Starting this evening, we have to get the men stationed in the taverns."
11_bai_ganyo_does_elections_bul.csv,"— Не е ли рано, бай Ганьо? — обажда се Дочоолу.","— Isn't it early, Bay Ganyo? — Dochoolu spoke up."
11_bai_ganyo_does_elections_bul.csv,"— Не е рано то, утре е събота, остава да пият 36 часа. Не е рано! Тамам! Па най-сетне няма хемен все да пият. Ще се изреждат. Едни ще пият 5—6 часа, ще си почиват, други ще почнат. Наред, наред! Като се съберат веднъж, няма да се разотиват. Там ще пият, там ще ядат, там ще спят! Разбрахте ли?","— It’s not early at all; tomorrow is Saturday, they have 36 hours left to drink. It’s not early! Just right! And finally, they won’t all be drinking at once. They’ll take turns. Some will drink for 5–6 hours and then rest, while others start. One after another, one after another! Once they gather, they won’t be leaving. They’ll drink there, eat there, and sleep there! Do you understand?"
11_bai_ganyo_does_elections_bul.csv,"— Знаем ний, за пръв път ли правим избори! — обажда се Гочоолу.","— We know, is it the first time we're running elections! — Gochoolu chimed in."
11_bai_ganyo_does_elections_bul.csv,"— Ти, Гочоолу, като минеш край Арнаутина, кажи му да приготви за тази вечер 300 оки хляб и да ги прати — 100 оки в Циганската махала при Топачоолу, 100 оки в Парцал махлеси в Гоговата кръчма и 100 оки долу, при хамалите. Ти, Дочоолу, замини край тези кръчми и кажи да почнат вече да дават от тази вечер вино, ракия. Повече ракия да им дава, чу ли? Па да им кажеш да не надписват много, че ги земват дяволите. По-онази година за нищо и никакво 2000 лева ни оскубаха, маскарите! Кажи им да си опичат ума, зере Градският съвет е наш! Замини и покрай касапите, кажи им, колкото имат мардалък, дроб, черва, кокали, нека ги съберат в един-два коша, че ще ги пратим по кръчмите да сварят на нашите по един казан чорба. Довечера управителят и околийският ще се завърнат от селата, аз ще ги зема с мене да пообиколим другите кръчми и кафенетата. Ще съберем от всичките канцеларии да пишат бюлетини; ще ги караме цяла нощ да пишат. Аз избрах хартия, таквази сивичка, жълтичка. Нашите бюлетини ще ги сгъваме като муски...","— You, Gochoolu, when you pass by the Arnaut, tell him to prepare 300 okas of bread for tonight and send them — 100 okas to the Gypsy quarter to Topachoolu, 100 okas to Partsal Mahlesi at Gogo’s tavern, and 100 okas down by the porters. You, Dochoolu, go by those taverns and tell them to start giving out wine and rakia starting tonight. Tell them to give more rakia, you hear? And tell them not to overcharge too much, or the devil will take them. The year before last, those scoundrels fleeced us for 2,000 leva for next to nothing! Tell them to watch their step, because the City Council is ours! Go by the butchers too, tell them to gather whatever offal, liver, intestines, and bones they have into a basket or two, so we can send them to the taverns to boil a cauldron of soup for our people. Tonight the governor and the district chief will return from the villages; I’ll take them with me to make the rounds of the other taverns and cafes. We’ll gather people from all the offices to write ballots; we’ll make them write all night long. I chose the paper, a sort of grayish, yellowish kind. We’ll fold our ballots like amulets..."
11_bai_ganyo_does_elections_bul.csv,— Юч-кюшелии — пояснява Дочоолу.,— Three-cornered ones — explains Dochoolu.
11_bai_ganyo_does_elections_bul.csv,"— Юч-кюшелии. Па трябва да пипнем няколко техни бюлетини, да видим каква им е хартията и как ги сгъват, та да накарам писарите да напишат 1000—2000 бюлетини на тяхна хартия с наши имена.","— The Three-Cornered ones. Then we need to get hold of a few of their ballots, to see what their paper is like and how they fold them, so I can have the clerks write 1,000–2,000 ballots on their paper with our names."
11_bai_ganyo_does_elections_bul.csv,"— Страшен си дявол, бай Ганьо, изучил си ги тия пущини на пръсти! — казва с благоговение Гочоолу.","— You’re a hell of a devil, Bay Ganyo, you’ve got those wretched things at your fingertips! — Gochoolu says with reverence."
11_bai_ganyo_does_elections_bul.csv,"— Хубава работа! Защо съм Ганьо Балкански, ако няма да зная и този занаят. Ти, господине мой, тури ме в която щеш околия и ми кажи когото щеш да ти избера. Едно магаре тури за кандидат, и магарето ще ти избера, майка му стара! Само дай ми околийския с жандармите и ми дай 1000—2000 лева. Да ти събера аз тебе, приятелю мой, ония ми ти синковци от кол, от въже, тъй 40—50 прангаджии и да ги наредя в две-три кръчми по краищата, да им подложа по ведро на глава, па да им извикам: „Хъ̀ бакалъм! Да живее България!“ Хе-е! Тука ли си, Пенке ле!... Като накървят ония ми ти изпъкнали очи, като почнат да вадят от поясите ония ми ти ножове, да ги бучат по масите, като дигнат една олелия с ония ми ти прегракнали, дрезгави гласове — страх да те побие! Па земи, че поведи през нощта тази страхотия през сред града... Опозиция ли?... Дяволът не може да ти излезе насреща! Прекарай ги край къщата на някой противник... Мале мила! Като разтворят ония ми ти гърла!... От един сахат място да ги чуеш, мравки ще запъплят под кожата ти, като на таралеж ще ти настръхнат косите!... Па свикай селските кметове и писари, па им светни с очи, па им скръцни със зъби, па им посочи тия синковци... Избиратели ли?... — И сянката им няма да видиш! Като ти кацнат от всяко село по 12 души общински съветници с кметовете барабар, като събереш чиновниците и писарите, постави по краищата жандарми да връщат другите селяни, окръжи бюрото с тия 40—50 катили, направи някоя шашарма, наблъскай в кутиите няколко снопа бюлетини и ето ти тебе магарето народен представител, ха-ха-ха!","— A fine thing indeed! Why am I Ganyo Balkanski if I don't know this trade as well? You, my dear sir, put me in any district you please and tell me whoever you want me to get elected. Put up a donkey as a candidate, and I'll get that donkey elected, damn it all! Just give me the district chief with his gendarmes and give me 1,000–2,000 leva. Let me gather for you, my friend, those scoundrels of mine from the gallows and the gutter—some forty or fifty jailbirds—and line them up in two or three taverns on the outskirts, set a bucket of wine before each of them, and then shout: ""Come on then! Long live Bulgaria!"" Heh! Now we're talking!... When those bulging eyes of theirs turn bloodshot, when they start pulling those knives from their belts and stabbing them into the tables, when they raise a ruckus with those hoarse, gravelly voices—it’ll make your skin crawl! Then take that nightmare and lead it through the middle of town at night... Opposition, you say?... Not even the Devil would dare cross your path! March them past the house of some opponent... Good heavens! When they open those throats of theirs!... If you heard them from a mile away, your skin would crawl and your hair would stand on end like a hedgehog’s!... Then summon the village mayors and clerks, flash your eyes at them, gnash your teeth, and point out those thugs to them... Voters?... You won’t even see their shadows! When twelve municipal councilors from every village show up along with their mayors, when you’ve gathered the officials and the clerks, post gendarmes at the outskirts to turn back the other peasants, surround the polling station with those forty or fifty cutthroats, pull off some trickery, stuff a few bundles of ballots into the boxes, and there’s your donkey—a Member of Parliament! Ha-ha-ha!"
11_bai_ganyo_does_elections_bul.csv,"— Ха-ха-ха — отзоваха се Гочоолу и Дочоолу, — браво бе, бай Ганьо!","— Ha-ha-ha — responded Gochoolu and Dochoolu, — bravo, Bai Ganyo!"
11_bai_ganyo_does_elections_bul.csv,"— Тъй, ама само полицията не стига, трябва и бюрото да е твое — допълня Гочоолу.","— That's right, but the police alone aren't enough; the bureau must be yours too — Gochoolu added."
11_bai_ganyo_does_elections_bul.csv,"— И аз тъй мисля — придружава Дочоолу. — То е сега наше, ама казвам санким... Наистина бе, бай Ганьо, я разправи, моля ти се, как скопосахте това бюро?","— I think so too — Dochooolu chimed in. — It’s ours now, but I’m saying, so to speak... Really though, Bay Ganyo, do tell us, please, how did you manage to pull off that bureau?"
11_bai_ganyo_does_elections_bul.csv,"— Как ли? — отзовава се със самодоволна усмивка бай Ганьо. — Твърде просто! Нали избрахме окръжен съвет? Осем излязоха техни, четворица — наши. Накарахме да касират четворицата от техните, по-главните... Ама ще речете, че се дигнала гюрултия. Майната му! Додето я оправят — изборите ще свършат. Останахме четири техни и четири наши. Ама от техните оставихме само фукарите. Събрахме се да избираме постоянна комисия. Едного от техните разсилният не можа да го намери — сещате ли се?","— ""How, you ask?"" Bay Ganyo responds with a self-satisfied smile. — ""Quite simple! Didn't we elect a district council? Eight of theirs got in, four of ours. We had four of theirs annulled—the main ones... But you'll say there was an uproar. To hell with it! By the time they sort it out, the elections will be over. We were left with four of theirs and four of ours. But of theirs, we only left the nobodies. We gathered to elect a standing committee. The messenger couldn't find one of theirs—get the picture?"""
11_bai_ganyo_does_elections_bul.csv,— Ц... ц... ц...! — цъка Дочоолу. — Какъв ти Бисмарк! Бисмарк не може ти обърна чехлите!,— Tsk... tsk... tsk...! — clicked Dochoolu. — What Bismarck! Bismarck couldn't even turn your slippers for you!
11_bai_ganyo_does_elections_bul.csv,"— Чакай де, какво си видял ти още? Па най-после само немците ли имат Бисмарк?... Нейсе: останахме, ефендим, трима техни, наши четворица, болшинство! Е, разбира се, нямаме жълто на гагата — комисията излезе цяла наша. Остави това, ами получиха се повече гласове за нашите, защото на двама от техните бяхме обещали поотделно, че ще ги изберем за член-секретари, и те, ахмаците, гласуват ли, гласуват за нашите... ха-ха-ха! Сега ходят из улиците като афионлии. Хеле единия от тях, влиятелен, дженабетина, по селата ний го зехме да агитира с нас, като му обещахме да го изберем за секретар, и той, диването, зе, че си напусна службата... Остави питомното, та гони дивото. Ахмак!... Дочоолу, я налей още по една мастика.","— Wait a minute, you haven't seen anything yet! After all, are the Germans the only ones with a Bismarck?... Anyway: there we were, *efendim*, three of theirs and four of ours—a majority! Well, of course, we aren't wet behind the ears—the whole commission turned out to be ours. But that’s not all; our side got even more votes because we’d promised two of their men, each one separately, that we’d elect them as secretaries; and those *ahmaks*, they just kept voting and voting for our people... ha-ha-ha! Now they’re wandering the streets like opium-eaters. Especially one of them, an influential fellow, a real scoundrel—we took him around the villages to campaign for us, promising to make him secretary, and the fool actually went and quit his job... He gave up the bird in his hand to chase the one in the bush. What an *ahmak*!... Dochoolu, pour us another round of mastic."
11_bai_ganyo_does_elections_bul.csv,"Бай Ганьо процеди мастиката през мустаците си, избърса се с дланта, засука „тия пущини“ и продължи:","Bay Ganyo strained the mastika through his mustache, wiped himself with his palm, twirled ""those rascals"" and continued:"
11_bai_ganyo_does_elections_bul.csv,"— Сега да ви кажа как се избира бюро за изборите. Това става по жребий. Председателят на съда го тегли. Тъй се казва „по жребий“, ама аз мога да ти избера, когото искам. И твърде лесно: ако пуснеш билетчетата в чаша, да могат отвън да се виждат, трябва да драснеш с мастило по една чертичка на пълните билетчета; ако ли пък са в кутия, трябва да вземеш по-дълбока кутия, да не се виждат отстрана билетчетата и ще наредиш пълните от една страна, празните — от друга. След туй остава ти само да пошушнеш на председателя, че „работата му е спукана“ и затова „да си отваря очите“... Извикат: Иван, Стоян, Първан! Трябва ли ти Първан? — земи пълно билетче. Не ти ли трябва Първан — земи празно билетче. Сиреч председателят тегли жребия...","— Now let me tell you how an election board is chosen. It is done by drawing lots. The chairman of the court draws them. That’s what they call ""by lot,"" but I can choose whoever I want for you. And it’s quite easy: if you put the slips in a glass so they can be seen from the outside, you have to make a little ink mark on the ""full"" slips; if they are in a box, you have to take a deeper box so the slips can't be seen from the side, and you'll arrange the full ones on one side and the empty ones on the other. After that, all you have to do is whisper to the chairman that ""he’s in a fix"" and therefore ""to keep his eyes open""... They call out: Ivan, Stoyan, Parvan! Do you need Parvan? — take a full slip. Don’t need Parvan? — take an empty slip. In other words, the chairman draws the lot..."
11_bai_ganyo_does_elections_bul.csv,— Пустия му бай Ганьо! И онези простаци намерили с кого да се борят. Тежко им — произнесе Гочоолу.,— That damn Bay Ganyo! And those fools found someone to pick a fight with. Woe to them — Gochoolu uttered.
11_bai_ganyo_does_elections_bul.csv,— И с тази глава да не станеш досега министър! — учудва се Дочоолу.,"— And with such a head, not to have become a minister by now! — Dochoolu wondered."
11_bai_ganyo_does_elections_bul.csv,"— Нейсе, запуши я! — дума скромно бай Ганьо. — Нали ги знаеш българите!...","— Oh well, drop it! — says Bay Ganyo modestly. — You know what Bulgarians are like!..."
11_bai_ganyo_does_elections_bul.csv,"На възток едва-едва се сипва зора и разсява бледна светлина във вътрешността на Гоговата кръчма в Парцал махлеси. Около трийсет отбор юнаци са натъркаляни по масите, по земята, върху столове; хъркане, като че трийсет тигъра са се сдавили, се чува от улицата и тревожи слуха на полицейския стражарин. От време на време някой от тия юнаци се повдига с полузатворени очи, прекрачва през труповете, набарва с ръце стомната и жадно гаси алкохолния огън, който спича стомаха му, гърлото, устата и напуканите устни; настъпаните от него в тъмницата мъртъвци се пробуждат и сипят псувни и клетви с пресипнали, засъхнали гърла. Смрад! Геенски смрад изпущат техните дихания и тровят и без туй отровения въздух в кръчмата, напоена от изпаренията на тази маса мрачни герои.","In the east, dawn is barely beginning to break, casting a pale light into the interior of Gogo’s tavern in Partsal Mahlesi. Some thirty choice heroes lie sprawled across the tables, on the floor, and over chairs; a snoring, as if thirty tigers were locked in a death grip, can be heard from the street, troubling the ears of the police sentry. From time to time, one of these heroes rises with half-closed eyes, steps over the ""corpses,"" fumbles for the water jug, and thirstily extinguishes the alcoholic fire parching his stomach, his throat, his mouth, and his cracked lips; those ""dead men"" he tramples in the darkness awaken, pouring out curses and oaths from hoarse, parched throats. Stench! A hellish stench emanates from their breath, poisoning the already foul air of the tavern, which is saturated with the vapors of this mass of somber heroes."
11_bai_ganyo_does_elections_bul.csv,Гочоолу и Дочоолу са будни вече и пият кафе в Келеш Хасановото кафене. Време е вече да се разбудят спящите лагери на избирателната войска. Ето ги вече пред Гоговата кръчма. Отварят вратите и една вълна удушлив смрад ги отблъсква назад.,"Gochoolu and Dochoolu are already awake and drinking coffee in Kelesh Hasan’s café. It is time now to rouse the sleeping camps of the electoral army. Here they are now, in front of Gogo’s tavern. They open the doors, and a wave of suffocating stench drives them back."
11_bai_ganyo_does_elections_bul.csv,— Пфуу! Да ги земе дявола! — вика със задавен глас Гочоолу и си запушва носа.,— Pah! Devil take them! — Gochoolu cries in a choked voice and plugs his nose.
11_bai_ganyo_does_elections_bul.csv,"— Чесън ли са яли, кой знай! — процежда с кисела гримаса Дочоолу и си запушва също носа.","— Have they been eating garlic, who knows! — hissed Dochoolu with a sour grimace, also holding his nose."
11_bai_ganyo_does_elections_bul.csv,През отворените врата нахлува чист въздух в кръчмата и дава възможност на не дотам чувствителната двоица да проникне вътре.,"Through the open doors, fresh air rushes into the tavern, allowing the not-so-sensitive pair to enter."
11_bai_ganyo_does_elections_bul.csv,"— Още ли спите бе, говеда. Ставайте скоро! — командува авторитетно Гочоолу и почва с крака да разритва пияната команда.","— Are you still sleeping, you cattle? Get up at once! — Gochoolu commanded authoritatively, and began kicking the drunken squad with his feet."
11_bai_ganyo_does_elections_bul.csv,"— Гого, дай им по една ракия да си отворят очите — допълня Дочоолу.","— Gogo, give them a rakia each to open their eyes — added Dochoolu."
11_bai_ganyo_does_elections_bul.csv,"Гого става лениво от леглото си, Протяга се, прозява се, дръгне се по изпотените места и почва неохотно да рови между шишетата и чашите. Ракията, наляна, той поднася на непробудените юнаци.","Gogo gets up lazily from his bed, stretches, yawns, scratches his sweaty spots, and reluctantly begins to rummage among the bottles and glasses. The rakia, already poured, he offers to the unawakened heroes."
11_bai_ganyo_does_elections_bul.csv,"— Ставай бе, магаре, на, плюскай! Стига се прозява като куче. Я си виж очите — като циреи изпъкнали! Хайде гълтай!","— Get up, you jackass, here, stuff your face! Stop yawning like a dog. Look at your eyes — bulging like boils! Go on, swallow!"
11_bai_ganyo_does_elections_bul.csv,"С такива любезности, подпомогнати и с енергически ритници, Гого обхожда вдървените от пиянство гости и им поднася ракия, за да ги свести. Сам-там по някой ще изръмжи в протест на Гоговите ритници, друг ще облещи насреща му свирепи, накървавени очи, а някой даже ще направи опит да рипне и хване дръжката на рибарския нож, забоден на пояса му. Тези страшни движения вливат възторг в душите на Гочоолу и Дочоолу. Те си шепнат:","With such pleasantries, aided also by energetic kicks, Gogo went around the guests, who were stiff with drink, and offered them rakia to bring them to their senses. Here and there, someone would growl in protest at Gogo’s kicks, another would glare at him with fierce, bloodshot eyes, and someone would even make an attempt to spring up and grab the handle of the fishing knife stuck in his belt. These fearsome movements filled the souls of Gochoolu and Dochoolu with delight. They whispered to each other:"
11_bai_ganyo_does_elections_bul.csv,"— Дочоолу, я виж онзи мъжага там, в кьошето, с превързаното око, познаваш ли го?","— Dochoolu, look at that big fellow over there in the corner, with the bandaged eye—do you know him?"
11_bai_ganyo_does_elections_bul.csv,"— Как да не го познавам — Петреску, дето удави баща си в блатото! Знам го! Пази боже да му се паднеш на зъба! Видиш ли какъв е нож затъкнал! Ами ти познаваш ли оногова там, под тезгяха?","— Of course I know him — Petrescu, the one who drowned his father in the swamp! I know him! God forbid you should cross him! See what a knife he’s got tucked there! And do you know that one over there, under the counter?"
11_bai_ganyo_does_elections_bul.csv,"— Онзи дебелия, дето си превързва раната на крака ли?","— That fat one, the one bandaging the wound on his leg?"
11_bai_ganyo_does_elections_bul.csv,"— Не, другия, с раздраните уста.","— No, the other one, with the torn mouth."
11_bai_ganyo_does_elections_bul.csv,"— Не ми иде на ум... Ха, чакай, не беше ли то на Серсем Пеца копелето, дето обра черквата?","— I can't think of it... Ha, wait, wasn't it Sersem Petza's bastard, the one who robbed the church?"
11_bai_ganyo_does_elections_bul.csv,"— Не е. Серсем Пециното е онова там, дето лежи до хайдук Бонча, а пък туй е на Данко Харсъзина внуче. Бай Ганьо го прати тука да следи тези хаймани да не би да ги подлъжат   д р у г и т е.   Страшен хайдучага! Нали той открадна онази вечер един сноп от   т е х н и т е   бюлетини.","— No, it’s not. Sersem Petsino is that one over there, lying next to Haiduk Boncho, and this one is Danko the Thief’s grandson. Bay Ganyo sent him here to watch these vagabonds so that   t h e   o t h e r s   don't lure them away. A real tough thug! Wasn't it he who stole a bundle of   t h e i r   ballots the other night?"
11_bai_ganyo_does_elections_bul.csv,— Браво!,— Bravo!
11_bai_ganyo_does_elections_bul.csv,"— Ти знаеш ли за какво го отредихме него? Като нахълтаме около бюрото, ако би че дойдат от техните, туй хлапе ще хване Никола Търновалията за яката и ще почне да вика: „Дръжте го! Тоз попържа княза! Княза псува, дръжте го!“ Тогаз Петреску и Данко Харсъзина ще грабнат Никола и ще го изхвърлят навън. Полицията ще го поемне и — в дранголника. Техните ще искат да го отърват, ний — насреща им. Ще стане сблъскване. Ще нахлуй полицията и ще ги разгони като пилци. То е наредено.","— Do you know what we’ve assigned him for? When we storm the polling station, if any of their people show up, this kid will grab Nikola Tarnovaliyata by the collar and start shouting: “Hold him! This one is insulting the Prince! He’s swearing at the Prince, hold him!” Then Petrescu and Danko the Rogue will grab Nikola and toss him out. The police will snatch him up and—straight to the slammer. Their people will try to rescue him, and we’ll be right there to face them. A clash will break out. The police will charge in and scatter them like chickens. It’s all been arranged."
11_bai_ganyo_does_elections_bul.csv,— Ами Лулча и Граматикова кой ще ги пипне?,— And who's going to touch Lulcha and Gramatikova?
11_bai_ganyo_does_elections_bul.csv,— Че ти тях за хора ли ги смяташ? Един Топачоолу да им се облещи насреща — ще изфирясат.,— Do you really consider them people? Let a Topachooglu just glare at them—they’ll vanish into thin air.
11_bai_ganyo_does_elections_bul.csv,"Такъв разговор водят Гочоолу и Дочоолу, като наблюдават с възторг ленивото пробуждане на тези трийсет от кол, от въже събрани тъмни личности, на които днес предстои задачата да сплашат, да изгонят, да всеят ужас и трепет около изборното място и да накарат и без туй сплашеният българин да се откаже от своето едвам съзнато право да упражнява свободната си воля в управление на държавата. Такъв разговор водят Гочоолу и Дочоолу, като гледат тези трийсет страшни фигури, обезобразени, подпухнали, с изпъкнали кръвясали очи, изранени, издраскани, с широки пояси, с ножове на поясите, със свирепост на лицата, с престъпни конвулсии в движенията, гледат ги те и предвкушават сладостта на избирателната победа.","Such is the conversation Gochoolu and Dochoolu hold as they observe with rapture the sluggish awakening of these thirty shady characters, gathered from the dregs of society, who today face the task of intimidating, driving away, and instilling terror and trembling around the polling station, forcing the already cowed Bulgarian to renounce his barely conscious right to exercise his free will in the governance of the state. Such is the conversation Gochoolu and Dochoolu hold as they gaze upon these thirty fearsome figures—disfigured, bloated, with bulging bloodshot eyes, scarred and scratched, wearing wide sashes with knives at their waists, ferocity in their faces and criminal convulsions in their movements; they gaze at them and savor the sweetness of the electoral victory."
11_bai_ganyo_does_elections_bul.csv,"Всички наемници бяха вече на крак, когато откъм циганската махала се зачу музика... Музика! Да описвам ли тази музика, която цяла нощ се е подвизавала в кръчмата на Топачоолу, пред която самият кръчмар се е кълчил и пял: „Вангелито чевре шило, на чеврето съгрешило, я гръмни, боже, удари ме и по-скоро прибери ме.“ Да описвам ли на крака заспалия цигулар с цигулка, лениво опряна едва ли не на корема му? Да ви казвам ли за кларнетиста, който или съвсем не свири, или пък като бесен ще надуе кларнето, ще надуе лицето си, ще изпъкнат жилите на шията му, ще изпъкнат кръвясалите му очи и струва ти се, че още малко напън, и една страшна епилепсия ще смае слушателите? Не, няма да ви описвам музиката, защото мисля за достатъчно да ви кажа само, че тези музиканти бяха а̀ la бай Ганьо.","All the mercenaries were already on their feet when music was heard coming from the Gypsy quarter... Music! Should I describe this music that had been holding sway all night in Topachoolu’s tavern, to which the innkeeper himself had writhed and sung: “Vangelito embroidered a kerchief, sinned upon the kerchief, oh strike me, God, strike me down and take me away sooner.” Should I describe the violinist, asleep on his feet, with his violin lazily propped almost against his belly? Should I tell you about the clarinetist, who either doesn't play at all, or else blows into his clarinet like a madman, puffing out his face until the veins on his neck bulge, his bloodshot eyes pop out, and you feel that just one more strain and a terrible epileptic fit will stun the listeners? No, I will not describe the music to you, for I think it sufficient to tell you only that these musicians were *à la* Bay Ganyo."
11_bai_ganyo_does_elections_bul.csv,"Музиката свиреше Печенежкия марш... Всред прекъсваните звукове един див, един смесен рев разцепи въздуха. Цял облак птички плашливо напуснаха дърветата и стрехите на Парцал махлеси. Ако една войска от гладни лъвове би имала насреща си войска от раздразнени тигрове и при един сигнал би се впуснали тия войски една срещу друга, ревът, който ще разкърти бойното поле, би бил подобен на дивия рев, който сега изплаши обитателите на циганската махала и Парцал махлеси. Това беше едно „ура“ от наемниците, събрани от Данко Харсъзина. Ето ги, показват се откъм завоя на улицата и се изсипват на площада.","The music was playing the Pecheneg March... Amidst the intermittent sounds, a wild, a mixed roar split the air. A whole cloud of small birds fearfully left the trees and the eaves of Partsal Mahlesi. If an army of hungry lions were to face an army of provoked tigers and, at a single signal, these armies were to rush at each other, the roar that would shatter the battlefield would be similar to the wild roar that now frightened the inhabitants of the Gypsy quarter and Partsal Mahlesi. This was a ""hurrah"" from the mercenaries gathered by Danko Harsazina. There they are, appearing from around the bend of the street and pouring out onto the square."
11_bai_ganyo_does_elections_bul.csv,"Музиката напред, зад музиката циганите и хамалите. Начело, дигнат на ръце, със засукани мустаци, с накривена шапка... кой мислите? — Сам бай ви Ганьо Балкански. Даже и при този тържествен момент бай Ганьо не се забравя: той държи ръцете в джебовете си: „Хелбетя, ще бръкне някой хайдучага — отиде кесията. Нали си знам стоката.“ Едно второ „ура“, в състояние да събуди и мъртвите, оглуши ушите на Гоговата тайфа, която се изтърси от кръчмата на мегдана и отговори с една канонада: „Да живее бай Ганьо!“","The band in front, behind the band the Gypsies and the porters. At the head, carried on shoulders, with twirled moustaches, with a tilted hat... who do you think? — None other than your own Bai Ganyo Balkanski. Even at this solemn moment, Bai Ganyo does not forget himself: he keeps his hands in his pockets: ""Naturally, some rogue will reach in — and there goes the purse. I know my own kind."" A second ""hurrah,"" capable of waking even the dead, deafened the ears of Gogo's gang, which spilled out of the tavern onto the square and responded with a cannonade: ""Long live Bai Ganyo!"""
11_bai_ganyo_does_elections_bul.csv,"— Добрутро, момчета — извика снизходително сияющият бай Ганьо.","— Morning, boys — the radiant Bay Ganyo called out condescendingly."
11_bai_ganyo_does_elections_bul.csv,"Една попара от трийсет пресипнали ""добро утро"" се отзова на неговия поздрав.","A jumble of thirty hoarse ""good mornings"" responded to his greeting."
11_bai_ganyo_does_elections_bul.csv,"— Кураж, момчета, силата е с нас — ободрява бай Ганьо с тона на Наполеона пред Аустерлиц. — Я чувай ти, Данково унуче, ти помниш ли какво ти казах: като видиш зор, хвани Търновалията за яката, па викай: „Княза попържа.“ Разбра ли?","— Courage, boys, might is on our side — Bay Ganyo encourages them in the tone of Napoleon before Austerlitz. — Listen here, Danko’s grandson, do you remember what I told you: when things get tough, grab the man from Tarnovo by the collar and shout: “He’s cursing the Prince!” Got it?"
11_bai_ganyo_does_elections_bul.csv,"— Знам аз — обажда се весело от строя Данковото унуче. — А пък ти, Данко, и ти, Петреску...","— I know — Danko's grandson calls out cheerfully from the ranks. — And you, Danko, and you, Petrescu..."
11_bai_ganyo_does_elections_bul.csv,— Знаем ний... с главата надолу — каза Петреску с пълно съзнание важността на задачата си.,"— We know... upside down — said Petrescu, fully aware of the importance of his task."
11_bai_ganyo_does_elections_bul.csv,"— Браво! Ами я чувай, Петреску, аз искам от тебе още един мурафет: като се сбийте с избирателите, ти ръгни с ножа само двама-трима, колкото да ги сандърдисаш, па земи, че хвърли ножа настрана, па земи, че си съдери ризата на гърдите, па подир земи, че си разкървави кожата, разбра ли? Па вземи, че си нацапай лицето с кръв, разбра ли? Па подир туй земи да викаш, че гражданите искали да те заколят, защото си викал: „Да живей княза“, разбра ли?","— Bravo! Now listen here, Petrescu, I want one more stunt from you: when you get into the fight with the voters, just stab two or three with your knife, just enough to stun them, then go and throw the knife aside, then go and tear your shirt at the chest, and then go and bloody your skin, you understand? Then go and smear your face with blood, you understand? And after that, start shouting that the citizens wanted to slaughter you because you were shouting: ""Long live the Prince,"" you understand?"
11_bai_ganyo_does_elections_bul.csv,"— Разбрах, ама ще ми дадеш още пет лева за кан-парасъ.","— I understood, but you'll give me five more leva for blood money."
11_bai_ganyo_does_elections_bul.csv,"— За пари — лесно, ти само направи, каквото ти думам — успокоява го бай Ганьо.","— As for the money—it's easy, you just do what I tell you — Bay Ganyo reassures him."
11_bai_ganyo_does_elections_bul.csv,"Изпратените на рекогносцировка от циганската махала към избирателното място разведчици Адамчо Кокошарина, Спиро Копоя и Топал Мустафа пристигнаха бързешката на площада и съобщиха на бай Ганя, че около три хиляди селяни през разни пътища пристигнали в града и хората на Търновалията им раздали бюлетини. „Околийският каза да бързате, че работата е спукана.“","The scouts sent on reconnaissance from the Gypsy quarter toward the polling station—Adamcho the Chicken-thief, Spiro the Bloodhound, and Lame Mustafa—arrived in a hurry at the square and reported to Bay Ganyo that about three thousand peasants had arrived in town via various routes and that Tarnovaliyata’s men had distributed ballots among them. “The District Governor said to hurry, for the game is up.”"
11_bai_ganyo_does_elections_bul.csv,"— Да го вземат дяволите твоя околийски! — изкрещя бай Ганьо. — За какъв бяс го назначихме началник, ако не може едни селяни да сандърдиса. Началник! Краставици! Той знае само да закача селянките. Дурак! Защо не е пратил жандарми по краищата? Наплюскал се е магарето, че забравил какво трябва да върши. Тичай скоро да му речеш да сбере конните жандарми и да ги пусне в кариер през сред града, разбра ли? През сред града, като хала да хвърчат, чу ли? Па и ний оттука да му теглим едно „ура“, та да видим кой селянин ще ни излезе насреща. Тичай скоро!","— To hell with that district chief of yours! — Bay Ganyo screamed. — Why the devil did we appoint him chief if he can't even cow a few peasants? Chief? Rubbish! All he knows is how to pester the peasant women. Idiot! Why hasn't he sent gendarmes to the outskirts? The jackass has stuffed his face so much he's forgotten what he's supposed to do. Run quickly and tell him to round up the mounted gendarmes and have them charge at a full gallop right through the middle of town, do you understand? Right through the center, flying like a whirlwind, do you hear? And we'll give a ""hurrah"" from here, and then let's see which peasant will dare stand against us. Run, quick!"
11_bai_ganyo_does_elections_bul.csv,"— Гого, дай тука ракия — командува бай Ганьо. — Плюскайте, мама му стара, аз плащам. Цигуларите защо мълчат? Чалънъз бе, ченгенелер! Надуй кларнето бе, какво ме зяпаш като говедо? Хъ̀ така! И-и-их-ха-ха!","— Gogo, bring some rakia over here — Bay Ganyo commanded. — Stuff your faces, damn it, I’m paying. Why are the violinists silent? Strike it up, you gypsies! Blow that clarinet, man, why are you staring at me like an ox? That’s the way! Yee-hee-hee-ha-ha!"
11_bai_ganyo_does_elections_bul.csv,"— Данко, раздай сега на всекиго по един сноп бюлетини! Хайде сега, момчета, напред. Кураж! Да живее Негово Царско Височество, урааа!...","— Danko, hand out a bundle of ballots to everyone now! Come on now, boys, forward. Courage! Long live His Royal Highness, hurrah!..."
11_bai_ganyo_does_elections_bul.csv,— Ураааа!...,— Hoorayyyyy!...
11_bai_ganyo_does_elections_bul.csv,И тръгнаха... избирателите!,And they headed out... the voters!
11_bai_ganyo_does_elections_bul.csv,"Иваница Граматиков, кандидатът на опозицията, се събуди в шест часа сутринта. Облече се, пи си кафето и излезе на високата веранда пред къщата. Слънцето, едва-що изгряло, отражаваше се в купола на църквата и в обърнатите към изток прозорци. Тържествующа изглеждаше цялата природа. Всъщност природата си оставаше също тъй равнодушна, каквато си е винаги, а тържествующа бе само душата на кандидата.","Ivanitsa Gramatikov, the opposition candidate, woke up at six o'clock in the morning. He dressed, drank his coffee, and went out onto the high veranda in front of the house. The sun, having just risen, was reflected in the church dome and in the east-facing windows. All of nature appeared triumphant. In reality, nature remained just as indifferent as it always is; it was only the candidate’s soul that was triumphant."
11_bai_ganyo_does_elections_bul.csv,"Млад, образован, малко идеалист, повече мечтател, с любов в сърцето, с вяра в доброто, с надежда на бъдещето, той не беше още кален в действителността, в живота. Безгрижен до самозабравяне, непоправим оптимист, привикнал на всичко да гледа от добрата му страна, той беше доверчив до наивност, до глупост.","Young, educated, a bit of an idealist, more of a dreamer, with love in his heart, faith in goodness, and hope for the future, he was not yet tempered by reality, by life. Carefree to the point of abandon, an incorrigible optimist, accustomed to looking at the bright side of everything, he was trusting to the point of naivety, even folly."
11_bai_ganyo_does_elections_bul.csv,"Няколко приятели му предложиха кандидатурата за народен представител; едно събрание от граждани прие съчувствено тая кандидатура и Граматиков помисли, че всичко е вече свършено, и плувна в мечти за предстоящата деятелност в Народното събрание. Рукна по България мед и масло. Но някои други подробности, някои предшествующи избора приготовителни действия на неговите приятели, действия, непредвидени в избирателния закон, като че хвърляха сегиз-тогиз сянка върху неговите сладки мечти. Защо трябваше сега той да излага своята програма пред избирателите, като че не можеше и да се мине и без това. Защо трябваше да изпитва толкова неловки минути, да отговаря, да обещава съдействие за удовлетворение на нужди, интересующи може би само запитвачите. Той като че беше поверил целия свой интелект на окръжающия го щаб приятели! Те му казаха, че трябва да държи реч, и той държа реч. Те му казваха, че трябва да приеме селските кметове и да им говори любезно, и той приемаше в къщата си кметовете и писарите и им говореше тъй любезно, щото селяните си навеждаха очите и едва ли го разбираха. Те си изказваха нуждите, той държеше бележки и чистосърдечно казваше кое може да се удовлетвори, кое не за крайно неудоволствие на селяните, привикнали да им се обещават златни гори. Той трябваше да участвува в събранията на видните граждани, в които събрания се определяха и разпределяха агитаторите за селата и за градските махали. Гражданите спорят, шумят, той седи настрана и мълчи, като че това не се касае до него. Тази глупава пасивност го тревожи, той отвори уста да каже нещо, да възрази, но някой от щаба ще го хване за ръката и ще му каже с бащински покровителствен тон: „Ти мълчи, стой си настрана, ти още не разбираш тия работи.“ И той млъкваше покорно и се вслушваше в солидните и самоуверени разговори на почтените граждани. „Нима̀ винаги така стават изборите — мисли той — или това може би сега почва, от новата епоха.“ Той побутва едного от спорещите и му шепне на ухото: „Моля ви се, винаги ли така стават изборите?“ Спорещият, залисан в друг разговор, погледва го като през мъгла и му каже засмян, наставнически: „Остави сега това друг път; ти не разбираш от тия работи, стой си настрана: работата е наред.“","A few friends proposed his candidacy for Member of Parliament; a meeting of citizens received the nomination with sympathy, and Gramatikov thought that everything was already settled, drifting into dreams of his future activities in the National Assembly. Honey and butter began to flow across Bulgaria. But certain other details, certain preparatory actions by his friends preceding the election—actions not provided for in the electoral law—seemed to cast an occasional shadow over his sweet dreams. Why did he have to present his platform to the voters now, as if it weren't possible to do without it? Why did he have to endure so many awkward moments, answering questions and promising assistance to satisfy needs that perhaps only concerned the questioners themselves? It was as if he had entrusted his entire intellect to the staff of friends surrounding him! They told him he had to give a speech, and he gave a speech. They told him he must receive the village mayors and speak to them graciously; so he received the mayors and the clerks in his home and spoke to them so graciously that the peasants lowered their eyes and hardly understood a word he said. They voiced their needs, while he took notes and candidly explained what could be fulfilled and what could not, much to the extreme displeasure of the peasants, who were accustomed to being promised the moon. He had to participate in meetings of prominent citizens, where agitators were selected and assigned to the villages and city neighborhoods. The citizens would argue and make a noise; he would sit aside and remain silent, as if none of it concerned him. This foolish passivity troubled him; he would open his mouth to say something, to object, but someone from the ""staff"" would catch him by the arm and say in a fatherly, patronizing tone: ""You keep quiet, stay out of it; you don't understand these things yet."" And he would fall submissively silent, listening to the solid and self-assured conversations of the honorable citizens. ""Is this how elections are always conducted?"" he wondered, ""or is this perhaps something new, starting with this new era?"" He nudged one of the disputants and whispered in his ear: ""Tell me, please, are elections always like this?"" The man, preoccupied with another conversation, looked at him as if through a fog and said with a smile, patronizingly: ""Leave that for another time; you don't understand these things, just stay out of it—everything is on track."""
11_bai_ganyo_does_elections_bul.csv,"Работата е наред! Граматиков се свикна с мисълта, че работата е наред. Дето седне, дето стане, с когото и да се срещне, търговец било, занаятчия, селянин, все туй чуваше — че работата била наред, — иде ли в кафенето, наобиколят го приятели и бързат да му съобщават сведения от града и от селата: „О, добрутро, господин Иваница, как сте? Артък сега работата е наред.“ „О, господин Иваница, беше! Цялата околия от джеба да ти я извадя. Гледай си кефа! Работата е вече хептен наред!“ Иде ли вечер на разходка в градската градина, из всичките алеи го срещат приятели и отдалеч му правят знакове с ръце — демек беше, работата е наред...","Everything is in order! Gramatikov grew accustomed to the thought that everything was in order. Wherever he went, whomever he met—be it a merchant, a craftsman, or a peasant—he heard the same thing: that everything was in order. Whenever he went to the café, friends would surround him, eager to share news from the town and the villages: “Oh, good morning, Mr. Ivanitsa, how are you? Now everything is finally in order.” “Oh, Mr. Ivanitsa, it’s a done deal! I could pull the whole district out of my pocket for you. Just enjoy yourself! Everything is now completely in order!” Whenever he went for an evening stroll in the town garden, friends would meet him in every alley and signal to him from afar—as if to say, it’s done, everything is in order..."
11_bai_ganyo_does_elections_bul.csv,"Работата наред! Но една случка, на която той биде очевидец в навечерието на изборите, му даде да разбере, че има една разлика между изборите, начертани в избирателния закон, и изборите в действителност. Тая случка със следните думи му припомни в едно писмо един негов приятел: „Законност, ред, свобода, сполуката наша... Помниш ли, помниш ли? — Джумбуш! Помниш ли нашествието на хуните в кафенето вечерта пред изборите. Помниш ли онзи „български гражданин“ с руската шапка на тила, с голите гърди, бос, със скъсани колене? Ами оногози с червените очи, по риза, гологлав, с голямата чомага в ръка? Ами влаха вън пред вратата, който в доблестното „упоение“ от патриотизъм, в дълбокото съзнание на своите свободни граждански права и длъжности, зрял, тоест узрял вече в политическа мъдрост, едвам стоеше на краката си? Помниш ли как от гърди, надути от най-благородните и човеколюбиви идеи, достойни да направят щастлив един цял мир, с език задебелял от напъна на неизразимите и възвишени мисли, които вълнуваха мозъка му, помниш ли го как декламираше за свобода и народни права, че като му извика един по-стар гражданин, който излязваше от кафенето, свободата и народните права се закачиха на гърлото му, както се закачиха и нейде в благородната душа на неговия морален съпартизанин и шеф? И тази сган, тази утайка от тинята на един див, бестиален, лишен от всяко образование и отхрана граждански слой, готова за всяка бруталност, за която аз не можех даже да помисля, че съществува в самодоволния от своята „цивилизованост“ и „европейщина“ наш град, тази безпринципна тълпа, водима от разнородни ней игноранти и безхарактерности, които нито начала имат, нито могат да имат; и тази сган, казвам, има своите представители в Народното събрание, а хилядите избиратели...“","Everything was in order! But an incident he witnessed on the eve of the elections made him realize that there is a difference between the elections as outlined in the electoral law and the elections in reality. A friend of his reminded him of this incident in a letter with the following words: ""Legality, order, freedom, our success... Do you remember, do you remember? — Quite a spectacle! Do you remember the invasion of the Huns into the café on the evening before the elections? Do you remember that 'Bulgarian citizen' with the Russian cap on the back of his head, bare-chested, barefoot, with torn knees? And what about the one with the bloodshot eyes, in his shirt, bareheaded, with the large cudgel in his hand? And the Vlach outside the door, who, in a noble 'intoxication' of patriotism, in the deep consciousness of his free civil rights and duties, mature—that is, already ripened in political wisdom—could barely stand on his feet? Do you remember how, from a chest swollen with the most noble and philanthropic ideas, worthy of making a whole world happy, with a tongue thickened by the strain of the inexpressible and sublime thoughts agitating his brain—do you remember him declaiming about freedom and people's rights, so that when an older citizen leaving the café shouted at him, the freedom and people's rights got stuck in his throat, just as they got stuck somewhere in the noble soul of his moral partisan comrade and chief? And this rabble, this dregs from the mire of a wild, bestial civil stratum, devoid of any education or upbringing, ready for any brutality that I could not even imagine existed in our city, so self-satisfied with its 'civilization' and 'Europeanism'—this unprincipled mob, led by various ignoramuses and spineless characters who have no principles, nor can they have any; and this rabble, I say, has its representatives in the National Assembly, while the thousands of voters..."""
11_bai_ganyo_does_elections_bul.csv,"И тъй, в неделя, в деня на изборите, около седем часа сутринта Граматиков стоеше на високата веранда на къщата и с лекост, с радост поимаше утринната прохлада. Избирателният закон, оживен в неговите мечти, рисуваше му последователно разните моменти на един конституционен избор. Градският часовник, като възвести половинка с два удара на камбаната, пресече сладките мечти на кандидата и му напомни, че е време да се тръгне към избирателното място. Той се облече, взе си бастончето, но спомни, че е запретено да влиза при изборите с каквото и било оръдие, остави си бастона и тръгна... Улиците почти пусти; народът беше се вече свлякъл към училищния двор. На площада пред църквата една група приятели го посрещна с дружески приветствия:","And so, on Sunday, election day, at about seven o’clock in the morning, Gramatikov stood on the high veranda of the house, taking in the morning coolness with a sense of lightness and joy. The electoral law, come to life in his dreams, painted for him the successive moments of a constitutional election. The town clock, announcing the half-hour with two strikes of the bell, cut short the candidate's sweet dreams and reminded him that it was time to head to the polling station. He dressed, took his walking stick, but remembered that it was forbidden to enter the elections with any kind of weapon, so he left his stick and set off... The streets were almost deserted; the people had already flocked to the schoolyard. In the square before the church, a group of friends met him with friendly greetings:"
11_bai_ganyo_does_elections_bul.csv,"— О, господин Иваница, добрутро. Видяхме ли ги?","— Oh, Mr. Ivanitsa, good morning. Did we see them?"
11_bai_ganyo_does_elections_bul.csv,— Кого?,— Who?
11_bai_ganyo_does_elections_bul.csv,— Избирателите. Само селяни три хиляди. Раздадохме им вече бюлетини. Работата наред. Хайде сега в училището.,"— The voters. Three thousand peasants alone. We’ve already handed out ballots to them. Everything’s in order. Now, let’s go to the school."
11_bai_ganyo_does_elections_bul.csv,"Завиха през една тясна крива уличка и изпъкнаха около избирателното място. Наистина, цяла маса граждани и селяни мирно и тихо бръмчаха в двора и прилежащата улица. Агитаторите сновяха между тях и полуявно, полутайно раздаваха бюлетини на новопристигналите. Сам-там се чуваха възгласи, че цели години наред не са се явявали на избор.","They turned through a narrow, winding street and emerged near the polling station. Indeed, a whole mass of citizens and peasants were buzzing peacefully and quietly in the yard and the adjacent street. Agitators scurried among them and, half-openly, half-secretly, handed out ballots to the newcomers. Here and there, shouts were heard that for years on end they had not turned out for an election."
11_bai_ganyo_does_elections_bul.csv,"— Бре, дявол да го вземе, от осем години днес се явявам на избор.","— Well, damn it all, it’s been eight years since I last stood for election."
11_bai_ganyo_does_elections_bul.csv,— Че и аз така.,— Me too.
11_bai_ganyo_does_elections_bul.csv,— И аз също.,— Me too.
11_bai_ganyo_does_elections_bul.csv,Такива самопризнания се чуваха отвред.,Such confessions were heard from everywhere.
11_bai_ganyo_does_elections_bul.csv,"Бюрото беше вече настанено в салона на училището. Някои избиратели, както и един от кандидатите на опозицията, се навъртаха около бюрото. Изборът почна. На Граматиков се видя странно туй обстоятелство, че в съседния с училището двор, а също и в дворовете на срещната страна на улицата пъплеха множество силно въоръжени жандарми, между които сновяха двама пристави и им шепнеха някакви инструкции. „Ами нали е запретено от избирателния закон да има въоръжена сила в съседство с избирателното място! Странно!“","The bureau was already set up in the school hall. Some voters, as well as one of the opposition candidates, were loitering around the bureau. The voting began. To Gramatikov, it seemed strange that in the yard adjacent to the school, as well as in the yards on the opposite side of the street, numerous heavily armed gendarmes were swarming, among whom two police inspectors were scurrying and whispering instructions to them. ""But isn't it forbidden by the electoral law to have armed forces in the vicinity of the polling station! Strange!"""
11_bai_ganyo_does_elections_bul.csv,"Но не остана много място за учудване... Пред очите на Граматикова се почна, завъртя се, зашумя, забуча една такава хала от ужаси и насилия, щото той се вцепени, като треснат от гръмотевица. Ето какво се случи: неуспял още да се свести от странното впечатление, което му направи съседството на въоръжена сила около избирателното място — той видя, че при един от полицейските пристави дотърча Адамчо Кокошкарина и запъхтян, захлестен, пошепна му смутено нещо на ухото. Приставът повика един жандарм, каза му няколко думи и го изпрати. След минута се яви околийският началник. Адамчо му пошепна нещо. Околийският даде някакви заповеди на приставите; те се разтичаха и не мина много — из съседните къщи почнаха да изпъкват жандарми, които водеха след себе си коне. Яхнаха конете, околийският начело, с извадена шашка, изкомандува „напред!“ и двадесет души конни жандарми, въоръжени до зъби, се втурнаха из тясната улица, задръстена с избиратели, втурнаха се и почнаха да разкъртват с гърдите на конете живата стена. Вик, крясък, олелия, протести, команда, шашки; лъснали на слънцето, вълни от хора забушуваха назад-напред, конете се врязаха без ред в тълпата, живата стена се цепеше да им даде място; нови вълни от задните редове нахлуваха и отблъсваха със своята маса жандармите... Но оръжието надви, поколеба се живата стена. Турците избиратели почнаха един по един да изфирясват: „Не ме лязъм бана даяк еме.“ Селяните почнаха да се споглеждат. Жандармите успяха да отблъснат по-голямата част от избирателите на едно значително разстояние.","But there wasn't much room left for wonder... Before Gramatikov's eyes, there began, swirled, roared, and thundered such a whirlwind of horrors and violence that he froze, as if struck by lightning. Here is what happened: not yet having managed to recover from the strange impression made on him by the presence of armed forces around the polling station—he saw Adamcho Kokoshkarina run up to one of the police bailiffs and, breathless and frantic, whisper something confusedly into his ear. The bailiff called a gendarme, said a few words to him, and sent him off. A minute later, the district chief appeared. Adamcho whispered something to him. The district chief gave some orders to the bailiffs; they ran off, and before long—gendarmes began to emerge from the neighboring houses, leading horses behind them. They mounted the horses; the district chief at the head, with a drawn saber, commanded ""Forward!"" and twenty mounted gendarmes, armed to the teeth, rushed through the narrow street, clogged with voters, rushed in and began to tear through the living wall with the chests of their horses. Shouts, screams, uproar, protests, commands, sabers; glinting in the sun, waves of people surged back and forth, the horses cut haphazardly into the crowd, the living wall split to make way for them; new waves from the back rows surged forward and pushed back the gendarmes with their mass... But the weapons prevailed; the living wall wavered. The Turkish voters began to slip away one by one: ""I don't need to get beaten."" The peasants began to exchange glances. The gendarmes managed to push back the majority of the voters to a significant distance."
11_bai_ganyo_does_elections_bul.csv,"Другата, съвсем малка част остана в училищния двор. Тук бяха Търновалията и Граматиков. От противоположната страна на улицата писъкът на един кларнет почна да реже въздуха, зачуха се цигулки, зачу се шум на приближающа тълпа и една дива гръмотевица разкърти околността. Ето ги: цигуларите, зад тях с молния в очите бай Ганьо Балкански, ето Гочоолу и Дочоолу, ето Петреску, внучето на Данка Харсъзина, Спиро Копоя, Топал Мустафа, ето циганите, рибарите, ето сам Данко Харсъзина... — Да живее почитаемото правителство, ураа! — извика с тънък глас Данковото внуче.","The other, very small part remained in the schoolyard. Here were Tarnovaliyata and Gramatikov. From the opposite side of the street, the shriek of a clarinet began to cut the air, violins were heard, the noise of an approaching crowd was heard, and a wild thunder shook the surroundings. Here they are: the violinists, behind them with lightning in his eyes, Bay Ganyo Balkanski; here are Gochoolu and Dochoolu, here is Petresku, the grandson of Danko Harsizina, Spiro Kopoya, Topal Mustafa, here are the Gypsies, the fishermen, here is Danko Harsizina himself...

— Long live the honorable government, hurrah! — cried Danko’s grandson in a thin voice."
11_bai_ganyo_does_elections_bul.csv,— Ура... ра... раааа! — изрева стоустата страшна тълпа.,"— Hurrah... rah... raaaa! — roared the hundred-mouthed, fearsome crowd."
11_bai_ganyo_does_elections_bul.csv,"Тръпки побиха Граматикова. Мина му през ума 1876 година, възкръснаха пред него башибозушките орди; името на Фазлъ̀ паша се спря на устните му.",Shivers ran down Gramatikov’s spine. The year 1876 flashed through his mind; the bashi-bazouk hordes rose up before him; the name of Fazli Pasha halted on his lips.
11_bai_ganyo_does_elections_bul.csv,"Дивата орда от пияни изверги нахлу в двора на училището. Боже! Колко грубост, колко арогантност, колко тъпа свирепост в тези изпъкнали кръвясали очи, в тези бабаитски движения, в тези провокаторски погледи!... Бай Ганьо, съпровождан от свитата си, която грубо му отваряше път, възлезе по стълбите и се вмъкна в училищния салон, при бюрото. Зачу се през прозорците един шум, едно глухо ръмжене и изтласкан от нахлулата вълна, на стълбите се появи Никола Търновалията. Веднага към него се устреми като хищна птица Данковото внуче и като го сграбчи за яката, почна с пресипнал глас да си дере гърлото: „Дръжте го, той псува княза, княза попържа, дръжте го!“ Петреску и Данко Харсъзина не закъсняха. Двамата като вълци го сдавиха, емнаха го на ръце и го смъкнаха по стълбата. Бай Ганьо се вмъкна в салона, взе от председателя на бюрото някаква записка, подаде я на Данковото внуче, което се промуши между тълпата, вмъкна се в съседния двор и след една минута, когато в двора нахълтаха пеши и конни жандарми, те завариха бай Ганьовата армия притисната в едно кьоше от възмутените избиратели, които бяха останали в двора. Петреску с разкървавени гърди, със зацапани с кръв ръце и лице ревеше като най-невинен младенец. Той беше сръгал вече двама-трима избиратели и овреме успя да изпълни програмата — да се разкървави, да се покачи на един куп камъни и колкото му държи глас, да викана помощ: „Убиха ме, господин началник, щяха да ме убият, аз викам да живей княза, а те ме ръгат с ножове!“",
11_bai_ganyo_does_elections_bul.csv,"Полицията почна своята роля... „Шашки вън!“... Зазвънтяха шашките, заплющяха камшици. Зачуха се протести, заглушиха ги псувни. Полицията, спомогната от бай Ганьовата армия, задигна Никола Търновалията, задигна по-видните му другари; разфучаха се конните жандарми и изметоха двора.","The police began their role... ""Sabers out!""... The sabers clattered, whips cracked. Protests were heard, drowned out by curses. The police, aided by Bai Ganyo’s army, hauled away Nikola Tarnovaliyata, hauled away his more prominent comrades; the mounted gendarmes charged about and swept the courtyard clean."
11_bai_ganyo_does_elections_bul.csv,"И Граматиков, увлечен от течението на масата, намери се на улицата. Той беше като поразен от молния! В ушите му звънтяха думите на бай Ганя, който от върха на стълбите викаше: „И ний сме били малко-много в Европа и знаем тия пущини, изборите. Аз в Белгия съм бил...“","And Gramatikov, swept along by the current of the crowd, found himself on the street. He was as if struck by lightning! In his ears rang the words of Bay Ganyo, who was shouting from the top of the stairs: “We too have been in Europe more or less, and we know those blasted things, the elections. I’ve been to Belgium...”"
11_bai_ganyo_does_elections_bul.csv,"В ушите му звънтяха и думите на дяда Добри. Бедният дядо Добри! Изтласкан на улицата, ударен силно в главата, просълзен от болест ли, от гняв ли, от жалост ли, той току се обаждаше, горкият, с пресечен глас: „А бе, господин началник... ами че нали уж... туйнака, нали щяха да бъдат уж свободни... таквозинка...“ Бедният дядо Добри!...","Grandfather Dobri’s words also rang in his ears. Poor Grandfather Dobri! Pushed out into the street, struck hard in the head, his eyes welling with tears—be it from illness, anger, or pity—the poor man kept speaking up in a broken voice: “But, Mr. Chief... weren’t they supposed to... you know... weren’t they supposed to be free... sort of thing...” Poor Grandfather Dobri!..."
11_bai_ganyo_does_elections_bul.csv,След няколко дена Граматиков прочете в един от столичните вестници следующата телеграма:,"A few days later, Gramatikov read the following telegram in one of the capital's newspapers:"
11_bai_ganyo_does_elections_bul.csv,"„София. Министър-президенту. Изборите се извършиха при абсолютна тишина и порядък. Избрани: Ганьо Балкански, Фильо Гочоолу и Танас Дочоолу, всички наши. Опозиционните кандидати се провалиха позорно. Щом се появиха избирателите с музика начело, шайката им се разбяга. Целият град тържествува. Да живее Негово Царско Височество. Ганьо Балкански“","""Sofia. To the Prime Minister. The elections were conducted in absolute peace and order. Elected: Ganyo Balkanski, Filio Gochoolu, and Tanas Dochoolu, all our men. The opposition candidates failed disgracefully. As soon as the voters appeared with music at their head, their gang scattered. The entire city is celebrating. Long live His Royal Highness. Ganyo Balkanski"""
11_bai_ganyo_does_elections_bul.csv,"Писмото до Граматиков, за което по-горе споменахме, се свършваше с тези думи: „А народът какво ще каже, какво ще прави? Любопитен въпрос! Ти ми казваше едно време, че вярваш още в българския народ. Хайде де! Не се подигравай! В кого вярваш ти? В това ли рабско племе, което търпи всичко това? Виж го изобразен в представителите му.“","The letter to Gramatikov, which we mentioned above, ended with these words: “And what will the people say, what will they do? A curious question! You used to tell me once that you still believed in the Bulgarian people. Come now! Don't mock me! In whom do you believe? In this tribe of slaves that endures all this? See it personified in its representatives.”"
11_bai_ganyo_does_elections_bul.csv,"Народа, в когото ти вярваш, е роб, казвам ти, роб; робуването е за него блаженство, тиранията благодеяние, роболепието геройство, презрителното хъркане отгоре — музика! И пак този народ е клет и нещастен, трижд нещастен! Бит от съдбата, осъден да страда и да тегли за други, мъчен от неприятели, а още повече от приятели и спасители, той нямаше нито една твърда точка, на която да спре погледа си, една дръжка, на която да се ослони, той е изгубил вярата в себе си и в съдбата си и е станал тъй „практичен“ и трезвен, трезвен до безчувственост. Без помощ, без съвет, съкрушен и разкъсан външно и вътрешно, ето го на, една печална, от бури разсипана останка от стари времена...","The people in whom you believe are slaves, I tell you, slaves; for them, enslavement is bliss, tyranny a blessing, servility heroism, and the contemptuous snorting from above—music! And yet, these people are wretched and miserable, thrice miserable! Beaten by fate, condemned to suffer and to toil for others, tormented by enemies, and even more so by friends and saviors, they have not a single firm point upon which to rest their gaze, not a single handhold to lean upon; they have lost faith in themselves and in their destiny, and have become so ""practical"" and sober—sober to the point of insensibility. Without help, without counsel, crushed and torn both inwardly and outwardly, there they are—a mournful remnant of ancient times, shattered by storms..."
11_bai_ganyo_does_elections_bul.csv,"Има ли кой да го съживи, да го повлече подире си? — Идеали? — Суета, вятър!...","Is there anyone to revive him, to draw him along? — Ideals? — Vanity, wind!..."
12_bai_ganyo_the_journalist_bul.csv,"Оркестърът свиреше румънската „Дойна“. По-право казано, свиреше само Анчето, с флейта соло, а другите приглашаха. Ний слушахме от вътрешния салон. Ама, ще речете, кои са тези ний? Кои ли? Известно е кои: Сенаторът, Отело, Стувенчо и аз. Пред нас стърчеше едно дълго шише бяло Chateau Sandrovo и друго Giesshuebler. Безгрижно разположени около масата, с папироски в уста, ний ловяхме фиоритурите на „Дойна“ и бяхме се предали на приятно far niente. Утре е неделя — няма работа, може да поседим и по-късничко. Музиката сносна, слечинките хубавички, ний — попревтасали ергени. Тамам!","The orchestra was playing the Romanian ""Doina."" More accurately, only Ancheto was playing, a flute solo, while the others accompanied. We were listening from the inner lounge. But, you might ask, who are these ""we""? Who indeed? It is well known who: the Senator, Othello, Stuvencho, and I. Before us stood a tall bottle of white Chateau Sandrovo and another of Giesshuebler. Carefree, lounging around the table with cigarettes in our mouths, we caught the fiorituras of the ""Doina"" and had surrendered ourselves to a pleasant *far niente*. Tomorrow is Sunday—no work, we can stay a bit later. The music is decent, the girls are pretty, and we—somewhat over-the-hill bachelors. Perfect!"
12_bai_ganyo_the_journalist_bul.csv,"Седим си така и по едно време флейтата задразни ухото ми с няколко фалшиви ноти, същевременно и целият оркестър сфалшиви. В този същия миг Стувенчо се изсмя и извика: „Пустият му Отело! Страшен зевзек! Я го вижте!...“ Обръщаме се веднага двамата със Сенатора и какво да видим! Дявол Отело! Отде му идат на ум тия комедии. Той станал, без да го забележим, поискал едно парче лимон и като привлякъл с някои знакове флейтистката, без да го забележат други, почнал да я дразни, да й прави оскомина с лимоновия сок. Е, хелбетя, младо момиче, дощяло й се киселичко, напълнили се устата й със слюнки, свили й се устните — иди подир туй, че свири на флейта! Смях...","We were just sitting there when, all of a sudden, the flute grated on my ear with a few flat notes, and at the same moment, the whole orchestra went out of tune. At that very instant, Stuvenche burst out laughing and cried: “That damn Othello! What a joker! Just look at him!...” The Senator and I turned around immediately, and what did we see! That devil Othello! Where does he come up with such antics? He had stood up without us noticing, asked for a slice of lemon, and after catching the flute player’s eye with some gestures without anyone else seeing, he began to tease her, making her mouth water with the lemon juice. Well, naturally, she’s a young girl, she got a craving for something sour, her mouth filled with saliva, her lips puckered up—just try playing the flute after that! Laughter..."
12_bai_ganyo_the_journalist_bul.csv,"Музиката престана. От улицата се зачу крясъкът на едно хлапе: „Но-ви ве-стни-ци Народно величие-е!“ Какво Народно величие? Има си хас! Заразени със смях от комедията с лимона, ний отново прихнахме да се смеем. В този момент ето че и Гедрос довтаса.","The music stopped. From the street came the cry of a kid: “New news-pa-pers, Na-tion-al Great-ness!” What National Greatness? As if! Infected with laughter by the comedy with the lemon, we burst out laughing once more. At that moment, Gedros also turned up."
12_bai_ganyo_the_journalist_bul.csv,"— О, Гедрос, здрасти! Сядай! Винце искаш ли?","— Oh, Gedros, hi! Sit down! Want some wine?"
12_bai_ganyo_the_journalist_bul.csv,"— О, Отело, здрасти, здрасти, пиленце. Я си обърши носленцето — занежничи вечно веселият Гедрос.","— Oh, Othello, hello, hello, little bird. Go on, wipe your little nose — cooed the ever-cheerful Gedros."
12_bai_ganyo_the_journalist_bul.csv,"— Гедрос, какъв е този вестник, сега викаха из улицата?","— Gedros, what is this newspaper they were just shouting about in the street?"
12_bai_ganyo_the_journalist_bul.csv,— Как! Мигар вий не знаете за вестника на бай Ганя Балкански?,— What! Is it possible you don't know about Bay Ganyo Balkanski's newspaper?
12_bai_ganyo_the_journalist_bul.csv,— Зевзек!,— Joker!
12_bai_ganyo_the_journalist_bul.csv,"— Сериозно ви казвам. Ганьо Балкански, редактор-стопанин на вестник „Народно величие“. А-а, то е цяла история. Мигар не знаете?","— I am telling you seriously. Ganyo Balkanski, editor-proprietor of the newspaper ""National Greatness"". Ah, it's quite a story. Don't you know?"
12_bai_ganyo_the_journalist_bul.csv,— А бе ти сериозно ли говориш?,— Are you serious?
12_bai_ganyo_the_journalist_bul.csv,"— Сериозно бе, брате. Чакайте да ви разкажа. Днес ми разправиха тази история подробно и аз ще ви я предам тъй, като че съм бил там.","— Seriously, man. Wait till I tell you. I was told this story in detail today, and I’m going to tell it to you just as if I had been there myself."
12_bai_ganyo_the_journalist_bul.csv,Разпоредихме се да затворят вратата на вътрешния салон и Гедрос почна. Ето какво ни разказа той:,"We gave orders for the door of the inner salon to be closed, and Gedros began. This is what he told us:"
12_bai_ganyo_the_journalist_bul.csv,"У бай Ганя свикано събрание. Събрали се: сам стопанинът, Гочоолу, Дочоолу и Данко Харсъзина, и разсъждават — като какво предприятие да заловят, за да се възползуват най-изгодно от положението.","A meeting was convened at Bay Ganyo’s. Gathered there were the host himself, Gochoolu, Dochoolu, and Danko Harsazina, deliberating on what kind of enterprise to undertake so as to take the most profitable advantage of the situation."
12_bai_ganyo_the_journalist_bul.csv,"— Трябва и ние да клъвнем по нещо — казва бай Ганьо, — току-тъй на сухо патриотизъм — бошлаф. Я ми кажете вий сега, както стоят работите, като откъде може да се удари най-добър келепир? Ти, Гочоолу, какво ще речеш?","— We should get a piece of the pie too — says Bay Ganyo, — patriotism on its own, for nothing — that’s just rubbish. Now tell me, as things stand, where can we strike the best profit? You, Gochoolu, what do you say?"
12_bai_ganyo_the_journalist_bul.csv,"— Аз ли? Да ти кажа правичката, бай Ганьо, аз пак си оставам на мойта мисъл: да отворим един руски трактир.","— Me? To tell you the truth, Bay Ganyo, I’m still of the same mind: let’s open a Russian tavern."
12_bai_ganyo_the_journalist_bul.csv,— Какво?!,— What?!
12_bai_ganyo_the_journalist_bul.csv,— Един руски трактир да отворим — отговаря сериозно и решително Гочоолу.,— Let’s open a Russian tavern — Gochoolu answers seriously and decisively.
12_bai_ganyo_the_journalist_bul.csv,— А бе че ти — как? Пак ли обърна с Матушката? — чуди се бай Ганьо.,"— Well, what about you? Have you sided with Mother Russia again? — Bay Ganyo wondered."
12_bai_ganyo_the_journalist_bul.csv,"— Ама ела да се разберем, не е работата тук за Матушката, работата е — какъв вятър вей...","— Look, let’s get this straight, it’s not about Mother Russia here, the point is — which way the wind blows..."
12_bai_ganyo_the_journalist_bul.csv,— Де? В главата ти?,— Where? In your head?
12_bai_ganyo_the_journalist_bul.csv,"— В България. Ахмак е този, който не се възползува. Сега му е времето — един трактир. Аз съм шетал из Московията, поотбирам що-годе. Един трактир с две отделения — дворянско и мужицко.","— In Bulgaria. A fool is he who doesn't take advantage. Now is the time — an inn. I've roamed through Muscovy, I've picked up a thing or two. An inn with two sections — one for the gentry and one for the peasants."
12_bai_ganyo_the_journalist_bul.csv,— Че у нас де ще намериш мужици! — пита в недоумение бай Ганьо.,— But where would you find *muzhiks* in our country! — Bay Ganyo asks in bewilderment.
12_bai_ganyo_the_journalist_bul.csv,"— Е па, най-после всички дворяни ли сме бе, бай Ганьо?","— So, are we all noblemen at last, Bai Ganyo?"
12_bai_ganyo_the_journalist_bul.csv,"— Хубаво, по-нататък?","— Fine, what next?"
12_bai_ganyo_the_journalist_bul.csv,"— По-нататък: ще му изтърсим една музика, орган — ти трябва да си виждал, бай Ганьо?","— Next: we'll treat him to some music, an organ—you must have seen one, Bay Ganyo?"
12_bai_ganyo_the_journalist_bul.csv,"— Аз ако не видя, кой ще види — отговаря надменно господин Балкански.","— If I don't see it, who will? — Mr. Balkanski answers haughtily."
12_bai_ganyo_the_journalist_bul.csv,"— Имаш право. Един орган и, разбира се, чай. Ще напазарим десетина хлапета, ама да не бъдат чернооки, да изглеждат като русначета; ще им нахлуем по едни ботуши, по една червена риза, па ще ги подстрижем по казашки — ето ти тебе цял трактир! Ще докараме руски вестници, водка закуски, па тегли отгоре и един надпис — „Руский трактир“, — па си накриви шапката. А?","— You’re right. A barrel organ and, of course, tea. We’ll round up a dozen kids, but they shouldn’t be dark-eyed; they need to look like little Russians. We’ll shove them into boots and red shirts, give them Cossack haircuts—and there’s your whole *traktir*! We’ll bring in Russian newspapers, vodka, snacks, then slap a sign over it—‘Russian Traktir’—and you’re all set. Eh?"
12_bai_ganyo_the_journalist_bul.csv,"— Не одобрявам! — извика тържествено Дочоолу. — Не одобрявам! Ако е работата да ударим келепир от вятъра, дето е повял, то най-добре ще бъде да отворим една фабрика за квас...","— I do not approve! — Dochoolu cried out solemnly. — I do not approve! If the point is to make a quick profit from the wind that has started blowing, then it would be best to open a kvass factory..."
12_bai_ganyo_the_journalist_bul.csv,— Ударихме кьоравото! — изсмя се Данко Харсъзина. — Ти фурна ли искаш да отваряш?,— We hit the jackpot! — laughed Danko the Rogue. — Do you want to open a bakery?
12_bai_ganyo_the_journalist_bul.csv,"— Не бе, брате — за руски квас ми е думата. То е едно таквоз... като туйнака, крушевица го кажи, боза го кажи...","— No, brother—I’m talking about Russian kvass. It’s a sort of... like this here, call it pear cider, call it boza..."
12_bai_ganyo_the_journalist_bul.csv,— Хубава работа! Бозаджии ще ставаме сега — обижда се Харсъзина.,— A fine thing! We’re going to become boza-sellers now — the Rogue says indignantly.
12_bai_ganyo_the_journalist_bul.csv,"— Не бе, кардаш, не е работата за питието — името е важно; да речем само: „руски квас“! — ще се изпотрепат да тичат. Не си ли чул френците какво правят сега. Пара̀ удариха, пара̀ — нѐ шега!","— No, my friend, it’s not about the drink—the name is what matters; just say “Russian kvass” and they’ll be trampling each other to get some. Haven’t you heard what the French are doing now? They’ve struck it rich, made a fortune—it’s no joke!"
12_bai_ganyo_the_journalist_bul.csv,— Бошлаф. Аз не ща квас — заяви недоволен Данко.,"— Nonsense. I don't want kvass — Danko stated, dissatisfied."
12_bai_ganyo_the_journalist_bul.csv,— Ами какво искаш — пита го сърдито Дочоолу. — Я кажи да видим?,"— Well, what do you want then? — Dochoolu asked him crossly. — Out with it, let’s see?"
12_bai_ganyo_the_journalist_bul.csv,— Да основем една банка! — изтърсва Данко Харсъзина.,— Let's start a bank! — blurted out Danko the Scoundrel.
12_bai_ganyo_the_journalist_bul.csv,— Ти си дурак!,— You are a fool!
12_bai_ganyo_the_journalist_bul.csv,— Защо?,— Why?
12_bai_ganyo_the_journalist_bul.csv,— Оставете кавгите настрана — вмесва се бай Ганьо.,— Put the quarrels aside — Bay Ganyo interjects.
12_bai_ganyo_the_journalist_bul.csv,— Защо да съм дурак! — продължава разгневен Данко и стреля кръвнишки погледи към Дочоолу.,"— Why should I be a fool! — Danko continues, enraged, shooting murderous looks at Dochoolu."
12_bai_ganyo_the_journalist_bul.csv,"— Е, млъкни сега, седни си. Кажи, какво имаш да кажеш, за банката.","— Well, shut up now, sit down. Tell me, what do you have to say about the bank."
12_bai_ganyo_the_journalist_bul.csv,"— Ама нека каже бе, джанъм, защо да съм дурак?","— But let him say, my dear, why should I be a fool?"
12_bai_ganyo_the_journalist_bul.csv,"— Банка ще ми основава! Туй чева не е попара да я изсърбаш — ръмжи под мустак Дочоолу, смутен от погледите и застрашителния тон на Данка. — Попара ли е туй — банка!","— He’s going to start a bank! This isn’t like slurping up a bowl of popara — Dochoolu growls under his mustache, unsettled by the looks and Danko’s threatening tone. — Is a bank popara!"
12_bai_ganyo_the_journalist_bul.csv,— Попара е зер! — реве Харсъзина.,"— It’s popara, indeed! — bellows the Scoundrel."
12_bai_ganyo_the_journalist_bul.csv,— Как така попара? Отде-накъде да е попара — зъби се Дочоолу.,"— What do you mean, popara? Why on earth should it be popara? — Dochooolu snarls."
12_bai_ganyo_the_journalist_bul.csv,"— Млъкнете бе, хора. Затуй ли сме се събрали — успокоява ги бай Ганьо. — Дочоолу, седни на мястото си.","— Shut up, you people! Is this why we’ve gathered? — Bay Ganyo calms them. — Dochooolu, sit down in your place."
12_bai_ganyo_the_journalist_bul.csv,— Ама отде-накъде да бъде попара?,— But why on earth should it be popara?
12_bai_ganyo_the_journalist_bul.csv,"От дума на дума работата кабардисала; Данко Харсъзина, както го знаете, налита на бой, па и Дочоолу не си поплюва — ще се изтрепят, хеле бай Ганьо отсам-оттатък — успокоил ги.","One thing led to another and the situation escalated; Danko the Rogue, as you know, is quick to come to blows, and Dochoolu is not one to back down either—they were going to kill each other, until finally Bay Ganyo, bustling between them, calmed them down."
12_bai_ganyo_the_journalist_bul.csv,"Данко си сядва на мястото и почва да излага своя план за основаванието на една банка. „Работата е лесна — ще издадем за пет-десет милиона акции, ще приберем парата, на тогоз назаем, на оногоз назаем, разбира се, с добра лихва, на търговци, на общини, па ако се намери правителството натясно — и нему някой и други милион. Ами! Ще речем да напишат един устав, половината кяр за нас, половината за акционерите. Башка — акции ще си задържим, пари я вложим, я не. Ти, бай Ганьо, си влиятелен човек, ще се изкашляш на две три капии и свършено!“","Danko takes his seat and begins to lay out his plan for founding a bank. “It’s a simple matter—we’ll issue five or ten million in shares, rake in the cash, lend to this one, lend to that one—with a good interest rate, of course—to merchants, to municipalities, and if the government finds itself in a pinch, we’ll toss them a million or two as well. Exactly! We’ll have them draw up some bylaws: half the profit for us, half for the shareholders. Besides, we’ll keep some shares for ourselves—whether we actually put in any money or not. You, Bai Ganyo, are an influential man; you’ll clear your throat at two or three high offices, and it’s a done deal!”"
12_bai_ganyo_the_journalist_bul.csv,"— Не е за твоите уста лъжица тая работа, има от тебе по-ербап хора, нека те я измътят, па ний ще си проврем гагите — заявява наставнически бай Ганьо.","— This business is not for the likes of you; there are more capable men than you, let them hatch it, and then we’ll stick our beaks in — Bay Ganyo states patronizingly."
12_bai_ganyo_the_journalist_bul.csv,Гочоолу и Дочоолу клатят одобрително главите си.,Gochoolu and Dochoolu nod their heads approvingly.
12_bai_ganyo_the_journalist_bul.csv,"— Чакайте аз да ви кажа сега какво съм намислил — извиква авторитетно бай Ганьо и става прав. — Знаете ли с какво? Нито с трактир ще прокопсаме, нито банка ще уредим като хората, а пък твоя руски квас, Дочоолу, хептен проста работа, ами да ви кажа ли аз вам какво?","— Wait, let me tell you now what I've got in mind — Bay Ganyo cries out authoritatively and stands up. — Do you know with what? We won't prosper with a tavern, nor will we set up a bank properly, and as for your Russian kvass, Dochoolu, that's a completely trivial matter; so, shall I tell you what?"
12_bai_ganyo_the_journalist_bul.csv,"Гочоолу, Дочоолу и Харсъзина са превърнати в слух и нетърпение.","Gochoolu, Dochoolu, and Harsazina have become all ears and impatience."
12_bai_ganyo_the_journalist_bul.csv,— Да ви кажа ли вам какво? А?,— Shall I tell you what? Eh?
12_bai_ganyo_the_journalist_bul.csv,"— Е, кажи де, стига си мълчал — продумва нервозно Данко.","— Well, say it then, stop being silent — Danko says nervously."
12_bai_ganyo_the_journalist_bul.csv,— Шш! Бързата кучка слепи ги ражда. Да ви кажа ли? А? Господа! Вестник да  издаваме! — изтърсва бай Ганьо и на лицето му изгрява тържество.,"— Shh! Haste makes waste. Shall I tell you? Eh? Gentlemen! Let's publish a newspaper! — Bay Ganyo blurts out, and a look of triumph dawns on his face."
12_bai_ganyo_the_journalist_bul.csv,"Ако някое морско чудовище се вмъкнеше в онзи момент в стаята на нашите събеседници, то едва ли би могло да увеличи поражающето впечатление, което произведоха последните думи на бай Ганя. В първата минута като вцепенени, в следующата — Гочоолу, Дочоолу и Данко Харсъзина почнаха да се споглеждат плахо-плахо, като че се питаха: „Да не е изхвръкнала, не дай боже, някоя чивия на бай Ганя?“ Не иде ни да се засмееш, ни да го съжалиш. Ще кипне. Еле Гочоолу най-сетне, страх не страх, решава се отдалече да му загатне:","If some sea monster had slipped into the room of our interlocutors at that moment, it could hardly have increased the staggering impression produced by Bay Ganyo’s last words. Petrified for the first minute, in the next, Gochoolu, Dochoolu, and Danko Harsizina began to glance at each other quite timidly, as if asking themselves: “Hasn't, God forbid, a screw come loose in Bay Ganyo’s head?” One could neither laugh nor pity him. He would boil over. Finally, Gochoolu, fear or no fear, decided to hint at it from a distance:"
12_bai_ganyo_the_journalist_bul.csv,"— Твоя милост, бай Ганьо, обичаш сегиз-тогиз, хе-хе, да прощаваш, искам да кажа, обичаш... туйнака... зевзеклиците, та думата ми е, хе-хе...","— Your Honor, Bay Ganyo, you like, every now and then, he-he, if you'll pardon me, I mean to say, you like... well... those jests of yours, so my point is, he-he..."
12_bai_ganyo_the_journalist_bul.csv,— Какво?,— What?
12_bai_ganyo_the_journalist_bul.csv,"— Не бе, бай Ганю, аз само така рекох да... таквозинака... А бе, твоя милост, нещо вестник... сериозно ли?","— No, Bay Ganyo, I only meant to... you know... Say, your worship, about that newspaper... are you serious?"
12_bai_ganyo_the_journalist_bul.csv,"— Как тъй „сериозно ли“? Ами че как инак? Разбира се, че сериозно! Че голям мурафет ли е един вестник да се издава? Тури си едно перде на очите (па и няма нужда), па псувай наляво и надясно. Ами как!","— What do you mean ""seriously""? How else? Of course I’m serious! Is it such a big deal to publish a newspaper? Just cast all shame aside (not that you even need to) and start cursing left and right. That’s how it’s done!"
12_bai_ganyo_the_journalist_bul.csv,"— Е, като бъде тъй, аз съм съгласен — заявява Данко Харсъзина.","— Well, if that's how it's to be, I agree — states Danko Harsizina."
12_bai_ganyo_the_journalist_bul.csv,"— Тъй, ами как! Ще викаме Гуня Адвокатина, той е майстор на уводните статии, па ний — кое дописки, кое антрефилета, кое телеграми. Нали е работа да омаскарим тогоз-оногоз — за туй нещо не се иска кой знае каква философия. Данко, я се запусни, моля ти се, до писалището, та повикай тука Гуня Адвокатина.","— Exactly, what else! We’ll call Gunya the Lawyer; he’s a master of lead articles, and we—some reports, some short items, some telegrams. After all, the point is to smear this one or that one—you don’t need much philosophy for that. Danko, run down to the office, if you please, and call Gunya the Lawyer here."
12_bai_ganyo_the_journalist_bul.csv,"— Тоз хайдучага видите ли го? — каза бай Ганьо, след като излиза Данко Харсъзина. — За псувни като бъде — остави го! Ще те изпсува тъй, че бъбрека ще те смъдне. Мати-маскара направя човека. Ама било право, било криво, и окото му не мига. Страшен вагабонтин!","— Do you see that ruffian? — said Bay Ganyo, after Danko Harsazina had left. — When it comes to swearing — he’s in a league of his own! He’ll curse you so bad your very kidneys will ache. He’ll make a complete mockery of a man. And whether it’s right or wrong, he doesn't even blink. A hell of a scoundrel!"
12_bai_ganyo_the_journalist_bul.csv,"Гочоолу и Дочоолу не може да се каже, че са били възхитени от тия качества на Данка Харсъзина; не може да се каже също, че в тяхното представление за вестникарството Данко се явяваше подходящ редактор. У тях все се съхраняваха възпоминания от друго време и от турско време, когато печатното слово все пак мътеше водата им, но не изригаше тая лава от адски хули и проклятия. Но бурята на диви страсти, бушующа в течение на цял ред години, но деморализующето влияние на деморализуваната преса, но грубият всепоглъщающ материализъм, но възможността за леко обогатяване при едно приспиване на съвестта по примера на ръководящите елементи — всички тия явления са покрили с такъв дебел слой техните по-чисти чувства, щото е нужно една цяла, не по-малко дълголетна и нова в същността си епоха да разкопава този слой от мерзости, додето изпъкнат като остатъци от минало величие тия заровени чисти чувства.","It cannot be said that Gochoolu and Dochoolu were delighted by these qualities of Danko the Outlaw; nor could it be said that, in their conception of journalism, Danko appeared to be a suitable editor. They still harbored memories of another time, of the Turkish era, when the printed word might have troubled the waters for them, but did not erupt in such a lava of hellish insults and curses. But the storm of wild passions raging for a succession of years, the demoralizing influence of a demoralized press, the crude, all-consuming materialism, the opportunity for easy enrichment by lulling the conscience to sleep following the example of the ruling classes—all these phenomena had covered their purer feelings with such a thick layer that an entire era, no less long-lived and essentially new, would be required to excavate this stratum of abominations before those buried pure feelings could emerge like the remnants of past greatness."
12_bai_ganyo_the_journalist_bul.csv,"И сега, когато бай Ганьо им излага плана си за издаването на вестник, за неговото направление и за лицата, които ще вземат участие — Гочоолу и Дочоолу усещат, че нещо ги смъдва в един затънтен край на техните сърца, сещат те, че има нещо опак в тая работа, има нещо таквоз, което не трябва да бъде; но върху тежкия слой, който притиска към дъното тия чисти чувства, бай Ганьо прибавя нов пласт и ги задушава. Той сладкодумно, с увлечение, със страст им излага материалните изгоди, които ще се получат от тяхното предприятие. А по-убедителни аргументи не са нужни за Гочоолу и Дочоолу.","And now, as Bai Ganyo lays out his plan for publishing a newspaper, its editorial direction, and the individuals who will participate—Gochoolu and Dochoolu feel a twinge in some remote corner of their hearts; they sense that there is something crooked in this business, something that ought not to be; but upon the heavy layer pressing those pure feelings to the bottom, Bai Ganyo adds a new stratum and smothers them. Eloquently, with enthusiasm and passion, he details the material benefits to be gained from their enterprise. And more convincing arguments are not needed for Gochoolu and Dochoolu."
12_bai_ganyo_the_journalist_bul.csv,"Вратата се отварят и на прага се показва Гуньо Адвокатина със своята лисича остра муцунка, след него влиза Данко Харсъзина.","The door opens and Gunyo the Lawyer appears on the threshold with his sharp, fox-like snout, followed by Danko the Thug."
12_bai_ganyo_the_journalist_bul.csv,"— Гуньо бе, ти какво ще речеш? — обръща се приятелски бай Ганьо. — Ний искаме да издаваме един вестник, а?","— Gunyo, what do you say? — Bay Ganyo turned to him in a friendly way. — We want to publish a newspaper, eh?"
12_bai_ganyo_the_journalist_bul.csv,"— Защо не, да издаваме. Кьораво има ли? — пита Гуньо с подмигване и с бързо шаване на пръстите си.","— Why not, let's publish. Is there any easy money in it? — Gunyo asked with a wink and a quick movement of his fingers."
12_bai_ganyo_the_journalist_bul.csv,— Ти си гледай кефа.,— You just enjoy yourself.
12_bai_ganyo_the_journalist_bul.csv,— Ама има ли?,— But is there?
12_bai_ganyo_the_journalist_bul.csv,"— Има, има, гледай си кефа.","— There is, there is, just enjoy yourself."
12_bai_ganyo_the_journalist_bul.csv,"— Добре. Какъв вестник да издаваме — за правителството ли, или опозиция? Казвай скоро, че ме чакат клиенти.","— Fine. What kind of newspaper shall we publish—pro-government or opposition? Speak up quickly, for I have customers waiting."
12_bai_ganyo_the_journalist_bul.csv,"— Сега там е цаката — дали правителствен, дали опозиция? Не знам, дявола да го вземе, колко ще изтраят днешните.","— That’s the trick now—whether to be pro-government or opposition? I don’t know, damn it, how long the current lot will last."
12_bai_ganyo_the_journalist_bul.csv,"— Казвай скоро, че ме чакат клиенти.","— Make it quick, I have clients waiting."
12_bai_ganyo_the_journalist_bul.csv,"— Знаеш ли какво, Гуньо? — съображава бай Ганьо, без да обръща внимание на думите на адвокатина. — Аз мисля сега засега да я караме с правителството...","— You know what, Gunyo? — Bay Ganyo reasoned, without paying any attention to the lawyer's words. — I think for the time being we should stick with the government..."
12_bai_ganyo_the_journalist_bul.csv,"— Тъй, тъй, най-добре с правителството — бързат да заявят Гочоолу и Дочоолу.","— Quite so, quite so, it’s best to be with the government — Gochoolu and Dochoolu hasten to declare."
12_bai_ganyo_the_journalist_bul.csv,"Бай Ганьо ги изглежда сърдито, задето му пресичат думата, и продължава: — ...Па сетне, като подушим, че им се разклатят краката, да им ритнем едно текме и с новите пак на власт, а?","Bay Ganyo glares at them for interrupting him and continues: — ...And then, once we sense their legs are shaking, we’ll give them a good kick and be back in power with the new ones, eh?"
12_bai_ganyo_the_journalist_bul.csv,— Става. Обещаха ли ви нещичко?,— Deal. Did they promise you anything?
12_bai_ganyo_the_journalist_bul.csv,"— То се знай, без него не може.","— Of course, you can't do without it."
12_bai_ganyo_the_journalist_bul.csv,"— Като е тъй, да почнем — решава Гуньо Адвокатина и тук се захваща един разговор за начина, по който ще издават вестника, и за един вид направление, което ще следва техният орган по известни въпроси. Взема се решение да се съобразяват с времето и с обстоятелствата, па и с келепира, ако е „рекъл господ“. За Русия „ще пущаме по едно: нашата освободителка,   братския руски народ, да живей Царя Освободителя (бог да го прости), ама инак, като видим зор, ще си караме пак старата „3адунайская губерния“.   За Македония ще се поумълчаваме, знаеш, не иде някак си, времето не помага. Австрия кое, туй-онуй, тройствен съюз — хич не уйдисва...","— Since that’s the case, let’s begin — Gunyo the Lawyer decides, and here a conversation starts about the way they will publish the newspaper, and about a sort of direction that their organ will follow on certain issues. A decision is made to conform to the times and the circumstances, and even to the profit, if “the Lord has willed it.” Regarding Russia, “we’ll let out a bit of: our liberator, the brotherly Russian people, long live the Tsar Liberator (God rest his soul), but otherwise, if we find ourselves in a tight spot, we’ll go back to the old ‘Trans-Danubian Governorate’.” Regarding Macedonia, we’ll keep somewhat quiet, you know, it doesn’t quite work, the times aren’t helping. Austria this, that and the other, the Triple Alliance — it doesn’t suit at all..."
12_bai_ganyo_the_journalist_bul.csv,"— Ами с младежите, с младежите какво ще правим? — обажда се Гочоолу. — И те почнаха да шават!","— And what about the youth, what are we going to do with the youth? — Gochoolu pipes up. — They’ve started to stir, too!"
12_bai_ganyo_the_journalist_bul.csv,"— Ще ги залъгваме, какво ще правиш, белалии хлапета, по някой път и шапка даже ще им клатиш, време таквоз дошло, няма какво да се стори — дума с въздишка бай Ганю.","""We'll lead them on, what can you do, troublesome rascals; sometimes you'll even have to tip your hat to them—such are the times, there's nothing to be done,"" Bay Ganyo says with a sigh."
12_bai_ganyo_the_journalist_bul.csv,"— Няма какво да се стори ли?! — ръмжи Данко Харсъзина и очите му тъмнеят. — Пуста сопа неокастрена! Аз да ги пипна тях, че...","— Nothing to be done, you say?! — growls Danko the Rogue, his eyes darkening. — That cursed unhewn club! Just let me get my hands on them, and..."
12_bai_ganyo_the_journalist_bul.csv,"— Стой мирно, Данко...","— Stand still, Danko..."
12_bai_ganyo_the_journalist_bul.csv,— П... п-п-ррах и пепел...,— D... d-d-dust and ashes...
12_bai_ganyo_the_journalist_bul.csv,"— Остави ги сега, недей! Седни си на мястото. Има време.","— Leave them be for now, don't! Sit back down. There's time."
12_bai_ganyo_the_journalist_bul.csv,"— Хайде по-скоро, бай Ганьо, че клиенти ме чакат — извиква нетърпеливо Гуньо Адвокатина.","— Hurry up, Bay Ganyo, for clients are waiting for me — Gunyo the Lawyer shouts impatiently."
12_bai_ganyo_the_journalist_bul.csv,"— Я чувай, Гуньо, знаеш ли... (холан, остави се с твоите пусти клиенти!)... знаеш ли какво? Ти седни тази вечер, па напиши една уводна статия. Тегли му едно верноподаничество, че сам княза да се слиса. Тури му там: Ваши смирени чада, Наш баща и татко, в праха на Августейшите Ви нозе, нареди ги там като броеница, ти знаеш как. Па помени и за народа една-две думи, както му е реда. Разбра ли ме? Така. Па сетне тегли един калай на опозицията. Кажи там: Онези предатели, онези...","— Listen, Gunyo, you know what... (come on, leave off with those blasted clients of yours!)... you know what? Sit down tonight and write an editorial. Give it such a dose of loyalty that the Prince himself will be stunned. Put in there: ""Your humble children,"" ""Our father and sire,"" ""in the dust of Your August feet""—string them together like prayer beads, you know how. And mention a word or two about the people, as is proper. Do you understand? Good. And then, give the opposition a good roasting. Say: ""Those traitors, those..."""
12_bai_ganyo_the_journalist_bul.csv,"— Предатели остаря вече, да турим мерзавци — поправя Гуньо.","— ""Traitors"" is outdated now, let's put ""scoundrels"" — Gunyo corrected."
12_bai_ganyo_the_journalist_bul.csv,"— Е добре, тури мерзавци. Па да не забравиш да туриш и фаталния за българския народ. Дявол да я вземе, много ми се харесва тази дума „фаталния“! Като кажа така фф... ф... фаталния, сякаш че ффащам някого за гушата... Страшно ми се харесва!","— All right, put ""scoundrels."" And don't forget to put ""the fatal one for the Bulgarian people"" too. Devil take it, I really like that word ""fatal""! When I say it like that, f-f... f... fatal, it’s as if I’m f-f-grabbing someone by the throat... I love it immensely!"
12_bai_ganyo_the_journalist_bul.csv,"— А пък мен най ми харесва, като напопържам някого — изтърси чистосърдечно Данко Харсъзина, — отлеква ми н’ам как на душата!",— And what I like best is when I give someone a good cussing — Danko the Rogue blurted out candidly — it lightens my soul I don't know how!
12_bai_ganyo_the_journalist_bul.csv,"— Ашколсун бе, Харсъз, да живейш! — провиква се възхитен бай Ганьо и потупва Данка по рамото. — Работата е опечена. Ти, Гуньо, ще напишеш, както рекох, уводната статия, тъй ли? А вий, Гочоолу, и ти, Дочоолу, някои дописки, някои телеграми да изкалъпите.","— Bravo, Harsuz, long life to you! — Bay Ganyo exclaims in admiration, patting Danko on the shoulder. — The matter is settled. You, Gunyo, will write the editorial as I said, right? And you, Gochoolu, and you, Dochoolu, you’ll cook up some reports, some telegrams."
12_bai_ganyo_the_journalist_bul.csv,"— Че какви телеграми, какви дописки? — запитват в недоумение двоицата.","— What telegrams, what reports? — the two asked in bewilderment."
12_bai_ganyo_the_journalist_bul.csv,"— Какви ли? Всякакви. Не виждате ли другите вестници? Пишете там: Ваше Царско Височество, народа ликува коленопреклонно и едногласно моли Всевишния... и прочее; наблъскайте там, каквото ви дойде на ума. Кажете там: Българският народ е дал хиляди доказателства,че когато се коснат до правата му, всички до един стават на крак... и... таквозинака... със сълзи на очите... и тъй нататък. Най-сетне какво ще ми дращете много-много; напсувайте опозицията, па вер селям. Ами! Какво ще седнем сега да се лигавим с разни философии. И кой ще те разбере! Нали е работата да замажем очи — карай колата. Не е ли тъй?","— What kind? All kinds. Don't you see the other newspapers? Write there: Your Royal Highness, the people rejoice on bended knee and unanimously pray to the Almighty... and so forth; just cram in whatever comes to mind. Say there: The Bulgarian people have given thousands of proofs that when their rights are touched, every single one of them rises to their feet... and... such-and-such... with tears in their eyes... and so on. Anyway, why scribble so much; just curse the opposition, and that's that. Honestly! Why should we sit here and drivel on with all sorts of philosophies. And who’s going to understand you anyway! The whole point is to pull the wool over their eyes—just keep the wagon rolling. Isn't that right?"
12_bai_ganyo_the_journalist_bul.csv,"— Е, хайде сбогом, че ме чакат клиенти — измъмра Гуньо Адвокатина и си взе шапката.","— Well, goodbye then, for clients are waiting for me — mumbled Gunyo the Lawyer and took his hat."
12_bai_ganyo_the_journalist_bul.csv,"— Чакат те тебе дяволите... Нейсе. Хайде, сбогом. Па чувай, Гуньо, утре рано уводната да бъде готова. Много здраве!","— The devils are waiting for you... Anyway. Well, goodbye. And listen, Gunyo, have the editorial ready early tomorrow. All the best!"
12_bai_ganyo_the_journalist_bul.csv,"Гуньо се упътва към вратата. След него стават Гочоолу и Дочоолу, на които бай Ганьо дава нужните инструкции.","Gunyo heads toward the door. Gochoolu and Dochoolu stand up after him, to whom Bai Ganyo gives the necessary instructions."
12_bai_ganyo_the_journalist_bul.csv,"— Чувайте бе, господа, че най-важното сме забравили — извика бай Ганьо подире им, — ами че как ще кръстим нашия вестник?","— Listen here, gentlemen, we’ve forgotten the most important thing! — Bay Ganyo shouted after them. — What are we going to name our newspaper?"
12_bai_ganyo_the_journalist_bul.csv,"— Добре, кайш бе, бай Ганю, ама че сме... такива! — отзовават се Гочоолу и Дочоолу.","— You're right, Bay Ganyo, but we really are... like that! — Gochoolu and Dochoolu chimed in."
12_bai_ganyo_the_journalist_bul.csv,"— Туй е един сериозен въпрос — казва Гуньо Адвокатина — и знаете ли защо е сериозен? Защото онези дяволи взели всичките хубави имена, не оставили за нас. Ама все ще се намерят. Аз мисля, най си е на мястото да кръстим нашия вестник   „Справедливост“, па ще прибавим в скоби едно фин дю сийекъл. (б. а. - края на века, фр.)","— That is a serious matter — says Gunyo the Lawyer — and do you know why it is serious? Because those devils have taken all the good names, they haven't left any for us. But we'll find one yet. I think it would be most fitting to name our newspaper ""Justice,"" and then we'll add a *fin de siècle* in parentheses. (Author's note - end of the century, Fr.)"
12_bai_ganyo_the_journalist_bul.csv,— Какво?,— What?
12_bai_ganyo_the_journalist_bul.csv,"— Тя е французка дума, вий не я разбирате.","— It is a French word, you do not understand it."
12_bai_ganyo_the_journalist_bul.csv,"— Не щеме ний французки; латински, ако можеш, тури нещо, колкото за адет.","— We don't want French; put in some Latin if you can, just for the sake of custom."
12_bai_ganyo_the_journalist_bul.csv,— Да му теглим едно Tempora mutantur?...,— Shall we give it a 'Tempora mutantur'?...
12_bai_ganyo_the_journalist_bul.csv,"— Тегли му, ако си е на място. Ти, Гочоолу, на какво си мнение? — обръща се бай Ганьо.","— Go for it, if it's appropriate. What is your opinion, Gochoolu? — Bay Ganyo says, turning to him."
12_bai_ganyo_the_journalist_bul.csv,"— „Справедливост“ е хубава дума, ама чини ми се, че „Народна мъдрост“ ще бъде още по-хубава — отговаря Гочоолу.","— “Justice” is a fine word, but it seems to me that “People’s Wisdom” would be even finer — Gochoolu replies."
12_bai_ganyo_the_journalist_bul.csv,"— Не съм съгласен — обажда се Дочоолу, — туй име много попско изглежда, по-добре „Българска гордост“ да го наречем.","— I don't agree — Dochoolu spoke up — that name looks too priestly; it would be better to call it ""Bulgarian Pride."""
12_bai_ganyo_the_journalist_bul.csv,"— Ами ти, Харсъз, какво ще речеш?","— And what about you, Harsaz, what do you say?"
12_bai_ganyo_the_journalist_bul.csv,"— Аз ли? Че знам ли аз? Да му изтърсим една „Народна храброст“, па да става, каквото ще. Ще турим за отговорен редактор Саръ-Чизмели Мехмедаа, а?","— Me? How should I know? Let's just slap ""National Bravery"" on it, and let happen what may. We'll put Sari-Chizmeli Mehmed-aga as the responsible editor, eh?"
12_bai_ganyo_the_journalist_bul.csv,"— Всичко бошлаф. Да ви кажа ли аз вам? — заявява авторитетно бай Ганьо. — Нашия вестник ще кръстим или „България за нас“, или „Народно величие“. Изберете си едно от двете.",— It’s all humbug. Shall I tell you? — Bay Ganyo states authoritatively. — We’ll name our newspaper either “Bulgaria for Us” or “National Greatness.” Choose one of the two.
12_bai_ganyo_the_journalist_bul.csv,"— „Народно величие“! Съгласен! „Народно величие“! Тъй, тъй, да живей!","— “National Greatness”! Agreed! “National Greatness”! Right, right, long live it!"
12_bai_ganyo_the_journalist_bul.csv,"— Е сбогом, бай Ганьо.","— Well, farewell, Bay Ganyo."
12_bai_ganyo_the_journalist_bul.csv,— Сбогом.,— Goodbye.
12_bai_ganyo_the_journalist_bul.csv,"Гочоолу, Дочоолу и Гуньо Адвокатина излизат.","Gochoolu, Dochoolu, and Gunyo the Lawyer exit."
12_bai_ganyo_the_journalist_bul.csv,"— Ти, Данко, остани, ний с тебе ще пишем антрефилета.","— You, Danko, stay; you and I will write the entrefilets."
12_bai_ganyo_the_journalist_bul.csv,"— Добре. Заръчай сега да донесат мастика и мезе и да почнем работата. Па да не домъкнат пак кисела бамя, гледай там някое мезе по-като хората — тук вестник има да се пише, не е шега.","— Fine. Order some mastika and meze now so we can get to work. And don't let them bring that pickled okra again; see to it that the meze is more decent—we have a newspaper to write here, it's no joke."
12_bai_ganyo_the_journalist_bul.csv,"Донесоха мастика и мезе. Ама ще попита бай Манолчо, какво мезе? То не е важно, важното е, че бай Ганьо и Данко Харсъзина се запретнаха да ръководят общественото мнение.","They brought mastika and meze. But Uncle Manolcho will ask, what kind of meze? That is not important; what matters is that Bay Ganyo and Danko the Rogue rolled up their sleeves to direct public opinion."
12_bai_ganyo_the_journalist_bul.csv,"— Данко бе, нашия комшия страшно ми се пери, учен бил, честен бил и н’ам какви дивотии. Да му теглим ли един калай?","— Hey Danko, our neighbor is really putting on airs, acting like he’s so educated and honest and all that nonsense. Should we give him a piece of our mind?"
12_bai_ganyo_the_journalist_bul.csv,"— Калай не, ами със земята барабар го направваме — заявява специалистът на псувните.","— Not just a scolding, we’re going to level him with the ground — declares the master of profanity."
12_bai_ganyo_the_journalist_bul.csv,"И почва се писането... „Научаваме се, че...“ — пише бай Ганьо и излага върху един лист бяла хартия такива черни хули срещу своя съсед, за каквито не само че не се е „научавал“ някой път, но нито насън му са минавали.","And so the writing begins... ""We learn that..."" — writes Bay Ganyo, and onto a sheet of white paper he pours such black slanders against his neighbor, the likes of which he had not only never ""learned"" of, but which had never even crossed his mind in his dreams."
12_bai_ganyo_the_journalist_bul.csv,"Пише бай Ганьо, пише и зачерква, той е все недоволен от ядовитостта на своите стрели: крадец е за него нежна думица, той я зачерква и пише хайдук, но тая дума е станала обикновена, бай Ганьо добавя пладнешки и я съединява с едно фатален. Съседът, жена му, децата му, родът му — излизат под перото на бай Ганя феноменални изверги... Той чете своето произведение на Данка Харсъзина. Данко, със светнали от мастиката очи, поощрява с въодушевление майстора на антрефилетата.","Bay Ganyo writes, he writes and crosses out, forever dissatisfied with the venom of his arrows: ""thief"" is a mild word to him, he crosses it out and writes ""brigand,"" but that word has become commonplace, so Bay Ganyo adds ""broad-daylight"" and joins it with a ""fatal."" The neighbor, his wife, his children, his kin — under Bay Ganyo’s pen, they emerge as phenomenal monsters... He reads his work to Danko the Scoundrel. Danko, his eyes gleaming from the mastic, enthusiastically encourages the master of the entrefilets."
12_bai_ganyo_the_journalist_bul.csv,"— Карай, карай, карай! Блъскай, майка му стара, пред нищо недей се спира, пред нищо! Блъскаай! — гърми Данко Харсъзина, като че командува някое артилерийско сражение...","— Drive on, drive on, drive on! Ram them, damn it all, don't stop for anything, for nothing! Raaaam! — thunders Danko the Rogue, as if he were commanding an artillery battle..."
12_bai_ganyo_the_journalist_bul.csv,"— Ето, господа, как се е основал органът на бай Ганя — завършва разказа си Гедрос.","— This, gentlemen, is how Bay Ganyo's organ was founded — Gedros concludes his story."
12_bai_ganyo_the_journalist_bul.csv,Ние отворихме отново вратата на вътрешния салон и оркестърът гръмна чудния марш от Вагнеровия „Танхойзер“.,"We reopened the door to the inner salon, and the orchestra struck up the wonderful march from Wagner's ""Tannhäuser."""
12_bai_ganyo_the_journalist_bul.csv,"Прощавай, снизходителний читателю! Ти ще срещнеш в тази книжка някои цинични думи и сцени, аз не можах да ги избягна; ако ти можеш да изобразиш бай Ганя без цинизми — заповядай!","Forgive me, indulgent reader! You will encounter in this little book some cynical words and scenes; I could not avoid them; if you can portray Bay Ganyo without cynicisms — be my guest!"
12_bai_ganyo_the_journalist_bul.csv,"Прощавай и ти, бай Ганьо! Бог ми е свидетел, че винаги добри чувства са ме въодушевявали при описването на твоите истории. Ни чувство на злобно порицание, ни презрение, нито лекомислен смях не са ръководили моето перо. И аз съм чадо на своето време и известни отделни събития може би неволно са ме отклонявали от строгата обективност, но аз се старах да възпроизведа есенцията на печалната действителност. Твоите братя, вярвам, не са такива, какъвто си изобразен ти, бай Ганьо, но те са засега на втори и трети план; те едва сега почват да заявяват за своето съществуване, а пък ти, ти си налице, твоят дух лети и обгръща целия обществен строй и дава свой отпечатък и на политика, и на партии, и на печат. Аз питая в себе си вяра, че ще дойде един ден, когато ти, след като прочетеш тази книжка, ще се позамислиш, ще въздъхнеш и ще речеш: Европейци сме ний, ама все не сме дотам!...","Farewell to you too, Bay Ganyo! God is my witness that I have always been inspired by benevolent feelings while describing your stories. Neither a sense of bitter censure, nor contempt, nor frivolous laughter has guided my pen. I, too, am a child of my time, and perhaps certain individual events have involuntarily diverted me from strict objectivity, but I strove to reproduce the essence of the somber reality. Your brothers, I believe, are not as you are depicted, Bay Ganyo, but for now they remain in the background; they are only just beginning to assert their existence, whereas you—you are present, your spirit soars and encompasses the entire social order, leaving its mark on politics, on parties, and on the press. I harbor a faith within me that a day will come when you, after reading this little book, will pause to reflect, will heave a sigh, and will say: ""Europeans we are, but not quite all the way!..."""
12_bai_ganyo_the_journalist_bul.csv,"Прощавай, не е за чудо пак да се срещнем.","Farewell, it would be no wonder if we met again."
12_bai_ganyo_the_journalist_bul.csv,"София, 17 март 1895 г.","Sofia, March 17, 1895"
13_bai_ganyo_at_the_palace_bul.csv,"— Оо! Бай Ганьо, Христос возкресе! Беше ли в двореца на разговявката?","— Oh! Bay Ganyo, Christ is risen! Were you at the palace for the breaking of the fast?"
13_bai_ganyo_at_the_palace_bul.csv,"— Кой, аз ли? Ами че аз ако не бъда, кой ще бъде — отговаря ми бай Ганьо и като си засуква левия мустак, удря ми едно лукаво око, тоест: „Доде има ахмак свят, бай ти Ганьо изпуска ли келепиря.“","— Who, me? Well, if it isn't me, who's it going to be? — Bay Ganyo answers me and, as he twirls his left mustache, he gives me a sly wink, meaning: “As long as there are fools in this world, would your Bay Ganyo miss out on the profit?”"
13_bai_ganyo_at_the_palace_bul.csv,"— Е, как минахте? Беше ли весело?","— Well, how did it go? Was it fun?"
13_bai_ganyo_at_the_palace_bul.csv,"— А бе кой ти гледа весело, келепир имаше богат! Нарязах се като... таквозинака... Знайш, страстна неделя, постих, постих, издувах се с този пусти фасул, па и армея отгоре, изгладнял бях като тахтаба. В събота троха не турих в уста. Па взели, че турили разговявката в два часа през нощта... Доде стоях на черква, като че триста пиявици ми смучеха в корема. Плюйш, плюйш и плюнка не остана. Речеш да запушиш — не върви, горчи ти в устата... Казаха „Христос воскресе“ — часът дванайсет, как се чака до два часа! Казах на домашните си да идат да си отговяват самички, па влязох в „Червен рак“. Там, брате мой, пълно с хора като мене — цилиндри, еполети, ордени. И те чакат да удари два часа. Седнах до една дълга маса, гледам, няколко бекяри отговяват. Наредили оная ми ти маса със закуски, прасета, па и варненско вино отгоре — да ти прикапе на стомаха. Като погледнах само кожицата на прасенцето, щеше да ми изхвръкне акъла. Е, какво, биваше да попитам тези бекяри: „Какво ядете там бе! Прасе ли? Браво! Я... таквозинака... малко с кожичка...“ — и щяха да ми дадат хората. Ама на. Срамежлив съм си от малък... (Я си дай табакерата, ти пушиш хубав тютюн, Ивановият хич не го бива, на махорка мирише...) Замляскали ония ми ти бекяри, доядя ме да ги гледам, па си обърнах очите на друга страна. Рекох да плюя, че де слюнка! Слепили ми се червата. Помислих да си заръчам едно пиво, па възгечтисах. Затуй ли гладувах, то се казва, два дена... Уж се обърнах да не гледам онези, па те, като че нарочно, да ги вземе дявола, все дъвчат и все прасето хвалят. Идеше ми, знаеш, да стана, че да им грабна от устата туй пусто прасе... Да мога да се наведа, да си понатисна така стомаха — не се сеща толкова глада, ама не мога да се наведа. Фракът ми тесен, ще се разцъфти на гърба. Хай, да го вземе мътната! Па и яката колосана твърдо, че като ми застъргала шията като трион... Притъмня ми на очите. Излязох от Рака, запътих се къде двореца. Не иде да влезеш рано. Аз имам един гавазин приятел, хем добър приятел, даже ако питаш, малко и роднина ми се пада, ама все не уйдисва. Па и да влезеш рано, все едно, няма да ти подложат веднага трапеза. Обикалях, обикалях около портите, заболяха ме краката. Еле по едно време дррр... един пайтон, подир малко дррр... друг пайтон. Влязоха в двореца, слава богу! Позасуках си мустаките, изкашлях се и хайде подир тях. Влязох вътре, гледам, гавазите, конвоят, наредени вече. Едно бръснато момче се спусна да ми съблича палтото, аз му измъмрах едно: „Извинете, господине, гледай си там работата“, и не му дадох да ме съблича. То се засрами и отиде да съблича други. Как ще му дам да ме съблича бе, брате? Ръкавите на палтото ми, сиреч не ръкавите, ами астарът отвътре изпокъсал се като... таквоз. Нейсе. Качих се аз горе, ама преди да се кача, хвърлих едно око в долните стаи — трапезите наредени чиста работа. Събра се свят. Почакахме и тука малко и излезе княза с княгинята. Този път те по християнски бяха хасъл стопанин и стопанка. Раздадоха ни по едно яйце...","— Who cares about being merry, there was plenty of loot to be had! I’d dressed myself up like... you know... You know, Holy Week, I fasted and fasted, bloating myself with those damned beans, and sauerkraut juice on top; I was as hungry as a bedbug. On Saturday, I didn’t put a crumb in my mouth. And then they went and set the breaking of the fast for two o’clock in the morning... While I stood in church, it felt as if three hundred leeches were sucking at my stomach. You spit and spit, and not a drop of saliva is left. You try to have a smoke—it doesn’t work, your mouth tastes bitter... They said ""Christ is risen""—it was twelve o'clock, but how can you wait until two! I told my family to go and break the fast by themselves, and I went into ""The Red Lobster."" There, my brother, it was full of people like me—top hats, epaulettes, medals. And they were all waiting for two o'clock to strike. I sat down at a long table, and I saw a few bachelors breaking their fast. They had laid out that table with appetizers, suckling pigs, and Varna wine on top—enough to make your stomach weep. Just looking at the skin of the piglet, I nearly lost my mind. Well, what, I should have just asked those bachelors: ""What are you eating there, eh! Pig? Bravo! Let me... you know... a little bit of the skin...""—and the people would have given me some. But no. I’ve been shy since I was a boy... (Give me your cigarette case, you smoke good tobacco; Ivanov’s is no good at all, smells like cheap mahorka...) Those bachelors started smacking their lips, it made me sick to watch them, so I turned my eyes away. I thought of spitting, but where was the spit! My guts were stuck together. I thought of ordering a beer, but then I changed my mind. Is that why I starved for, as they say, two days... I supposedly turned away so as not to look at them, but they, as if on purpose, damn them, kept chewing and kept praising the pig. I felt like, you know, getting up and snatching that damned pig right out of their mouths... If only I could bend over to press my stomach like that—you don't feel the hunger so much—but I couldn't bend over. My tailcoat is tight, it’ll split down the back. Oh, to hell with it! And the collar is starched so hard, it started scraping my neck like a saw... My eyes went dark. I left the Lobster and headed toward the palace. It’s not proper to go in early. I have a guard friend, a good friend too, even a bit of a relative if you ask me, but it still didn't feel right. And even if you go in early, it’s all the same, they won’t set a table for you right away. I circled and circled around the gates until my legs ached. Finally, at one point, *drrr*... a carriage, a little later *drrr*... another carriage. They entered the palace, thank God! I twirled my mustache a bit, cleared my throat, and off I went after them. I went inside, I saw the guards, the convoy, already lined up. A clean-shaven boy rushed to take off my coat, I muttered to him: ""Excuse me, sir, mind your own business,"" and I didn't let him undress me. He got embarrassed and went to undress others. How could I let him undress me, brother? The sleeves of my coat—I mean not the sleeves, but the lining inside—was all torn up like... you know. Anyway. I went upstairs, but before I did, I cast an eye into the lower rooms—the tables were set, a clean job. A crowd gathered. We waited here a bit too, and then the Prince and Princess came out. This time, in a Christian way, they were the real host and hostess. They gave each of us an egg..."
13_bai_ganyo_at_the_palace_bul.csv,— Ръка целувахте ли пак?,— Did you kiss a hand again?
13_bai_ganyo_at_the_palace_bul.csv,"— Е, хелбетя... А бе аз за такваз трапеза и сто ръце би целунал. Нейсе. Мина се и туй митарство, че като се урнахме, брате мой, из стълбите надолу... Ако щеш, вярвай, ако щеш, не, аз през три стъпала се мятах, щях да се блъсна в огледалото, ама не оставих да ме превари никой. Докопах хайвера, че като задълбах лъжицата, ако е било по-малко от половин кило — грях да ми е на душата. Оная ти риба майонез, ония ми ти закуски, имената им не зная, че като зинаха ония ми ти уста... Остави се!... Ядох, ядох, тъпках... и досега се чудя как не ми се пръсна стомаха. Ами пиене... Кога съм си отишъл, как съм си отишъл — заколи ме, не помня... Уфф!... Още ме боли главата от туй пусто шампанско... Че остави това, ами като взех, че си наблъсках джебовете с пасти, па те меки, да ги вземе дявола, че като се размазаха из джеба ми... Е, хайде сбогом.","— Well, naturally... Why, for a spread like that, I’d have kissed a hundred hands. Anyway. That ordeal passed too, and when we rushed down the stairs, my friend... Believe it or not, I was leaping over three steps at a time, I nearly crashed into the mirror, but I didn't let anyone get ahead of me. I got hold of the caviar, and when I dug in with the spoon—if it was less than half a kilo, let it be a sin on my soul. That fish mayonnaise, those appetizers, I don't even know their names, and when that mouth of mine gaped open... Forget it!... I ate and ate, I stuffed myself... and I still wonder how my stomach didn't burst. And the drinking... When I left, how I left—kill me, I don't remember... Ugh!... My head still aches from that damned champagne... And never mind that, but then I went and stuffed my pockets with pastries, and they were soft, devil take them, and they got all smeared inside my pocket... Well, goodbye then."
13_bai_ganyo_at_the_palace_bul.csv,"— Сбогом, бай Ганьо.","— Farewell, Bai Ganyo."
13_bai_ganyo_at_the_palace_bul.csv,"София, 5 априлий 1895 г.","Sofia, 5 April 1895"
14_bai_ganyo_in_the_delegation_bul.csv,"Е, не можеше ли сега без него, ама де-де! Не беше ли санким съвсем достатъчно да свършат работата само официалните делегати, ами трябваше и бай Ганьо да си въвира гагата. Мигар, ония, официалните, не бяха в състояние да покажат пред външния свят какво значи българин и български патриотизъм. Ами че такива характери като човека с окладистой русской бородой, или пък оня, който е похож на французика очень бойко и плавно говорит по французски, или най-сетне известный болгарский дипломат малко ли бяха? Даже ако питате, само последният им стигаше на русите. Человекът, когото руската преса нарича болгарский дипломат, е всъщност филибелийски сапунджия. Какво значи прогресивна нация! Когато българските сапунджии минават в Русия за дипломати, представете си пък какво ще стане да се яви пред Матушката един български хасъл дипломат, а? Колкото и да си скромен, не можеш да не се гордееш! Наистина, справедливостта го изисква да признаеш, че и французите малко позаприличват на нас: техният Феликс Фор от кожарин стана президент на Републиката, па и римляните имат подобен случай: Цинцината помните ли? Но ний ще надминем и едните, и другите. Опитайте се например да се изправите насред чаршията със завързани очи: аз ви уверявам, че първият българин, когото вий хванете и попитате: „Желаеш ли да станеш български княз?“ — без да се колебае една минута, ще ти отговори утвърдително; може би само ще ти тури условие подаръците и бакшишите, които раздава, да се изплащат не от платата му, а от хазната...","Well, couldn't we have done without him now, but alas! Wasn't it, as it were, quite enough for only the official delegates to do the job, but Bai Ganyo had to stick his nose in too? As if those official ones weren't capable of showing the outside world what it means to be a Bulgarian and what Bulgarian patriotism is. Weren't characters like the man with the *full Russian beard*, or that one who *looks like a Frenchman and speaks French very briskly and fluently*, or finally, the *famous Bulgarian diplomat*, enough? If you ask me, even just the last one was enough for the Russians. The man whom the Russian press calls a *Bulgarian diplomat* is actually a soap-maker from Plovdiv. What a progressive nation! When Bulgarian soap-makers pass for diplomats in Russia, imagine what would happen if a genuine Bulgarian diplomat appeared before Mother Russia, eh? No matter how modest you are, you can't help but be proud! Indeed, justice requires you to admit that the French are a bit like us: their Felix Faure went from being a tanner to President of the Republic, and the Romans have a similar case: do you remember Cincinnatus? But we will surpass both. Try, for example, to stand in the middle of the marketplace blindfolded: I assure you that the first Bulgarian you catch and ask: ""Do you wish to become a Bulgarian prince?"" — without hesitating for a single minute, will answer you in the affirmative; perhaps he will only set a condition that the gifts and tips he gives out be paid not from his salary, but from the treasury..."
14_bai_ganyo_in_the_delegation_bul.csv,"За бай Ганя е приказката... Та това де, не можеше ли, рекох, да се мине без него? Защо трябваше и той да представлява българският народ? Ама ще речете, че той не е официален делегат. Все едно. Щом ходят да го интервюират кореспонденти от важни вестници и неговите думи като оракулско предсказание се разнасят чрез печата по целия свят — иди сетне доказвай, че чрез бай Ганьовите уста не глаголи народът български...","The talk is about Bay Ganyo... So, I said, couldn't we have done without him? Why did he, too, have to represent the Bulgarian people? But you will say that he is not an official delegate. It’s all the same. Since correspondents from important newspapers go to interview him and his words are spread through the press across the whole world like an oracular prophecy — go try and prove afterwards that the Bulgarian people do not speak through Bay Ganyo's mouth..."
14_bai_ganyo_in_the_delegation_bul.csv,"Но аз, непоправим оптимист, мисля си, че съдбата е преплела бай Ганя в тази мисия само и само за да запази депутацията своя настоящи български национален характер, защото, както щете, но окладистая русская борода, французик дипломат — не звучат български. А че бай Ганьо е държал високо и с достолепие знамето на българския патриотизъм, това ще види всякой ясно от следующото интервю. (Няма защо да поменуваме, че първият господин, облечен във фрак, който влезе в стаята на бай Ганя и пред когото бай Ганьо успя да излее своите братски чувства, беше не кореспондент, а келнер от гостинницата. Малко недоразумение, но какво да чиниш? Накипели в гърдите искрени чувства, замъглили се очите от умилителни сълзи — твърде е естествено да стане грешка.)","But I, an incorrigible optimist, believe that fate has woven Bay Ganyo into this mission for the sole purpose of ensuring the deputation retains its true Bulgarian national character; for, say what you will, a bushy Russian beard or a dapper little French diplomat do not sound Bulgarian. And that Bay Ganyo held high and with dignity the banner of Bulgarian patriotism, everyone shall see clearly from the following interview. (There is no need to mention that the first gentleman dressed in a tailcoat who entered Bay Ganyo’s room, and before whom Bay Ganyo managed to pour out his brotherly feelings, was not a correspondent, but a waiter from the hotel. A slight misunderstanding, but what can one do? Sincere feelings were seething in his breast, his eyes were clouded by touching tears—it is only natural that a mistake should occur.)"
14_bai_ganyo_in_the_delegation_bul.csv,"Влиза кореспондент. Бай Ганьо беше ли си приготвил нарязан лук, не беше ли — не зная, но мога положително да утвърдя, че очите му се просълзиха:","A correspondent enters. Whether Bay Ganyo had prepared some chopped onion or not, I do not know, but I can positively assert that his eyes welled up with tears:"
14_bai_ganyo_in_the_delegation_bul.csv,"— О-о, здрасти, братушка, здрасти. Девет години, братушка, девет! Не е ден, не са два, девет години — и заплака бай Ганьо.","— Oh, hello, brother, hello. Nine years, brother, nine! It’s not a day, it’s not two, nine years — and Bay Ganyo began to cry."
14_bai_ganyo_in_the_delegation_bul.csv,"Всеки би помислил твърде естествено, че братската среща след дълга печална раздяла препълнува с нежни чувства гърдите на бай Ганя и избитъкът на тия чувства се лее във вид на умилни сълзи; но какво беше учудването на кореспондента, когато видя, че моментално лицето на събеседника му се проясни, и чу от устата му следующите думи, изказани като че крадешком, с едно подмигване:","Anyone would naturally think that a brotherly meeting after a long, sorrowful separation would fill Bay Ganyo’s breast with tender emotions, and that the overflow of these feelings would pour forth in the form of touching tears; but how great was the correspondent’s astonishment when he saw his companion’s face instantly clear, and heard from his lips the following words, spoken as if stealthily, with a wink:"
14_bai_ganyo_in_the_delegation_bul.csv,"— Ама да знайш какъв венец сме яптърдисали, здраве му кажи — чиста работа! Не тъй бакър, сребро — ами чисто злато. И знайш ли колко струва? Как ти мислиш, братушка?... На мен да поднесат русите например, санким де, такъв венец, и краката им ще цалувам — какво хортуваш, не е шега, злато! Хем чисто злато, не така...","— But you should know what a wreath we’ve had made, it’s a marvel—top-notch! Not just copper or silver—but pure gold. And do you know how much it costs? What do you think, my friend?... If the Russians were to present me, for instance, so to speak, with such a wreath, I’d kiss their feet—what are you talking about, it’s no joke, gold! And pure gold, mind you, not just..."
14_bai_ganyo_in_the_delegation_bul.csv,"— Ами у вас там движение някакво македонско се начнало — отклонява разговора кореспондентът. — Намирате ли, че това движение е своевременно?","— Well, in your parts, some sort of Macedonian movement has begun — the correspondent diverted the conversation. — Do you find this movement to be timely?"
14_bai_ganyo_in_the_delegation_bul.csv,"— Движение ли? Какво движение?! — учудва се бай Ганьо, като че за пръв път чува за таквоз нещо. — Я недей се кахъри! Никакво движение няма... Чапкънска работа! Хайдучаги! Хич за въстание време ли е сега? И какво искат тия хаймани — не мога да разбера. Твоя милост, знайш ли какво? Не зная дали знайш — има един ферман от 1870 година за шестима владици в Македония — трима са дали, още трима ще дадат, па ще си седнат всички на задника! Това им е зора!","— A movement? What movement?! — Bay Ganyo wondered, as if hearing about such a thing for the first time. — Don't you go worrying! There is no movement... Scoundrel business! Brigands! Is it even time for an uprising now? And what those vagabonds want — I can't for the life of me understand. Your Honor, do you know what? I don't know if you know — there is a firman from 1870 for six bishops in Macedonia — they've given three, they'll give three more, and then they'll all sit on their asses! That's what all the fuss is about!"
14_bai_ganyo_in_the_delegation_bul.csv,— Ами Берлинския договор?,— And what about the Treaty of Berlin?
14_bai_ganyo_in_the_delegation_bul.csv,— А бе я ги запуши тез... За друго да си приказваме. Я ми кажи ти мене Драгана Цанкова познаваш ли?,"— Oh, cut that out... Let's talk about something else. Tell me, do you know Dragan Tsankov?"
14_bai_ganyo_in_the_delegation_bul.csv,"— Да, мисля, че доста добре го познавам.","— Yes, I think I know him quite well."
14_bai_ganyo_in_the_delegation_bul.csv,— Е? — и бай Ганьо усили въпроса с едно двусмислено шаване на пръстите си. — Как ти се види тоз чиляк?,— Well? — and Bay Ganyo emphasized the question with an ambiguous wiggling of his fingers. — How does this fellow look to you?
14_bai_ganyo_in_the_delegation_bul.csv,"— Мисля, че е един добър патриот.",— I think he is a good patriot.
14_bai_ganyo_in_the_delegation_bul.csv,"Бай Ганьо се засмя неестествено и си заклати главата: — Па-три-от ли? Е-хе-е, да го зна-еш каква ми е сто-ка! Че той помислил ли е един ден за свойто отечество. Той гледа да настани само себе си и зетя си. Такъв си е от малък, нали го зная. За патриоти ако питаш, ний сме хасъл патриоти. Хубаво ме гледай! На мене не двесте — сто и петдесет рубли ми вържете на месец, че да видиш ти какво прави бай ти Ганьо... Че как ме хесапиш, твоя милост! Туй не е Абисиния...","Bay Ganyo laughed unnaturally and shook his head:
— A pa-tri-ot, is he? Heh-heh, if you only knew what a piece of work he is! Has he ever spared a single day’s thought for his fatherland? He only looks to feather his own nest and his son-in-law’s. He’s been that way since he was a boy, don’t I know him. If it’s patriots you’re asking for, we’re the real deal patriots. Take a good look at me! Don’t give me two hundred—just fix me up with a hundred and fifty rubles a month, and then you’ll see what your old Bay Ganyo can do... How do you reckon me, your honor! This isn’t Abyssinia..."
14_bai_ganyo_in_the_delegation_bul.csv,"— Обядвали ли сте, господин Балкански?","— Have you had lunch, Mr. Balkanski?"
14_bai_ganyo_in_the_delegation_bul.csv,"— Защо питаш? Да не ме поканиш я на обед, я?... Аз приемам. Славяне не сме ли?","— Why do you ask? Are you going to invite me to lunch, perhaps?... I accept. Aren't we Slavs?"
14_bai_ganyo_in_the_delegation_bul.csv,Интервюто се прекъсна.,The interview was interrupted.
14_bai_ganyo_in_the_delegation_bul.csv,"София, 1 юли 1895 год.","Sofia, July 1, 1895."
15_bai_ganyo_in_the_opposition_bul.csv,"Господине редакторе,","Dear Editor,"
15_bai_ganyo_in_the_opposition_bul.csv,"Един господин, като ме знае, че съм приятел с   о н о г о в а,   дето събира материали за бай Ганя, предаде ми приложеното тук писмо, да му го връча. Това писмо е толкова оригинално и характеристично, щото не ще бъде зле да го напечатате във в. Знаме като подлистник Как е попаднало писмото в ръцете на господина — не ми е известно.","A gentleman, knowing that I am a friend of *t h a t  o n e* who collects materials about Bai Ganyo, handed me the letter attached here to deliver to him. This letter is so original and characteristic that it would not be amiss to print it in the *Zname* newspaper as a feuilleton. How the letter came into the gentleman's hands is unknown to me."
15_bai_ganyo_in_the_opposition_bul.csv,"София, 30 октомврий 1895 г.","Sofia, October 30, 1895"
15_bai_ganyo_in_the_opposition_bul.csv,Щастливец,Lucky person
15_bai_ganyo_in_the_opposition_bul.csv,До господина редактора на в. „Не му е времето“.,"To the Editor of the newspaper ""It's Not the Time""."
15_bai_ganyo_in_the_opposition_bul.csv,"А бе, кьорпе, защо си ме набедил във вестник „Не му е времето“, че съм бил уж опозиция, а? Толкова ли ти стига ума? Хич бай ти Ганьо опозиция става ли бе, момче? Или ти какво си рекъл: чакай да сме по-малко, че да делим по-множко. Не си прост ти, знам те аз тебе. Ама пак си прост, да ти кажа правичката. Сиреч, не си прост, ами малко аджамия падаш. За тия работи ти бачка си питай. Ти вчера, казва се, докопа кокала, а бачо ти от девет годинки насам го е заглозгал и няма ниет да го изпуща докрай време. Па знайш ли, момче, да ти кажа чистичката: има и за тебе, има и за мене. На родната да е жива. Аз като идех още за София, като депутация да молим онзи обесник да не си дава оставката, още тогава — помниш ли, на Враждебските ханчета? — още тогава разбрах, че не си е келепир да бъдеш опозиция. Ама, ще речеш, защо? Защо ли? Твърде просто: защото ще стоиш зад метлата, а хората ще си плетат кошничката. И какви хора! Все отбор-отбор юнаци, все учени, изпраксани. Напрежните наши бяха хептен дива работа. Крадяха гьоз-гьоре, насила, аджамийски, па си позволяваха и чапкънлъци, докундисваха на честта кое жени, кое моми, кое... А, момче, тъй ли е? И най-сетне влетяха с двата крака в капана. Виж, днешните наши не са тъй. За чапкънлък няма ги. Тоест — как да ти кажа — не че ги няма, ами кой ще се качи по Джендемтепе, по Небеттепе, кой ще ръшне по хамамите да разпитва какво е ставало. Па и кому влиза в работа. А колкото за алъш-вериш, бива си ги. Правото — право! Хем тъй си подкараха работата, щото, срам не срам,ще ти се призная, брате, и аз се слисах. Ашколсун, кьопоолар! Гледай какво нещо било туй науката. С таквиз хора да имаш работа — разбирам. Напрежните наши бяха я подкарали на акънтия, бре трепаха, бре бесиха, бре стреляха, съсипали бяха орталъка. И защо? — За вятъра. А днес видиш ли? Само по изборите не ти дават да шавнеш, а за друго — свобода! Викай, попържай, давай си зор, колкото щеш — никой нищо не ти казва. И защо ще бутат опозицията — тя нека си дига гюрултия, кой я слуша. Нашите си сучат мустака, па им се подсмиват. Властта в ръцете им — не искат да знаят. И сега, когато толкова железници ще се правят, толкова дружества ще се калъпят, толкова пристанища ще се строят, ти тамам сега си му намерил времето да ме набедяваш, че съм бил уж опозиция. Недей прави тъй бе, братко. Дотам ли ти беше достлука? Завиждаш ли ми, или какво? Че санким ти по-малко ли кьораво си ударил от мене. Я си направи сметката, ти от колко места получаваш. А пък аз — какво? Гледам си търговийката, и туйто. Па най-сетне нали знаеш, че тия работи със съгласие стават. Ако ми помогнеш да вляза и аз в някое предприятие по-тлъстичко, мигар мислиш, че няма да ти се отсрамя? Зная си аз как му е реда. Па не стига другото, ами си взел, дяволе, че си извъртял писмото тъй, щото, като го чете челяк, ще помисли даже, че съм против Особата. Аз ли? За толкова ли верен човек ме имаш ти мене? Нали си дадохме уж дума, че не му е времето. Разбирам да не беше властта в ръцете ни, да подсмърчахме отстрана — тогава хелбетя ще ти причерней и ще караш наред, с Особата барабар. Ама сега, когато сме допипали кокала с две ръце и когато тамам му е времето да се осигурим за стари години, да взема аз да кажа някоя права дума за Особата? Не е ахмак бай ти Ганьо, той знае кога му е времето да се вика „да живей“! Едно да живей — хоп едно предприятие. Па когато му дойде времето — знаем и башка тюрлия да викаме. Тъй върви света. Ако не друго, барем тая философия сме я проумяли до дъно, пущината.","Listen here, you greenhorn, why did you frame me in the *Now is Not the Time* newspaper, claiming I was supposedly in the opposition, eh? Is that all the brain you’ve got? Does your Uncle Ganyo look like the type to join the opposition, boy? Or did you say to yourself: let’s keep the circle small so we can split the loot larger? You’re not stupid, I know you. But you’re still a fool, to tell you the truth. That is, you’re not stupid, just a bit of a novice. You should ask your elder brother about these things. You just grabbed the bone yesterday, so to speak, but your elder brother has been gnawing on it for nine years now and has no intention of letting go until the very end. And you know what, boy, let me tell you straight: there’s enough for you, and there’s enough for me. Long live the motherland! Even back when I was heading to Sofia as part of the delegation to beg that scoundrel not to resign—remember then, at the Vrazhdebna inns?—even then I realized there’s no profit in being in the opposition. But you’ll ask, why? Why indeed? It’s quite simple: because you’ll be left behind the broom while others feather their nests. And what people! A choice lot of heroes, all educated, all refined. Our predecessors were a completely wild bunch. They stole openly, by force, like amateurs, and they even allowed themselves debaucheries, offending the honor of wives, of girls, of... Eh, boy, isn't it so? And in the end, they walked right into the trap with both feet. But look, our people today aren't like that. They don't go in for debauchery. That is—how should I put it—it’s not that they don't do it, but who’s going to climb up Djendem Tepe or Nebet Tepe, who’s going to rummage through the hammams to ask what happened? And besides, whose business is it? But as for business dealings, they’re top-notch. Credit where credit is due! They’ve set things up so well that, shame or no shame, I’ll admit it to you, brother, even I was stunned. Bravo, you rascals! See what a thing this ""science"" is. Dealing with people like that—now that I understand. Our predecessors ran things with violence; they beat people, they hanged them, they shot them, they ruined everything. And for what? For nothing. But today, do you see? Only during elections they don't let you budge, but for everything else—freedom! Shout, curse, strain yourself as much as you like—no one says a word. And why should they bother the opposition—let it make its noise, who’s listening? Our people just twirl their mustaches and smirk at them. The power is in their hands—they couldn't care less. And now, when so many railways are to be built, so many companies to be fashioned, so many ports to be constructed, you’ve picked exactly this time to frame me as being in the opposition. Don’t do that, brother. Is that all your friendship was worth? Are you jealous of me, or what? As if you’ve hit fewer windfalls than I have. Just do the math—how many places are you getting paid from? And me—what? I’m just looking after my little trade, and that’s it. And finally, you know these things happen by mutual consent. If you help me get into some fat enterprise, do you really think I won’t show my gratitude? I know how things are done. And as if that wasn't enough, you devil, you’ve twisted the letter so that anyone reading it would think I’m even against the Personage. Me? Is that how loyal you think I am? Didn't we give our word that ""now is not the time""? I’d understand if the power wasn't in our hands, if we were sniffing from the sidelines—then, naturally, you’d see red and go after everyone, the Personage included. But now, when we’ve grabbed the bone with both hands and when it’s exactly the right time to secure ourselves for our old age, should I go and say some ""truthful"" word about the Personage? Your Uncle Ganyo is no fool; he knows when it’s time to shout ""Long live!"" One ""Long live""—and hop, one enterprise. And when the time comes—we know how to shout a different tune, too. That’s how the world goes. If nothing else, we’ve understood that philosophy to its very bottom, damn it."
15_bai_ganyo_in_the_opposition_bul.csv,"Момче бе, нашите дали не са я попрекалили с ломчаните? Чувам: ранени, убити! Брей, да си опичаме ума, зере... на оногова ръцете отрязаха, да не би да му дойде времето наопаки...","Boy, haven't our people gone too far with the folk from Lom? I hear: wounded, killed! My, we’d better keep our wits about us, for... they cut off that man's hands, lest his luck turns against him..."
15_bai_ganyo_in_the_opposition_bul.csv,Хайде стига засега. Да живей Негово Царско Височество!,That's enough for now. Long live His Royal Highness!
15_bai_ganyo_in_the_opposition_bul.csv,"Виждаш ли как викам да живей, пък ти си взел да казваш, че съм бил против. Завиждаш ми, да те вземе дявола. Знайш си ти, че ако вземем да се надвикваме, не се знай кой кого ще надвика. Па и за почитание ако дойде думата, аз пак не се давам. Ти ще цалунеш ръка, аз — двете ръце; ти ще цалунеш скута, аз — краката; ти ще цалунеш на друго място, аз — на още по-друго място. Че ти с мен ли ще се надпреваряш бе, кьорпе?","Do you see how I'm shouting ""long live,"" yet you've taken to saying I was against it. You're envious of me, devil take you! You know well enough that if we start out-shouting each other, it's anyone's guess who will out-shout whom. And if it comes to showing respect, I won't be outdone there either. You'll kiss a hand, I'll kiss both hands; you'll kiss the hem, I'll kiss the feet; you'll kiss one spot, I'll kiss an even more... ""other"" spot. You think you can compete with me, you greenhorn?"
15_bai_ganyo_in_the_opposition_bul.csv,Ганьо Балкански,Ganyo Balkanski
16_the_temperance_society_bul.csv,"Таки Бираджията още спеше, макар че слънчевите лъчи отдавна бяха пронизали замъглените от нечистота прозорци на неговата душна стаица; лъчите осветиха постепенно нозете му, пропълзяха към благоутробието му, лъснаха засъхналата и напукана от вътрешния огън долна устна, устремиха се в отворените му уста и проникнаха до гърлото, от което се къртеха вълните на едно смущающе ухото хъркане. Тъкмо в туй време пощенският раздавач почука трикратно на вратата. Но Такевото ухо разбира ли ти от такива нежни сигнали. Да беше делник - иди-доди, ами то се случило празник. Насрещу празник, вие знаете, човек се поотпуща повечко: с тогоз се чукне, с оногоз се чукне, па току виж, че се поначукал. И с бай Таки се случи същото: той от желание да препоръча бирата си беше се коджа понаквасил. Думата ми е санким, да не ви е чудно, че пощенският раздавач повтори почукването на вратата, па като не се обади никой, той нанесе такива бездушни удари върху нищо невиновната врата, щото, ако би цял казан бира да бе посетила стомаха на бай Такя, той пак щеше да се събуди. И се събуди. Отвори си очите, замижа срещу слънцето и с един глас, достоен за гърлото, от което излезе, той попита: — Кой там? — Поща - отговори раздавачът, влезе в стаята, прекрачи до леглото, подаде едно писмо и побърза да се избави от задушената атмосфера на непроветрената спалня. Бай Таки се поизкашля, както си му е реда, поотри си очите и разгърна писмото. Покана!","Take the Brewer was still asleep, even though the sunbeams had long since pierced the grime-clouded windows of his stifling little room; the rays gradually illuminated his feet, crawled toward his paunch, glistened on his lower lip—dried and cracked by internal fire—rushed into his open mouth, and reached down to his throat, from which waves of an ear-splitting snoring erupted. Just then, the postman knocked thrice on the door. But what did Take’s ear care for such gentle signals? Had it been a weekday, it might have been one thing, but as it happened, it was a holiday. On the eve of a holiday, as you know, a man lets himself go a bit more: a toast with this one, a toast with that one, and before you know it, he’s quite soused. And the same had happened to old Take: out of a desire to promote his beer, he had gotten himself quite well-soaked. What I mean to say is, don't be surprised that the postman repeated his knocking, and when no one answered, he delivered such heartless blows upon the innocent door that even if a whole vat of beer had visited old Take’s stomach, he would have woken up regardless. And wake up he did. He opened his eyes, squinted against the sun, and in a voice worthy of the throat from which it issued, he asked:

— Who’s there?

— Post — the postman replied, entering the room; he stepped over to the bed, handed over a letter, and hurried to escape the stifling atmosphere of the unventilated bedroom. Old Take cleared his throat, as is only proper, rubbed his eyes, and unfolded the letter. An invitation!"
16_the_temperance_society_bul.csv,"„Почитаемий Господине, умолявате се да заповядате утре, неделя, в 5 часа след пладне, в склада „Сухиндолски вина“, гдето ще се обсъжда въпроса за основаването на едно въздържателно дружество.","""Honored Sir, you are requested to attend tomorrow, Sunday, at 5 o'clock in the afternoon, at the 'Suhindol Wines' warehouse, where the matter of founding a temperance society will be discussed."""
16_the_temperance_society_bul.csv,"С почитание: За инициаторите Танас Дочоолу, кръчмар“","Respectfully: For the initiators, Tanas Dochoolu, innkeeper"
16_the_temperance_society_bul.csv,"Боже мой! Колко навреме се получи тази покана. За съхналото гърло и попуканите устни на бай Такя бяха в този момент такива агитатори в полза на въздържанието, щото той с възторг усвои благородната идея и оставаше само да настъпи петият час след пладне, за да се обяви най-горещ защитник на въздържанието. През деня бай Таки пи вода. (Криво да стоим, право да говорим - изпи си той две чашки винце, ама то тъй се казва.) Пет часа ударил-неударил, бай Таки прекрачи прага на обширния склад „Сухиндолски вина“.","My God! How timely that invitation arrived. For Bai Taki’s parched throat and cracked lips were at that moment such agitators in favor of abstinence that he enthusiastically embraced the noble idea, and it only remained for the fifth hour after noon to arrive for him to declare himself the most ardent defender of temperance. During the day, Bai Taki drank water. (Truth be told—he did drink two small glasses of wine, but that’s just a manner of speaking.) Whether five o’clock had struck or not, Bai Taki crossed the threshold of the vast ""Suhindol Wines"" warehouse."
16_the_temperance_society_bul.csv,"— Тук ли е бай Танас? - попита той момчето, което стърчеше зад тезгяха.",— Is Bai Tanas here? — he asked the boy standing behind the counter.
16_the_temperance_society_bul.csv,"— Заповядайте, тука са, в стаичката - отговори почтително момчето и пристъпи, та му отвори вратицата.","— Please, they are here, in the little room — the boy answered respectfully and stepped forward to open the door for him."
16_the_temperance_society_bul.csv,"Стопанинът, Танас Дочоолу, посрещна любезно своя събрат и го покани да заеме място. Солидно и мълчаливо седяха покрай стените няколко граждани, които ги въодушевяваше и привличаше тук благородната идея на бъдещото дружество. Бай Таки поздрави всичките и пак се възстанови тишина, нарушавана само от скромни покашляния. Виждаше се явно, че събравшите се очакват някое лице, без което не се решаваха да отворят заседанието. Не се мина много време, външните врата се отвориха. Дочоолу се спусна да види дали не ще иде желаният гост, но веднага се върна с недоволен вид. В стаята се изтърси съвсем неочаквано Данко Харсъзина. „Ударихме кьоравото!“ - пошепна бай Танас на бай Такя. То се види, че не това бе очакваното лице. Данко отвори уста да каже нещо - Данковият разговор какъв ще бъде: да напсува някого; но никой не изяви охота да го слуша и той млъкна. Минаха още няколко минути и (слава богу!) момчето се втурна стремглаво в стаята и извика като уплашено: „Иде! Иде!“","The host, Tanas Dochoolu, kindly welcomed his fellow and invited him to take a seat. Several citizens sat solidly and silently along the walls, inspired and drawn there by the noble idea of the future association. Bai Taki greeted everyone, and silence fell once more, broken only by modest coughing. It was clearly evident that those gathered were waiting for a certain person, without whom they did not dare to open the meeting. Before long, the outer door opened. Dochoolu rushed to see if the desired guest was arriving, but returned immediately with a dissatisfied look. Danko the Scoundrel burst into the room quite unexpectedly. ""Just our luck!"" whispered Bai Tanas to Bai Taki. It was clear that this was not the person they were expecting. Danko opened his mouth to say something—and one can imagine what Danko’s talk would be: to curse someone—but no one showed any desire to listen to him, and he fell silent. A few more minutes passed and (thank God!) the boy rushed headlong into the room and cried out as if frightened: ""He’s coming! He’s coming!"""
16_the_temperance_society_bul.csv,"Всички наставаха. Външните врата се отвориха и на прага се показа във всичкото си величие, в оригинал, общият наш приятел бай Ганьо Балкански.","Everyone rose. The outer doors opened and on the threshold appeared in all his majesty, in the original, our mutual friend Bay Ganyo Balkanski."
16_the_temperance_society_bul.csv,"— О-о! Да живей! - извика въодушевено многоочакваният гост, без да определи кое „да живей“, но и без пояснение всички разбраха, че това се отнася до бъдещото дружество.","— Oh! Long live! — the long-awaited guest cried out enthusiastically, without specifying what was to ""long live,"" but even without explanation everyone understood that this referred to the future association."
16_the_temperance_society_bul.csv,"— Да живей! - отзова се събраната група и почнаха да се изреждат да стискат ръка на бай Ганя. Данко Харсъзина, винаги по-малко деликатен, позволи си (представете си!) да потупа бай Ганя по врата, но господин Балкански го стрелна така с очите си, щото Данко си сви опашката и се сгуши в едно кьоше. „Не му вържи кусур, бай Ганьо - пошепна стопанинът, - нали го знаеш. Данко си е все Данко - сарахошин.“","— “Long live!” the assembled group responded, and they began taking turns shaking Bay Ganyo’s hand. Danko the Scoundrel, always less than delicate, took the liberty (imagine that!) of slapping Bay Ganyo on the neck, but Mr. Balkanski shot him such a look that Danko tucked his tail and huddled in a corner. “Don’t hold it against him, Bay Ganyo,” the host whispered, “you know how he is. Danko is just Danko—a drunkard.”"
16_the_temperance_society_bul.csv,"Отвори се заседанието. Ех, господа, де да сте имали щастието да попаднете в това събрание! Като зинаха ония ми ти бай Ганьови уста, че то човек ли говори, славей ли пей... Той ли няма да те убеди, бай Ганьо ли? А бе не за дружество, ами може да те убеди да повярваш, че твой баща е Мусала и Витоша е твоя майка... Остави се. Убедиха се всички, че тамам сега му е времето да се основе въздържателно дружество; само Данко Харсъзина - да се чудиш и маеш - цял Тома Неверний. Бре и тъй говориха, и инак говориха - йок, той си седи в кьошето и току се подсмива под мустак и пуща по някоя скептическа думица. „Време е вече да... таквозинака - ораторствува Дочоолу, - да основем... туйканака... разбираш ли, едно дружество...“ А Данко пуща едно „нейсе“. „Пиянството, почитаеми господа - нанизва бай Таки, - се отразява зле на работата ни, на здравето ни, на поколението...“ „Бошлаф!“ - шепне Данко и се подсмива под мустак. Но и без петел съмва! Няма сега за един Данко да напуснем възвишената идея. Оставиха Данка да си суче мустака и се заеха с конституиране на дружеството. Решиха да кръстят дружеството „Въздържание“, да помолят даскала да им напише един устав. Даскалът, ще не ще, трябва да напише устава, защото, ако питате, той пръв пусна фитиля за това дружество. Засега инициаторите се ограничиха да изберат, както се практикува от памтивека, едно настоятелство. Избраха: бай Ганьо, разбира се, председател, Танас Дочоолу, като хазяин, подпредседател, а бай Таки - касиер. Готово! Де се е чуло-видяло избор да стане, че да няма черпня. Не може. Така си е било, така си е и тъй ще отиде. Подпредседателят, като стопанин, пръв се отсрами - повика момчето и му пошепна: „От старото две кила скоро!“ Донесоха виното. Че вино, вино ли е туй, сухиндолското - кристал, да го вземе дявола!...","The meeting opened. Ah, gentlemen, if only you had the good fortune to find yourselves in that assembly! When those lips of Bai Ganyo’s gaped open—was it a man speaking, or a nightingale singing... Who else could convince you, if not Bai Ganyo? Why, not just for a society, he could convince you to believe that Musala is your father and Vitosha is your mother... Don't even get me started. Everyone was convinced that now was exactly the right time to found a temperance society; only Danko the Scoundrel—to one's utter amazement—was a regular Doubting Thomas. Well, they talked this way and that—no use, he just sat in the corner, smirking under his mustache and dropping the occasional skeptical word. ""It is high time to... what-d'ye-call-it,"" Dochoolu orated, ""to found... this-here-thing... you understand, a society..."" But Danko just let out a ""never mind."" ""Drunkenness, honorable gentlemen,"" Bai Taki chimed in, ""reflects poorly on our work, our health, our posterity..."" ""Hogwash!"" whispered Danko, smirking under his mustache. But the sun rises even without a rooster! We aren't about to abandon such a sublime idea just because of one Danko. They left Danko to twirl his mustache and set about constituting the society. They decided to name the society ""Temperance"" and to ask the schoolmaster to write them a charter. The schoolmaster, willy-nilly, had to write the charter because, truth be told, he was the one who first lit the fuse for this society. For the time being, the initiators limited themselves to electing, as has been the custom since time immemorial, a board of directors. They elected: Bai Ganyo, of course, as chairman; Tanas Dochoolu, as the host, as vice-chairman; and Bai Taki as treasurer. Done! Where has it ever been heard or seen for an election to take place without a round of drinks? It simply isn't done. That’s how it’s always been, how it is, and how it shall remain. The vice-chairman, as the host, was the first to do the honors—he called the boy and whispered to him: ""Two kilos of the old stuff, and make it quick!"" They brought the wine. And what wine! Is that even wine, that Sukhindol stuff—crystal clear, damn it all!..."
16_the_temperance_society_bul.csv,"— Е, ха наздраве, да е хайрлия!","— Well, cheers, may it be for the best!"
16_the_temperance_society_bul.csv,"— Да живей председателя, ура!","— Long live the chairman, hurrah!"
16_the_temperance_society_bul.csv,"— Благодаря, да живей Негово Царско Височество и почитаемото правителство!","— Thank you, long live His Royal Highness and the honorable government!"
16_the_temperance_society_bul.csv,— Ураа!,— Hooray!
16_the_temperance_society_bul.csv,— Долу пиянството!...,— Down with drunkenness!...
16_the_temperance_society_bul.csv,Отсрами се и бай Ганьо. Отсрами се и бай Таки. И повториха... и потретиха... и тъй нататък до настъпването на нощта...,Bay Ganyo did his part too. Bay Taki did his part too. And they repeated... and did it a third time... and so on until nightfall...
16_the_temperance_society_bul.csv,"Беше вече тъмно, когато аз вървях с другаря си по улица „Чиста работа“. Като минувахме покрай склада Сухиндолски вина, един необикновен шум, изходящ отвътре, обърна нашето внимание и възбуди любопитството ни. Влязохме в склада и през прозорчето на вътрешната стая ето каква картина лъсна пред нас: повечето от събраните хъркаха, натъркаляни без ред по столовете, бай Таки, кръстосал ръце върху благоутробието си, сумтеше тежко с увиснала глава и полуотворени очи; един тънък, дълъг господин, с изтъркан сюртук и със сини очила, обръщаше се към всичките посоки и викаше в пространството: „Аз съм против машините, кой каквото ще да казва, но аз съм против машините.“ Дочоолу седеше при масата, момчето му държеше свещ и той записваше с трепетна ръка сметката в тефтера. Бай Ганю удряше с всичката си сила по масата и с озверен поглед крещеше: „Аз ли? Аз ще им докажа, аз ще им дам да разберат кой е бай ти Ганьо...“ А Данко Харсъзина, въодушевен от този енергичен тон, беше се оцъклил срещу бай Ганя и като че го питаше с очи: „Я кажи бе, бай Ганьо, кажи бе, брате, кого да хвана за гушата, кого да изритам из вратата навън?...""","It was already dark when I was walking with my companion along ""Chista Rabota"" Street. As we passed the Suhindol Wines warehouse, an unusual noise coming from within caught our attention and piqued our curiosity. We entered the warehouse, and through the small window of the inner room, this is the scene that unfolded before us: most of those gathered were snoring, sprawled haphazardly across the chairs; Bai Taki, arms crossed over his ample belly, was wheezing heavily with his head slumped and eyes half-open; a tall, thin gentleman in a threadbare frock coat and blue spectacles was turning in every direction, shouting into the void: ""I am against machines; let them say what they will, but I am against machines."" Dochoolu sat at the table while his boy held a candle, and with a trembling hand, he recorded the account in his ledger. Bai Ganyo was pounding the table with all his might, shouting with a feral look in his eyes: ""Me? I’ll show them; I’ll let them know just who your Bai Ganyo is..."" And Danko Harsizina, inspired by this energetic tone, was staring wide-eyed at Bai Ganyo, as if asking him with his eyes: ""Just say the word, Bai Ganyo, tell me, brother—who should I grab by the throat, who should I kick out through the door?..."""
16_the_temperance_society_bul.csv,Момчето излезе със свещта.,The boy went out with the candle.
16_the_temperance_society_bul.csv,"— Момче бе, каква е тази компания? - попита другарят ми.","— Man, what kind of crowd is this? - my friend asked."
16_the_temperance_society_bul.csv,— Дружество против пиянството - отговори момчето.,— Anti-drunkenness society - the boy replied.
16_the_temperance_society_bul.csv,"Ако съществуваха премии за най-безгрижен смях до захласване, то аз и моят другар щяхме да получим в този момент първа премия.","If there were prizes for the most carefree, rapturous laughter, then my companion and I would have received first prize at that moment."
16_the_temperance_society_bul.csv,"София, 12 май 1895 г.","Sofia, May 12, 1895"
17_letter_from_bai_ganyo_to_konstantin_velichkov_bul.csv,Бай Величков!,Uncle Velichkov!
17_letter_from_bai_ganyo_to_konstantin_velichkov_bul.csv,"Аферим бе, бай Величков! Виж, тъй те харесвам. Защо да мамим младото поколение, нека си открием картите. Идеали! Бошлаф! Личното наше земно доволство - ето идеала, който трябва да преследваме. Аз се радвам, че ти постигна вече тази истина. И заслужава ли този подъл народ да се трепим за него! Доде бяхме по-млади, иди-дойди; ами сега - станали сме по на четирийсет лазарника хора, трябва да помислим вече за себе си. Аман от сухоежбина! Хеле пък ти, завалия, хептен се измъчи из тия стамболски сокаци, из тия италиански... това не беше ли цял подвиг? Като видя, че се разбесня Стамболов, ти взе, че си обра крушите от България, заряза тия роби, нека си плуят в робството. Те са научени. Ти не си научен да теглиш и като всеки кавалер постара се да офейкаш. Какво не ти пати главата в това пусто Халки - и за цярове по някой път не ти стигаха пари. Бобчев и Маджаров се умълчаваха. Стига вече подвизи. Па знаеш ли какво - я вземи, че зарежи и твоята пуста поезия. То бива, ама когато в кесията вятър вее, а пък сега, слава богу, понаредихме се. Те ще почнат сега, разни хлапетии, разни социалистчета, идеалистчета, да те джавкат, ама хич окото да ти не мига! Прави си оглушки, па си гледай кефа, па хем си гледай кефа, хем им се подсмивай на акъла. То се знай. Те защо ще те джавкат? Мигар за някоя твоя измяна, за измама, от разочарование? Йоо! От завист? Разбира се! Без съмнение! Без съмнение от завист! И то защо? Просто затуй, че техните кости смазаха, техните гърла се драха, а пък ти (страшен си дявол, да те вземе мътната!) току се изтърси наготово на най-топлото място. Е, видя ли сега! Кандиса ли? Не ти ли казвах аз тебе, че на тоз свят най-хубавото нещо е да ти е топличко? Туй борба обществена, идеали и не знам какви глупости - всичкото е бошлаф! Ето сега, като си подложиш на края на месеца торбичката, че като ти наринат хиляда и петстотин левчаги... Хубаво нещо, дявол да го вземе! Дръж се сега! Докопа ли кокала - дръж! Хич недей му мисли от чия кожа се дерат тия левчаги... Тупай брашнения чувал, майка му стара! Тупай! Той пуща...","Bravo, Bai Velichkov! See, I like you this way. Why should we deceive the younger generation? Let’s lay our cards on the table. Ideals! Hogwash! Our own personal earthly contentment—that is the ideal we should pursue. I am glad you have finally reached this truth. And does this vile common folk deserve us killing ourselves for them! While we were younger, it was one thing; but now—we’ve become men of forty years, it’s time to think of ourselves. Enough of this scraping by! Especially you, poor soul, you really suffered through those Istanbul alleys, those Italian ones... wasn't that a whole feat? When you saw Stambolov going on a rampage, you just up and cleared out of Bulgaria, left those slaves behind—let them wallow in their slavery. They’re used to it. You aren’t used to suffering, and like any gentleman, you made sure to bolt. What didn't you endure in that godforsaken Halki—sometimes you didn't even have enough money for medicine. Bobchev and Madzharov kept their mouths shut. Enough with the heroics. And you know what—why don't you just drop your godforsaken poetry too. It’s all well and good, but only when the wind isn't whistling through your purse; but now, thank God, we’ve settled in. 

Now all sorts of brats, little socialists, little idealists, they’ll start yapping at you, but don't you even blink! Turn a deaf ear and just enjoy yourself; and while you're enjoying yourself, laugh at their lack of sense. It’s obvious. Why will they yap at you? Is it for some betrayal of yours, for some deception, out of disappointment? No! Out of envy? Of course! Without a doubt! Without a doubt, out of envy! And why? Simply because their bones were crushed, their throats were torn raw, while you (you’re a clever devil, damn you!) just plopped yourself down into the warmest spot, all ready-made. Well, do you see now? Have you come around? Didn't I tell you that in this world, the best thing is to be warm and cozy? This social struggle, ideals, and I don't know what other nonsense—it's all hogwash! Now, when you hold out your little bag at the end of the month and they shovel fifteen hundred big levs into it... A fine thing, damn it! Hold on tight now! Once you’ve grabbed the bone—hold on! Don't you give a thought to whose skin those levs are being flayed from... Beat the flour sack, damn it all! Beat it! It keeps giving..."
17_letter_from_bai_ganyo_to_konstantin_velichkov_bul.csv,"Ама ти можеш да се чудиш защо ти пиша това писмо. Пиша ти го, за да те похваля за онзиденшната ти реч в Народното събрание. Браво бе, Кочо! Е, право да ти кажа, просълзих се от радост. Малко остана да дойда при теб и да те цалуна пред всичките депутати. Ама ще почнат да ми тропат с крака, да възражават... Сещаш ли се за коя реч? Как да не се сещаш? Цял свят говори за нея. Ама имаш право бе, Кочо! Хич толкова хиляди избиратели да не вземат да разкъсат двайсет души жандарми и петдесет души пияна шайка. Голяма работа! Жандармите щяха да разстрелят най-много стотина избиратели! Е, та голяма работа ли е? Всичко на всичко щяха да се почернят около двеста къщи. Да речем, на другата неделя ще дойде войска и тя да разстреля, да избие най-много, най-много триста души. Колко къщи сирачета - петстотин къщи! Хепидже маслахат!...","But you might wonder why I am writing you this letter. I am writing it to praise you for your speech the other day in the National Assembly. Bravo, Kocho! Well, to tell you the truth, I was moved to tears of joy. I almost came over to you to give you a kiss in front of all the deputies. But they would have started stomping their feet, objecting... Do you remember which speech? How could you not? The whole world is talking about it. But you’re right, Kocho! For so many thousands of voters not to just tear apart twenty gendarmes and a drunken mob of fifty. Big deal! The gendarmes would have shot a hundred voters at most! Well, is that such a big deal? All in all, about two hundred households would have been left in mourning. Let’s say, next Sunday the army comes and they shoot, they kill at most, at most three hundred people. How many houses of orphans—five hundred houses! Quite a grand affair!..."
17_letter_from_bai_ganyo_to_konstantin_velichkov_bul.csv,"Ами те, диванетата, взели да укротяват тълпата, косъм да не падне! Как да не се възмущаваш?... Благодарение на такива мекушави диванета ти цели осем години чака в Халки... Да им пишеш толкова стихотворения за звездите и за въздишките, а те да те карат да чакаш осем години. Осем години! Срам за българския народ. Поне сто хиляди души избиратели от цяла България да бяха отишли под куршумите, ти можеше много по-рано да заемеш днешното си топло място. Ама калпав народ! Страхливци! За кой бяс е тази законност и свобода, ако не се изтребят барем хиляда избиратели?... Дръж се, драги Кочо, тъй те харесвам. Дръж по-често такива речи, за да вдъхнеш по-голямо доверие на големите капии... па си гледай кефа! Че щяло младото поколение да негодува, че щял народът да се вълнува - хич окото ти да не мига! Народът! Народът е стадо, като му завъртиш сопата... Па най-сетне аз ли ще те уча на тия работи!...","And those fools, they actually started calming the crowd, making sure not a single hair was harmed! How can one not be outraged?... Thanks to such spineless fools, you waited a full eight years in Halki... To write them so many poems about stars and sighs, only for them to make you wait eight years. Eight years! A disgrace to the Bulgarian people. If at least a hundred thousand voters from all over Bulgaria had marched into the bullets, you could have taken your current cushy spot much sooner. What a worthless lot! Cowards! What the hell is the point of this legality and freedom if at least a thousand voters aren't slaughtered?... 

Keep it up, dear Kocho, that’s how I like you. Give such speeches more often to inspire greater confidence in the big shots... and then just enjoy yourself! So what if the younger generation resents it, so what if the people get agitated—don't you even blink an eye! The people! The people are a herd; once you start swinging the club... But then again, am I the one who has to teach you these things!..."
17_letter_from_bai_ganyo_to_konstantin_velichkov_bul.csv,"Аз най-много се радвам, че именно ти прибърза да държиш тази реч, не можа никой да те изпревари. Артък и сега ако не си им вдъхнал доверие, повече къде!... Всичките чорбаджии те хвалят! Аферим, казват, Кочо стана наш човек, дойде му най-сетне ума в главата. Опичай си сега ума, дръж този път, па се не бой!... Ама все гледай брей, Кочо, тури някоя пара настрана, зере не се знай - свят като цвят!","I am most glad that it was you who rushed to give this speech; no one could beat you to it. Now then, if you haven't inspired confidence in them by now, when will you ever!... All the chorbadjis are praising you! ""Bravo,"" they say, ""Kocho has become one of us; he has finally come to his senses."" Keep your wits about you now, stay on this path, and have no fear!... But always see to it, Kocho, that you set some money aside, for one never knows—the world is like a blossom!"
17_letter_from_bai_ganyo_to_konstantin_velichkov_bul.csv,"Кочо, като прочетеш това писмо - съдери го, да не падне в ръцете на оногози, дето беше ме описал как пътувам по Европа, че пак ще ме изтипари някъде. Чух го онзи ден, говореше на едного: „Брей, язък, хич не очаквах тия думи от нашя Величков“... - па я го слушам и му се чудя на ума. Вятър го вей... Кочо бе, защо издавате още този пусти „Прогрес“? Зарежи го! Аслъ и името му таквоз хлапашко, не прилича вече като на теб солиден човек. Па ако толкова те сърби за писане - пиши си, ама най на място ще бъде да наречеш вестника   „Не му е времето“ и нашите партизани да се наричат тогава немуевремисти.","Kocho, when you read this letter – tear it up, so it doesn’t fall into the hands of that fellow who described my travels through Europe, or he’ll splash me across the pages again somewhere. I heard him the other day, saying to someone: “My, what a pity, I didn't expect those words at all from our Velichkov”... and I listened to him and marveled at his wits. He’s full of hot air... Kocho, why are you still publishing that blasted “Progress”? Drop it! Truth be told, even its name is so childish; it no longer suits a solid man like you. And if you’re so itching to write – go ahead and write, but it would be most fitting to call the newspaper “It Is Not the Time” and then our partisans could be called “not-the-timers.”"
17_letter_from_bai_ganyo_to_konstantin_velichkov_bul.csv,Донесох в дисагите си няколко мускала. Не можеш ли да изкалъпиш някое законче да се попръскват обществените сгради с гюлово масло?,I’ve brought a few vials in my saddlebags. Can’t you cook up some little law to have public buildings sprayed with rose oil?
17_letter_from_bai_ganyo_to_konstantin_velichkov_bul.csv,"София, 29 октомври 1894 г.","Sofia, October 29, 1894"
17_letter_from_bai_ganyo_to_konstantin_velichkov_bul.csv,Твой Ганьо Балкански,Your Ganyo Balkanski
18_from_the_correspondence_of_bai_ganyo_balkanski_bul.csv,I,And
18_from_the_correspondence_of_bai_ganyo_balkanski_bul.csv,"Почитаемий г. Балкански,","Honorable Mr. Balkanski,"
18_from_the_correspondence_of_bai_ganyo_balkanski_bul.csv,"Може да сте ме вече забравили, но аз ще Ви наумя някои обстоятелства и вярвам, че ще си припомните кой съм. Помните ли, като пътувахте по Европа, бяхте се отбили и в Прага и всичките българи-студенти се отнесоха тъй хладно към Вас, даже Иречек, само аз бях единственият, който Ви поканих у дома си и пренощувахте няколко дена. Помните ли, като ме заварихте с дъщерята на хазяйката? А помните ли, като останахте сами, как Ви гощавали и сте им пели „Нощ е ужасна“? Аз съм същия, Бодков, свърших вече висшето си образование и се завърнах в отечеството си. Понеже нямам между познатите си друго влиятелно лице освен вас, обръщам се с молба към Вас и Ви моля да помолите някоя от редакциите на някой правителствен вестник да напечата приложената тук дописка, от която изпращам копие и за Вас, ако би в случай да се загуби в редакцията. Аз вярвам, че тази дописка е достатъчна, за да си състави правителството понятие за моите идеи; аз даже съм в състояние да напиша много повече от това, ако стане нужда. Аз съм свършил по философията, господин Балкански! Освен това имам към Вас една молба: баща ми е предприемач и сега му бракуват за петдесет хиляди лева обуща, та ще Ви моля да походатайствувате да му ги приемат, както приеха от същия материал на един евреин. Това патриотично ли е?","You may have already forgotten me, but I shall remind you of certain circumstances, and I believe you will recall who I am. Do you remember when you were traveling through Europe and stopped in Prague? All the Bulgarian students treated you so coldly—even Jireček—and I was the only one who invited you to my home, where you stayed for several days. Do you remember when you caught me with the landlady’s daughter? And do you remember, when you were left alone, how they entertained you and you sang ""The Night is Terrible"" to them? I am that same man, Bodkov; I have finished my higher education and have returned to my fatherland.

Since I have no other influential person among my acquaintances but you, I turn to you with a request: I ask that you request one of the editorial boards of a government newspaper to publish the enclosed report, a copy of which I am also sending to you, in case it should be lost at the office. I believe this report is sufficient for the government to form an idea of my views; I am even capable of writing much more than this, should the need arise. I have a degree in philosophy, Mr. Balkanski!

Furthermore, I have one more request: my father is a contractor, and they are currently rejecting fifty thousand levs' worth of shoes; I would ask you to intercede so that they might accept them, just as they accepted shoes made of the same material from a certain Jew. Is that patriotic?"
18_from_the_correspondence_of_bai_ganyo_balkanski_bul.csv,"Да не помислите, че аз пиша дописката си да угодя на правителството. Съвсем не. Бракуването на обущата няма нищо общо с дописката и най-сетне трябва да знаете, че аз не съм человек, който търгува със своите убеждения.","Do not think that I am writing this report to please the government. Not at all. The rejection of the shoes has nothing to do with the report, and finally, you must know that I am not a man who trades in his convictions."
18_from_the_correspondence_of_bai_ganyo_balkanski_bul.csv,Приемете уверение в моето отлично към Вас почитание.,Please accept the assurances of my highest consideration.
18_from_the_correspondence_of_bai_ganyo_balkanski_bul.csv,Ваш Бодков,"Yours, Bodkov"
18_from_the_correspondence_of_bai_ganyo_balkanski_bul.csv,"P. S. Редакцията може да измени моята дописка, както намери за добре, аз не съм претенциозен човек.",P.S. The editors may modify my contribution as they see fit; I am not a demanding person.
18_from_the_correspondence_of_bai_ganyo_balkanski_bul.csv,Същий,The same
18_from_the_correspondence_of_bai_ganyo_balkanski_bul.csv,P. P. S. Обущата са бракувани преди три дена.,P. P. S. The shoes were written off three days ago.
18_from_the_correspondence_of_bai_ganyo_balkanski_bul.csv,Същий,The same
18_from_the_correspondence_of_bai_ganyo_balkanski_bul.csv,"Ето и дописката, за която се поменува в горното писмо:",Here is the report mentioned in the letter above:
18_from_the_correspondence_of_bai_ganyo_balkanski_bul.csv,Копие,Copy
18_from_the_correspondence_of_bai_ganyo_balkanski_bul.csv,Писмо до редакцията,Letter to the Editor
18_from_the_correspondence_of_bai_ganyo_balkanski_bul.csv,"Господин редакторе,","Mr. Editor,"
18_from_the_correspondence_of_bai_ganyo_balkanski_bul.csv,"Кръвта ми леденее в жилите, мозъкът ми се сковава към черепа, сърцето ми престава да бие и аз с трепет на душата си взивавам към почитаемото Правителство и го моля да отговори, ще има ли край неговото търпение спрямо разрушителната разюзданост на опозиционната преса? Народът иска да знае (смело мога да утвърдя това) кога ще се пречупят светотатствените пръсти на опозицията, които се осмеляват да докосват - о, ужас! - до Девствената и Свещена Особа на нашия общ Баща, залогът на нашето щастие и благоденствие. Вместо безропотно благоговейно преклонение пред светлото олицетворение на нашата независимост, вместо коленопреклонна готовност към удовлетворение на Височайшите похоти и желания у нас се явяват българи (изроди на българския народ), които се осмеляват да приписват на недосегаемата Особа человечески слабости!!!... Туй е повече от предателство на отечествените интереси. Това е небивал в историята разврат! Даже намериха се такива разбойници на перото, които въстанаха и се постараха да спрат и да осквернят най-голямата добродетел на нашите общини, дето подаряват общински гори, острови и градини на своя Височайши Любимец. Величието на трона е същевременно величие на народа и вместо да се гордеем, че общините ни доказват нагледно своята любов към Короната и Династията, вместо да ликуваме, че нашето доскоро диво отечество се покрива с разкошни дворци и вили, намират се българи - въобразете си, българи! - които и след това не са доволни! Такива недоволници сеят разврат в обществото и българският народ трябва с отвращение да гледа на тях. Те са причината за нравствения упадък на нашето общество и за туй недоверие, което се вселява между правителството и обществото и тъй зле влияе на народния поминък. От това недоверие страдат частните интереси на най-почитаните и добросъвестни търговци, както е случаят с нашия достоуважаем гражданин NN, комуто тия дни са бракували по недоразумение за 50 000 лв. обуща от най-хубав материал. И тъй, Правителството трябва да вземе мерки да се запушат веднъж завинаги устата на опозицията. Това е най-горещото желание на българския народ.","My blood freezes in my veins, my brain stiffens against my skull, my heart ceases to beat, and with a trembling soul, I cry out to the honorable Government and beg it to answer: will there be an end to its patience toward the destructive licentiousness of the opposition press? The people want to know (I can boldly affirm this) when the sacrilegious fingers of the opposition will be broken—those fingers that dare to touch—oh, the horror!—the Virgin and Sacred Person of our common Father, the guarantor of our happiness and prosperity. Instead of unquestioning, reverent adoration before the radiant personification of our independence, instead of a kneeling readiness to satisfy the Most High lusts and desires, there appear among us Bulgarians (monsters of the Bulgarian people) who dare to attribute human weaknesses to that untouchable Person!!!... This is more than a betrayal of the interests of the fatherland. This is a depravity unprecedented in history! There were even found such brigands of the pen who rose up and strove to halt and desecrate the greatest virtue of our municipalities—the gifting of municipal forests, islands, and gardens to their Most High Favorite. The greatness of the throne is simultaneously the greatness of the people, and instead of being proud that our municipalities demonstrate their love for the Crown and the Dynasty so clearly, instead of rejoicing that our until recently savage fatherland is being covered with luxurious palaces and villas, there are Bulgarians—imagine, Bulgarians!—who, even then, are not satisfied! Such malcontents sow depravity in society, and the Bulgarian people must look upon them with loathing. They are the cause of the moral decay of our society and of that mistrust which takes root between the government and the public, so adversely affecting the national livelihood. Private interests of the most respected and conscientious merchants suffer from this mistrust, as is the case with our highly esteemed citizen NN, whose shoes, made of the finest material and worth 50,000 levs, were rejected these past few days due to a misunderstanding. And so, the Government must take measures to shut the mouths of the opposition once and for all. This is the most fervent desire of the Bulgarian people."
18_from_the_correspondence_of_bai_ganyo_balkanski_bul.csv,X. У.,X. Y.
18_from_the_correspondence_of_bai_ganyo_balkanski_bul.csv,"Господин редакторе,","Dear Editor,"
18_from_the_correspondence_of_bai_ganyo_balkanski_bul.csv,"Аз Ви обещавам занапред да Ви пиша, колкото искате такива дописки против опозицията, само ще Ви моля името да остане инкогнито за публиката. Аз съм свършил по философията.",I promise you that henceforth I shall write as many such reports against the opposition as you desire; I only ask that my name remains incognito to the public. I have graduated in philosophy.
18_from_the_correspondence_of_bai_ganyo_balkanski_bul.csv,С особно почитание:,Respectfully yours:
18_from_the_correspondence_of_bai_ganyo_balkanski_bul.csv,Бодков,Bodkov
18_from_the_correspondence_of_bai_ganyo_balkanski_bul.csv,II,II
18_from_the_correspondence_of_bai_ganyo_balkanski_bul.csv,"Господине Бодков,","Mr. Bodkov,"
18_from_the_correspondence_of_bai_ganyo_balkanski_bul.csv,"Дохажда ми на ум кой бяхте Ваша милост, ка'ще да не помня, помня и тебе, помня и годеницата Ви и майка й беше зарарсъз, нали ги учих да готвят кое туйцък-онуйцък и на пиано свирехме, много добре помня. Ти си изпекъл занаята, както те виждам аз тебе, туй философията, както се види, не била само за ахмаци хора да изкарва. А за обущата, дето пишеш, малко сте сгрешили, тая работа не става с дописка, видиш ли, че на евреина, дето казваш, приели обущата, приели ги зер, защото той знае де Аврам копае корени, развържи си и ти кесията. Писмото ти прочетох от край до край и проумях за какво ти е зора, ама да бъдеш предприемач, и то не е за всяка уста лъжица, не прилича на философия и трябва сам да се сещаш от кого зависи да ти приемат обущата, на баща ти тоест. А дето казваш за династията, нейсе, карай да върви, модата му е такваз, най-сетне, дума дупка не прави.","It comes back to me now who you were, Your Honor—how could I not remember? I remember you, I remember your fiancée, and her mother was a decent soul; after all, didn't I teach them to cook a bit of this and that, and we used to play the piano? I remember it all very well. You’ve mastered your trade, as I see it; it seems that philosophy wasn't meant only to turn people into fools. As for the shoes you wrote about, you’ve made a bit of a mistake; that business isn't settled with a newspaper article. You see, they accepted the shoes from that Jew you mentioned—they accepted them, of course, because he knows how the world works. You’d better loosen your own purse strings. I read your letter from beginning to end and I understand what you're after, but being an entrepreneur isn't for everyone—it’s not like philosophy. You ought to realize for yourself who it depends on to have your shoes accepted—your father, that is. And as for what you say about the dynasty, well, never mind, let it be; that’s just the fashion these days. After all, talk is cheap."
18_from_the_correspondence_of_bai_ganyo_balkanski_bul.csv,Поздравявам Ви,I congratulate you
18_from_the_correspondence_of_bai_ganyo_balkanski_bul.csv,Ваш Ганьо Балкански,"Yours, Ganyo Balkanski"
18_from_the_correspondence_of_bai_ganyo_balkanski_bul.csv,III,III
18_from_the_correspondence_of_bai_ganyo_balkanski_bul.csv,Многоуважаемий господин Ганьо!,Most esteemed Mr. Ganyo!
18_from_the_correspondence_of_bai_ganyo_balkanski_bul.csv,"Обръщам се към Вас, Вие сте народен представител и молим занапред да не се повтарят подобни работи, дето да ходи цял полк из гората и да лаят като кучета и господа офицерите да бият зайци, защото ний не сме пратени да се учим да лаем, а да пазим своето отечество и съвсем уморени, капнали, сълзи ти текат от очите, изгладнял, а те те карат насила да лаеш, хем хубаво да бъде, като копой, инак бой, че не си знаял като ловджийско куче да лаеш, и убиха само пет (5) заека. Добре, че не нараниха някой войник, защото пак ще яде бой, че не се е вардил. Освен това назначиха ме вестовой и аз пера гащичките на детето и на пайтона също аз. Това е едно срамотно нещо и молим да издадете закон и като нямам повече какво да ви пиша, оставам. Скъсайте писмото.","I am addressing you, as you are a representative of the people, and we ask that in the future such things do not happen again, where a whole regiment goes through the woods barking like dogs while the gentlemen officers shoot rabbits, because we were not sent to learn how to bark, but to guard our fatherland; and completely exhausted, worn out, tears streaming from your eyes, starving, they force you to bark, and it must be done well, like a hound, otherwise you get a beating for not knowing how to bark like a hunting dog, and they killed only five (5) rabbits. It is a good thing they did not wound some soldier, because he would have been beaten again for not looking out for himself. Furthermore, they appointed me as an orderly, and I wash the child’s undergarments, and I tend to the carriage as well. This is a shameful thing, and we ask that you pass a law, and as I have nothing more to write to you, I remain. Tear up the letter."
18_from_the_correspondence_of_bai_ganyo_balkanski_bul.csv,Ваш покорен,Your humble servant
18_from_the_correspondence_of_bai_ganyo_balkanski_bul.csv,"Тръпко Тръпков, младши войник.","Trpko Trpkov, junior soldier."
18_from_the_correspondence_of_bai_ganyo_balkanski_bul.csv,IV,IV
18_from_the_correspondence_of_bai_ganyo_balkanski_bul.csv,"Господин Тръпко,","Mr. Trpko,"
18_from_the_correspondence_of_bai_ganyo_balkanski_bul.csv,"Ти не си ли на Тръпко Комитата син, познавам баща ти. Дето казваш, че ви карали да лаете на зайци из гората, чух го и аз, ама търпение-спасение, дето рекъл оня, против ръжен се не рита. Най-сетне под турците сме търпели цял живот, какво бива да търпим под българи по две годинки, не е голяма работа, а за гащичките не е добро за един мъж, тя е женска работа, но какво да правиш, пери гащичките, па си обръщай главата настрана, политиката така го изисква. Нали ги знаеш какви са, ама ти току мигай, па търпи и поздрави баща си, да не забравиш. Търпение, друго няма, тия работи с търпение се оправят, а не с гюрултия. Покорна глава, нали знаеш, сабя е не сече.","Aren't you the son of Trpko the Komita? I know your father. As for what you say about them making you bark at rabbits in the forest, I heard about it too, but patience is salvation, as the saying goes—you can't kick against the goad. After all, we endured under the Turks our whole lives; what's the harm in enduring under Bulgarians for a couple of years? It's no big deal. And as for the undergarments, it's not fitting for a man—that's women's work—but what can you do? Wash the undergarments and just turn your head away; politics requires it. You know what they're like, but you just keep blinking and enduring, and give my regards to your father, don't forget. Patience, there's nothing else; these things are settled with patience, not with an uproar. A bowed head, you know, the sword does not strike."
18_from_the_correspondence_of_bai_ganyo_balkanski_bul.csv,Ваш доброжелател,Your well-wisher
18_from_the_correspondence_of_bai_ganyo_balkanski_bul.csv,Ганьо Балкански,Ganyo Balkanski
18_from_the_correspondence_of_bai_ganyo_balkanski_bul.csv,V,In
18_from_the_correspondence_of_bai_ganyo_balkanski_bul.csv,"Любезний вуйчо Ганьо,","Dear Uncle Ganyo,"
18_from_the_correspondence_of_bai_ganyo_balkanski_bul.csv,"Аз искам да заведа тая година наша Рада на учение в странство, па да не станат разноски, моля ти се да подействуваш там пред големците да ме командироват за нещо, да изуча някои въпроси или за някаква агитация: може например да изуча въпроса да се прокара нашият шаяк за белгийската войска или да изуча в Швейцария етнографията на куцовласите, или нещо подобно. Те, като искат, могат да измислят деветдесет и девет командировки. Аз съм съгласен и с три наполеона дневни. Отговори ми колкото е възможно по-скоро.","I want to take our Rada to study abroad this year, and so as not to incur any expenses, I ask you to pull some strings with the big shots to have me sent on an official mission for something—to study certain issues or for some sort of lobbying: for instance, I could look into the matter of promoting our *shayak* cloth for the Belgian army, or study the ethnography of the Kutzo-Vlachs in Switzerland, or something of the sort. If they want to, they can come up with ninety-nine different missions. I’m even fine with three napoleons per diem. Reply to me as soon as possible."
18_from_the_correspondence_of_bai_ganyo_balkanski_bul.csv,Твой верен съмишленик и роднина,Your faithful ally and relative
18_from_the_correspondence_of_bai_ganyo_balkanski_bul.csv,Васил,Vasil
18_from_the_correspondence_of_bai_ganyo_balkanski_bul.csv,"P. S. И ти няма да останеш без полза от тази командировка. Ако те питат за образованието ми, кажи им, че макар да нямам диплома, ама аз съм много чел и все едно, че съм с висше образование.","P.S. You won't be left without benefit from this business trip either. If they ask you about my education, tell them that although I don't have a diploma, I have read a lot and it's just as if I have a university degree."
18_from_the_correspondence_of_bai_ganyo_balkanski_bul.csv,Същий,The same
18_from_the_correspondence_of_bai_ganyo_balkanski_bul.csv,"На това писмо не можах да намеря отговор в бай Ганьовия тефтер, но в плика намерих черновка от следващата телеграма:","I could not find an answer to this letter in Bay Ganyo's notebook, but in the envelope I found a draft of the following telegram:"
18_from_the_correspondence_of_bai_ganyo_balkanski_bul.csv,Бърза,Fast
18_from_the_correspondence_of_bai_ganyo_balkanski_bul.csv,Жеравна,Zheravna
18_from_the_correspondence_of_bai_ganyo_balkanski_bul.csv,Васил Мангов,Vasil Mangov
18_from_the_correspondence_of_bai_ganyo_balkanski_bul.csv,"Много си закъснял, Василе, други, по-учен от тебе е вече командирован по тия работи.","You are far too late, Vasil; another, more learned than you, has already been dispatched for these matters."
18_from_the_correspondence_of_bai_ganyo_balkanski_bul.csv,Балкански,Balkan
18_from_the_correspondence_of_bai_ganyo_balkanski_bul.csv,VI,VI
18_from_the_correspondence_of_bai_ganyo_balkanski_bul.csv,"Достoуважаемий чичо Ганьо,","Highly esteemed Uncle Ganyo,"
18_from_the_correspondence_of_bai_ganyo_balkanski_bul.csv,"Человек предполага, а бог разполага: всички планове, които кроихме за моето бъдеще, са разбити на пух и прах. Моята кариера е окончателно съсипана. Аз съм изгонен от училището и съм обречен на тригодишно робство в арестантските роти и причината на всичко туй е пустото българско правописание: в последно време излезе една нова мода, чуждите думи и имена да сме ги пишели тъй, както се били уж изговаряли, напр. да не пишем  министр, а да пишем министър, да не пишем ансамбл, а да пишем ансамбъл,   да не пишем Бокл, а да сме пишели Бокъл, защото това било уж по-свойствено на българския език, като че ли свойството на нашия език е да се приближава непременно към афганистанския. Ний се възпротивихме на нашите учени наставници и те ни обявиха за бунтовници. Навръх Рождество на Исуса Христа, Спасителя на човечеството, под конно-жандармски конвой нас, пеши неволни туристи, подкараха по снежните друмове на майка България и ний крачим, крачим от етап на етап, спим по участъците, посрещат ни пристави, изпращат ни жандарми, а накъде ни водят, и ний сами не знаем. Казват, че за възтържествуване на българското правописание намерили за полезно да ни възпитават по три годинки в арестантските роти. Кой знай! Може и туй чудо да стане. Докаран съм сега тука, във вашия град, и това писмо го пиша от арестантската стая. Ако обичате, елате да се видим и да доведете някой доктор, защото не зная от път ли,от студ ли тия дни почнах да плюя кръв.","Man proposes, but God disposes: all the plans we laid for my future have been shattered to pieces. My career is definitively ruined. I have been expelled from school and am doomed to three years of slavery in the penal companies, and the reason for all this is that wretched Bulgarian spelling: lately, a new fashion has emerged—that we should write foreign words and names as they are supposedly pronounced; for example, not to write *ministr*, but to write *ministar*; not to write *ansambl*, but to write *ansambal*; not to write *Buckle*, but to write *Buckal*, because this was supposedly more inherent to the Bulgarian language, as if the inherent nature of our language were necessarily to approach Afghan. We resisted our learned mentors, and they declared us rebels. 

On the very eve of the Nativity of Jesus Christ, the Savior of mankind, under a mounted gendarme convoy, we—involuntary tourists on foot—were driven along the snowy roads of Mother Bulgaria; and we march, we march from station to station, sleeping in police precincts, met by bailiffs, seen off by gendarmes, and where they are leading us, we ourselves do not know. They say that for the triumph of Bulgarian spelling, they found it useful to educate us for three years in the penal companies. Who knows! Perhaps even this miracle will come to pass. I have been brought here now, to your town, and I am writing this letter from the detention room. If you please, come to see me and bring a doctor, because I do not know whether it is from the journey or the cold, but these past few days I have begun to spit blood."
18_from_the_correspondence_of_bai_ganyo_balkanski_bul.csv,Твой племянник,Your nephew
18_from_the_correspondence_of_bai_ganyo_balkanski_bul.csv,Стойко,Stoyko
18_from_the_correspondence_of_bai_ganyo_balkanski_bul.csv,"P. S. Чувал съм, чичо, че турците имали обичай за големите празници, като Коледа и Великден, да пускат на свобода под поръчителство християните арестанти да се видят с ближните си и да прекарат божиите празници. Вярно ли е това, чичо?","P.S. I have heard, uncle, that the Turks had a custom for the major holidays, such as Christmas and Easter, to release Christian prisoners on bail so they could see their loved ones and spend the holy holidays. Is this true, uncle?"
18_from_the_correspondence_of_bai_ganyo_balkanski_bul.csv,Същий,The same
18_from_the_correspondence_of_bai_ganyo_balkanski_bul.csv,"Любезно внуче Стойко,","Dear grandson Stoyko,"
18_from_the_correspondence_of_bai_ganyo_balkanski_bul.csv,"Каквото си търсил, чичовото, таквоз си и намерил. Кой ти е крив? Аз се чудя как не са ви дръпнали и по един бой отгоре. Разбира се. Ний тука на орехи ли играем, или царство управяме. Каква е тази слободия? Какво ми дрънкаш ти на мене за турците, че биле по-милостиви. Не са те милостиви, ами са ахмаци. Ако бяха умни, нямаше да си дават другиму царството. Ако питаш, мене ми е драго биля, че най-сетне са ви пипнали, както трябва. Плуй сега из участъците и казармите, да ти дойде ума в главата, да помниш кога си вирил глава. Аз не можах от твоето писмо да разбера каква е била причината, пишеш ми за н`ам какъв си   Бòкъл - Мòкъл, ама аз не ти вярвам, макар и да не разбирам от граматика. Кой знай каква пакост сте направили. Аз нямам време да ходя по участъците да се компромитирвам пред големците, че се срещам с бунтовници. Колко пъти съм те поучавал, че покорна глава сабя не я сече. Не си ме слушал - троши си сега главата. Каквото си търсил, чичовото, таквоз си и намерил.","You got what you were looking for, my boy; you’ve only yourself to blame. I’m surprised they didn’t give you a good thrashing on top of it all. Of course. Do you think we’re just playing games here, or are we running a kingdom? What is this lawlessness? Why are you babbling to me about the Turks being more merciful? They weren’t merciful; they were fools. If they were smart, they wouldn’t have surrendered their kingdom to others. If you ask me, I’m actually glad they finally caught you and dealt with you properly. Now rot in the police stations and barracks until you come to your senses, so you’ll remember when you were acting so high and mighty. I couldn't tell the reason from your letter; you write to me about some ""Buckle-Muckle"" or whatever, but I don't believe you, even if I don't understand grammar. Who knows what kind of trouble you’ve caused. I don’t have time to go around police stations compromising myself before the big shots by meeting with rebels. How many times have I taught you that a humble head the sword does not strike? You didn’t listen to me—now go ahead and break your own neck. You got what you were looking for, my boy."
18_from_the_correspondence_of_bai_ganyo_balkanski_bul.csv,Твой доброжелател,Your well-wisher
18_from_the_correspondence_of_bai_ganyo_balkanski_bul.csv,Ганьо Балкански,Ganyo Balkanski
