Source File,Content,Translated Content
01_ge_original_IPN_news.csv,IPN_news1,IPN_news1
01_ge_original_IPN_news.csv,"ირაკლი კობახიძე - ისე როგორც პრემიერს, სახელმწიფო მინისტრსაც მთლიანად მთავრობის ადმინისტრაციის რესურსი მოემსახურება, აქ საქილიკო არაფერია, თუმცა ოპოზიცია აქაც ახერხებს  სპეკულაციებს - ეს მათი სახეა და არ არის საინტერესო (28.04.2026, 16:17)","Irakli Kobakhidze - Just as the Prime Minister, the State Minister will also be served by the full resources of the Government Administration; there is nothing to mock here, although the opposition still manages to engage in speculation on this as well - that is their nature and it is not interesting (28.04.2026, 16:17)"
01_ge_original_IPN_news.csv,"ისევე როგორც პრემიერ-მინისტრს, ვიცე-პრემიერსაც, სამართალდამცავი ორგანოების კოორდინაციის საკითხებში სახელმწიფო მინისტრსაც მთლიანად მთავრობის ადმინისტრაციის რესურსი მოემსახურება - თავადაც ხვდებით, აქ საქილიკო არაფერია, თუმცა ოპოზიცია აქაც ახერხებს სპეკულაციების გავრცელებას - ეს მათი სახეა და არ არის საინტერესო, - ამის შესახებ პრემიერ-მინისტრმა, ირაკლი კობახიძემ ჟურნალისტებთან განაცხადა.","Just like the Prime Minister, the Deputy Prime Minister and the State Minister for Coordination of Law Enforcement Agencies will also be fully served by the resources of the Government Administration — you can see for yourselves that there is nothing to mock here, although the opposition is once again managing to spread speculation — that is their style and it is not interesting,” Prime Minister Irakli Kobakhidze said in a statement to journalists."
01_ge_original_IPN_news.csv,"მისივე თქმით, ახალი სტრუქტურული ერთეულის შექმნის მიზანი სამართალდამცავი სისტემის კიდევ უფრო მეტად გაძლიერებაა.","According to him, the purpose of creating the new structural unit is to further strengthen the law enforcement system."
01_ge_original_IPN_news.csv,"„ეს ცვლილებები ემსახურებოდა სამართალდამცავი სისტემის კიდევ უფრო მეტად გაძლიერებას. გაჩნდა ახალი რგოლი - კოორდინაციის რგოლი. ამ ფუნქციას მამუკა მდინარაძე მანამდეც ასრულებდა, მაგრამ კონკრეტული უწყებიდან. ეს იყო ფაქტობრივი მდგომარეობა. ჩვენ გადავწყვიტეთ იმ მოცემულობის ფორმალიზება, რაც სწორია, რაც მანამდეც იყო ჩამოყალიბებული. რეალურად, იქნება დამოუკიდებელი სტრუქტურები. ბუნებრივია, ეს არის შინაგან საქმეთა სამინისტრო, სახელმწიფო უსაფრთხოების სამსახური, სახელმწიფო დაცვის სპეციალური სამსახური და მათ საერთო კოორდინაციას უზრუნველყოფს. სახელმწიფო მინისტრი ახალი თანამდებობა არის ამისთვის განკუთვნილი, რაც კიდევ უფრო გააძლიერებს დანაშაულის წინააღმდეგ ბრძოლას, საზოგადოებრივი წესრიგის დაცვაზე ზრუნვას. თქვენ იცით რომ ამ ერთი წლის განმავლობაში ყველა მიმართულებით გვაქვს ფუნდამენტური ცვლილებები,“ - განაცხადა კობახიძემ.","“These changes were aimed at further strengthening the law enforcement system. A new link has emerged — the coordination link. Mamuka Mdinaradze had already been performing this function before, but from a specific agency. That was the factual situation. We decided to formalize the arrangement that is correct and that had already been established before. In reality, there will be independent structures. Naturally, these are the Ministry of Internal Affairs, the State Security Service, and the Special State Protection Service, and it will ensure their overall coordination. The position of state minister is a new post designated for this purpose, which will further strengthen the fight against crime and the protection of public order. You know that over this one-year period we have had fundamental changes in all directions,” Kobakhidze said."
01_ge_original_IPN_news.csv,"ამასთან, პრემიერმა პატიმრობაში მყოფ სუს-ის ყოფილ ხელმძღვანელ, გრიგოლ ლილუაშვილსა და მამუკა მდინარაძეს შორის პარალელების შესახებ დასმულ კითხვას უპასუხა და აღნიშნა, რომ „მაშინ სხვაგვარად წარიმართა პროცესები, ახლა სხვანაირად წარიმართება“.","At the same time, the Prime Minister answered a question about parallels between the former head of the State Security Service, Grigol Liluashvili, who is in custody, and Mamuka Mdinaradze, and noted that “back then the processes unfolded differently; now they will unfold differently.”"
01_ge_original_IPN_news.csv,"„მოცემულობა არის რადიკალურად განსხვავებული. კონტექსტი არის სრულიად განსხვავებული. მამუკა მდინარაძე არის გამორჩეულად წარმატებული წევრი ჩვენს გუნდში. კონკრეტულად სახელმწიფო უსაფრთხოების სამსახურში მისი საქმიანობა იყო გამორჩეულად წარმატებული, მათ შორის, კორუფციის მიმართულებით, ტერორისტული დანაშაულის მიმართულებით. ძალიან მნიშვნელოვანი სისტემური ცვლილებები განახორციელა. ეს არის განსხვავებული ფონი, შესაბამისად, განსხვავებულ ფონზე სამომავლო განვითარებაც იქნება განსხვავებული,“ - განაცხადა კობახიძემ.","“The situation is radically different. The context is completely different. Mamuka Mdinaradze is an exceptionally successful member of our team. Specifically, his work in the State Security Service was exceptionally successful, including in the areas of corruption and terrorist crime. He implemented very important systemic changes. This is a different background, and therefore future developments will also be different,” Kobakhidze said."
01_ge_original_IPN_news.csv,"პარლამენტი დაჩქარებული წესით იხილავს კანონის პროექტს, რომლის საფუძველზეც საქართველოს მთავრობის შემადგენლობაში სამართალდამცავი ორგანოების კოორდინაციის საკითხებში სახელმწიფო მინისტრის თანამდებობის შემოღება ხდება. პროექტის მიხედვით, ახალი სახელმწიფო მინისტრის საქმიანობას მატერიალურ-ტექნიკურად და ორგანიზაციულად მთავრობის ადმინისტრაცია უზრუნველყოფს.","Parliament is considering, under an expedited procedure, a draft law that would introduce the position of State Minister for Coordination of Law Enforcement Agencies within the composition of the Government of Georgia. According to the draft, the Government Administration will provide the new State Minister’s activities with material, technical, and organizational support."
01_ge_original_IPN_news.csv,"მთავრობის საპარლამენტო მდივნის ვახტანგ ბაჩიაშვილის ინფორმაციით, სახელმწიფო მინისტრის უფლებამოსილებები მთავრობის დადგენილებაში დაზუსტდება. მისივე თქმით, სამართალდამცავი ორგანოების კოორდინაციის საკითხებში სახელმწიფო მინისტრი მთავრობის ადმინისტრაციის შენობაში განთავსდება.","According to the Parliamentary Secretary of the Government, Vakhtang Bachiashvili, the powers of the State Minister will be specified in a government decree. He also said that the State Minister for coordination of law enforcement agencies will be located in the Government Administration building."
02_ge_original_IPN_news.csv,IPN_news2,IPN_news2
02_ge_original_IPN_news.csv,"გიორგი შარაშიძე - რა ვიცე-პრემიერობაზე და სახელმწიფო მინისტრობაზეა საუბარი, კაბინეტსაც კი არ აძლევენ ნორმალურს, აპარატიც არ ექნება და მდივანიც არ ეყოლება - მდინარაძეს ვურჩევდი, ამ კაბინეტზეც ძალიან ნუ ჩაიციკლება და დისტანციურად იმუშაოს (28.04.2026, 12:04)","Giorgi Sharashidze - What kind of deputy prime ministership and state minister position are we talking about? They won’t even give him a proper office; he won’t have an apparatus, and he won’t even have a secretary. I would advise Mdinaradze not to get too fixated on this office either and to work remotely (28.04.2026, 12:04)"
02_ge_original_IPN_news.csv,"რა ვიცე-პრემიერობაზე და სახელმწიფო მინისტრობაზეა საუბარი, კაბინეტსაც კი არ აძლევენ ნორმალურს, აპარატიც არ ექნება და მდივანიც არ ეყოლება მდინარაძეს - ვურჩევდი, რომ ამ კაბინეტზეც ძალიან ნუ იქნება ჩაციკლული და დისტანციურად იმუშაოს სახლიდან, - ამის შესახებ პარტია „გახარია საქართველოსთვის” დეპუტატმა, გიორგი შარაშიძემ, სამართალდამცავი ორგანოების კოორდინირებისთვის სახელმწიფო მინისტრის თანამდებობის შექმნაზე საუბრისას განაცხადა. მისი თქმით, გენერალ-კოორდინატორის დანიშვნა არაფერს არ შეცვლის გარდა იმისა, რომ ეს მისი „დროებითი დაკმაყოფილება და პენსიაზე გაშვება იქნება“.","“What kind of vice-premiership and state minister position are we talking about? They’re not even giving him a proper office; he won’t even have a staff or a secretary. I would advise Mdinaradze not to get too fixated on this office either and to work remotely from home,” said Giorgi Sharashidze, a member of the “Gakharia for Georgia” party, while speaking about the creation of the position of State Minister for coordinating law enforcement agencies. According to him, appointing a general coordinator will change nothing except that it will be his “temporary appeasement and sending him into retirement.”"
02_ge_original_IPN_news.csv,"„დაგეგმილ ცვლილებებს ჩვენი ქვეყნის მოქალაქეების პრობლემების და საქართველოს უსაფრთხოების საკითხების პრობლემების გადაჭრასთან არანაირი კავშირი არ აქვს. ეს არის არაფორმალური მმართველობის მორიგი გამოვლინება. „ოცნებას“ და იმ 89 დეპუტატს, რომელიც პარლამენტში ზის, არ აქვს, გარდა იმისა, რომ ივანიშვილის გადაწყვეტილებები, რომელსაც მათ არავინ არ უთანხმებს, უბრალოდ „გააპრავონ”. რა ვიცე-პრემიერობაზე და სახელმწიფო მინისტრობაზეა საუბარი, კაბინეტსაც კი არ აძლევენ ნორმალურს, აპარატიც არ ექნება და მდივანიც არ ეყოლება მდინარაძეს. მას ვურჩევდი, რომ ამ კაბინეტზეც ძალიან ნუ იქნება ჩაციკლული და დისტანციურად იმუშაოს მაშინ, სახლიდან.","“The planned changes have nothing to do with solving the problems of our country’s citizens or the issues of Georgia’s security. This is yet another manifestation of informal governance. ‘Dream’ and the 89 MPs sitting in parliament have no purpose other than to simply ‘justify’ Ivanishvili’s decisions, which no one consults them about. What vice-premiership and state minister position are we talking about? They are not even giving him a proper office; he won’t have an administration, and Mdinaradze won’t even have a secretary. I would advise him not to get too fixated on this office either and to work remotely from home instead.”"
02_ge_original_IPN_news.csv,"თუ კოორდინაცია არის ასეთი მნიშვნელოვანი - კოორდინაციისთვის სუს-ის ხელმძღვანელს ექვს თვეში არ ხსნიან. სახელმწიფო უსაფრთხოების სამსახური ექვსი წლის ვადით შემთხვევით არ ინიშნება - ეს ჩანაწერი კანონში შემთხვევით არ არის. ვხედავთ, რომ ბოლო ერთ წელიწადში უკვე ორი სუს-ის უფროსი შეიცვალა. ეს მიუთითებს არასტაბილურ გარემოზე და არაფორმალურ მმართველობაზე. ადამიანს ერთ დღეში გენერლობა მიანიჭეს დილით და საღამოს კოორდინატორად დააქვეითეს - ამ ადამიანისგან რა განსაკუთრებული მოლოდინები უნდა შევქმნათ?","If coordination is so important, then the head of the State Security Service is not dismissed after six months for the sake of coordination. The State Security Service is not appointed for a six-year term by accident — this provision is not in the law by accident. We can see that in the past year alone, two heads of the State Security Service have already been replaced. This indicates an unstable environment and informal governance. A person was granted the rank of general in the morning and demoted to coordinator in the evening on the very same day — what special expectations should we have from such a person?"
02_ge_original_IPN_news.csv,"რაც შეეხება კოორდინატორობას - თავად „ოცნებამ“ შემოიტანა ეს ტერმინი და გუშინ ჩვენი ერთ-ერთი ლიდერი გიგა ფარულავა, იურიდიული კომიტეტის სხდომაზე, როდესაც ფაქტს ამბობდა, რომ კოორდინატორად ნიშნავთო, ისეთი გაღიზიანება მოჰყვა, ლექსიკა და ტონი დაუწუნეს. ეს კოორდინატორი „ოცნების“ მიერ შემოღებული ტერმინია და თუ მათთვის ეს შეურაცხმყოფელია, მაშინ თავად ახსნან საერთოდ საიდან მოიტანეს ეს ტერმინი. ამიტომ, როდესაც ვამბობთ, რომ ეს გენერალ-კოორდინატორის დანიშვნა არაფერს არ შეცვლის გარდა იმისა, რომ უბრალოდ ეს იქნება რაღაცა მისი დაკმაყოფილება დროებით და პენსიაზე გაშვება, ეს არის რეალობა“, - განაცხადა შარაშიძემ.","As for the coordinator role, it was the “Dream” party itself that introduced this term, and yesterday one of our leaders, Giga Farulava, at the session of the Legal Committee, when he stated the fact that you are appointing a coordinator, it caused such irritation that they criticized his choice of words and tone. This coordinator is a term introduced by “Dream,” and if it is offensive to them, then they should explain where they got this term from in the first place. Therefore, when we say that this appointment of a general coordinator will change nothing except that it will simply be some kind of temporary appeasement and a sending-off into retirement, that is the reality,” Sharashidze said."
02_ge_original_IPN_news.csv,"ცნობისთვის, პარლამენტი დაჩქარებული წესით იხილავს კანონის პროექტს, რომლის საფუძველზეც საქართველოს მთავრობის შემადგენლობაში სამართალდამცავი ორგანოების კოორდინაციის საკითხებში სახელმწიფო მინისტრის თანამდებობის შემოღება ხდება.","For your information, Parliament is considering, under an expedited procedure, a draft law on the basis of which the position of State Minister for the Coordination of Law Enforcement Agencies is being introduced within the composition of the Government of Georgia."
02_ge_original_IPN_news.csv,"პროექტის მიხედვით, ახალი სახელმწიფო მინისტრის საქმიანობას მატერიალურ-ტექნიკურად და ორგანიზაციულად მთავრობის ადმინისტრაცია უზრუნველყოფს.","According to the project, the Government Administration will provide the new State Minister’s activities with material-technical and organizational support."
02_ge_original_IPN_news.csv,"მთავრობის საპარლამენტო მდივნის ვახტანგ ბაჩიაშვილის ინფორმაციით, სახელმწიფო მინისტრის უფლებამოსილებები მთავრობის დადგენილებაში დაზუსტდება, სადაც მისი რუტინული თუ სტრატეგიული უფლებამოსილებები გაიწერება.","According to Vakhtang Bachiashvili, the Parliamentary Secretary of the Government, the powers of the State Minister will be clarified in a government resolution, where his routine and strategic responsibilities will be specified."
02_ge_original_IPN_news.csv,სამართალდამცავი ორგანოების კოორდინაციის საკითხებში სახელმწიფო მინისტრის თანამდებობაზე მამუკა მდინარაძე დაინიშნება.,Mamuka Mdinaradze will be appointed to the position of State Minister for Coordination of Law Enforcement Agencies.
03_ge_original_IPN_news.csv,IPN_news3,IPN_news3
03_ge_original_IPN_news.csv,"მარიამ ქვრივიშვილი - ჩინეთთან ხელი მოვაწერეთ თავისუფალი ვაჭრობის შეთანხმების განახლებულ ვერსიას, რაც კიდევ უფრო მეტად გააძლიერებს და გაამყარებს ორ ქვეყანას შორის სავაჭრო-ეკონომიკურ ურთიერთობებს (25.04.2026, 11:11)","Mariam Kvrivishvili - We signed the updated version of the free trade agreement with China, which will further strengthen and solidify trade and economic relations between the two countries (25.04.2026, 11:11)"
03_ge_original_IPN_news.csv,"ჩინეთის სახალხო რესპუბლიკაში ვიზიტი წარმატებული შედეგებით დასრულდა, რაც დადებითად აისახება საქართველოსა და ჩინეთის ეკონომიკური კავშირების შემდგომ განვითარებაზე, - ამის შესახებ საქართველოს ეკონომიკისა და მდგრადი განვითარების მინისტრმა მარიამ ქვრივიშვილმა განაცხადა.","The visit to the People’s Republic of China concluded with successful results, which will have a positive impact on the further development of economic ties between Georgia and China, - said Georgia’s Minister of Economy and Sustainable Development, Mariam Kvrivishvili."
03_ge_original_IPN_news.csv,"მინისტრის თქმით, ვიზიტის ფარგლებში გაიმართა უმაღლესი დონის შეხვედრები ჩინეთის სახელმწიფო და კერძო სექტორის წარმომადგენლებთან. მარიამ ქვრივიშვილმა განსაკუთრებული აქცენტი გააკეთა ჩინეთის ეროვნული რეფორმებისა და განვითარების კომიტეტში გამართულ შეხვედრაზე, რომლის დროსაც მხარეები შეთანხმდნენ, რომ ჩამოყალიბდება ინვესტიციების მოსაზიდად საქართველო-ჩინეთს შორის დიალოგის მექანიზმი, რაც ხელს შეუწყობს ჩინეთიდან ინვესტიციების განხორციელებას.","According to the minister, during the visit, high-level meetings were held with representatives of China’s public and private sectors. Mariam Kvrivishvili placed special emphasis on the meeting held at the National Development and Reform Commission of China, during which the parties agreed to establish a Georgia-China dialogue mechanism to attract investment, which will facilitate investment from China."
03_ge_original_IPN_news.csv,"„კომერციის მინისტრთან ერთად ხელი მოვაწერე თავისუფალი ვაჭრობის შეთანხმების განახლებულ ვერსიას, რაც კიდევ უფრო მეტად გააძლიერებს და გაამყარებს ორ ქვეყანას შორის სავაჭრო-ეკონომიკურ ურთიერთობებს. გარდა ამისა, მივიღეთ უმნიშვნელოვანესი გადაწყვეტილება, რომ შეიქმნება მთავრობათაშორისი ფორმატი, რომელიც უზრუნველყოფს უმსხვილესი ინვესტიციების მოზიდვის, ისევე, როგორც სტრატეგიულ პროექტებში ჩინური კომპანიების ჩართულობის მხარდაჭერას"", - აღნიშნა მარიამ ქვრივიშვილმა.","“Together with the Minister of Commerce, I signed the updated version of the free trade agreement, which will further strengthen and solidify trade and economic relations between the two countries. In addition, we made a very important decision to establish an intergovernmental format that will ensure the attraction of major investments, as well as support the involvement of Chinese companies in strategic projects,” said Mariam Kvrivishvili."
03_ge_original_IPN_news.csv,"მინისტრმა ასევე ყურადღება გაამახვილა ჩინეთის ავიაკომპანია China Eastern Airlines - ის ხელმძღვანელებთან გამართულ შეხვედრაზე, რომელზეც მიღებულ იქნა გადაწყვეტილება 15 ივლისიდან შანხაი - თბილისის მიმართულებით პირდაპირი ავიამიმოსვლის დაწყების შესახებ. როგორც მარიამ ქვრივიშვილმა აღნიშნა, შანხაის მიმართულება, ისევე როგორც ზოგადად ჩინეთის ტურისტული ბაზარი საქართველოსთვის სტრატეგიულია და პირდაპირი საჰაერო მიმოსვლა ხელს შეუწყობს ქვეყანაში როგორც ტურისტული ნაკადების ზრდას, ისე მსყიდველუნარიანი ვიზიტორების ჩამოსვლას.","The minister also drew attention to the meeting held with the management of the Chinese airline China Eastern Airlines, at which a decision was made to launch direct flights on the Shanghai–Tbilisi route starting July 15. As Mariam Kvrivishvili noted, the Shanghai route, as well as the Chinese tourism market in general, is strategic for Georgia, and direct air service will contribute both to an increase in tourist flows to the country and to the arrival of high-spending visitors."
03_ge_original_IPN_news.csv,"„ეს გადაწყვეტილება გააძლიერებს ხალხთაშორის ურთიერთობებს, ეკონომიკურ კავშირებს და სტიმულს მისცემს ჩვენი ქვეყნის ტურიზმის ინდუსტრიის გაძლიერებას, დივერსიფიცირებას და დამატებითი შემოსავლების გენერირებას ჩვენს ქვეყანაში უშუალოდ ტურიზმის ინდუსტრიიდან"", - განაცხადა მარიამ ქვრივიშვილმა.","“**This decision will strengthen people-to-people relations, economic ties, and provide an impetus for strengthening and diversifying our country’s tourism industry, as well as generating additional revenue in our country directly from the tourism industry,**” said Mariam Kvrivishvili."
03_ge_original_IPN_news.csv,"ვიზიტის ფარგლებში გაიმართა შეხვედრები ჩინეთის უმსხვილეს ენერგეტიკულ და ავტომობილების მწარმოებელ კომპანიებთან. როგორც მარიამ ქვრივიშვილმა აღნიშნა, შეხვედრებზე განიხილეს საქართველოს საინვესტიციო შესაძლებლობები, რაც ხელს შეუწყობს ჩინეთიდან დამატებითი ინვესტიციების მოზიდვას, ადგილობრივი წარმოების განვითარებას და ენერგეტიკის სექტორის გაძლიერებას.","During the visit, meetings were held with China’s largest energy and automobile manufacturing companies. As Mariam Kvrivishvili noted, the meetings discussed Georgia’s investment opportunities, which will help attract additional investment from China, develop local production, and strengthen the energy sector."
04_ge_original_IPN_news.csv,IPN_news4,IPN_news4
04_ge_original_IPN_news.csv,"მაკა ბოჭორიშვილი პაველ ჰერჩინსკიზე - არ გვჭირდება საზოგადოების პოლარიზების და რადიკალური დღის წესრიგის წახალისება, არ გვჭირდება არც ბნელი წარსული და არც მსგავსი მუქარა - ხელისუფლება ყველაზე კარგად გრძნობს, რომელი გზის გასაყარზე დგას საქართველო (27.04.2026, 14:01)","Maka Bochorishvili on Pawel Herczynski - We do not need encouragement of societal polarization and a radical agenda; we do not need either a dark past or similar threats - the authorities know best that Georgia stands at a crossroads of which path to take (27.04.2026, 14:01)"
04_ge_original_IPN_news.csv,"როგორი განმარტებაც არ უნდა მოვისმინოთ, ფაქტები და ქმედებები ფაქტებად და ქმედებებად რჩება. სურათი, რომელსაც ვხედავთ, მიუღებელია, - ამის შესახებ საგარეო საქმეთა მინისტრმა, მაკა ბოჭორიშვილმა ევროკავშირის ელჩთან, პაველ ჰერჩინსკისთან შეხვედრის დასრულების შემდეგ ჟურნალისტებთან განაცხადა.","No matter what explanation we hear, facts and actions remain facts and actions. The picture we are seeing is unacceptable,” said Foreign Minister Maka Bochorishvili to journalists after the meeting with the EU Ambassador, Pawel Herczynski, had concluded."
04_ge_original_IPN_news.csv,"მისი თქმით, ხელისუფლება ყველაზე კარგად გრძნობს, რომელი გზის გასაყარზე დგას საქართველო და რამდენად არ გვჭირდება არც ბნელი წარსული და არც მსგავსი მუქარები.","According to him, the authorities understand best at what crossroads Georgia stands and how much we need neither a dark past nor similar threats."
04_ge_original_IPN_news.csv,"„ჩვენზე, ქართველებზე და ქართველი ხალხის მიერ არჩეულ ხელისუფლებაზე უკეთ ვერავინ მიხვდება და გაიგებს, რომელ გზაგასაყარზე დგას ეს ქვეყანა. ქართველი ხალხის ნება გამოხატულია საქართველოს ხელისუფლების არჩევანში. ხელისუფლება წარმოადგენს იმ ხალხის ნებას, რომელზეც ასე ღელავენ. შესაბამისად, ხელისუფლება ყველაზე კარგად გრძნობს, რომელი გზის გასაყარზე დგას საქართველო, რამდენად სჭირდება საქართველოს უსაფრთხოებას გაფრთხილება და რამდენად გვჭირდება სტაბილურობა. რამდენად არ გვჭირდება ამ საზოგადოების პოლარიზების და რადიკალური დღის წესრიგის წახალისება. ასევე, არ გვჭირდება არც ბნელი წარსული და არც მსგავსი მუქარები“, - განაცხადა ბოჭორიშვილმა.","“No one can understand and grasp better than us, Georgians, and the government elected by the Georgian people, at what crossroads this country stands. The will of the Georgian people is expressed in the choice of the Government of Georgia. The government represents the will of the people they care so much about. Accordingly, the government feels best which crossroads Georgia stands at, how much Georgia’s security needs caution, and how much we need stability. How much we do not need the encouragement of polarization in this society and of a radical agenda. We also do not need either a dark past or similar threats,” Bochorishvili said."
04_ge_original_IPN_news.csv,"კითხვაზე, რა იყო პაველ ჰერჩინსკის განცხადებაში მუქარის შემცველი, ბოჭორიშვილმა უპასუხა, რომ მიუღებელია ყველაფერი ის, რაც საზოგადოებაში აღვივებს პოლარიზებას.","To the question of what was threatening in Pavel Herczynski’s statement, Bochorishvili replied that everything that stirs polarization in society is unacceptable."
04_ge_original_IPN_news.csv,"„ის განცხადებები, ქმედებები, ნაბიჯები, რომელიც ბრიუსელის მხრიდან იდგმება, ის დამოკიდებულება, რომელსაც საქართველოს ხელისუფლებასთან მიმართებაში ვხედავთ, არის მიუღებელი და მიმართულია ამ საზოგადოებაში პოლარიზაციისკენ. მიუღებელია ყველაფერი ის, რაც ჩვენს საზოგადოებაში აღვივებს პოლარიზებას და მიუღებელია რადიკალური დღის წესრიგის წახალისება“, - აღნიშნა საგარეო საქმეთა მინისტრმა.","“Those statements, actions, and steps taken by Brussels, the attitude we see toward the Georgian government, are unacceptable and are aimed at polarization in this society. Everything that fuels polarization in our society is unacceptable, and encouraging a radical agenda is unacceptable,” the Foreign Minister noted."
04_ge_original_IPN_news.csv,"კითხვაზე, მოისმინა თუ არა მან განმარტება პაველ ჰერჩინსკის მხრიდან მის განცხადებაზე, ბოჭორიშვილმა უპასუხა, რომ აქვთ მოლოდინი, რომ ბრიუსელიდან ის დამოკიდებულება იქნება, რასაც საქართველო იმსახურებს.","On the question of whether she had heard an explanation from Pawel Herczynski regarding his statement, Bochorishvili replied that they expect Brussels to show the kind of attitude that Georgia deserves."
04_ge_original_IPN_news.csv,"„როგორი განმარტებაც არ უნდა მოვისმინოთ, ფაქტები და ქმედებები ფაქტებად და ქმედებებად რჩება. სურათი, რომელსაც ვხედავთ, მიუღებელია. საქართველო არის კეთილსინდისიერი პარტნიორი! მას ევროკავშირთან მიმართებით არაფერი გაუკეთებია იმისთვის, რომ დაზიანებულიყო ევროკავშირის რომელიმე ინტერესი. შესაბამისად, ევროკავშირის მხრიდან ჩვენც მოველით, რომ ბრიუსელიდან ის დამოკიდებულება იქნება, რასაც საქართველო იმსახურებს - კეთილსინდისიერ ურთიერთობაში. ამას ვერ ვხედავთ ამ ეტაპზე და ამის გამოხატულებაა ის ნაბიჯებიც, რასაც ვხედავთ. თუ გვინდა, რომ ურთიერთობები ისევ ნორმალურ რეჟიმში გადავიდეთ, მინიმუმ ერთმანეთს პატივი უნდა ვცეთ და მინიმუმ უნდა იყოს ნდობაზე დაფუძნებული ეს ურთიერთობები, რომელსაც ასეთი განცხადებები, არყევს“, - განაცხადა მაკა ბოჭორიშვილმა.","“Whatever explanation we may hear, facts and actions remain facts and actions. The picture we are seeing is unacceptable. Georgia is a good-faith partner! It has done nothing in relation to the European Union to harm any EU interests. Accordingly, we also expect from the European Union that the attitude from Brussels will be what Georgia deserves — in a good-faith relationship. We do not see that at this stage, and the steps we are seeing are a reflection of that. If we want relations to return to a normal mode, at the very least we must respect one another, and at the very least these relations must be based on trust, which such statements undermine,” Maka Bochorishvili said."
04_ge_original_IPN_news.csv,"ცნობისთვის, საქართველოში ევროკავშირის ელჩ პაველ ჰერჩინსკისა და საგარეო საქმეთა მინისტრ მაკა ბოჭორიშვილს შორის დღეს შეხვედრა გაიმართა. პაველ ჰერჩინსკის შეხვედრაზე დაბარება მის მიერ გაკეთებულ განცხადებას უკავშირდებოდა. შეგახსენებთ იმასაც, რომ ევროკავშირის ელჩმა საქართველოში პაველ ჰერჩინსკიმ ბრიუსელში, ევროპის საგარეო ქმედებათა სამსახურში, სადაც დოკუმენტური ფოტოგამოფენა „საქართველო ფოკუსში“ გაიხსნა, აღნიშნა, რომ საქართველო სწორ ტრაექტორიაზე აღარ იმყოფება. ელჩის თქმით, „ხელისუფლებამ აირჩია ალტერნატიული, ავტორიტარიზმის მოდელი და საქართველოს ევროკავშირს აშორებს“.","For your information, a meeting was held today between EU Ambassador to Georgia Pavel Herczynski and Foreign Minister Maka Bochorishvili. Pavel Herczynski was summoned to the meeting in connection with a statement he had made. It should also be recalled that the EU Ambassador to Georgia, Pavel Herczynski, said in Brussels at the European External Action Service, where the documentary photo exhibition “Georgia in Focus” was opened, that Georgia was no longer on the right trajectory. According to the ambassador, “the authorities have chosen an alternative, authoritarian model and are moving Georgia away from the European Union.”"
04_ge_original_IPN_news.csv,"„საქართველო გზაგასაყარზე დგას. საქართველოს მომავალი ჯერ არ დაწერილა, მაგრამ ის, რაც მომავალ კვირებსა და თვეებში გადაწყდება, განსაზღვრავს, ეკუთვნის საქართველო ევროპული ქვეყნების ოჯახს, რომელიც დაფუძნებულია დემოკრატიაზე, კანონის უზენაესობასა და ადამიანის უფლებებზე, თუ სამწუხაროდ, თავის ბნელ წარსულს დაუბრუნდება. ჩემი მთავარი გზავნილი ქართველი ხალხის მიმართ არის „ნუ დაკარგავთ იმედის“. ჩვენ არ უნდა დავუშვათ, რომ საქართველო და შესანიშნავი, თბილი, სტუმართმოყვარე ქართველი ხალხი დაბრუნდეს ძალადობის, სამოქალაქო ომის, სიღარიბის, გაჭირვების, კორუფციის ბნელ დროში. ეს არ არის ის მომავალი, რომელსაც ისინი იმსახურებენ. როგორც კი ხელისუფლება გამოთქვამს ჩვენთან თანამშრომლობის სურვილს, ჩვენ ყველაფერს გავაკეთებთ იმისათვის, რომ დავეხმაროთ საქართველოს გახდეს ევროკავშირის წევრი“, - განაცხადა ჰერჩინსკიმ, რომლის ციტატასაც „ნეტგაზეთი“ ავრცელებს.","“Georgia stands at a crossroads. Georgia’s future has not yet been written, but what will be decided in the coming weeks and months will determine whether Georgia belongs to the family of European countries founded on democracy, the rule of law, and human rights, or whether, unfortunately, it will return to its dark past. My main message to the Georgian people is: ‘Do not lose hope.’ We must not allow Georgia and the wonderful, warm, hospitable Georgian people to return to the dark times of violence, civil war, poverty, hardship, and corruption. This is not the future they deserve. As soon as the authorities express a desire to cooperate with us, we will do everything possible to help Georgia become a member of the European Union,” said Herchinski, as quoted by Netgazeti."
05_ge_original_IPN_news.csv,IPN_news5,IPN_news5
05_ge_original_IPN_news.csv,"დეკანოზი ანდრია ჯაღმაიძე - კანდიდატი უნდა იყოს არაუმეტეს 70 წლისა, რაც შეეხება განათლებას, როცა ადამიანს სამსახურში შეაქვს განცხადება, იტყვის, დიპლომი არ მაქვს, მაგრამ განათლებული ვარო?! - სინოდმა უნდა იხელმძღვანელოს მკაცრად, მართვა-გამგეობის დებულებით (28.04.2026, 11:40)","Archpriest Andria Jaghmaidze - The candidate must be no older than 70 years. As for education, when a person submits an application for a job, would he say, “I don’t have a diploma, but I am educated”? The Synod must act strictly in accordance with the Statute on Governance and Administration (28.04.2026, 11:40)"
05_ge_original_IPN_news.csv,"კრიტერიუმებში ჩვენ ვკითხულობთ, რომ უნდა იყოს ქართველი, უნდა იყოს, ბერი, უნდა იყოს სინოდის წევრი, უნდა ჰქონდეს განათლება და ასაკზე არის მითითება, რომ 40 წელი უნდა ჰქონდეს შესრულებული და არაუმეტეს 70 წლისა უნდა იყოს - მართვა-გამგეობის დებულების შეცვლის უფლება არ აქვს ამ სინოდს და უნდა იხელმძღვანელოს მკაცრად მართვა - გამგეობის დებულებით,- ამის შესახებ საპატრიარქოს საზოგადოებასთან ურთიერთობის სამსახურის უფროსმა დეკანოზმა ანდრია ჯაღმაიძემ განაცხადა.","In the criteria, we read that he must be Georgian, must be a monk, must be a member of the Holy Synod, must have an education, and there is an age requirement stating that he must be at least 40 years old and no older than 70. This synod does not have the right to change the statute on governance and administration and must strictly follow the governance and administration statute,” said Archpriest Andria Jaghmaidze, head of the Patriarchate’s Public Relations Service."
05_ge_original_IPN_news.csv,"მისი თქმით, ეკლესიის ცხოვრებისთვის მნიშვნელოვანია, რომ განსაზღვრული წესი დაცული იყოს.","According to him, it is important for the life of the Church that a certain order be observed."
05_ge_original_IPN_news.csv,"„დღეს იქნება სინოდზე სამი საპატრიარქო კანდიდატის გამორჩევა და შემდგომი სინოდი, გაფართოებული სხდომა იქნება უკვე პატრიარქის გამოსავლენად.","“Today, three patriarchal candidates will be selected at the Synod, and the subsequent Synod, an expanded session, will then be held to choose the Patriarch."
05_ge_original_IPN_news.csv,"კრიტერიუმებში ჩვენ ვკითხულობთ, რომ უნდა იყოს ქართველი, უნდა იყოს ბერი, უნდა იყოს სინოდის წევრი, უნდა ჰქონდეს განათლება და ასაკზე არის მითითება, რომ 40 წელი უნდა ჰქონდეს შესრულებული და არაუმეტეს 70 წლისა უნდა იყოს.","In the criteria, we read that the person must be Georgian, must be a monk, must be a member of the Synod, must have an education, and there is an age requirement stating that they must be at least 40 years old and no older than 70."
05_ge_original_IPN_news.csv,"მე ვარ მათემატიკოსი, სიტყვა არაუმეტეს 70 წლისა, ნიშნავს, რომ 70-ს ნებისმიერი დროის დამატებით უკვე აღარ არის არაუმეტეს 70-ისა. ანუ 70-ს პლუს რაღაც დღეები და თვეები, უკვე უმეტეს 70-ისაა, როგორც მათემატიკოსისთვის, ჩემთვის, ეს არის სრულიად წყალი, თუმცა, ვნახოთ, სინოდი ამაზე რა გადაწყვეტილებას მიიღებს.","I am a mathematician, and the phrase “no more than 70 years old” means that once you add any amount of time to 70, it is no longer “no more than 70.” In other words, 70 plus some days and months is already more than 70. As a mathematician, for me, this is completely clear, but let’s see what decision the synod will make about this."
05_ge_original_IPN_news.csv,"მეორე არის, რომ მართვა-გამგეობის დებულების შეცვლის უფლება არ აქვს ამ სინოდს და უნდა იხელმძღვანელოს მკაცრად მართვა- გამგეობის დებულებით. განათლების თემას რაც შეეხება, როგორ წარმოგიდგენიათ, როდესაც ადამიანს დიპლომი არ აქვს და სამსახურში ვაკანსიაზე შეაქვს განცხადება, რას იტყვის, რომ დიპლომი არ მაქვს, მაგრამ განათლებული ადამიანი ვარო?! ეს არც ერთ სამსახურში არ გაჭრის.","The second point is that this synod does not have the right to change the statute of administration and governance and must strictly abide by the statute of administration and governance. As for the topic of education, how do you imagine that when a person does not have a diploma and applies for a job vacancy, what will he say—that he does not have a diploma, but is an educated person?! That will not work in any job."
05_ge_original_IPN_news.csv,"ყველა საკითხი შეიძლება დადგეს ინტერპრეტაციის ქვეშ, მაგალითად, დადგეს საკითხი, რას ნიშნავს ქართველი. მე მყავდა მეგობარი, იეზიდი და შინაგანად იყო ძალიან კარგი ქართველი, ახლა ასე თუ ვიმსჯელებთ, ყველაფერი შეიძლება ეჭვქვეშ დავაყენოთ. არსებობს ასეთი ცნებაც „ფარული ბერები“ და ახლა აქ კრიტერიუმში წერია ბერი - „ფარული ბერი“ ნიშნავს, რომ აღკვეცილი არ არის, მაგრამ ბერულად ცხოვრობს ანუ ყველაფერი შეიძლება დადგეს ინტერპრეტაციის ქვეშ. ასე რომ, მე ვფიქრობ, ძალიან მნიშვნელოვანია ეკლესიის ცხოვრებისთვის, რომ წესი, რომელიც განსაზღვრულია, იყოს დაცული.","All matters can be subject to interpretation. For example, the question may arise: what does “Georgian” mean? I had a friend, a Yazidi, who was inwardly a very good Georgian; now, if we reason like this, everything can be called into question. There is also such a concept as “hidden monks,” and here the criterion says “monk” — a “hidden monk” means someone who has not been tonsured, but lives as a monk; in other words, everything can be subject to interpretation. So I think it is very important for the life of the Church that the rule that has been defined be observed."
05_ge_original_IPN_news.csv,"უმეტესობა ეპარქიებიდან უკვე მივიღეთ ინფორმაცია დელეგატების შესახებ,“-განაცხადა ანდრია ჯაღმაიძემ.","“From most of the dioceses, we have already received information about the delegates,” said Andria Jagmaidze."
06_ge_original_IPN_news.csv,IPN_news6,IPN_news6
06_ge_original_IPN_news.csv,"არმაზ ახვლედიანი - ხელისუფლება მხარს უჭერდა მეუფე შიოს, ეს ცხადზე ცხადია, ის ჩარეული იყო და არის - ეს დავინახეთ და მაქვს ეჭვი, დავინახავთ ისტორიული სინოდის დაწყებამდეც, სადაც უნდა გამოირჩიონ პატრიარქი (28.04.2026, 19:37)","Armaz Akhvlediani - The authorities supported Metropolitan Shio, that is crystal clear; he was involved and still is - we saw that, and I have a suspicion that we will see it even before the start of the historic synod, where the Patriarch is to be elected (28.04.2026, 19:37)"
06_ge_original_IPN_news.csv,"შესაძლოა საბოლოო სხდომისთვის, სადაც პატრიარქი უნდა გამოირჩიოს სინოდმა, გარკვეულწილად შეიცვალოს კონფიგურაცია - დაწინაურდა მეუფე შიო, მაგრამ არ ვიჩქარებდი და საბოლოო დასკვნას არ გავაკეთებდი, - ამის შესახებ პოლიტიკოსმა არმაზ ახვლედიანმა „პალიტრანიუსის“ გადაცემაში „რეზიუმე“ განაცხადა.","“Perhaps for the final session, where the Patriarch is to be chosen by the Synod, the configuration may change somewhat — Bishop Shio has been promoted, but I would not rush and would not draw a final conclusion,” politician Armaz Akhvlediani said in the “Resume” program on “PalitraNews.”"
06_ge_original_IPN_news.csv,"არმაზ ახვლედიანის თქმით, ყველაფერი დამოკიდებული იქნება იმაზე, თუ სად წავა დანარჩენი ორი კანდიდატის ხმები.","According to Armaz Akhvlediani, everything will depend on where the votes of the other two candidates go."
06_ge_original_IPN_news.csv,"„მთავარი გადაწყვეტილება წინაა, დღეს მხოლოდ კანდიდატები გამოირჩია სინოდის სხდომამ, ჩვენ უკვე ვიცით მონაცემები, ვინ რამდენი ხმა მიიღო. არც ის დაგვავიწყდეს, რომ შესაძლოა, საბოლოო სხდომისთვის, სადაც პატრიარქი უნდა გამოირჩიოს სინოდმა, არ იქნება გამორიცხული, რომ გარკვეულწილად შეიცვალოს კონფიგურაცია. თუმცა კი, დღეს ჩანს, ვინ დაწინაურდა, დაწინაურდა მეუფე შიო, მაგრამ არ ვიჩქარებდი და საბოლოო დასკვნას არ გავაკეთებდი, სხვებისგან განსხვავებით.","“The main decision lies ahead; today the Synod session only selected the candidates. We already know the figures, who received how many votes. Let us not forget either that, by the final session, where the Synod is to choose the Patriarch, it is not impossible that the configuration may change to some extent. However, today it is clear who has moved ahead: Metropolitan Shio has moved ahead, but I would not rush and would not draw a final conclusion, unlike others.”"
06_ge_original_IPN_news.csv,"დღეს პატრიარქს არ ირჩევდნენ, დღეს მხოლოდ სამი კანდიდატი იქნა დასახელებული და მაშინ, როდესაც ერთი იქნება გამოსარჩევი, შესაძლოა დანარჩენი ორი შეთანხმდეს იმაზე, სად წავა მათი და აგრეთვე სხვების ხმები“, - განაცხადა არმაზ ახვლედიანმა.","“Today, the Patriarch was not being elected; today only three candidates were nominated, and when one is to be chosen, it is possible that the other two may agree on where their votes, as well as the votes of others, will go,” said Armaz Akhvlediani."
06_ge_original_IPN_news.csv,"არმაზ ახვლედიანის განცხადებით, ცხადზე ცხადია, რომ ხელისუფლება საპატრიარქო არჩევნებში ერევა და მხარს უჭერს მეუფე შიოს.","According to Armaz Akhvlediani, it is crystal clear that the authorities are interfering in the Patriarchate elections and supporting Bishop Shio."
06_ge_original_IPN_news.csv,"„ხელისუფლება მხარს უჭერდა მეუფე შიოს, ეს ცხადზე ცხადია. ის ჩარეული იყო და არის. მოდით პირდაპირ ვთქვათ, ყველა სახელისუფლო მედია, დილიდან საღამომდე, აქტიურად, ყველა კონტექსტში, რა თემაზეც არ უნდა ესაუბრათ, პირდაპირ თუ ირიბად მხარს უჭერდა ამ ერთ კანდიდატს. ეს თუ ჩარევა არ არის, მაშინ ჩარევა რა არის?! რაც შეეხება სხვა გზით ჩარევას, მე ამაზე ვერ ვისაუბრებ, არ მაქვს არცერთი ფაქტი, რომ მქონდეს ვიტყოდი. მაგრამ, მაქვს საფუძვლიანი ეჭვი და ვარაუდი, რომ უკეთურ ხელისუფლებას ყველა დროში აქვს ზემოქმედების, ზეგავლენის, ზეწოლის ბერკეტი, მით უფრო იმ ხელისუფლებას, რომელსაც ავტორიტეტი აქვს განადგურებული და სჭირდება, რომ რაღაცას ჩაებღაუჭოს, ამ შემთხვევაში ინერციით მიღებულ ავტორიტეტს ეკლესიის და ეს გამოიყენოს სათავისოდ. ეს ჩვენ დავინახეთ ამ ხნის განმავლობაში და მე ეჭვი მაქვს, ამას ისტორიული სინოდის დაწყებამდეც დავინახავთ, სადაც უნდა გამოირჩიონ საბოლოო პატრიარქი“, - განაცხადა არმაზ ახვლედიანმა.","“The authorities supported Bishop Shio, that is crystal clear. They were involved and are involved. Let’s say it plainly: all government media, from morning till evening, actively, in every context, whatever topic they were discussing, directly or indirectly supported this one candidate. If that is not interference, then what is interference?! As for interference by other means, I cannot speak about that; I have no facts, and if I did, I would say so. But I have a well-founded suspicion and assumption that a bad government always has levers of influence, pressure, and sway, especially a government whose authority has been destroyed and which needs to cling to something—in this case, the church’s authority, acquired by inertia—and use it for its own benefit. We have seen this over this period, and I suspect we will see it even before the start of the historical synod, where the final patriarch is to be chosen,” said Armaz Akhvlediani."
06_ge_original_IPN_news.csv,"ინფორმაციისთვის, წმინდა სინოდმა სამი საპატრიარქო კანდიდატი გამოარჩია. სინოდის გადაწყვეტილებით, პატრიარქობის კანდიდატები იქნებიან: საპატრიარქო ტახტის მოსაყდრე, სენაკისა და ჩხოროწყუს მიტროპოლიტი შიო (მუჯირი), ურბნისისა და რუისის ეპარქიის მიტროპოლიტი იობი და ფოთისა და ხობის მიტროპოლიტი გრიგოლი.","For your information, the Holy Synod has selected three patriarchal candidates. By decision of the Synod, the candidates for the patriarchate will be: the locum tenens of the patriarchal throne, Metropolitan Shio (Mujiri) of Senaki and Chkhorotsku; Metropolitan Iobi of the Urbnisi and Ruisi diocese; and Metropolitan Grigol of Poti and Khobi."
06_ge_original_IPN_news.csv,"როგორც საპატრიარქოს საზოგადოებასთან ურთიერთობის სამსახურის უფროსმა დეკანოზმა ანდრია ჯაღმაიძემ ჟურნალისტებს განუცხადა, საპატრიარქო ტახტის მოსაყდრე შიომ მიიღო 20 ხმა, დანარჩენმა ორმა კანდიდატმა კი მიიღო 7-7 ხმა.ამასთან, მისივე განმარტებით, სხვა კანდიდატები იყვნენ მეუფე გრიგოლ კაცია, მეუფე დოსითეოსი და მეუფე მელქისედეკი.","As the head of the Patriarchate’s Public Relations Service, Archpriest Andria Jagmaidze, told journalists, the locum tenens of the Patriarchal Throne, Shio, received 20 votes, while the other two candidates received 7 votes each. He also explained that the other candidates were Bishop Grigol Katia, Bishop Dositeos, and Bishop Melkisedek."
07_ge_original_IPN_news.csv,IPN_news7,IPN_news7
07_ge_original_IPN_news.csv,"გიორგი შარაშიძე - რა ვიცე-პრემიერობაზე და სახელმწიფო მინისტრობაზეა საუბარი, კაბინეტსაც კი არ აძლევენ ნორმალურს, აპარატიც არ ექნება და მდივანიც არ ეყოლება - მდინარაძეს ვურჩევდი, ამ კაბინეტზეც ძალიან ნუ ჩაიციკლება და დისტანციურად იმუშაოს (28.04.2026, 12:04)","Giorgi Sharashidze - What vice-premiership and state minister position are we talking about? They won’t even give him a proper office; he won’t have an apparatus, and he won’t even have a secretary. I would advise Mdinaradze not to get too fixated on this office either and to work remotely. (28.04.2026, 12:04)"
07_ge_original_IPN_news.csv,"რა ვიცე-პრემიერობაზე და სახელმწიფო მინისტრობაზეა საუბარი, კაბინეტსაც კი არ აძლევენ ნორმალურს, აპარატიც არ ექნება და მდივანიც არ ეყოლება მდინარაძეს - ვურჩევდი, რომ ამ კაბინეტზეც ძალიან ნუ იქნება ჩაციკლული და დისტანციურად იმუშაოს სახლიდან, - ამის შესახებ პარტია „გახარია საქართველოსთვის” დეპუტატმა, გიორგი შარაშიძემ, სამართალდამცავი ორგანოების კოორდინირებისთვის სახელმწიფო მინისტრის თანამდებობის შექმნაზე საუბრისას განაცხადა. მისი თქმით, გენერალ-კოორდინატორის დანიშვნა არაფერს არ შეცვლის გარდა იმისა, რომ ეს მისი „დროებითი დაკმაყოფილება და პენსიაზე გაშვება იქნება“.","“What vice-premiership and state minister position are we talking about? They won’t even give him a proper office; he won’t have an office staff, and Mdinaradze won’t even have a secretary. I would advise him not to get too fixated on this office either and to work remotely from home,” said Giorgi Sharashidze, a member of the “Gakharia for Georgia” party, while speaking about the creation of the position of state minister for coordinating law enforcement agencies. According to him, appointing a general coordinator will change nothing except that it will be his “temporary appeasement and sending him off into retirement.”"
07_ge_original_IPN_news.csv,"„დაგეგმილ ცვლილებებს ჩვენი ქვეყნის მოქალაქეების პრობლემების და საქართველოს უსაფრთხოების საკითხების პრობლემების გადაჭრასთან არანაირი კავშირი არ აქვს. ეს არის არაფორმალური მმართველობის მორიგი გამოვლინება. „ოცნებას“ და იმ 89 დეპუტატს, რომელიც პარლამენტში ზის, არ აქვს, გარდა იმისა, რომ ივანიშვილის გადაწყვეტილებები, რომელსაც მათ არავინ არ უთანხმებს, უბრალოდ „გააპრავონ”. რა ვიცე-პრემიერობაზე და სახელმწიფო მინისტრობაზეა საუბარი, კაბინეტსაც კი არ აძლევენ ნორმალურს, აპარატიც არ ექნება და მდივანიც არ ეყოლება მდინარაძეს. მას ვურჩევდი, რომ ამ კაბინეტზეც ძალიან ნუ იქნება ჩაციკლული და დისტანციურად იმუშაოს მაშინ, სახლიდან.","“The planned changes have nothing to do with solving the problems of our country’s citizens or the issues of Georgia’s security. This is yet another manifestation of informal governance. ‘Dream’ and the 89 MPs sitting in Parliament have no role other than to simply ‘justify’ Ivanishvili’s decisions, which no one consults them about. What vice-premiership and state minister position are they talking about? They are not even giving him a proper office; he won’t have staff or even a secretary, either, for Mdinaradze. I would advise him not to get too fixated on this office and to work remotely then, from home.”"
07_ge_original_IPN_news.csv,"თუ კოორდინაცია არის ასეთი მნიშვნელოვანი - კოორდინაციისთვის სუს-ის ხელმძღვანელს ექვს თვეში არ ხსნიან. სახელმწიფო უსაფრთხოების სამსახური ექვსი წლის ვადით შემთხვევით არ ინიშნება - ეს ჩანაწერი კანონში შემთხვევით არ არის. ვხედავთ, რომ ბოლო ერთ წელიწადში უკვე ორი სუს-ის უფროსი შეიცვალა. ეს მიუთითებს არასტაბილურ გარემოზე და არაფორმალურ მმართველობაზე. ადამიანს ერთ დღეში გენერლობა მიანიჭეს დილით და საღამოს კოორდინატორად დააქვეითეს - ამ ადამიანისგან რა განსაკუთრებული მოლოდინები უნდა შევქმნათ?","If coordination is so important, then the head of the State Security Service is not dismissed after six months for the sake of coordination. The State Security Service is not appointed for a six-year term by accident — this provision is not in the law by accident. We can see that in the past year alone, two heads of the State Security Service have already been replaced. This indicates an unstable environment and informal governance. A person was granted the rank of general in the morning and demoted to coordinator in the evening on the same day — what special expectations should we have from such a person?"
07_ge_original_IPN_news.csv,"რაც შეეხება კოორდინატორობას - თავად „ოცნებამ“ შემოიტანა ეს ტერმინი და გუშინ ჩვენი ერთ-ერთი ლიდერი გიგა ფარულავა, იურიდიული კომიტეტის სხდომაზე, როდესაც ფაქტს ამბობდა, რომ კოორდინატორად ნიშნავთო, ისეთი გაღიზიანება მოჰყვა, ლექსიკა და ტონი დაუწუნეს. ეს კოორდინატორი „ოცნების“ მიერ შემოღებული ტერმინია და თუ მათთვის ეს შეურაცხმყოფელია, მაშინ თავად ახსნან საერთოდ საიდან მოიტანეს ეს ტერმინი. ამიტომ, როდესაც ვამბობთ, რომ ეს გენერალ-კოორდინატორის დანიშვნა არაფერს არ შეცვლის გარდა იმისა, რომ უბრალოდ ეს იქნება რაღაცა მისი დაკმაყოფილება დროებით და პენსიაზე გაშვება, ეს არის რეალობა“, - განაცხადა შარაშიძემ.","As for the coordinator role, it was the “Dream” party itself that introduced this term, and yesterday one of our leaders, Giga Farulava, at the session of the Legal Committee, when he stated the fact that you are appointing him as a coordinator, it caused such irritation that they criticized his wording and tone. This coordinator is a term introduced by “Dream,” and if it is offensive to them, then they should explain themselves where they even got this term from. Therefore, when we say that this appointment of a general coordinator will change nothing except that it will simply be some kind of temporary appeasement and a sending-off into retirement, that is the reality,” Sharashidze said."
07_ge_original_IPN_news.csv,"ცნობისთვის, პარლამენტი დაჩქარებული წესით იხილავს კანონის პროექტს, რომლის საფუძველზეც საქართველოს მთავრობის შემადგენლობაში სამართალდამცავი ორგანოების კოორდინაციის საკითხებში სახელმწიფო მინისტრის თანამდებობის შემოღება ხდება.","For your information, Parliament is considering, under an expedited procedure, a draft law on the basis of which the position of State Minister for Coordination of Law Enforcement Agencies is being introduced within the composition of the Government of Georgia."
07_ge_original_IPN_news.csv,"პროექტის მიხედვით, ახალი სახელმწიფო მინისტრის საქმიანობას მატერიალურ-ტექნიკურად და ორგანიზაციულად მთავრობის ადმინისტრაცია უზრუნველყოფს.","According to the project, the Government Administration will provide the new State Minister’s activities with material-technical and organizational support."
07_ge_original_IPN_news.csv,"მთავრობის საპარლამენტო მდივნის ვახტანგ ბაჩიაშვილის ინფორმაციით, სახელმწიფო მინისტრის უფლებამოსილებები მთავრობის დადგენილებაში დაზუსტდება, სადაც მისი რუტინული თუ სტრატეგიული უფლებამოსილებები გაიწერება.","According to Vakhtang Bachiashvili, the Parliamentary Secretary of the Government, the powers of the State Minister will be specified in a government resolution, where his routine and strategic responsibilities will be set out."
07_ge_original_IPN_news.csv,სამართალდამცავი ორგანოების კოორდინაციის საკითხებში სახელმწიფო მინისტრის თანამდებობაზე მამუკა მდინარაძე დაინიშნება.,Mamuka Mdinaradze will be appointed to the position of State Minister for Coordination of Law Enforcement Agencies.
08_ge_original_IPN_news.csv,IPN_news8,IPN_news8
08_ge_original_IPN_news.csv,"ე.წ. მცირე ზომის მარნების კლასიფიკაცია იცვლება - მცირე ზომის მარნად იმ ტიპის ღვინის საწარმო განისაზღვრება, რომლის წლიური წარმადობაც 25 000 ლიტრ ღვინოს არ აღემატება (16.04.2026, 16:24)","The classification of the so-called small wineries is changing — a small winery is defined as a wine-producing enterprise whose annual output does not exceed 25,000 liters of wine (16.04.2026, 16:24)"
08_ge_original_IPN_news.csv,"ე.წ. მცირე ზომის მარნების კლასიფიკაცია იცვლება - მცირე ზომის მარნად იმ ტიპის ღვინის საწარმო განისაზღვრება, რომლის წლიური წარმადობაც 25 000 ლიტრ ღვინოს არ აღემატება.","The classification of the so-called small wineries is changing — a small winery is defined as a wine production facility whose annual output does not exceed 25,000 liters of wine."
08_ge_original_IPN_news.csv,"გარდა ამისა, სავალდებულო ხდება საქართველოში წარმოებული დაცული ადგილწარმოშობის დასახელების ალკოჰოლიანი სასმელის, საექსპორტოდ და ადგილობრივ სამომხმარებლო ბაზარზე რეალიზაციისათვის განკუთვნილი ყველა კატეგორიის ღვინის ორგანოლეპტიკური შემოწმება. ეს მოთხოვნა იმ ღვინოზე არ გავრცელდება, რომელიც მცირე ზომის მარანში იქნება წარმოებული.","In addition, organoleptic inspection becomes mandatory for alcoholic beverages produced in Georgia with a protected designation of origin, as well as for all categories of wine intended for sale on the export market and the domestic consumer market. This requirement will not apply to wine produced in a small winery."
08_ge_original_IPN_news.csv,"შესაბამისი ცვლილებები “ვაზისა და ღვინის შესახებ“ კანონში ხორციელდება, რომელიც გარემოს დაცვისა და სოფლის მეურნეობის სამინისტრომ მოამზადა. პროექტი პარლამენტს მთავრობამ წარუდგინა.","The relevant amendments are being made to the “On Vine and Wine” law, which was prepared by the Ministry of Environmental Protection and Agriculture. The bill was submitted to Parliament by the government."
08_ge_original_IPN_news.csv,"პროექტის თანახმად, სარეალიზაციოდ განკუთვნილი, სერტიფიცირებული ალკოჰოლიანი სასმელის ნიშანდება სავალდებულო იქნება. ნიშანდებას ღვინის სააგენტო, გარემოს დაცვისა და სოფლის მეურნეობის მინისტრის მიერ დადგენილი წესით განახორციელებს.","According to the project, labeling of certified alcoholic beverages intended for sale will be mandatory. The labeling will be carried out by the Wine Agency in accordance with the procedure established by the Minister of Environmental Protection and Agriculture."
08_ge_original_IPN_news.csv,"„ვაზისა და ღვინის შესახებ“ მოქმედი კანონის გათვალისწინებით, მცირე ზომის მარანში მოიაზრებოდა მეწარმე, რომელსაც ტრადიციული საოჯახო მარანი აქვს და რომლის წლიური წარმადობა 40 000 ლიტრს არ აღემატება. ცვლილებებით, ეს რაოდენობა 40 000-დან 25 000 ლიტრამდე მცირდება.","“Regarding Grapevines and Wine” In accordance with the applicable law, a small winery was understood to mean an entrepreneur who has a traditional family winery and whose annual production does not exceed 40,000 liters. Under the amendments, this amount is reduced from 40,000 to 25,000 liters."
08_ge_original_IPN_news.csv,"„ვინაიდან მცირე ზომის მარნის ცნებამ და ჭარბმა წარმადობამ ფაქტიურად მისივე მნიშვნელობა დაკარგა, ამ ტერმინში ცვლილების განხორციელების და მცირე ზომის მარანში წარმოებული ღვინის წარმადობის ოდენობის შემცირების საჭიროება დგება.","“Since the concept of a small winery and excessive production has, in fact, lost its significance, there is a need to revise this term and reduce the production volume of wine produced in a small winery.”"
08_ge_original_IPN_news.csv,"გასათვალისწინებელია, რომ აღნიშნული ღვინო ორგანოლეპტიკური მახასიათებლებით, გემოვნური თვისებებით საერთო ზეგავლენას ახდენს ქართული ღვინის რეპუტაციაზე, როგორც ადგილობრივ, ასევე საერთაშორისო ბაზრებზე. სწორედ ამ საკითხის რეგულირებისათვის მნიშვნელოვანია სახლის ღვინის ნაცვლად, ახალი კატეგორიის - ბუნებრივი ღვინის დამატება, რომელზეც არ გავრცელდება სავალდებულო ორგანოლეპტიკური შემოწმება მხოლოდ იმ შემთხვევაში თუ წარმოებულია მცირე ზომის მარანში და ამავდროულად, აღნიშნული ღვინის ეტიკეტზე განთავსდება ბუნებრივი ღვინისათვის განკუთვნილი შესაბამისი ნიშანი, რაც მომხმარებლის წინასწარ ინფორმირებას უზრუნველყოფს თავად პროდუქტის შესახებ.","It should be taken into account that this wine, through its organoleptic characteristics and taste qualities, has an overall impact on the reputation of Georgian wine, both in the local and international markets. For precisely regulating this issue, it is important to add a new category — natural wine — instead of home wine, to which the mandatory organoleptic inspection will not apply only if it is produced in a small winery, and at the same time, the label of this wine will display the appropriate mark intended for natural wine, which will ensure that consumers are informed in advance about the product itself."
08_ge_original_IPN_news.csv,"ამასთან, მნიშვნელოვანია ქართული ღვინის ხარისხისა და რეპუტაციის შენარჩუნება როგორც ადგილობრივ, ასევე საერთაშორისო ბაზრებზე და შესაბამისად, მომხმარებლისათვის მაღალი ხარისხის პროდუქტის მიწოდების უზრუნველსაყოფად აუცილებელი ხდება, ყველა კატეგორიის ღვინო - როგორც საექსპორტო, ასევე ადგილობრივ ბაზარზე სარეალიზაციოდ განკუთვნილი - ორგანოლეპტიკურ შემოწმებას დაექვემდებაროს.","At the same time, it is important to maintain the quality and reputation of Georgian wine in both local and international markets, and accordingly, in order to ensure the delivery of a high-quality product to consumers, it becomes necessary for all categories of wine—both those intended for export and those intended for sale on the local market—to be subjected to organoleptic inspection."
08_ge_original_IPN_news.csv,"ზემოაღნიშნულიდან გამომდინარე, საკითხის რეგულირებისა და შესაბამისი მექანიზმების დანერგვის მიზნით, მიზანშეწონილია ალკოჰოლიან სასმელზე ნიშანდების შემოღება და ორგანოლეპტიკური შემოწმების ფარგლების გაფართოება”, - განმარტავს გარემოს დაცვისა და სოფლის მეურნეობის სამინისტრო კანონის პროექტზე თანდართულ განმარტებით ბარათში.","“Based on the above, in order to regulate the issue and introduce the relevant mechanisms, it is advisable to introduce labeling for alcoholic beverages and expand the scope of organoleptic inspection,” explains the Ministry of Environmental Protection and Agriculture in the explanatory note attached to the draft law."
09_ge_original_IPN_news.csv,IPN_news9,IPN_news9
09_ge_original_IPN_news.csv,"გრიგოლ გეგელია - პაველ ჰერჩინსკის საგარეო საქმეთა სამინისტროში დაბარება არის კიდევ ერთი ნათელი დასტური იმისა, რომ ეს ხელისუფლება ემსახურება ანტიქართულ მიზნებსა და მისწრაფებებს (27.04.2026, 12:12)","Grigol Gegelia - The summoning of Pawel Herczynski to the Ministry of Foreign Affairs is yet another clear proof that this government serves anti-Georgian goals and aspirations (27.04.2026, 12:12)"
09_ge_original_IPN_news.csv,"ჰერჩინსკის დაბარება არის კიდევ ერთი ნათელი დასტური იმისა, რომ ეს ხელისუფლება ყოველთვის ემსახურება ანტიქართულ მიზნებსა და მისწრაფებებს, - ამის შესახებ „ლელო- ძლიერი საქართველოს“ საგარეო მდივანმა გრიგოლ გეგელიამ ევროკავშირის ელჩის პაველ ჰერჩინსკის დაბარებასთან დაკავშირებით განაცხადა.","The summoning of Herchynski is yet another clear proof that this government always serves anti-Georgian goals and aspirations,” said Grigol Gegelia, Foreign Secretary of “Lelo-Strong Georgia,” regarding the summoning of EU Ambassador Pavel Herchynski."
09_ge_original_IPN_news.csv,"გეგელიას თქმით, იმ დროს, როდესაც საგარეო უწყების მიერ დაბარებულები არ არიან ირანის და უნგრეთის ელჩები, საქართველოს სტრატეგიული პარტნიორების წარმომადგენლების დაბარება აჩვენებს, რომ „ქართული ოცნების“ ხელისუფლება ქვეყნის სტრატეგიული ინტერესების დაზიანებას ემსახურება.","According to Gegelia, at a time when the ambassadors of Iran and Hungary have not been summoned by the Foreign Ministry, the summoning of representatives of Georgia’s strategic partners shows that the “Georgian Dream” government is serving to damage the country’s strategic interests."
09_ge_original_IPN_news.csv,"„იმ დროს, როდესაც ირანის ელჩი არ არის დაბარებული და არ არის გამოკითხული იმასთან დაკავშირებით თუ რატომ ემუქრებოდა ქართველ ხალხს ასეთი ენით, იმ დროს, როდესაც უნგრეთის ელჩი არ დაუბარებიათ და არ უკითხავთ რუსეთის ჯაშუში რომ მუშაობდა 4 წლის განმავლობაში საქართველოში, რასთან გვქონდა შეხება, იყო თუ არა უნგრეთი ინფორმირებული და როგორ უნდა აღვიქვათ ეს, რომ უნგრული დიპლომატიური საფარის ქვეშ ამ ქალაქში მუშაობდა, მაღალი ალბათობით, რუსეთის ჯაშუში და ასეთ ვითარებაში ბოჭორიშვილი საკუთარ თავს უფლებას აძლევს, რომ თავს დაესხას ყველა იმ ელჩს, რომელიც არის ამ ქვეყნის სტრატეგიული პარტნიორი სახელმწიფოს წარმომადგენელი. იქნება ეს ილიას სახელმწიფო უნივერსიტეტზე გაკეთებული განცხადების გამო თუ ელემენტარული პროდემოკრატიული განცხადებების გამო, იბარებს საქმის გასარჩევად იმ სახელმწიფოების ელჩებს, რომლებიც არიან ჩვენი ქვეყნის ყველაზე მნიშვნელოვანი სტრატეგიული პარტნიორები. ეს თვალნათლივ ადასტურებს, რომ ე.წ. ხელისუფლება არის საქართველოს მტრული ხელისუფლება, რომელიც ყველაფერს აკეთებს ჩვენი ქვეყნის ეროვნული საშინაო თუ საგარეო პოლიტიკური ინტერესების დასაზიანებლად,“ - განაცხადა გრიგოლ გეგელიამ.","“At a time when the Iranian ambassador has not been summoned and questioned about why he was threatening the Georgian people in such language, at a time when the Hungarian ambassador has not been summoned and asked about a Russian spy who worked in Georgia for four years, what exactly we were dealing with, whether Hungary was informed, and how we should understand the fact that, under Hungarian diplomatic cover, a Russian spy was working in this city with a high degree of probability, Bochorishvili allows herself to attack all those ambassadors who represent states that are strategic partners of this country. Whether because of a statement made about Ilia State University or because of elementary pro-democracy statements, she summons for questioning the ambassadors of states that are our country’s most important strategic partners. This clearly confirms that the so-called government is an anti-Georgian government, one that is doing everything to damage our country’s national domestic and foreign policy interests,” said Grigol Gegelia."
09_ge_original_IPN_news.csv,"შეგახსენებთ, ევროკავშირის ელჩმა საქართველოში პაველ ჰერჩინსკიმ ბრიუსელში, ევროპის საგარეო ქმედებათა სამსახურში, სადაც დოკუმენტური ფოტოგამოფენა „საქართველო ფოკუსში“ გაიხსნა, აღნიშნა, რომ საქართველო სწორ ტრაექტორიაზე აღარ იმყოფება. ელჩის თქმით, „ხელისუფლებამ აირჩია ალტერნატიული, ავტორიტარიზმის მოდელი და საქართველოს ევროკავშირს აშორებს“. „საქართველო გზაგასაყარზე დგას. საქართველოს მომავალი ჯერ არ დაწერილა, მაგრამ ის, რაც მომავალ კვირებსა და თვეებში გადაწყდება, განსაზღვრავს, ეკუთვნის საქართველო ევროპული ქვეყნების ოჯახს, რომელიც დაფუძნებულია დემოკრატიაზე, კანონის უზენაესობასა და ადამიანის უფლებებზე, თუ სამწუხაროდ, თავის ბნელ წარსულს დაუბრუნდება. ჩემი მთავარი გზავნილი ქართველი ხალხის მიმართ არის „ნუ დაკარგავთ იმედის“. ჩვენ არ უნდა დავუშვათ, რომ საქართველო და შესანიშნავი, თბილი, სტუმართმოყვარე ქართველი ხალხი დაბრუნდეს ძალადობის, სამოქალაქო ომის, სიღარიბის, გაჭირვების, კორუფციის ბნელ დროში. ეს არ არის ის მომავალი, რომელსაც ისინი იმსახურებენ.როგორც კი ხელისუფლება გამოთქვამს ჩვენთან თანამშრომლობის სურვილს, ჩვენ ყველაფერს გავაკეთებთ იმისათვის, რომ დავეხმაროთ საქართველოს გახდეს ევროკავშირის წევრი“, - განაცხადა ჰერჩინსკიმ, რომლის ციტატასაც „ნეტგაზეთი“ ავრცელებს.","Let me remind you that the EU Ambassador to Georgia, Pawel Herczynski, speaking in Brussels at the European External Action Service, where the documentary photo exhibition “Georgia in Focus” was opened, noted that Georgia is no longer on the right trajectory. According to the ambassador, “the government has chosen an alternative model of authoritarianism and is distancing Georgia from the European Union.”

“Georgia stands at a crossroads. Georgia’s future has not yet been written, but what is decided in the coming weeks and months will determine whether Georgia belongs to the family of European countries based on democracy, the rule of law, and human rights, or whether, unfortunately, it returns to its dark past. My main message to the Georgian people is: ‘Do not lose hope.’ We must not allow Georgia and the wonderful, warm, hospitable Georgian people to return to the dark times of violence, civil war, poverty, hardship, and corruption. This is not the future they deserve. As soon as the government expresses a desire to cooperate with us, we will do everything to help Georgia become a member of the European Union,” Herczynski said, as quoted by Netgazeti."
09_ge_original_IPN_news.csv,"აღნიშნული განცხადების შემდეგ, ელჩი საგარეო უწყებაში დაიბარეს.","Following the statement, the ambassador was summoned to the Ministry of Foreign Affairs."
10_ge_original_IPN_news.csv,IPN_news10,IPN_news10
10_ge_original_IPN_news.csv,IPN_news10a,IPN_news10a
10_ge_original_IPN_news.csv,"შალვა პაპუაშვილი - ზოგიერთი ევროპელი ბიუროკრატი გეოგრაფიაში ვერ ერკვევა, ჰგონია, რომ საქართველოს შეიძლება თავზე გადაახტე და ევროპა აზიას დააკავშირო - გეოგრაფიასთან ჭიდილი ჯერ არავის მოუგია (06.05.2026, 17:39)","Shalva Papuashvili - Some European bureaucrats do not understand geography; they think you can jump over Georgia and connect Europe to Asia - no one has ever won a fight against geography yet (06.05.2026, 17:39)"
10_ge_original_IPN_news.csv,"ზოგიერთ ევროპელ ბიუროკრატს ჰგონია, რომ საქართველოს შეიძლება თავზე გადაახტე და ევროპა აზიას ისე დააკავშირო - გეოგრაფიასთან ჭიდილი ჯერ არავის მოუგია! - ამის შესახებ დღეს პარლამენტის თავმჯდომარემ შალვა პაპუაშვილმა განაცხადა.",Some European bureaucrats think that they can jump over Georgia and connect Europe to Asia that way — but no one has ever won a fight against geography! — Parliament Speaker Shalva Papuashvili said today.
10_ge_original_IPN_news.csv,"პაპუაშვილის თქმით, “ის ბიუროკრატები, რომლებიც ფიქრობენ, რომ საქართველოს გვერდის ავლით და საქართველოს ვერ დანახვით რაიმეს შეძლებენ, გეოგრაფიასთან კიდევ ერთხელ დამარცხდებიან“.","According to Papuashvili, “those bureaucrats who think that by bypassing Georgia and not seeing Georgia they will be able to achieve something will once again be defeated by geography.”"
10_ge_original_IPN_news.csv,"“საუკუნეები ასეა - აბრეშუმის გზამ აქ ტყუილად კი არ გაიარა... გაიარა იმიტომ, რომ მაშინაც, ისევე როგორც ახლა, ეს იყო ყველაზე მოკლე და ყველაზე უსაფრთხო დამაკავშირებელი გზა ევროპასა და აზიას შორის. ზოგიერთი ბიუროკრატი გეოგრაფიაში ვერ ერკვევა. როგორც ამის წინ ერთ-ერთ სიუჟეტში ვნახეთ, მათ შორის საფრანგეთის ევროპის საქმეთა მინისტრმა ირანი რუკაზე ვერ მოძებნა. ასევე ვერ მოძებნიან ხოლმე თუ სად არის საქართველო. ზოგიერთ ევროპელ ბიუროკრატს ჰგონია, რომ საქართველოს შეიძლება თავზე გადაახტე და ევროპა აზიას ისე დააკავშირო - გეოგრაფიასთან ჭიდილი ჯერ არავის მოუგია“, - განაცხადა შალვა პაპუაშვილმა.","“Centuries have been like this — the Silk Road did not pass through here for nothing... It passed because then, just as now, this was the shortest and safest connecting route between Europe and Asia. Some bureaucrats are not well versed in geography. As we saw in one of the previous reports, among them, France’s Minister for European Affairs could not even find Iran on the map. They also sometimes cannot find where Georgia is. Some European bureaucrats think that you can simply jump over Georgia and connect Europe and Asia that way — no one has ever won a fight against geography,” said Shalva Papuashvili."
10_ge_original_IPN_news.csv,IPN_news10b,IPN_news10b
10_ge_original_IPN_news.csv,"შალვა პაპუაშვილი - ევროპარლამენტის სახით გვყავს საბჭოთა კავშირის სახალხო დეპუტატთა ყრილობის რეინკარნაცია, ხოლო ჩვენ ვფიქრობთ ევროპულად, როგორც დემოკრატიული ქვეყანა, ჩვენს შორის არის ღირებულებითი უფსკრული (06.05.2026,  17:46)","Shalva Papuashvili - In the form of the European Parliament, we have the reincarnation of the Congress of People’s Deputies of the Soviet Union, while we think in a European way, as a democratic country; there is a values gap between us (06.05.2026, 17:46)"
10_ge_original_IPN_news.csv,"ევროპარლამენტის სახით ჩვენ გვყავს საბჭოთა კავშირის სახალხო დეპუტატთა ყრილობის რეინკარნაცია. ჩვენს შორის არის ღირებულებითი უფსკრული. საბჭოთა მენტალიტეტის მქონე ადამიანებთან, გორბაჩოვის თანამებრძოლებთან და ფაშისტური განცხადებებით გამორჩეულ ხალხთან ქართველ ხალხს არაფერი საერთო არ აქვს, - ამის შესახებ პარლამენტის თავმჯდომარემ, შალვა პაპუაშვილმა ჟურნალისტებს ევროპარლამენტის საგარეო საქმეთა კომიტეტის მიერ საქართველოს შესახებ მიღებულ ანგარიშზე დასმული კითხვის საპასუხოდ განუცხადა.","“In the form of the European Parliament, we have a reincarnation of the Congress of People’s Deputies of the Soviet Union. There is a values gap between us. The Georgian people have nothing in common with people who have a Soviet mentality, with Gorbachev’s associates, and with people distinguished by fascist statements,” Parliament Speaker Shalva Papuashvili told journalists in response to a question about the report on Georgia adopted by the European Parliament’s Committee on Foreign Affairs."
10_ge_original_IPN_news.csv,"როგორც პაპუაშვილმა აღნიშნა, ევროპარლამენტთან ქართულ მხარეს სულ უფრო ნაკლები სასაუბრო რჩება.","As Papuashvili noted, the Georgian side has increasingly less to discuss with the European Parliament."
10_ge_original_IPN_news.csv,"“ჩვენ ვხედავთ, რომ ამ ხალხთან სასაუბრო სულ უფრო ნაკლები და ნაკლები გვრჩება. ჩვენ ვართ ღირებულებით ორ განსხვავებულ პოლუსზე. ევროპარლამენტის სახით ჩვენ გვყავს საბჭოთა კავშირის სახალხო დეპუტატთა ყრილობის რეინკარნაცია, ამ სიტყვის სრული მნიშვნელობით, ყველაფრით - ესთეტიკით, რასა იუკნევიჩიანეს რუსული აქცენტით, აბსოლუტურად ყველაფრით სრული რეინკარნაცია არის უკვე სახალხო დეპუტატთა ყრილობის, ხოლო ჩვენ ვფიქრობთ ევროპულად, ჩვენ ვფიქრობთ, როგორც დემოკრატიული ქვეყანა, ასე რომ, ჩვენს შორის არის ღირებულებითი უფსკრული. ის რაღაც ღირებულებითი აჯაფსანდალი, რომელიც დღეს ევროპარლამენტში ხდება, ამასთან ჩვენ საერთო არაფერი არ გვაქვს და ვერც გვექნება.","“We see that there is less and less left to talk about with these people. We are on two different value poles. In the form of the European Parliament, we have a reincarnation of the Congress of People’s Deputies of the Soviet Union, in the full sense of the word, in every respect — the aesthetics, Rasa Juknevičienė’s Russian accent, absolutely everything is a complete reincarnation of the Congress of People’s Deputies, while we think in a European way, we think as a democratic country, so there is a value gap between us. We have nothing in common with that kind of value jumble that is happening in the European Parliament today, and we never will.”"
10_ge_original_IPN_news.csv,"ევროკავშირის ეს ინსტიტუცია უნდა შეიცვალოს თვისებრივად იმისთვის, რომ საქართველოს პარლამენტსა და საქართველოს შეეძლოს მასთან რაიმე სახის ურთიერთობა. საბჭოთა მენტალიტეტის მქონე ადამიანებთან, გორბაჩოვის თანამებრძოლებთან და ფაშისტური განცხადებებით გამორჩეულ ხალხთან ქართველ ხალხს არაფერი საერთო არ აქვს”, - განაცხადა პაპუაშვილმა.","“This EU institution must be changed qualitatively in order for the Parliament of Georgia and Georgia to be able to have any kind of relationship with it. The Georgian people have nothing in common with people who have a Soviet mentality, with Gorbachev’s comrades-in-arms, and with people distinguished by fascist statements,” Papuashvili said."
10_ge_original_IPN_news.csv,IPN_news10c,IPN_news10c
10_ge_original_IPN_news.csv,"შალვა პაპუაშვილი - ზელენსკის საქართველოს პრემიერ-მინისტრი სანქცირებულთა სიაში ჰყავს შეყვანილი და ახლა მასთან მისვლა და გასაუბრება მოუწია - ეს მეტყველებს, რამდენად მცდარი იყო უკრაინის ხელისუფლების პოლიტიკა ქართველი ხალხის მიმართ (05.05.2026, 14:59)","Shalva Papuashvili - Zelensky has included Georgia’s Prime Minister on the sanctions list, and now he had to go and speak with him - this shows how misguided the Ukrainian authorities’ policy toward the Georgian people was (05.05.2026, 14:59)"
10_ge_original_IPN_news.csv,"ვფიქრობ, ინიციატივა, რომელიც გამოიჩინა პრეზიდენტმა ზელენსკიმ, რომ გასაუბრებოდა საქართველოს პრემიერ-მინისტრს, აჩვენებს, რომ ნებისმიერი პოლიტიკა, რომელიც თავშივე არის უსამართლო, განწირულია მარცხისთვის,- ამის შესახებ საქართველოს პარლამენტის თავმჯდომარემ შალვა პაპუაშვილმა განაცხადა.","I believe that the initiative shown by President Zelensky to speak with the Prime Minister of Georgia shows that any policy that is unjust from the outset is doomed to fail,” said Shalva Papuashvili, Speaker of the Parliament of Georgia."
10_ge_original_IPN_news.csv,"მისი თქმით, უკრაინის პრეზიდენტს საქართველოს პრემიერ-მინისტრი კობახიძე სანქცირებულთა სიაში ჰყავს შეყვანილი და ახლა მასთან მისვლა და გასაუბრება მოუწია.","According to him, the President of Ukraine has included Georgian Prime Minister Kobakhidze on the sanctions list, and now he had to go to him and speak with him."
10_ge_original_IPN_news.csv,"„ვფიქრობ, ეს თავად მეტყველებს იმაზე, თუ რამდენად მცდარი იყო უკრაინის ხელისუფლების პოლიტიკა ქართველი ხალხის მიმართ და იმედს მიჩენს, რომ ეს არის ნიშანი გადააზრებისა, რომ ქართველი ხალხის წინააღმდეგ მოქმედებას შედეგი არ გამოაქვს და ფსონის დადება იმ ძალებზე, რომლებიც ქართველი ხალხის ღალატით არიან ნაკვები, კარგ შედეგს არ მოუტანს. კიდევ ერთხელ, ჩვენ ყოველთვის ვამბობდით და არა მხოლოდ უკრაინასთან მიმართებით, არამედ ყველა იმ ქვეყანასთან და ხელისუფლებასთან მიმართებით, რომელიც საქართველოს მოსახლეობის მიმართ სხვადასხვა სახის უსამართლო პოლიტიკით არის დაკავებული, რომ ჩვენ ვრჩებით ცალმხრივი მეგობრობის ფორმატში, რაც გულისხმობს იმას, რომ ჩვენ ამ ურთიერთობებში ვართ მართლები. ვინც არასწორი ნაბიჯი გადადგა საქართველოსთან დაკავშირებით, საბოლოო ჯამში, იმედია, რომ გააცნობიერებს საკუთარი ნაბიჯის სიმცდარეს. ჩვენ ყოველთვის მზად ვართ, რომ გადავიაზროთ ყველა ეს ურთიერთობა.","“I think this in itself speaks to how misguided the policy of the Ukrainian authorities toward the Georgian people was, and it gives me hope that this is a sign of reconsideration, that acting against the Georgian people does not produce results, and that betting on forces nourished by betrayal of the Georgian people will not bring good results. Once again, we have always said, and not only with regard to Ukraine but also with regard to all those countries and authorities that are engaged in various kinds of unjust policies toward the population of Georgia, that we remain in a one-sided friendship format, which means that in these relations we are the ones in the right. Those who have taken the wrong step regarding Georgia will, in the end, hopefully realize the error of their action. We are always ready to reconsider all these relations.”"
10_ge_original_IPN_news.csv,"4 წელზე მეტია უკრაინის ხელისუფლებისგან, სამწუხაროდ, ვხედავთ პოლიტიკას, რომელიც არა თუ ქართველი ხალხის წინააღმდეგ არის მიმართული, უკრაინელის ხალხის ინტერესსაც არ ემსახურება. 4 წელია ვხედავთ, რომ ეს ურთიერთობა სწორედ უკრაინის ხელისუფლების გადაწყვეტილებით არის იმ წერტილზე მისული, სადაც არის. ჩვენ ამ ურთიერთობაში ყოველთვის ხაზს ვუსვამდით, რომ საქართველო და საქართველოს ხელისუფლება ყოველთვის მხარს ვუჭერდით უკრაინელ ხალხს და უკრაინას, არ არსებობს რეზოლუცია რომელსაც ჩვენ მხარი არ დავუჭირეთ. თუკი ვინმეს აქვს ნაბიჯი გადასადგმელი და გამოსასწორებელი, ეს არის უკრაინის ხელისუფლება.","For more than 4 years, we have unfortunately been seeing from the authorities of Ukraine a policy that is not only directed against the Georgian people, but also does not serve the interests of the Ukrainian people. For 4 years we have seen that this relationship has reached the point it is at precisely because of the decisions of the Ukrainian authorities. In this relationship, we have always emphasized that Georgia and the Georgian government have always supported the Ukrainian people and Ukraine; there is no resolution that we did not support. If anyone has a step to take and a correction to make, it is the Ukrainian authorities."
10_ge_original_IPN_news.csv,"როდესაც შენი ქვეყნის და ხალხის გვერდში მდგომ ხელისუფლების წარმომადგენლებს უწესებ სანქციებს, ეს არის ყველაფერი, გარდა მადლიერების გამოხატვისა. რაც შეეხება სხვა ქცევებს, ყველა ჩვენგანი ვიყავით ამ ყველაფრის მომსწრე, ჩვენი თვალით ვნახეთ და ჩვენი ყურით მოვისმინეთ, როდესაც პრეზიდენტმა ზელენსკიმ პირდაპირ მოითხოვა, რომ საქართველოს ხელისუფლებას მებრძოლები დაეორგანიზებინა და გაეშვა უკრაინაში საომრად და ამით ღიად ჩართულიყო, როგორც მხარე, რუსეთ-უკრაინის ომში. ამას ქართულად ჰქვია „ომში ჩათრევა“, არ ვიცი უკრაინულად რას ეძახიან.“- განაცხადა პაპუაშვილმა.","“When you impose sanctions on the representatives of the government that stands by your country and your people, that is anything but an expression of gratitude. As for other actions, all of us were witnesses to all of this; we saw it with our own eyes and heard it with our own ears when President Zelensky directly demanded that the Georgian government organize fighters and send them to Ukraine to fight, thereby openly getting involved as a party in the Russia-Ukraine war. In Georgian, this is called ‘dragging into war’; I do not know what they call it in Ukrainian,” Papuashvili said."
10_ge_original_IPN_news.csv,IPN_news10d,IPN_news10d
10_ge_original_IPN_news.csv,"შალვა პაპუაშვილი - სიმბოლურია, რომ 9 მაისამდე რამდენიმე დღით ადრე, იუკნევიჩიანე, რომელიც ფაშისტური განცხადებებით გამოირჩევა, რეზოლუციის ავტორია - ევროპარლამენტი თავს აჩენს, როგორც მემკვიდრე საბჭოთა კავშირის სახალხო ყრილობისა (05.05.2026, 14:52)","Shalva Papuashvili - It is symbolic that just a few days before May 9, Jučnevičienė, who is known for fascist statements, is the author of the resolution - the European Parliament is presenting itself as the heir to the Congress of People’s Deputies of the Soviet Union (05.05.2026, 14:52)"
10_ge_original_IPN_news.csv,"რამდენიმე დღეში გვექნება კიდევ ერთი აღნიშვნა ფაშიზმზე გამარჯვების დღისა და სიმბოლურია, რომ 9 მაისამდე რამდენიმე დღით ადრე, იუკნევიჩიანე, რომელიც გამოირჩევა ფაშისტური განცხადებებით ქართველი ხალხის მიმართ, ამ რეზოლუციის ავტორია,- ამის შესახებ საქართველოს პარლამენტის თავმჯდომარემ, შალვა პაპუაშვილმა განაცხადა.","In a few days, we will have another commemoration of Victory over Fascism Day, and it is symbolic that just a few days before May 9, Juknevičienė, who stands out for fascist statements toward the Georgian people, is the author of this resolution,” said the Speaker of the Georgian Parliament, Shalva Papuashvili."
10_ge_original_IPN_news.csv,"როგორც პაპუაშვილმა ევროპარლამენტის საგარეო საქმეთა კომიტეტის მიერ საქართველოს შესახებ მიღებულ ანგარიშზე დასმული კითხვის საპასუხოდ აღნიშნა, კიდევ ერთხელ ადასტურებს ევროპარლამენტი, რომ დღითიდღე თავს იმკვიდრებს როგორც „საბჭოთა კავშირის საკავშირო სახალხო დეპუტატთა ყრილობის მემკვიდრე“.","As Papuashvili noted in response to a question about the report on Georgia adopted by the European Parliament’s Committee on Foreign Affairs, the European Parliament once again confirms that it is increasingly establishing itself as the “heir to the Congress of People’s Deputies of the Soviet Union.”"
10_ge_original_IPN_news.csv,"„რაც შეეხება ქართველი ხალხის მიმართ მორიგ მტრულ ანგარიშს, თუ რეზოლუციას, რაც მზადდება, ამაში ახალი არაფერია. კიდევ ერთხელ ადასტურებს ევროპარლამენტი, რომ დღითიდღე თავს იმკვიდრებს როგორც საბჭოთა კავშირის საკავშირო სახალხო დეპუტატთა ყრილობის მემკვიდრე. თავს აჩენს, როგორც მემკვიდრე საბჭოთა კავშირის სახალხო ყრილობისა. რაც გასაკვირი არაა იმის გათვალისწინებით, რომ ვხედავთ საბჭოთა მოქალაქეებს ევროპარლამენტის რიგებში, საბჭოთა ნომენკლატურის თუ ელიტის წარმომადგენლებს, რომლებიც ევროპარლამენტში არიან მოკალათებულები. ვგულისხმობ ბალტიის ქვეყნების და აღმოსავლეთ ევროპის ზოგი ქვეყნის წარმომადგენელს. როგორც მოსკოვის საკავშირო ყრილობა იღებდა მტრულ გადაწყვეტილებებს საქართველოსთან დაკავშირებით, ასევე ბრიუსელის საკავშირო პარლამენტი იღებს დღეს ამგვარ მტრულ გადაწყვეტილებებს.","“As for the next hostile report, or resolution, being prepared against the Georgian people, there is nothing new in it. Once again, the European Parliament confirms that it is increasingly establishing itself as the heir to the Congress of People’s Deputies of the Soviet Union. It presents itself as the heir to the Soviet Union’s Congress of People’s Deputies. This is not surprising, given that we see Soviet citizens among the ranks of the European Parliament, representatives of the Soviet nomenklatura or elite who have settled into the European Parliament. I am referring to representatives from the Baltic countries and some Eastern European countries. Just as the all-Union congress in Moscow adopted hostile decisions regarding Georgia, so today the all-Union parliament in Brussels is adopting such hostile decisions.”"
10_ge_original_IPN_news.csv,"ამ რეზოლუციის ანგარიშის ავტორი არის იუკნევიჩიანე, რომელიც გამოირჩევა ფაშისტური განცხადებებით ქართველი ხალხის მიმართ, რაც ნიშანდობლივია. რამდენიმე დღეში გვექნება კიდევ ერთი აღნიშვნა ფაშიზმზე გამარჯვების დღისა და სიმბოლურია, რომ 9 მაისამდე რამდენიმე დღით ადრე, ადამიანი, იუკნევიჩიანე, რომელიც გამოირჩევა ფაშისტური განცხადებებით ქართველი ხალხის მიმართ, ამ რეზოლუციის ავტორია.“,- აღნიშნავს პაპუაშვილი.","“The author of this resolution report is Juknevičienė, who stands out for fascist statements toward the Georgian people, which is telling. In a few days, we will have another commemoration of Victory over Fascism Day, and it is symbolic that just a few days before May 9, a person, Juknevičienė, who stands out for fascist statements toward the Georgian people, is the author of this resolution,” Papuashvili notes."
10_ge_original_IPN_news.csv,"გარდა ამისა, პაპუაშვილის თქმით, „ბრიუსელი და უცხოური დაფინანსებაა სწორედ ის, ვინც საქართველოში კლავს თავისუფალ მედიას, იმორჩილებს მედიას საკუთარი პროპაგანდისთვის“.","In addition, according to Papuashvili, “Brussels and foreign funding are precisely what is killing free media in Georgia, subjugating the media for its own propaganda.”"
10_ge_original_IPN_news.csv,"რაც შეეხება უვიზო მიმოსვლის გადახედვასთან დაკავშირებულ კითხვას, გრძნობს თუ არა აღნიშნულზე პასუხისმგებლობას „ქართული ოცნება“. პარლამენტის თავმჯდომარის თქმით, „მიხეილ სააკაშვილის ფანკლუბი დაემუქრება ქართველ ხალხს სხვადასხვა ინსტრუმენტებით“.","As for the question related to reviewing visa-free travel, does “Georgian Dream” feel responsible for it? According to the Speaker of Parliament, “Mikheil Saakashvili’s fan club will threaten the Georgian people with various instruments.”"
10_ge_original_IPN_news.csv,"„ევროპარლამენტს რაც შეეხება, მიხეილ სააკაშვილის ფანკლუბი ნუ დაგველაპარაკება ჩვენ რაიმე ღირებულებაზე, რაიმე წესებზე, რაიმე კანონზე, ესენი არიან მიხეილ სააკაშვილის ფანკლუბი და ამით ყველაფერია ნათქვამი.","“As for the European Parliament, let Michael Saakashvili’s fan club not talk to us about any values, any rules, or any laws. They are Michael Saakashvili’s fan club, and that says it all.”"
10_ge_original_IPN_news.csv,"როდესაც ხარ დიქტატორის, მწამებლის, კორუმპირებული ადამიანის ფანკლუბის წევრი, ეს არის განაჩენი.","When you are a member of the fan club of a dictator, a torturer, a corrupt person, that is a verdict."
10_ge_original_IPN_news.csv,"გასაგებია, რომ მიხეილ სააკაშვილის ფანკლუბი დაემუქრება ქართველ ხალხს სხვადასხვა ინსტრუმენტებით. ამაში გასაკვირი არაფერია. როგორც სხვა დროს ცდილობდნენ, რომ დაგვაზიანონ, საბოლოო ჯამში ამას ვერ მიიღებენ. მთავარ რამეს ვერ მიიღებენ, ქართველმა ხალხმა იმოქმედოს მათი პოლიტიკური დღის წესრიგით.","It is understandable that Mikheil Saakashvili’s fan club will threaten the Georgian people with various tools. There is nothing surprising in that. As they have tried before to harm us, in the end they will not succeed. They will not achieve the main thing: that the Georgian people act according to their political agenda."
10_ge_original_IPN_news.csv,"არც ქართული ჟურნალისტიკა აინტერესებთ, არც ქართველი ხალხის კარგად ყოფნა, ერთადერთი, რაც იუკნევიჩიანეს და მსგავს აკვიატებული აზრების მქონე ადამიანებს აინტერესებთ, არის რომ საქართველო გამოიყენონ იარაღად რუსეთის წინააღმდეგ. ჩვენ ვართ დანახული, როგორც იარაღი რუსეთის წინააღმდეგ, ისინი სხვა დანიშნულებას ჩვენ ხალხში ვერ ხედავენ“, -განაცხადა შალვა პაპუაშვილმა.","“Neither Georgian journalism interests them, nor the well-being of the Georgian people; the only thing that interests Yukenavichiene and people with similar fixated ideas is to use Georgia as a weapon against Russia. We are seen as a weapon against Russia; they see no other purpose in our people,” said Shalva Papuashvili."
10_ge_original_IPN_news.csv,IPN_news10e,IPN_news10e
10_ge_original_IPN_news.csv,"შალვა პაპუაშვილი - დღევანდელი მოშლილი საერთაშორისო სისტემა გეოპოლიტიკური დაძაბულობით, ეკონომიკური გაურკვევლობითა და უსაფრთხოების დინამიკის ცვალებადობით ხასიათდება. (07.05.2026, 13:57)","Shalva Papuashvili - Today’s disordered international system is characterized by geopolitical tension, economic uncertainty, and shifting security dynamics. (07.05.2026, 13:57)"
10_ge_original_IPN_news.csv,"ჩემთვის დიდი პატივია, მონაწილეობა მივიღო საპარლამენტო დიპლომატიის შესახებ დისკუსიაში PAM-ის წევრი და პარტნიორი ქვეყნების პარლამენტების თავმჯდომარეებისა და პრეზიდენტების პირველი სამიტის ფარგლებში. საქართველოს ისტორიული კავშირები ხმელთაშუა ზღვის რეგიონთან ათასწლეულებს ითვლის და მოხარულები ვართ, რომ ვაგრძელებთ ამ ტრადიციას მას შემდეგ, რაც 35 წლის წინ ოფიციალურად მოვიპოვეთ დამოუკიდებლობა, - ამის შესახებ საქართველოს პარლამენტის თავმჯდომარემ შალვა პაპუაშვილმა, ხმელთაშუა ზღვის საპარლამენტო ასამბლეის (PAM) წევრი და პარტნიორი ქვეყნების პარლამენტების თავმჯდომარეების რიგით პირველ სამიტზე სიტყვით გამოსვლისას განაცხადა.","It is a great honor for me to take part in the discussion on parliamentary diplomacy within the framework of the first Summit of Speakers and Presidents of the Parliaments of PAM member and partner countries. Georgia’s historical ties with the Mediterranean region span millennia, and we are pleased to continue this tradition after officially regaining independence 35 years ago,” said the Speaker of the Parliament of Georgia, Shalva Papuashvili, in his address at the first-ever Summit of Speakers and Presidents of the Parliaments of PAM member and partner countries."
10_ge_original_IPN_news.csv,"როგორც შალვა პაპუაშვილმა აღნიშნა, დღევანდელი მოშლილი საერთაშორისო სისტემა გეოპოლიტიკური დაძაბულობით, ეკონომიკური გაურკვევლობითა და უსაფრთხოების დინამიკის ცვალებადობით ხასიათდება.","As Shalva Papuashvili noted, today’s disrupted international system is characterized by geopolitical tension, economic uncertainty, and shifting security dynamics."
10_ge_original_IPN_news.csv,"მისი თქმით, საზოგადოება არის წესებზე დაფუძნებული საერთაშორისო წესრიგის ჩამოშლის მოწმენი, რაც საგანგაშო პროცესია და ეჭვქვეშ აყენებს სახელმწიფოებს შორის სტაბილურობის, თანამშრომლობისა და ნდობის საფუძვლებს.","According to him, society is witnessing the collapse of the rules-based international order, which is an alarming process and calls into question the foundations of stability, cooperation, and trust among states."
10_ge_original_IPN_news.csv,"„განსაკუთრებული პატივია თქვენ წინაშე გამოსვლა PABSEC-ის პრეზიდენტის პოზიციიდან, რაც მაძლევს შესაძლებლობას, გავაჟღერო შავი ზღვის რეგიონის ქვეყნების პარლამენტარების ხმა. დღესდღეობით ჩვენი რეგიონი მსოფლიო არასტაბილურობის ეპიცენტრშია - მიმდინარეობს რუსეთ-უკრაინის ომი, რომელიც უკვე ოთხ წელზე მეტ ხანს გრძელდება.","“It is a particular honor to address you from the position of President of PABSEC, which gives me the opportunity to voice the concerns of the parliamentarians of the Black Sea region. Today, our region is at the epicenter of global instability — the Russia-Ukraine war is ongoing, and it has already lasted for more than four years."
10_ge_original_IPN_news.csv,"როგორ შეუძლია საპარლამენტო დიპლომატიას, ხელი შეუწყოს რეგიონულ მშვიდობასა და რეგიონთაშორის თანამშრომლობას? მაშინ, როდესაც გლობალური ორგანიზაციები ვერ ახერხებენ შედეგების მიღწევას, რეგიონულ ფორმატებს ეძლევათ უნიკალური შესაძლებლობა, უკეთესობისკენ შეცვალონ რეალობა: ჩვენ გვაერთიანებს საერთო პრაგმატული ინტერესები, რომლებიც უშუალოდ ჩვენი მოსახლეობის მიერ არის ჩვენზე დელეგირებული, რადგან პარლამენტები პირდაპირ გამოხატავენ ხალხის ნებას.","How can parliamentary diplomacy help promote regional peace and interregional cooperation? When global organizations fail to achieve results, regional formats are given a unique opportunity to change reality for the better: we are united by common pragmatic interests that are directly delegated to us by our people, because parliaments directly express the will of the people."
10_ge_original_IPN_news.csv,"შესაბამისად, რეგიონული გაერთიანებები ქმნიან ჩარჩოს, რომლის საშუალებითაც მეზობელ ქვეყნებს შეუძლიათ აწარმოონ დიალოგი, განიხილონ საერთო გამოწვევები და პრაქტიკულ გადაწყვეტილებებს მიაღწიონ. ხმელთაშუა ზღვის, შავი ზღვისა და ყურის რეგიონები ერთმანეთთან დაკავშირებული სივრცეებია, სადაც გაძლიერებულ თანამშრომლობას შეუძლია ხელშესახები შედეგების მოტანა. გაძლიერებული საპარლამენტო გაცვლები შესაძლოა სტაბილურობის, ინოვაციებისა და მდგრადი განვითარების ხიდად იქცეს. ეს კავშირები მშვიდობას დამატებით შანსებს მისცემს.","Accordingly, regional associations create a framework through which neighboring countries can engage in dialogue, discuss common challenges, and reach practical solutions. The Mediterranean, Black Sea, and Gulf regions are interconnected spaces where strengthened cooperation can yield tangible results. Enhanced parliamentary exchanges may become a bridge for stability, innovation, and sustainable development. These connections will give peace additional chances."
10_ge_original_IPN_news.csv,რეგიონთაშორისი თანამშრომლობის რომელი მთავარი მიმართულებები შეგვიძლია გამოვყოთ მშვიდობისა და სტაბილურობის მისაღწევად?,What main areas of interregional cooperation can we identify to achieve peace and stability?
10_ge_original_IPN_news.csv,"დაკავშირებადობა ამ თანამშრომლობაში ცენტრალურ ადგილს იკავებს. სტრატეგიული სატრანზიტო მარშრუტების, მათ შორის შუა დერეფნის განვითარება, ევროპასა და აზიას შორის ვაჭრობასა და ეკონომიკურ ურთიერთობებს ახლებურად აყალიბებს. ეს დერეფნები თანამშრომლობის არხებია, რომლებიც ჩვენს რეგიონებს აახლოებს და გლობალური მიწოდების ჯაჭვების მოწყვლადობას ამცირებს. დაკავშირებადების საკითხი მჭიდროდ არის დაკავშირებული ენერგეტიკულ უსაფრთხოებასთან, რომელიც ჩვენი საერთო მომავლისთვის გადამწყვეტ თემად იქცა. ენერგიის წყაროებისა და მარშრუტების დივერსიფიკაცია აუცილებელია სტაბილურობისა და მედეგობის უზრუნველსაყოფად, განსაკუთრებით ევროპისთვის. ალტერნატიულ ენერგორესურსებსა და ინფრასტრუქტურაზე თანამშრომლობის გაძლიერებით, ჩვენ ხელს შევუწყობთ ეკონომიკურ ზრდას და უფრო უსაფრთხო და მდგრად ენერგეტიკულ გარემოს შევქმნით“, - განაცხადა შალვა პაპუაშვილმა.","Connectivity occupies a central place in this cooperation. The development of strategic transit routes, including the Middle Corridor, is reshaping trade and economic relations between Europe and Asia. These corridors are channels of cooperation that bring our regions closer together and reduce the vulnerability of global supply chains. The issue of connectivity is closely linked to energy security, which has become a crucial topic for our shared future. Diversifying energy sources and routes is essential to ensure stability and resilience, especially for Europe. By strengthening cooperation on alternative energy resources and infrastructure, we will contribute to economic growth and create a safer and more sustainable energy environment,” said Shalva Papuashvili."
10_ge_original_IPN_news.csv,IPN_news10f,IPN_news10f
10_ge_original_IPN_news.csv,"შალვა პაპუაშვილი პაველ ჰერჩინსკის წერილით მიმართავს (08.05.2026, 10:34)","Shalva Papuashvili addresses Pavel Herczynski with a letter (08.05.2026, 10:34)"
10_ge_original_IPN_news.csv,"საქართველოს პარლამენტის თავმჯდომარე შალვა პაპუაშვილი ევროკავშირის ელჩს, პაველ ჰერჩინსკის წერილით მიმართავს.","The Speaker of the Parliament of Georgia, Shalva Papuashvili, addresses a letter to the Ambassador of the European Union, Pawel Herczynski."
10_ge_original_IPN_news.csv,"პაპუაშვილი წერილს სოციალურ ქსელში ავრცელებს და წერს, რომ ჰერჩინსკის ევროპის დღესთან დაკავშირებით მიმართავს.",Papuašvili is sharing the letter on social media and writes that he is addressing Herchinski on the occasion of Europe Day.
10_ge_original_IPN_news.csv,"„გილოცავთ ევროპის დღეს. ამ მნიშვნელოვან დღეს, სიმბოლური აღნიშვნის გარდა, უნდა დავფიქრდეთ იმაზე, თუ რეალურად რა არის ევროპა, როგორ აისახება მისი მნიშვნელობა მოქალაქეთა ცხოვრებაზე და როგორ განაპირობებს ის საქართველოსა და ევროკავშირის მომავალს.","“Happy Europe Day. On this important day, beyond the symbolic celebration, we should reflect on what Europe actually is, how its significance is reflected in the lives of citizens, and how it shapes the future of Georgia and the European Union."
10_ge_original_IPN_news.csv,"რობერ შუმანმა, ევროკავშირის ერთ-ერთმა დამფუძნებელმა მამამ და დიდმა ფრანგმა სახელმწიფო მოღვაწემ, მისი ისტორიული განცხადება სწორედ ამ დღეს, მეორე მსოფლიო ომის დასრულების მეხუთე წლისთავზე, გააკეთა. „შუმანის დეკლარაციას“ საფუძვლად ედო ერთი უმთავრესი მიზანი: უზრუნველეყო, რომ ომს აღარასოდეს გაენადგურებინა ევროპა. დეკლარაციის სულისკვეთება მკაფიო იყო - მშვიდობა ერთიანობით, თანამშრომლობა ურთიერთპატივისცემით და სტაბილურობა პასუხისმგებლობის გაზიარებით. ევროკავშირის დღევანდელი პოლიტიკაც სწორედ ამ ხედვის ფონზე უნდა შეფასდეს.","Robert Schuman, one of the founding fathers of the European Union and a great French statesman, made his historic declaration on this very day, the fifth anniversary of the end of World War II. The “Schuman Declaration” was based on one central objective: to ensure that war would never again devastate Europe. The spirit of the declaration was clear — peace through unity, cooperation through mutual respect, and stability through shared responsibility. The European Union’s current policy should also be assessed against this vision."
10_ge_original_IPN_news.csv,"რობერ შუმანისგან განსხვავებით, გასულ წელს, ევროპის დღეს, ქართველი ხალხისადმი თქვენს მიმართვაში, თქვენ არჩიეთ მეორე მსოფლიო ომის დასრულების წლისთავის უგულებელყოფა და, სანაცვლოდ, აქცენტი გააკეთეთ თქვენს პოლიტიკურ პრეტენზიებზე მასპინძელი ქვეყნის მიმართ. თუმცა, ალბათ ღირს შეხსენებად, რომ არა, სხვა ანტიფაშისტურ ერებთან ერთად, ქართველი ხალხის დღევანდელი თაობების მშობლები და პაპა-ბებიები, ვერც ფაშიზმი დამარცხდებოდა და არც ევროკავშირი და ევროპის დღე იარსებებდა. საქართველოში არ არსებობს ოჯახი, რომელმაც ამ ომში მსხვერპლი არ გაიღო. ევროპის დღის გამარჯვების დღისგან გამიჯვნა ჩვენთვის მიუღებელია. ამიტომ, იმედი მაქვს, რომ 9 მაისს, თქვენს შეკრებაზე, სათანადო პატივს მიაგებთ 300,000 ქართველს, რომელმაც სიცოცხლე დადო ფაშიზმისაგან თავისუფალი ევროპისათვის.","Unlike Robert Schuman, last year, on Europe Day, in your address to the Georgian people, you chose to ignore the anniversary of the end of World War II and, instead, focused on your political grievances against the host country. However, it is perhaps worth reminding you that without the Georgian people’s parents and grandparents, together with other anti-fascist nations, fascism could not have been defeated, nor would the European Union or Europe Day exist. There is no family in Georgia that did not make a sacrifice in that war. For us, separating Europe Day from Victory Day is unacceptable. Therefore, I hope that on May 9, at your gathering, you will pay due tribute to the 300,000 Georgians who gave their lives for a Europe free from fascism."
10_ge_original_IPN_news.csv,"„ევროპის ერთიანობა ვერ იქნა მიღწეული და ჩვენ მივიღეთ ომი“ - ევროკავშირის დღევანდელი ხელმძღვანელობის მოქმედებები აჩვენებს, რომ ის ვერ იაზრებს შუმანის დეკლარაციის ამ ფუძემდებლურ დასკვნას. ევროკავშირის მიმდინარე პოლიტიკა არ ტოვებს სხვაგვარი ახსნის სივრცეს, გარდა იმისა, რომ ის მიმართულია დაპირისპირების გაღრმავებისა და უთანხმოებების ზრდისკენ. ევროპარლამენტის უსამართლო და პოლიტიკურად მოტივირებული რეზოლუციები, პოლიტიკური და ეკონომიკური შურისძიების არაერთი მუქარა, საქართველოს შიდა საქმეებში მუდმივი ჩარევა - ეს მხოლოდ რამდენიმე მაგალითია იმ მიზანმიმართული მცდელობებისა, რომლებიც მიზნად ისახავს დაპირისპირების წაქეზებას როგორც საქართველოს შიგნით, ისე საქართველო-ევროკავშირის ურთიერთობაში. ნამდვილი ერთიანი ევროპა არის ის, რომელიც არა მხოლოდ მომავალ ომებს აღკვეთს, არამედ მიმდინარე კონფლიქტებსაც დაასრულებს. თუმცა, სამწუხაროდ, საქართველოს მიმართ ბრიუსელის პოლიტიკაში ქართველ ხალხსა და ევროკავშირს შორის ერთიანობის მიღწევის განზრახვა არსად იკვეთება.","“European unity could not be achieved, and we got war” — the actions of the current EU leadership show that it fails to grasp this foundational conclusion of the Schuman Declaration. The EU’s current policy leaves no room for any other explanation except that it is aimed at deepening confrontation and increasing discord. Unjust and politically motivated resolutions by the European Parliament, repeated threats of political and economic retaliation, and constant interference in Georgia’s internal affairs — these are just a few examples of deliberate attempts to incite confrontation both within Georgia and in Georgia-EU relations. A truly united Europe is one that not only prevents future wars, but also ends ongoing conflicts. However, unfortunately, in Brussels’ policy toward Georgia, there is no sign of any intention to achieve unity between the Georgian people and the European Union."
10_ge_original_IPN_news.csv,"„ევროპა ერთ მომენტში ან ერთი გეგმით ვერ შეიქმნება“ - განაცხადა რობერ შუმანმა თავის ცნობილ დეკლარაციაში. სამწუხაროდ, დღესდღეობით ვხედავთ, რომ შუმანის ეს ბრძნული სიტყვები უგულებელყოფილია, ხოლო ევროკავშირის პოლიტიკა ვიწრო პოლიტიკური ინტერესებითა და ცრუ და ხელოვნურად შექმნილი იდეოლოგიების საფუძველზე ხორციელდება, რომლებიც უგულებელყოფენ ევროპის მოსახლეობის კულტურულ სიმდიდრეს, იდეოლოგიურ მრავალფეროვნებასა და პოლიტიკურ პლურალიზმს. ევროპული ინტეგრაციის გზაზე საქართველოსთვის პოლიტიკური და იდეოლოგიური ჩარჩოების დაწესების მცდელობაც ამ ვიწრო, უშედეგო და ზედაპირული პოლიტიკის კარგი მაგალითია.","“Europe will not be built in a single moment, or according to a single plan,” said Robert Schuman in his famous declaration. Unfortunately, today we see that Schuman’s wise words are being ignored, while the policy of the European Union is being implemented on the basis of narrow political interests and false, artificially created ideologies that disregard the cultural richness, ideological diversity, and political pluralism of Europe’s population. The attempt to impose political and ideological frameworks on Georgia on its path toward European integration is also a good example of this narrow, futile, and superficial policy."
10_ge_original_IPN_news.csv,"ქართველი ხალხი არ საჭიროებს ევროპული გზისკენ მიმართულების ჩვენებას. საქართველო თავად არის ევროპული ცივილიზაციის თანაშემოქმედი და ამიტომ სადაც საქართველოა, იქ არის ევროპაც. ევროპული ინტეგრაცია არ უნდა ნიშნავდეს ბრიუსელის ერთპიროვნულ ბატონობას საქართველოზე, არამედ ის უნდა იყოს სხვა ევროპულ ერებთან ჩვენი ისტორიული კავშირების ჭეშმარიტი განმტკიცება, როგორც თანასწორი თანასწორთან.","The Georgian people do not need to be shown the way toward Europe. Georgia itself is a co-creator of European civilization, and therefore wherever Georgia is, there is Europe as well. European integration should not mean Brussels’ unilateral domination over Georgia; rather, it should be a genuine strengthening of our historical ties with other European nations, as equals with equals."
10_ge_original_IPN_news.csv,"ევროპის დღემ ისიც უნდა შეგვახსენოს, რომ ევროკავშირის ვერცერთი ხელმძღვანელობა ვერ გააუქმებს ისეთ ევროპულ იდეალებს, როგორებიცაა ეროვნული დამოუკიდებლობა, ქრისტიანული ღირებულებები და ცხოვრების ტრადიციული წესი, მხოლოდ იმიტომ, რომ მათ განსხვავებული იდეოლოგიური შეხედულებები აქვთ. სწორედ ევროკავშირის ამ დამფუძნებელ სულისკვეთებასთან შეუთავსებლობას ავლენენ ისინი, ვინც მეტისმეტად ერთობიან დემოკრატიულად არჩეული ხელისუფლებების წინააღმდეგ ე.წ. „რეჟიმის ცვლილების“ გეგმებით, აწესებენ ადამიანის ბუნებასთან შეუთავსებელ იდეოლოგიებს და ტრადიციებში არსებული განსხვავებების უგულებელყოფით, ცდილობენ ერთგვაროვანი ცხოვრების წესის დანერგვას.","Europe Day should also remind us that no leadership of the European Union can abolish European ideals such as national independence, Christian values, and the traditional way of life simply because they hold different ideological views. It is precisely this incompatibility with the founding spirit of the European Union that is shown by those who are overly preoccupied with so-called “regime change” plans against democratically elected governments, impose ideologies incompatible with human nature, and, by disregarding differences in traditions, seek to impose a uniform way of life."
10_ge_original_IPN_news.csv,"„ქვანახშირისა და ფოლადის თანამეგობრობის“ შექმნის იდეა, რომელიც რობერ შუმანმა 1950 წლის 9 მაისს წარადგინა, მიზნად ისახავდა „ცხოვრების დონის ამაღლებას და მიღწევების შენარჩუნებას“. მას კარგად ესმოდა, რომ მშვიდობა საჭიროებს მყარ ეკონომიკურ ფუნდამენტს. სწორედ ამ იდეაზე იყო დაფუძნებული მთელი ევროპული პროექტი. თუმცა, დღეს ევროკავშირის ხელმძღვანელობას, როგორც ჩანს, ეს საბაზისო პრინციპიც დავიწყებული აქვს. სხვა რით უნდა აიხსნას, ყოველგვარი უსაფრთხოების გარანტიებისა და ეკონომიკური მხარდაჭერის შეთავაზების გარეშე, რუსეთის წინააღმდეგ ეკონომიკურ დაპირისპირებაში ჩართვის დაჟინებული მოწოდებები, რომელზე დაყოლაც გამოიწვევდა არა მხოლოდ საქართველოს ეკონომიკურ ნგრევას, არამედ რეგიონულ არასტაბილურობასაც, რაც ევროპას მნიშვნელოვანი ენერგორესურსებისა და გეოეკონომიკური მარშრუტების გარეშე დატოვებდა.","The idea of creating the “Coal and Steel Community,” presented by Robert Schuman on May 9, 1950, aimed to “raise living standards and preserve achievements.” He clearly understood that peace requires a solid economic foundation. The entire European project was built on this very idea. However, today the leadership of the European Union seems to have forgotten even this basic principle. Otherwise, how can one explain the persistent calls to engage in an economic confrontation against Russia without offering any security guarantees or economic support—compliance with which would lead not only to Georgia’s economic destruction, but also to regional instability, leaving Europe without significant energy resources and geoeconomic routes?"
10_ge_original_IPN_news.csv,"ევროპის დღის იდეაში ჩადებული საწყისი ევროპული მისწრაფებებიდან გადახვევამ ევროკავშირი მიიყვანა იმ მდგომარეობამდე, როდესაც საქართველოს მიმართ მისი პოლიტიკა დაყვანილია ძალადობის, სიძულვილის ენისა და რადიკალიზმის მხარდაჭერამდე. გასულ წელს, ორჯერ, წერილობით მოგმართეთ მოწოდებით, დაგეგმოთ სიძულვილის ენის და ძალადობის გახშირებული ფაქტები, თუმცა უშედეგოდ. ძალადობისა და რადიკალიზმის პოლიტიკურად მოტივირებული წაყრუების მძიმე შედეგები, ყველაზე კარგად, გასული წლის 4 ოქტომბერს გამოჩნდა, როდესაც ევროკავშირის პრესსპიკერის ცნობილი განცხადებით ძალადობისთვის რიტორიკული მწვანე შუქის ანთებამ, რადიკალური ჯგუფები, პრეზიდენტის სასახლის შტურმზე წაიყვანა. მას შემდეგ, უკვე შვიდ თვეზე მეტი ხნის განმავლობაში, არც ერთ ევროპელ მაღალჩინოსანს საჯაროდ არ დაუგმია გადატრიალების ეს მცდელობა, თითქოს, ძალადობრივი გადატრიალებები ევროპულ პოლიტიკაში ნორმალური პრაქტიკა იყოს.","The departure from the original European aspirations embedded in the idea of Europe Day has brought the European Union to a point where its policy toward Georgia has been reduced to support for violence, hate speech, and radicalism. Last year, I addressed you twice in writing, urging you to address the increasing incidents of hate speech and violence, but to no avail. The grave consequences of the politically motivated silence on violence and radicalism were most clearly seen on October 4 of last year, when the well-known statement by the EU spokesperson gave a rhetorical green light to violence, leading radical groups to storm the presidential palace. Since then, for more than seven months now, not a single European high-ranking official has publicly condemned this attempted coup, as if violent coups were a normal practice in European politics."
10_ge_original_IPN_news.csv,"საქართველოსთან დაკავშირებით გაკეთებული უკანასკნელი მიუღებელი და ჩვენი ხალხის მიმართ მუქარის შემცველი განცხადებები, თითქოს ქვეყანა „ბნელ წარსულს“ უბრუნდება, კიდევ ერთხელ წარმოაჩენს, რამდენად არასწორია ევროკავშირის ამჟამინდელი პოლიტიკა. თუმცა რეალობას ქართველი ხალხის პერსპექტივიდან თუ შევხედავთ, შესაძლოა, თავად ევროპა მიდიოდეს იმ ბნელი წარსულისკენ, რომლის თავიდან აცილებასაც რობერ შუმანი და მისი თაობის სხვა დიდი მოღვაწეები ცდილობდნენ.","The latest unacceptable and threatening statements made regarding Georgia, suggesting that the country is returning to a “dark past,” once again demonstrate how misguided the European Union’s current policy is. However, if we look at reality from the perspective of the Georgian people, it may be that Europe itself is heading toward that dark past which Robert Schuman and other great figures of his generation sought to avert."
10_ge_original_IPN_news.csv,"საქართველოს აქვს სამომავლო გზის მკაფიო შეთავაზება. აგრესიული რიტორიკის შეწყვეტა, მავნე პოლიტიკის გადახედვა და უსამართლო რეზოლუციების გაუქმება არის ის, რაც გახსნიდა გზას ნამდვილი დიალოგისთვის, გონივრულობისთვის და ერთიანობისთვის, რაც არის კიდეც ევროპის დღის თავდაპირველი სულისკვეთება.","Georgia has a clear proposal for the path ahead. Ending aggressive rhetoric, revising harmful policies, and repealing unjust resolutions are what would open the way to genuine dialogue, reason, and unity, which is also the original spirit of Europe Day."
10_ge_original_IPN_news.csv,"თუ გვინდა, რომ ევროპის დღემ შეინარჩუნოს თავისი მნიშვნელობა, მაშინ ის კვლავ უნდა ნიშნავდეს იმას, რასაც თავდაპირველად წარმოადგენდა - მშვიდობას, თანამშრომლობას და ერთიანობას, დაფუძნებულს ერების და მათი იდენტობის პატივისცემაზე“, - ნათქვამია პაპუაშვილის წერილში.","“If we want Europe Day to retain its significance, then it must once again mean what it originally stood for — peace, cooperation, and unity, based on respect for nations and their identity,” Papuashvili’s letter says."
11_ge_original_IPN_news.csv,IPN_news11,IPN_news11
11_ge_original_IPN_news.csv,"ხატია დეკანოიძე - თუ შევხედავთ, რა ხდება სომხეთში, ნახავთ, რომ ფუნქცია, რაც საქართველოს ჰქონდა, ყოფილიყო რეგიონის ლიდერი, აღარ არსებობს - ივანიშვილის დანაშაულის და „ანტი ქართული ოცნების“ გამო კარგავს საქართველო ამ ფუნქციას (06.05.2026, 12:00)","Khatia Dekanoidze - If we look at what is happening in Armenia, we will see that the function Georgia had—to be the leader of the region—no longer exists. Because of Ivanishvili’s crime and the “anti-Georgian Dream,” Georgia is losing this function (06.05.2026, 12:00)"
11_ge_original_IPN_news.csv,"დღეს ივანიშვილმა და „ანტი ქართულმა ოცნებამ“ საქართველოს დააკარგვინა გრძელვადიანი მშვიდობის, განვითარების, პროგრესისა და ეკონომიკური კეთილდღეობის ფუნქცია. ქართველ ხალხს დააკარგვინა კეთილდღეობის და გამდიდრების შესაძლებლობა, ევროინტეგრაციის შესაძლებლობა. ეს არის ისტორიული დანაშაული,- ამის შესახებ „ნაციონალური მოძრაობის“ ერთ-ერთმა ლიდერმა ხატია დეკანოიძემ განაცხადა.","Today, Ivanishvili and the “anti-Georgian Dream” have deprived Georgia of the function of long-term peace, development, progress, and economic prosperity. They have deprived the Georgian people of the opportunity for prosperity and enrichment, and of the opportunity for European integration. This is a historical crime,” said Khatia Dekanoidze, one of the leaders of the “United National Movement.”"
11_ge_original_IPN_news.csv,"მან საზოგადოებას 22 წლის წინ 6 მაისს აჭარის „რუსეთისა და დესპოტის მმართველობისგან გათავისუფლება“ მიულოცა და აღნიშნა, რომ სწორედ ამ დღეს დაიწყო ახალი ფურცელი საქართველოს ისტორიაში, რომელიც გულისხმობდა რეგიონის ლიდერობას.","He congratulated the public 22 years ago, on May 6, on the “liberation of Adjara from Russian and despotic rule” and noted that it was on this day that a new chapter in Georgia’s history began, one that implied the region’s leadership."
11_ge_original_IPN_news.csv,"„გილოცავთ საქართველოს უახლეს ისტორიაში ერთ-ერთ ყველაზე გამორჩეულ თარიღს- საქართველოში აჭარის დაბრუნებას. 22 წლის წინ საქართველოს უახლეს ისტორიაში ზუსტად 6 მაისს მოხდა ერთ-ერთი უმნიშვნელოვანესი მოვლენა, როდესაც საქართველოს გულში დაბრუნდა აჭარა, გათავისუფლდა რუსული მმართველობისგან, გათავისუფლდა დესპოტის მმართველობისგან და დაიწყო პრეზიდენტ მიხეილ სააკაშვილთან, მის გუნდთან ერთად, მრავალ გულმხურვალე პატრიოტთან ერთად ძალიან მნიშვნელოვანი აღმასვლა და დიახ, საქართველომ დაიწყო ახალი ფურცელი, რომელიც გულისხმობდა რეგიონის ლიდერობას, განვითარებას ტექნოლოგიებში, განათლებაში, აღმოსავლეთ ევროპის გაფართოების კონტექსტში, აშშ-ისთან სტრატეგიული პარტნიორობის კონტექსტში, რაც იყო ჩვენი ერის ნამდვილად ისტორიული მისია. ეს იყო დღე, როდესაც ჩვენ სრულიად სხვა სახელმწიფოებრივ განვითარებაზე გადავედით და ჩვენმა გუნდმა შეძლო ნამდვილად საქართველოს მოეპოვებინა რეგიონული ლიდერის ფუნქცია. დღეს ივანიშვილმა და „ანტი ქართულმა ოცნებამ“ საქართველოს დააკარგვინა გრძელვადიანი მშვიდობის, განვითარების, პროგრესისა და ეკონომიკური კეთილდღეობის ფუნქცია. ქართველ ხალხს დააკარგვინა კეთილდღეობის და გამდიდრების შესაძლებლობა, ევროინტეგრაციის შესაძლებლობა. ეს არის ისტორიული დანაშაული და თუ შევხედავთ, რა ხდება ჩვენს მეზობელ სომხეთში და მინდა მათ ვუსურვო ძალიან დიდი წარმატება, ნახავთ რომ ის ფუნქცია, რომელიც საქართველოს ჰქონდა, ყოფილიყო რეგიონის ლიდერი, ჰქონოდა ძალიან ბევრი მდგრადი მშვიდობის პროექტები, ეს ფუნქცია აღარ არსებობს. სომხეთში უკანასკნელ დღეებში განვითარებული მოვლენები არ არის მხოლოდ ევროკავშირის, აშშ-ის ან კანადის პოლიტიკური მხარდაჭერა ჩვენი მეზობლების მიმართ, ეს არის საინვესტიციო პროექტები, რომელიც ნამდვილად გულისხმობს გრძელვადიან მშვიდობას. ჩვენ ასეთი პროექტები მრავლად გვქონდა, მათ შორის, მიხეილ სააკაშვილი, რომელიც დღეს პოლიტიკური პატიმარია, იყო უშუალოდ ჩართული ბათუმის ტექნოლოგიური უნივერსიტეტის განვითარებაში, მშენებლობაში და მე თვითონ ძალიან ამაყი ვარ, რომ მონაწილეობას ვიღებდი ამ ტექნოლოგიური უნივერსიტეტის მშენებლობაში. ეს უნივერსიტეტი უნდა გამხდარიყო ნამდვილად საქართველოს ერთ-ერთი მნიშვნელოვანი ჰაბი განათლების, ტექნოლოგიების, ახალი საკომუნიკაციო სისტემების და ახალი განათლების ეტაპზე გადასვლის შესაძლებლობა. სომხეთში რაც ხდებოდა, ეს არ არის მხოლოდ პოლიტიკური მხარდაჭერა, ეს არის ეკონომიკური მხარდაჭერა, რომელიც უზრუნველყოფს გრძელვადიან მშვიდობას. ყველა ადამიანი, რომელიც ჩართული იყო საქართველოს განვითარების უმნიშვნელოვანეს ეტაპებზე, დღეს ადევნებს თვალყურს თუ როგორ კარგავს ქვეყანა ივანიშვილის დანაშაულის გამო, „ანტი ქართული ოცნების“ გამო ამ ფუნქციას. 400 მილიარდი ინვესტიცია, სამხედრო ტექნოლოგიური თანამშრომლობა საფრანგეთთან, ამერიკის შეერთებულ შტატებთან, ენერგეტიკული უსაფრთხოების პროექტები, ყველაზე მნიშვნელოვანი ახალი დერეფანი, რომელზეც საუბრობს ახლა ევროკომისია, ევროკავშირი, აშშ და კანადა, უდიდესი ინვესტიციები, რომლებიც არის მშვიდობის, მდგრადი განვითარების და პროგრესის ერთ-ერთი ყველაზე მნიშვნელოვანი სფერო, ამას კარგავს საქართველო“, - განაცხადა დეკანოიძემ.","“Congratulations on one of the most outstanding dates in Georgia’s recent history — the return of Adjara to Georgia. Twenty-two years ago, on exactly May 6, one of the most important events in Georgia’s recent history took place, when Adjara returned to the heart of Georgia, was freed from Russian rule, freed from the rule of a despot, and, together with President Mikheil Saakashvili, his team, and many ardent patriots, a very important ascent began. And yes, Georgia began a new chapter, one that meant regional leadership, development in technology and education, in the context of the expansion of Eastern Europe, in the context of strategic partnership with the United States — which was truly the historical mission of our nation. It was a day when we moved to a completely different path of state development, and our team managed to ensure that Georgia truly gained the function of a regional leader. Today, Ivanishvili and the ‘anti-Georgian Dream’ have deprived Georgia of the function of long-term peace, development, progress, and economic prosperity. They have deprived the Georgian people of the opportunity for prosperity and enrichment, of the opportunity for Eurointegration. This is a historical crime, and if we look at what is happening in our neighboring Armenia — and I want to wish them great success — you will see that the function Georgia had, to be a regional leader and to have many sustainable peace projects, no longer exists. The developments in Armenia in recent days are not only political support from the European Union, the United States, or Canada for our neighbors; these are investment projects that truly imply long-term peace. We had many such projects, including the Batumi Technological University, in which Mikheil Saakashvili, who is today a political prisoner, was directly involved in its development and construction, and I myself am very proud that I took part in the construction of this technological university. This university was supposed to become truly one of Georgia’s important hubs for education, technology, new communication systems, and the transition to a new stage of education. What was happening in Armenia is not only political support; it is economic support that ensures long-term peace. Every person who was involved in the most important stages of Georgia’s development is now watching how the country is losing this function because of Ivanishvili’s crime, because of the ‘anti-Georgian Dream.’ The 400 billion in investment, military-technological cooperation with France and the United States, energy security projects, the most important new corridor that the European Commission, the European Union, the United States, and Canada are now talking about, the huge investments that are one of the most important areas of peace, sustainable development, and progress — Georgia is losing all of this,” Dekanoidze said."
12_ge_original_IPN_news.csv,IPN_news12,IPN_news12
12_ge_original_IPN_news.csv,"ირაკლი კუპრაძე - ანტიქართული „ოცნების“ მიერ თავდაცვის მინისტრის ჩაყვანა ანაკლიის ცარიელ სანაპიროზე, სადაც არაფერი მიმდინარეობს, ფოტოსესია და მინისტრების წრეზე სიარული, არის სასაცილო პროპაგანდა, რომელსაც არ დავიჯერებთ! (07.05.2026, 13:56)","Irakli Kupradze - The anti-Georgian “Dream” bringing the Defense Minister to the empty Anaklia beach, where nothing is happening, for a photo session and ministers’ roundabout stroll is ridiculous propaganda that we will not believe! (07.05.2026, 13:56)"
12_ge_original_IPN_news.csv,"ანტიქართული „ოცნების“ მიერ, გუშინ, თავდაცვის მინისტრის ჩაყვანა ანაკლიის ცარიელ სანაპიროზე, სადაც არანაირი სამუშაოები არ მიმდინარეობს, ფოტოსესია და „ქართული ოცნების“ მინისტრის წრეზე სიარული, არის სასაცილო პროპაგანდა, რომელსაც საქართველოს მოქალაქეები არ დავიჯერებთ, - ამის შესახებ „ლელო-ძლიერი საქართველოს“ გენერალურმა მდივანმა, ირაკლი კუპრაძემ ბრიფინგზე განაცხადა.","The anti-Georgian “Dream” bringing the Defense Minister yesterday to the empty beach of Anaklia, where no work is underway, for a photo session and the “Georgian Dream” minister’s walk in circles, is ridiculous propaganda that we, the citizens of Georgia, will not believe,” said Irakli Kupradze, Secretary General of “Lelo-Strong Georgia,” at a briefing."
12_ge_original_IPN_news.csv,"მისივე თქმით, 2020 წელს უნდა მიეღო ანაკლიის პორტს პირველი გემი, დღეს კი ვხედავთ არარსებულ პროექტს, ჩაშლილ მოლაპარაკებებს და ქვეყნიდან გაძევებულ დასავლელ ინვესტორებს.","According to him, the Anaklia Port was supposed to receive its first ship in 2020, but today we see a nonexistent project, failed negotiations, and Western investors driven out of the country."
12_ge_original_IPN_news.csv,"„ანტიქართული „ოცნება“ საკუთარ ტყუილებში ჩაიკარგა. ისინი იხრჩობიან იმ პროპაგანდასა და ტყუილებში, რასაც აწარმოებენ. გუშინ, ანტიქართული „ოცნების“ პროპაგანდისტული საშუალებებით გავრცელდა სიუჟეტები, რომლის მიხედვითაც, თითქოს ანაკლიის პორტის მშენებლობა დაიწყო. ეს არის კიდევ ერთი ბლეფი და ტრიუკი ბიძინა ივანიშვილის მხრიდან, რომელიც მიუთითებს, რომ აქამდე, 6 წლის განმავლობაში გაკეთებული განცხადებები „ქართული ოცნების“ მხრიდან ტყუილი იყო. მერამდენეჯერ, ალბათ, რამდენიმე ათეული შემთხვევაა, როდესაც დააანონსეს, რომ დღეს დაიწყო ანაკლიის პორტის მშენებლობა. სინამდვილეში, ყველაფერი არის ტყუილი, პროპაგანდა და ბლეფი ბიძინა ივანიშვილის მხრიდან.","“Anti-Georgian ‘Dream’ has gotten lost in its own lies. They are drowning in the propaganda and lies they themselves produce. Yesterday, through the propaganda outlets of the anti-Georgian ‘Dream,’ reports were spread claiming that construction of the Anaklia port had supposedly begun. This is yet another bluff and trick by Bidzina Ivanishvili, which shows that the statements made by ‘Georgian Dream’ over the past 6 years were lies. For the umpteenth time—probably on several dozen occasions—they announced that construction of the Anaklia port had started today. In reality, everything is a lie, propaganda, and a bluff by Bidzina Ivanishvili.”"
12_ge_original_IPN_news.csv,"2024 წელს, მორიგი მსგავსი ტრიუკის პირობებში, ბიძინა ივანიშვილი და მისი პროპაგანდისტული მანქანა გამოვიდა და თქვა, რომ სულ რამდენიმე დღეში, ხელშეკრულება გაფორმდებოდა ჩინურ კონსორციუმთან, რომელიც მშენებლობასაც დაიწყებდა. დღეს, კიდევ ერთხელ დასტურდება რომ აქამდე ნათქვამი ყველა დაპირება, ყველა თარიღი იყო ტყუილი. მხოლოდ მშრალი პროპაგანდა ივანიშვილის და ანტიქართული „ოცნების“ მხრიდან.","In 2024, under yet another similar stunt, Bidzina Ivanishvili and his propaganda machine came out and said that within just a few days, an agreement would be signed with a Chinese consortium, which would also begin construction. Today, it is once again confirmed that all the promises made so far, all the dates, were lies. Just empty propaganda from Ivanishvili and the anti-Georgian “Dream” party."
12_ge_original_IPN_news.csv,"2026 წელს, დღეს, არ არსებობს არც ინვესტორი, არც დასრულებული და აშენებული ანაკლიის პორტი, აღარ არსებობს მასტერპლანი, გენერალური გეგმა, რომელიც უნდა ყოფილიყო შეთანხმებული მრავალგზის. ეს გენერალური გეგმაც და მასტერპლანიც ნაგავში მოისროლეს. შეუკვეთეს ეკონომიკის სამინისტროს მხრიდან ახალი ე.წ. მასტერპლანი, რომლის მიხედვითაც, საერთოდ მიზნობრიობას და შედეგობრიობას ეჭვქვეშ აყენებს ივანიშვილი და მისი ანტიქართული „ოცნება“.","In 2026, today, there is neither an investor nor a completed and built Anaklia port; there is no longer a master plan, a general plan that was supposed to have been agreed upon many times over. This general plan and master plan were thrown into the trash. A new so-called master plan was commissioned by the Ministry of Economy, according to which Ivanishvili and his anti-Georgian “Dream” call into question the very purpose and effectiveness of it altogether."
12_ge_original_IPN_news.csv,"გუშინ, ანტიქართული „ოცნების“ მიერ, თავდაცვის მინისტრის ჩაყვანა ანაკლიის ცარიელ სანაპიროზე, სადაც არანაირი სამუშაოები არ მიმდინარეობს, ფოტოსესია და „ქართული ოცნების“ მინისტრის წრეზე სიარული არის სასაცილო პროპაგანდა, რომელსაც საქართველოს მოქალაქეები არ დავიჯერებთ. ფაქტი ერთია: მაშინ, როდესაც 2020 წელს უნდა მიეღო ანაკლიის პორტს პირველი გემი, დღეს ვხედავთ არარსებულ პროექტს, ჩაშლილ მოლაპარაკებებს, ქვეყნიდან გაძევებულ დასავლელ ინვესტორებს, ამერიკელ და ევროპელ ინვესტორებს. ამ პირობებში, შეუძლებელია ივანიშვილმა ააშენოს ანაკლიის პორტი. მას არ უნდა ანაკლიის პორტის აშენება, მას ინტერესი აქვს რომ საქართველომ ეს უმნიშვნელოვანესი სტრატეგიული ობიექტი დაკარგოს.","Yesterday, the anti-Georgian “Dream” brought the Defense Minister to the empty beach of Anaklia, where no work is underway, and staged a photo op and a walk-around by a “Georgian Dream” minister. This is ridiculous propaganda that the citizens of Georgia will not believe.

One fact remains: while the first ship was supposed to arrive at the Anaklia port in 2020, today we see a nonexistent project, failed negotiations, and Western investors, American and European investors, driven out of the country. Under these conditions, it is impossible for Ivanishvili to build the Anaklia port. He does not want to build the Anaklia port; he is interested in Georgia losing this most important strategic asset."
12_ge_original_IPN_news.csv,"ცხადად გახსნილია ახალი შესაძლებლობების ფანჯარა, რაც გამოხატულია ჩვენი პარტნიორების კიდევ ერთხელ ხმამაღლა გაჟღერებული დაინტერესებით, რომ შავი ზღვა არის ჩვენი პარტნიორების ინტერესი. ამ შესაძლებლობას ივანიშვილი აკარგვინებს ქვეყანას, პროპაგანდით ცდილობს ფონს გასვლას.","A new window of opportunities has clearly opened, which is reflected in our partners’ renewed and outspoken interest, showing that the Black Sea is of interest to our partners. Ivanishvili is causing the country to lose this opportunity and is trying to get by through propaganda."
12_ge_original_IPN_news.csv,"„ლელო ძლიერი საქართველო“ არის პოლიტიკური პარტია, რომელიც ამ ეროვნული და სტრატეგიული ობიექტის მთავარი მხარდამჭერია. პროექტის, რომელსაც ჰქვია „ანაკლია“. ჩვენ გვაქვს კონკრეტული გეგმა, როგორ უნდა აშენდეს ანაკლიის პროექტი. ხელისუფლებაში მოსვლის შემდეგ, აუცილებლად, პირველივე ნაბიჯად უნდა გადაიდგას ის, რომ ეროვნული და სტრატეგიული მნიშვნელობის პროექტად გამოცხადდეს ანაკლიის პორტი, ყველა ხელშეკრულება უნდა იყოს საჯარო, არა „შავი ფარდის“ მიღმა, როგორც ივანიშვილი აკეთებს, იქნება ეს „არაბული ქალაქები“, თუ სხვა. დაუშვებლად უნდა იქნეს ცნობილი ჩინური და რუსული ინვესტიციების არსებობა, რომელიც შესაძლებელია ეწინააღმდეგებოდეს საქართველოს ეროვნულ ინტერესებს. ანაკლიის პორტი უნდა აშენდეს სახელმწიფოს ჩართულობით, დასავლელ, ამერიკელ პარტნიორებთან თანამშრომლობის პრინციპით.","“Lelo – Strong Georgia” is a political party that is the main supporter of this national and strategic project, the project called “Anaklia.” We have a concrete plan for how the Anaklia project should be built. After coming to power, the very first step must be to declare the Anaklia port a project of national and strategic importance. All contracts must be public, not kept behind a “black curtain,” as Ivanishvili does, whether it concerns “Arab cities” or anything else. The presence of Chinese and Russian investments that may be contrary to Georgia’s national interests must be deemed unacceptable. The Anaklia port should be built with the involvement of the state, on the principle of cooperation with Western, American partners."
12_ge_original_IPN_news.csv,"რამდენმა მინისტრმაც არ უნდა ისეირნოს ანაკლიის სანაპიროზე, სადაც არანაირი სამუშაოები არ მიმდინარეობს, ჩვენ პორტს აუცილებლად ავაშენებთ“, - აღნიშნავს კუპრაძე.","“No matter how many ministers walk along the Anaklia coast, where no work is being carried out, we will definitely build the port,” Kupradze notes."
12_ge_original_IPN_news.csv,"შეგახსენებთ, გუშინ, ეკონომიკისა და მდგრადი განვითარების მინისტრი მარიამ ქვრივიშვილი გუშინ, ანაკლიის ნავსადგურის ტერიტორიაზე მიმდინარე სამუშაოებს ვიცე-პრემიერ, თავდაცვის მინისტრ ირაკლი ჩიქოვანთან ერთად გაეცნო. როგორც ეკონომიკის მინისტრმა აღნიშნა, „პროცესი უკვე საკმაოდ აქტიურ ფაზაშია შესული“.","We would like to remind you that yesterday, the Minister of Economy and Sustainable Development, Mariam Kvrivishvili, together with Deputy Prime Minister and Minister of Defense Irakli Chikovani, inspected the ongoing works at the Anaklia port area. As the Minister of Economy noted, “the process has already entered a fairly active phase.”"
13_ge_original_IPN_news.csv,IPN_news13,IPN_news13
13_ge_original_IPN_news.csv,"ლევან მახაშვილი - ევროპარლამენტის დოკუმენტებმაც, ევროპარლამენტმაც, სამწუხაროდ ფასი დაკარგა - ერთადერთი სპორტული ინტერესიღაა დარჩენილი, აბა, წინაზე უარეს დოკუმენტს შეიმუშავებენ თუ რამე სიახლე გვექნება (05.05.2026, 14:29)","Levan Makashvili - The European Parliament’s documents, and the European Parliament itself, have unfortunately lost their value - the only thing left is a sporting interest: will they draft a worse document than the previous one, or will we have some new development? (05.05.2026, 14:29)"
13_ge_original_IPN_news.csv,"ეს დოკუმენტი თავის დამატებიანად, რომლებმაც კიდევ უფრო მკვეთრად გააუარესა საწყისი, სრულიად აცდენილია რეალობას - ჩვენთვის და საზოგადოებისთვის ევროპარლამენტის დოკუმენტებმაც, ევროპარლამენტმაც, სამწუხაროდ ფასი დაკარგა, რადგან ის არ ემსახურება თანამშრომლობის და დიალოგის დღის წესრიგს, - ამის შესახებ პარლამენტის ევროინტეგრაციის კომიტეტის თავმჯდომარემ, ლევან მახაშვილმა განაცხადა, რითაც ევროპარლამენტის საგარეო საქმეთა კომიტეტის მიერ საქართველოს შესახებ მიღებულ ანგარიშს გამოეხმაურა.","This document, along with its additions, which further worsened the original, is completely detached from reality — for us and for the public, the documents of the European Parliament, and the European Parliament itself, have unfortunately lost their value, because it does not serve the agenda of cooperation and dialogue,” said Levan Makhashvili, Chairman of the Parliament’s Committee on European Integration, in response to the report on Georgia adopted by the European Parliament’s Committee on Foreign Affairs."
13_ge_original_IPN_news.csv,"მისი თქმით, დღეს ევროპარლამენტის დღის წესრიგი არ მოდის თანხვედრაში საქართველო-ევროკავშირის და ზოგადად საქართველოს უკეთესი, მშვიდობიანი მომავლის დღის წესრიგთან.","According to him, today’s European Parliament agenda does not align with the agenda of a better, peaceful future for Georgia-EU relations and, more broadly, for Georgia."
13_ge_original_IPN_news.csv,"„რა გითხრათ, თქვენც იცით, რასაც გავუკეთებდით ამ რეზოლუციას [მაკულატურაში ჩავაბარებდი] - მარტივი მიზეზის გამო: ეს დოკუმენტი თავის დამატებიანად, რომლებმაც კიდევ უფრო მკვეთრად გააუარესა საწყისი დოკუმენტი, სრულიად აცდენილია რეალობას. განსაკუთრებით ამ დღეებში და ამ კვირებში კარგად ჩანს, რეალურად ვინ არის დიალოგის ხელის შემშლელი. ეს არის სწორედ ევროპარლამენტი, ამ კონკრეტული პოლიტიკური ჯგუფების სახით, რომლებიც საკუთარი ვიწრო პოლიტიკური დღის წესრიგიდან გამომდინარე, მაქსიმალურად ცდილობენ დიალოგის ხელშეშლას. თუ დავაკვირდებით წინა წლების განვითარებებს, სწორედ ასე ხდებოდა ხოლმე: როდესაც იყო ურთიერთობის გადატვირთვის, დიალოგის, თანამშრომლობის პერსპექტივა ამის სრულიად საპირისპირო დინებით ცურავდა ხოლმე ევროპარლამენტი და დღესაც იმავეს ვაკვირდებით.","“What can I tell you, you also know what we would do with this resolution [I would send it to the waste paper basket] — for a simple reason: this document, along with its additions, which have made the original document even more sharply worse, is completely detached from reality. Especially in these days and weeks, it is very clear who is actually obstructing dialogue. It is precisely the European Parliament, in the form of these specific political groups, which, driven by their own narrow political agenda, are trying as much as possible to hinder dialogue. If we look at the developments of previous years, it was exactly like this: whenever there was a prospect of resetting relations, dialogue, and cooperation, the European Parliament would swim in the completely opposite direction, and today we are observing the same thing.”"
13_ge_original_IPN_news.csv,"ამიტომ ჩვენთვის და საზოგადოებისთვის ევროპარლამენტის დოკუმენტებმაც, ევროპარლამენტმაც, სამწუხაროდ ფასი დაკარგა, რადგან ის არ ემსახურება თანამშრომლობის და დიალოგის დღის წესრიგს. დღეს ევროპარლამენტის დღის წესრიგი არ მოდის თანხვედრაში საქართველო-ევროკავშირის და ზოგადად საქართველოს უკეთესი, მშვიდობიანი მომავლის დღის წესრიგთან“, - განაცხადა ლევან მახაშვილმა.","“Therefore, for us and for society, the documents of the European Parliament, and the European Parliament itself, have unfortunately lost their value, because it does not serve the agenda of cooperation and dialogue. Today, the agenda of the European Parliament does not align with the agenda of a better, peaceful future for Georgia-EU relations and, more broadly, for Georgia,” said Levan Makashvili."
13_ge_original_IPN_news.csv,"კითხვაზე, რომ ევროპარლამენტის საგარეო საქმეთა კომიტეტი მიღებული ანგარიშით რამდენიმე ქართული მედიის დასანქცირებას ითხოვს, მახაშვილმა უპასუხა, რომ ღიმილისმომგვრელია ეს განცხადებები და ჩანაწერები ამ კონკრეტულ დოკუმენტში.","On the question that the European Parliament’s Foreign Affairs Committee is calling for sanctions against several Georgian media outlets in the adopted report, Makashvili replied that these statements and entries in this particular document are laughable."
13_ge_original_IPN_news.csv,"ცნობისთვის, ევროპარლამენტის საგარეო საქმეთა კომიტეტმა საქართველოს შესახებ ანგარიში მიიღო. ევროპარლამენტის საგარეო საქმეთა კომიტეტში საქართველოს შესახებ ყოველწლიურ ანგარიშს მხარი 53-მა ევროპარლამენტარმა დაუჭირა, ხოლო მის წინააღმდეგ ხმა 14-მა მისცა.","For your information, the European Parliament’s Committee on Foreign Affairs has adopted a report on Georgia. In the European Parliament’s Committee on Foreign Affairs, the annual report on Georgia was supported by 53 Members of the European Parliament, while 14 voted against it."
