Source File,Content,Translated Content
01_aluda_ketelauri_ge.csv,"I. მაცნე მოიდა შატილსა: – ქისტებმა მოგვცეს ზიანი, დაგვიწიოკეს მწყემსები, ავნია, ავი-ზნიანნი.","I. The messenger came to Shatili: – The Kists have harmed us, they have ravaged our shepherds, wicked, evil-minded ones."
01_aluda_ketelauri_ge.csv,"ალუდა ქეთელაური კაცია დავლათიანი, საფიხვნოს თავში დაჯდების, სიტყვა მაუდის გზიანი; ბევრს ქისტს მააჭრა მარჯვენა, სცადა ფრანგული ფხიანი. ცუდას რად უნდა მტერობა, კარგია მუდამ მტრიანი!","Aluda Ketelauri is a fortunate man,  
he sits at the head of the council,  
his word carries weight and wisdom;  
he has cut off the right hand of many a Kist,  
and tested the sharp French blade.  
Why should one seek enmity with the bad?  
It is always good to have enemies!"
01_aluda_ketelauri_ge.csv,"ქისტებს წაუსხამ ცხენები, ალუდაისიც ფთიანი. გუმან აქვ, გადაავლიონ არხოტის თავი მთიანი, გადაბერტყინონ ნალითა ქუჩი მთებისა ცვრიანი.","The Kists have driven off the horses, and Aluda’s too is feathered.  
He has a hunch they’ll sweep over the mountain pass of Arkhoti,  
and shake down with iron the dew-covered slopes of the mountains."
01_aluda_ketelauri_ge.csv,"ეს რო ალუდამ გაიგო, თოფს დაუპირა ტალიო; აისხა იარაღები, გააფხავიდის ხმალიო; გაუშინჯიდის ვადანი, ხმალს არ მაუტყდეს ტარიო.","When Aluda heard this, he intended to take up his gun; he strapped on his weapons, and drew his sword; he tested the scabbard, so the sword would not strike the hilt."
01_aluda_ketelauri_ge.csv,"ცისკრის ხანია, მტერს მისდევს კლდის შავარდენი ჩქარიო. გათენებისას ჭიუხში შურთხმა დარეკა ზარიო, ძაღლებს კი სძინავ თეოზე, ჯერ არ გაშლილა ცხვარიო.","It is the hour of dawn; the falcon of the cliff is swiftly pursuing the enemy. At daybreak, in the gorge, the partridge rang out like a bell, and the dogs are still asleep on the hillside; the sheep have not yet been let out."
01_aluda_ketelauri_ge.csv,"მალე შააგდო ალუდამ ქისტების ნავალს თვალიო. მარჯვედვე გადაეწია, თოფმა გაიღო ჩქამიო: ერთს ქურდ-კანტალას ღილღველსა ცუდი დაუდგა წამიო; გადავარდება ცხენზეით, ყელ-თავქვე ეკიდებისა; ნატყვიარი სჭირს ბეჭის თავს, ზედ ცეცხლი ეკიდებისა; ამხანიგ-მოკლულ ღილღველი ჩახმახსა ეზიდებისა. გამასტყვრა მუცალის თოფი, კლდის პირი დაიშლებოდა, ნაძოძი ტყვიის ალუდას კალთაში ჩაეშლებოდა.","Soon Aluda cast his eye on the Kists’ trail.  
He shifted swiftly; the gun went off with a crack:  
one thieving Ghilghveli had a bad moment;  
he falls from the horse, hanging head and neck downward;  
the bullet wound is at the shoulder blade, and fire seems to cling to it;  
the slain Ghilghveli, his companion, is carrying the flintlock.  
Mutsal’s gun burst forth, the cliff face would split apart,  
and the lead, dug out by the shot, would fall into Aluda’s skirt."
01_aluda_ketelauri_ge.csv,"– არა გჭირსაა, რჯულ-ძაღლო?! – მუცალი ეუბნებოდა. – ნუ გგონავ, მჭირდეს, რჯულ-ძაღლო, ყმასა გუდანის ჯვრისასა. ხმა ალუდაის თოფისა ჭეხასა ჰგვანდა ცისასა.","– Aren’t you hurt, you cursed dog?! – Mutali was saying. – Don’t think I’m hurt, you cursed dog, servant of the Gudani Cross. The sound of Aluda’s gunshot was like the thunder in the sky."
01_aluda_ketelauri_ge.csv,"– არ მოგხვდაუა, რჯულ-ძაღლო? – ისევ ეძახის იმასა.","– Didn’t you get hit, you law-dog? – he calls out to him again."
01_aluda_ketelauri_ge.csv,"– მუცალს არა სჭირს, რჯულ-ძაღლო, ნამტვრევს მაშლიდა კლდისასა…","– Mutsal is not hurt, you dog of a heathen, he was clearing away the fragments of the cliff…"
01_aluda_ketelauri_ge.csv,"– ოჰო, ქუდ გაუხვრეტია, წვერებსა სტუსავს თმისასა.","– Oh, his hat has a hole in it, and it is brushing against the hairs of his beard."
01_aluda_ketelauri_ge.csv,"– მაღლა დაგიცდა, ბეჩავო, კენჩხას არა სჭირს ძვლისასა. გამოსტყვრა მუცალის თოფი, ტყვია ჩქამს იზამს მქისესა, გაუტეხს ქეთელაურსა საპირის-წამლეს რქისასა.","– You slipped too high, poor fellow; a pebble has no bone to break. Mutsali’s gun went off, and the bullet will make a sound in the rough one, breaking Khetelauri’s horn-tipped face-powder flask."
01_aluda_ketelauri_ge.csv,"– არც ახლა გჭირსა, რჯულ-ძაღლო? – ზედაც დაჰვედრებს იმასა.","– Aren’t you in trouble even now, you law-dog? – he even adds that to him."
01_aluda_ketelauri_ge.csv,"– არა სჭირს, არა, რჯულ-ძაღლო, ყმასა გუდანის ჯვრისასა, გამმარჯვედ ჯვარი დაჰყვების, ძალს შაახვეწებს ღვთისასა. გულს არ ჰხვდა, ნუ გეგონების, ამტვრევდა წამლის ქისასა. რაკი სრევაზე მიდგება, ჯავრს არც მე შავჭამ მტრისასა.","– He is not afflicted, no, you dog of a faithless man, the servant of Gudani’s Cross; the victorious Cross goes with him, and it will commend its power to God. It did not strike the heart, do not suppose; it was breaking the medicine pouch. Once it comes to the shooting, I too shall not swallow the grief of the enemy."
01_aluda_ketelauri_ge.csv,"შატილიონის ნასროლი ქისტს უმტვრევს გულის ფიცარსა. – არც ახლა გჭირსა, რჯულ-ძაღლო?! – შამაუჭყივლებს ქისტასა.","“Shatili’s shot breaks the Kist’s heartwood.  
— Aren’t you in pain even now, you dog of a faithless one?! —  
he will shout at the Kist.”"
01_aluda_ketelauri_ge.csv,"– გულში მჭირს, გულში, რჯულ-ძაღლო, ვაჰ ცდასა მუცალისასა! ძმაც ხო მამიკალ, მეც მამკალ, რა ვუთხრა მადლსა ღვთისასა?","– I am wounded in the heart, in the heart, you dog of a faithless one, alas for Mutsali’s trial! You have killed my brother too, kill me as well; what can I say to God’s grace?"
01_aluda_ketelauri_ge.csv,"მუცალს არ სწადის სიკვდილი, ფერს არა ჰკარგავს მგლისასა, მაჰგლეჯს, დაიფევს წყლულშია წვანეს ბალახსა მთისასა. ერთიც ესროლა ალუდას, ხანს არა ჰკარგავს ცდისასა. თოფიც ალუდას გადუგდო, ერთს კიდევ ეტყვის სიტყვასა: – ეხლა შენ იყოს, რჯულ-ძაღლო, ხელს არ ჩავარდეს სხვისასა.","Mutsal does not desire death, he does not lose the color of a wolf; he tears and lies down in the wound upon the mountain grass. Aluda shot him once, and he does not lose the moment of trial. He threw Aluda’s rifle back too, and says one more word to him:

– Now let it be yours, you dog of a different faith; may it not fall into another’s hands."
01_aluda_ketelauri_ge.csv,"სიტყვა გაუშრა პირზედა, დაბლა გაერთხა მიწასა. ალუდას თოფი არ უნდა, ატირდა როგორც ქალიო; არ აჰყრის იარაღებსა, არ ეხარბება თვალიო. თავით დაუდვა ხანჯარი, ზედ ეკრა სპილოს ძვალიო, გულზედ ძეგლიგი დაადვა, მკლავზედ ფრანგული ხმალიო. მარჯვენას არ სჭრის მუცალსა, იტყოდა: „ცოდვა არიო; ვაჟკაცო, ჩემგან მოკლულო, ღმერთმა გაცხონოს მკვდარიო. მკლავზედავ გებას მარჯვენა, შენზედ ალალი არიო, შენ ხელ შენს გულზედ დამიწდეს, ნუმც ხარობს ქავის კარიო, კარგი გყოლია გამდელი, ღმერთმ გიდღეგრძელოს გვარიო!“ სიგძივ გაჰხურა ნაბადი, ზედ გადაადვა ფარიო.","His words dried on his lips, and he stretched out on the ground. Aluda did not want the rifle; he wept like a woman. He did not seize the weapons, nor did his eyes covet them. He laid the dagger by his head, with an ivory hilt; he placed a memorial stone upon his chest, and a French sword upon his arm. He did not cut the right hand from the belly; he would say: “It would be a sin. Brave man, slain by me, may God grant rest to your dead soul. May your right hand lie upon your arm; it is not mine by right. May your own hand rest upon your heart, and may the stone gate not rejoice over you. You had a good nurse; may God bless your lineage!” He spread the cloak lengthwise and laid the shield over it."
01_aluda_ketelauri_ge.csv,"II. მზემ აიწია ცაზედა, ნისლებმ დაწირეს ხევები; მისჯარებიან ცის კიდეს კავკასიონის დევები. აშლილან სანადიროდა ქორებ, ფრინველთა მლევლები; სოვნი არწივებს მასდევენ, მუქთად ჭამისთვის მხლებლები.","II. The sun rose into the sky, the mists descended into the gorges;  
the giants of the Caucasus have gathered at the edge of the sky.  
The hawks have set out for the hunt, the swift destroyers of birds;  
the falcons are chasing the eagles, their companions in eating for free."
01_aluda_ketelauri_ge.csv,"ჯიხვნი მაებნენ მყინვარსა, მადლი რქათ ადგა ღვთისაო. ხევი-ხევ შამოყრანტალებს ყორანი ავის ხმისაო: „მამკვდარა ქისტი მუცალი, თვალნ უნდა ვსჭამნე ყმისაო, გულ-ღვიძლი ამოვარიდო, კალთა დავხურო მხრისაო“.","The ibex climbed the glacier,  
the grace of God rose upon their horns.  
From ravine to ravine the raven clatters, with an evil voice:  
“Dead is the Kist Mutsali; I must eat out the eyes of the lad,  
tear out his heart and liver, and cover my skirt with his shoulder.”"
01_aluda_ketelauri_ge.csv,"შატილს ჯერ არ ჩასწდომია შუქი შუადღის მზისაო, არ ჩაუშვებენ ჩამსვლელსა, ცა ახურია კლდისაო. ყმა მოიდოდა გორი-გორ, არ ეწონება თავია; პირს დასწოლია ნისლები, გულით ნადენი, შავია. ტახტაზე დაუკიდებავ მუცალის ძმისა მკლავია, ვერცხლით მორთული ბაზალა, ეგ ხოროსნული ხმალია. მეება ჭიუხიანსა, სადაც იმედას ქავია, ზაფხულს თოფის ხმას იყურებს, ზამთარ ჩამუდის ზვავია. ბევრჯელ მაასწრო დელგმამა, ჰყეფდა ყორანი შავია. დაჰფამფალებდა თავზედა გაუმაძღარი სვავია, ვერვინ მაჰრივა იღბალი, ვერავინ უყვა ავია. ურჯულოს ხელებსავ ადნობს ზედ მზის სხივები მწვავია. გველმა ვერ გაჭრა ლიბოი, დღესაც ცოცხალივ არია. ზოგჯერ ავდარი დადგება, ზოგჯერ მზე ბრწყინავს, დარია. რა უყვათ, ბევრი უნახავ ულვაშ-აშლილი მკვდარია! ბევრჯელ წასულა საჭალოდ დახოცილთ სისხლის ღვარია; შაუღებია წითლადა ავი არდოტის წყალია.","Shatili has not yet been touched by the light of the midday sun;  
they do not let the one who descends pass, for the sky is covered by the cliff.  

A youth would come, hill by hill, yet his head does not suit him;  
mist has settled on his face, black, born of the heart.  

On the throne hangs the arm of Mutsali’s brother,  
a bazala adorned with silver, that Khurasani sword.  

It has climbed the craggy heights, where hope is like a stone;  
in summer it watches for the sound of gunfire, in winter avalanches come down.  

Many times the storm has overtaken it;  
the black raven was cawing.  

An insatiable eagle would flap above its head,  
no one could seize fortune, no one could ward off evil.  

The rays of the sun melt even the hands of the infidel, so fierce are they.  
The snake could not cut through the threshold; even today it is alive.  

Sometimes a storm settles in, sometimes the sun shines bright — fair weather.  
What can one say? So many unburied, mustached dead have been seen!  

Many times the river of blood has gone forth for slaughtered men;  
the evil Ardoti water has turned red."
01_aluda_ketelauri_ge.csv,"ვისაც მტერობა მასწყურდეს, გააღოს სახლის კარია, სისხლ დაიგუბოს კერაში, თვითანაც შიგვე მდგარია. ღვინოდაც იმას დაჰლევდეს, პურადაც მოსახმარია. პირჯვარი დაიწეროდეს, მითამ საყდარში არია. სისხლშია ჰქონდეს ქორწილი, იქ დაიწეროს ჯვარია, დაიპატიჟოს სტუმრები, დაამწკრიოდეს ჯარია. სისხლში დაიგოს ლოგინი, გვერდს დაიწვინოს ცალია ბევრი იყოლოს შვილები, ბევრი ვაჟი და ქალია; იქვე საფლავი გათხაროს, იქ დაიმარხოს მკვდარია.","Whoever thirsts for enmity, let him open the door of his house,  
let him gather blood in the hearth, and stand there himself.  
Let him drink it as wine, and use it as bread.  
Let him make the sign of the cross, as though he were in a church.  
Let him have his wedding in blood, and there let the cross be made.  
Let him invite guests, and line up the troops.  
Let him spread his bed in blood, and lie down beside his beloved.  
Let him have many children, many sons and daughters;  
and there let him dig his grave, and there let the dead be buried."
01_aluda_ketelauri_ge.csv,"შენ რო სხვა მაჰკლა, შენც მოგკვლენ, მკვლელს არ შაარჩენს გვარია.","If you kill another, they will kill you too; a family does not forgive a murderer."
01_aluda_ketelauri_ge.csv,"შატილს გადმოდგა ბანებზედ ხევსურთ ქალი და რძალია, გამეეგებნენ ალუდას ძმა-ძმისწულები სამნია. ბევრს უნდა ამბის გაგება, ბევრნი მოვიდნენ სხვანია. მიულოციან ალუდას: – სახელიანიმც ხარია! ბებერი ჰკითხავს უშიშა ალუდას ამბავს ცდისასა. უამბობს ქეთელაური ამბავს ღილღველის მგლისასა: „აქით წასულმა, უშიშავ, კვალი შავაჭერ მთისასა, მოკლედავ გადავეწივე. ნავალ დავატყვე ქვიშასა. ორნ იყვნენ, თოფი ვიხმარე, წვერს ვერ ვუწვდენდი ხმლისასა. იმ ცხონებულსა მუცალსა რკინა სდებიყო გულადა!","From Shatili, a Khevsur woman and daughter-in-law came down to the encampments, and Aluda’s brothers and nephews came out to meet him. Many wanted to hear the story; many others came as well. They congratulated Aluda:

— May you be blessed with a name!

The old man asks about fearless Aluda’s trial. Khetelauri tells the story of the wolf of Ghigla:

“Going this way, fearless one, I caught the trail on the black mountain. I quickly overtook him. I trapped the tracks in the sand. There were two of them; I used my rifle, but I could not reach the tip of his sword. In that blessed one’s belly, iron had been placed in his heart!”"
01_aluda_ketelauri_ge.csv,"– რას ამბობ? ქისტის ცხონება არ დაწერილა რჯულადა. – მით ვაქებ ვაჟკაცობასა, არ იყიდება ფულადა. სამ მე ვესროლე, სამ – იმან, მესამით დავასრულია. მკერდზე ნაკრავმა ტყვიამა გაუნაძოძა გულია. ნატყვიარს ბრძამით იფევდა, ისრე დალია სულია. სულს არ აცლიდა ამოსვლას, კიდევ მიხსენა რჯულია.","– What are you saying? A Kist’s salvation was not written in the law.  
– That is why I praise manliness: it cannot be bought with money.  
I fired three shots, he fired three; with the third, it was finished.  
The bullet lodged in his chest pierced his heart.  
He was trying to cover the wound with his hand as he died; that is how his soul departed.  
He would not let the soul leave; he still remembered the law."
01_aluda_ketelauri_ge.csv,"ჩვენ ვიტყვით, კაცნი ჩვენა ვართ, მარტოთ ჩვენ გვზდიან დედანი; ჩვენა ვსცხონდებით, ურჯულოთ კუპრში მიელის ქშენანი. ამის თქმით ვწარა-მარაობთ, ღთიშვილთ უკეთეს იციან. ყველანი მართალს ამბობენ განა, ვინაცა ჰფიციან?!","We shall say, “We are men; only our mothers have raised us.  
We shall be saved, while for the faithless the fumes of pitch await.”  
By saying this, we speak in vain; the children of God know better.  
Do not all speak the truth, indeed, those who swear it?!"
01_aluda_ketelauri_ge.csv,"ვერ გავიმეტე მუცალი მარჯვენის მოსაჭრელადა, გული გამიწყრა, არა ჰქნა, რაც საქნელია ძნელადა: „დაე დააკლდეს სახელსა, მე გირჩევნივარ მრჩევლადა“.","I could not bring myself to cut off my right hand;  
my heart grew angry with me: “Do not do what is to be done with difficulty:  
‘Let the name suffer loss; I am preferable to you as a counselor.’”"
01_aluda_ketelauri_ge.csv,"ხევსურთა ახალ-უხლები გადაიქციან ტყემლადა, ავად შაჰხედნეს ალუდას, შაუძრახნიან ხმელადა: „მოკვდი, სიკვდილი გირჩევნავ, რა ხარ სიცრუის მთქმელადა; აიხსენ გველის-პირული, დიაცთ გადუგდე ცხემლადა; ფარი – ქსლის ჩასაბეჭავად, ხირიმ – გაუდვან გარადა; დამბაჩა გამაადგებისთ საბრუნლად, თითისტარადა! გამუქცევიხარ ქისტიშვილს, გადუქცევიხარ ქალადა. მაჰკალ, მარჯვენა არ მასჭერ, უკვენ მისდევდი მა რადა?!“","The fresh young Khevsurs turn into a crowd,  
they look at Aluda with hostile eyes and cry out in unison:

“Die — death would be better for you,  
you liar, you speaker of falsehoods!  
Take off that serpent’s-face,  
you’ve thrown it to the women like a spindle;  
the shield — for stamping cloth,  
the rifle — to be hung outside;  
the pistol is only fit to be turned  
like a distaff!  
You have fled from the Kist’s son,  
you have turned into a woman.  
You killed him, yet did not cut off his right hand —  
why did you then follow after him from behind?!”"
01_aluda_ketelauri_ge.csv,"ზურგი აქციეს ალუდას პირითა ჯავრიანითა; თავ-თავის სახლებს მიჰმართეს ჭერხოთით კარიანითა. გაწირეს ქეთელაური გულითა ნარიანითა, სახელსა ალუდაისას იძახდენ ბრალიანითა.","They turned their backs on Aluda with bitter mouths;  
each went toward their own homes, with doors and porches.  
They condemned Keteleuri with hearts full of thorn,  
and kept calling Aluda’s name with blame."
01_aluda_ketelauri_ge.csv,"შატილს მინდიაც მოიდა ზერდაგით რვალიანითა, წელზე ნარტყამის ფრანგულით, მკლავითა ფარიანითა, თორმეტის ქისტის მამკლავი შუბითა ტარიანითა. ირემს ჰგავ მინდის წითლაი შუბლითა მთვარიანითა.","Mindi also came to Shatili on a dapple-gray horse with eight bells, with a French sword belted at his waist, with a shield on his arm, and with a twelve-cubit Kist spear in his hand. Mindi’s red forehead, moon-like, was like that of a deer."
01_aluda_ketelauri_ge.csv,"ალუდას აუგს ეტყოდენ სიტყვითა შხამიანითა. იწყინა, შუბლი დაკეცა ნაოჭით ზარიანითა. – ნუ იტყვით ვაჟკაცის აუგს ენითა ქარიანითა. ადვილად მტერი მოგიკვდესთ, ადვილ გავიგო მართალი. ბევრ დაღონება არ გვინდა, ერთი დღის მეყოს საგძალი, გზა-კვალი არ ამერევა, ყოველ მხრივ ვიცი სავალი. დღესავ მოგივათ მინდია, მანამ დაბძანდეს მრავალი.","They spoke ill of Aluda with venomous words.  
He took offense, furrowed his brow with a fearful crease.  
— Do not speak ill of a brave man with a wind-blown tongue.  
May your enemy die easily; I can easily discern the truth.  
We do not want much sorrow; let one day’s provision be enough for me.  
I will not lose my way, I know every path from every side.  
Mindia will come to you today, before many have settled down."
01_aluda_ketelauri_ge.csv,"ქუსლი ჰკრა, წითლა გამალდა, ნიავქარივით მავალი.","He kicked up his heels, red-faced and in a hurry, moving like the wind."
01_aluda_ketelauri_ge.csv,"III. დაბნელდა, წყალნი ტირიან, კალთა გვეხურვის ღამისა; დროა ვარსკვლავთა ჟიკჟიკის, მცვრევა ბალახზედ ნამისა, მკვდართ სულთ საფლავით გამოსვლის, დრო მათ სიმღერის წყნარისა.","III. It grew dark, the waters are weeping, the hem of night burns us;  
It is the time of the stars’ twinkling, of dew falling upon the grass,  
of the dead souls rising from the grave, the time of their quiet song."
01_aluda_ketelauri_ge.csv,"დევნი გამოვლენ კლდიდამა, ხევ-ხუვში ეხეტებიან. ყველამ ივახშმა და ახლა საძილედ ემზადებიან. – პურ მიირთვიო, – ალუდას და-დედან ეხვეწებიან. – მე პურ არ მინდა, დედაო, გული შამეკრა რადამე, წუხელ ცუდ სიზმრები ვსინჯე, რიგში ვიყოდი სადამე. წინ გვედვა მიცვალებული, ხევსურნ შაწყენით ისხდენა. სალაშქროდ დამზადებულნი, ზოგნი კარებზე იდგენა. მენაც იქ ვიყავ, ვსტიროდი, როგორც წესია კაცისა. გუმანი მქონდა სალაშქროდ, ხანიც მოვიდა წასვლისა.","The devils come out from the cliffs and wander through the ravines. Everyone has had supper and is now getting ready to sleep.  
“Have some bread,” Aluda’s mother and sister beg him.  
“I don’t want any bread, mother; my heart feels strangely heavy. Last night I had bad dreams; I was somewhere in a line. A dead man lay before us, and the Khevsurs sat there in anger. Those prepared for battle were standing by the doors. I was there too, and I was crying, as is proper for a man. I had a feeling of going off to war, and the time to leave had come.”"
01_aluda_ketelauri_ge.csv,"ერთს წამს ხელ ვინამ დამტაცა, ტარი ჩამიდვა ხანჯრისა. შავხედენ, მუცალი იყო, ტანთ ეცვა ჯაჭვი რვალისა, გულზედ ემჩნივა ნიშანი მე-დ იმის ბრძოლის წამისა, ეფინა ნატყვიარშია ლეგა საფევი ბრძამისა. კლდედ იდგა, გაუტეხლადა, ცრემლ არ ჩამოსდის თვალისა.","In an instant, someone seized my hand and placed the hilt of a dagger in it. I looked up: it was Mutsali, wearing a bronze chainmail shirt. On his chest was the mark from that moment of battle, and over the wound lay the gray covering of the wound’s bandage. He stood like a rock, unbroken, and no tear fell from his eyes."
01_aluda_ketelauri_ge.csv,"„მინდა სიკვდილი, არ ვკვდები, მამკალო, მითხრა ხვეწნითა. თქვენ დაგრჩეს წუთისოფელი, მე კი წავიდე ქვეყნითა, დაძეღით, ხევსურთ შვილებო, ლაშქრობით, ხმლების ქნევითა“.","“I want to die, but I do not die; kill me,” he said pleadingly. “Let the world remain yours, and I will depart from this land; be satisfied, sons of the Khevsurs, with campaigning and with the swinging of swords.”"
01_aluda_ketelauri_ge.csv,"დავჯე, ჯამ ვინამ დამიდგა, კაცის ხორც იყო წვნიანი, ვსჭამდი, მზარავდა თუმცაღა კაცის ხელ-ფეხი ძვლიანი. რასა ვსჩადიო, ვსჯავრობდი, უმსგავსი, შაჩვენებული.","I sat down; someone set a bowl before me,  
the meat was human flesh, juicy; I was eating it, though the human hands and feet were bony.  
What was I doing? I was grieving, vile, accursed."
01_aluda_ketelauri_ge.csv,"„ჭამეო, – რამამ მიძახა, ნუ ჰხდები გაშტერებული: კიდევ მიმირთვით ალუდას წვენ-ხორცი გაცხელებული“. მიმატეს კაცის ულვაშით წვენ-ხორცი შანელებული…","“Eat,” Rama called to me, “don’t stand there staring: serve me Aluda’s broth and meat, reheated.”  
They brought me the man’s broth and meat, cooled with a mustache…"
01_aluda_ketelauri_ge.csv,"სიზმართ დამტანჯეს, იმით ვარ გუნება-აღელვებული.",I am tormented by dreams; that is what is troubling my mind.
01_aluda_ketelauri_ge.csv,"IV. თენდება, მთის წვერნ დაწითდენ, ნისლნი აგროვდენ მთებზედა. დგება, იღვიძებს სოფელი, მგზავრი მიდ-მოდის გზებზედა. სოვნი სამგზაგროს წავიდენ, მთა-ბარს მაავლეს თვალია; რამდენს ფრაშ-ფრაშში არიან, ცას ვერ გაავლეს კვალია!","IV. Dawn breaks, the mountain peaks redden, and mists gather over the mountains. The village rises, awakens, and travelers come and go along the roads. The swallows have flown off on their threefold journey, casting their eyes over mountain and valley; how many fluttering flights they make, yet they leave no trace in the sky!"
01_aluda_ketelauri_ge.csv,"ვინ მოდის წითლის ცხენითა, გამაიარა წყალია? – მოხველ მშვიდობით! – მინდიას ხევსურთა შაუძრახნიან. – რა მაიტანე ამბავი? – შორითვე დაუძახიან.","Who comes riding on the red horse, crossing the water? — Welcome in peace! — the Khevsurs would call out to Mindia. — What news have you brought? — they would call from afar."
01_aluda_ketelauri_ge.csv,"– ახლებო, სისხლი გიფუისთ, სჭრითა და ჰკერავთ გულითა, გულს ათრევინებთ გონებას, თავს აჭრეინებთ ცულითა, ადვილ ვერ იცნობთ ვაჟკაცსა მის ვაჟკაცურის რჯულითა! ერთურთს ნუ დააჩაგვრინებთ, გული-დ გონება ძმანია. მართალი არი ალუდა, თავს არ დამექცნენ ცანია! თუ არა გჯერათ, ქისტისა, აი, მოჭრილი მკლავია. ენა ქარქაშში გეჭიროსთ, ადვილ ნუ იტყვით სიტყვასა, ადვილ ნუ იტყვით ვაჟკაცზე, არა ვარგაო, იმასა! ხელი ალუდას მიართვის: – წაიღ, მიაკარ ქავადა!","– Young men, your blood is boiling; you cut and sew with your hearts, you let the heart drag the mind, you let the head be chopped off with an axe, and you do not easily recognize a brave man by his brave code! Do not let one another be oppressed; heart and mind are brothers. Aluda is right, may the heavens not collapse on my head! If you do not believe me, Kist, here is the severed arm. Keep your tongue in its sheath; do not speak words lightly, do not speak lightly about a brave man, saying he is no good! He handed the hand to Aluda: – Take it, place it by the rock!"
01_aluda_ketelauri_ge.csv,"– თუ ხელის მოჭრა მდომიყო, გან ვერ მოვსჭრიდი თავადა? ვერ გიქნავ კარგად, მინდიავ, საქმე მოგირთავ ავადა; რაად მინდარის, ვერ მიხმლობს, არ გამოდგება ფარადა; მთაში წავიღო, არ მითიბს, არც მარგებს თივის კავადა. წაიღე, თუ გწამ უფალი, ნუღარ მაჩვენებ თვალითა. კაის ყმის მარჯვენა არი, გული მეწვება ბრალითა. რაად სწყრებიან ხევსურნი, რადა ტყვრებიან ჯავრითა?! მტერს მოვკლავ, კიდევ არ მოვსჭრი მარჯვენას მაგათ ჯაბრითა! „წესი არ არის მტრის მოკვლა, თუ ხელ არ მასჭერ დანითა“. ვაი ეგეთას სამართალს, მონათლულს ცოდვა-ბრალითა!","– If I had wanted to cut off a hand, could I not have cut off my own? I cannot do you good, Mindia; I will bring you to ruin instead. What use is it to me? It does not call to me, and it will not serve as a shield. If I take it to the mountains, it will not mow hay, nor will it help as a scythe. Take it, if you believe in the Lord; do not show it to me again. It is the right hand of a brave man, and my heart burns with guilt. Why do the Khevsurs grieve, why do they break with anger?! I will kill the enemy, but I will not cut off their right hand by force! “It is not right to kill an enemy unless you cut his hand with a knife.” Woe to such justice, baptized in sin and guilt!"
01_aluda_ketelauri_ge.csv,"V. ჟამი მოვიდა საუფლო. ხალხი ხატობას დიოდა: უნდა აცნობონ ბატონსა, ვისაც კი რამა სტკიოდა. მოქუჩდა ქალი და კაცი სახვეწრით ცხვრით და ხარითა; მიართმევდიან ბატონსა სახვეწარს ბეღლის კარითა.","V. The time of the feast had come. The people were going to the icon festival: they had to inform the lord, whoever had any pain. Men and women gathered with offerings, with sheep and oxen; they would present their offerings to the lord through the barn door."
01_aluda_ketelauri_ge.csv,"ეს ვინღა მოდგა, ნისლივით, თითბრით ნაზიკის ხმალითა? ხევის ბერს აძლევს მოზვერსა, დადგა დახრილის თავითა.","Who is this that has come, like mist, with a finely tempered brass sword?  
He offers the mountain elder a bull, and stands there with bowed head."
01_aluda_ketelauri_ge.csv,"– ვის ამწყალობნებ, ალუდავ, ამა კურატით შავითა? – ჰკითხავს ალუდას ხუცესი გადაწეულის მკლავითა. დიდია ჩვენი ბატონი, გუდანის ჯვარი თავითა, საყმონიც ძლიერნი ჰყვანან, ღვთითა და ღვთისა ძალითა. კარგი ყმა უყვარს ბატონსა, წყალობა ემეტებისა; ვაჟკაცნი იმედიანნი ჩვენს ბატონს ებედებისა. მითხარ სახელი, ვის სწირავ, იმასამც შაეწირება. – ხანჯარს აიძრობს, დიდების სათქმელად დაეღირება.","– Whom are you honoring, Aluda, with this black bull? – asks Aluda the priest, with his arm outstretched. Great is our lord, with Gudani’s cross at his head, and strong are the people under him, by God and by God’s power. A good vassal is loved by the lord; favor is granted in abundance. Brave men, full of hope, come to our lord in supplication. Tell me the name of the one you are sacrificing to; let it be sacrificed to him. – He draws his dagger, ready to speak of glory."
01_aluda_ketelauri_ge.csv,"– ეგ სამხვეწროა, ბერდიავ, ძოღან მოკლულის ქისტისა. მუცალს ეტყოდენ სახელად, მაუნათლავის შვილისა. კარგადაც დამიწყალობნე, გამიმეტებავ მისთვინა, როგორც უნდომლად მოკლულის თავის ლამაზის ძმისთვინა.","– That is the **samkhvetsro**, Berdia, of the Kist who was killed the other day. They called him Mutsal, the son of the unbaptized one. Bless me well too, you have doomed me for him, just as for the handsome brother of the one who was unwillingly killed."
01_aluda_ketelauri_ge.csv,"– გაურჯულებულს არჯულებ, შენ ეგ არ შაგიხდებისა, ქისტისად საკლავის დაკვლა კარგად არ მოგიხდებისა. მამით არ მოდის ანდერძი, პაპითა-დ პაპის-პაპითა, გონთ მოდი, ქრისტიანი ხარ, ურჯულოვდები მაგითა; ეშმაკს ნუ მისდევ… ეგ სიტყვა როგორ ამოგცდა ბაგითა?! რამდენ სხვა მაჰკალ, შენს ქავზე ხელებ ჯღრდესავით ჰკიდია, ზოგი ლეკისა, სხვა ქისტის, მარჯვენეების ხიდია; ციკანიც არვის დაუკალ, განღამც კურატი დიდია. როგორ ვახვეწო უფალსა ძაღლი, ძაღლების ჯიშისა, მანამ სჯობს ცანი დამექცნენ, ზურგი გამისკდეს მიწისა, ან თუ ზღვამ დამნთქას უძირომ, სადილი ვსჭამო ქვიშისა! ფერი ედება ბერდიას, ფერი სხვა-რიგის შიშისა.","– You are trying to convert the faithless, but that is not fitting for you; it would not suit you to slaughter a sacrificial animal as a Kist. An injunction does not come from the father, nor from the grandfather or great-grandfather; come to your senses, you are a Christian, and by this you are becoming faithless; do not follow the devil… how did that word escape your lips?! How many others have you killed, hanging on your belt like hands, some Lezgi, others Kist, a bridge of right hands; you have not even slaughtered a kid for anyone, let alone a bull. How can I beg the Lord for a dog, of the dog’s breed? Before that, it would be better for the heavens to collapse on me, for the earth to split open beneath my back, or for the boundless sea to swallow me, so that I might eat a meal of sand! Berdia is turning pale, the color of a different kind of fear."
01_aluda_ketelauri_ge.csv,"– ზღვენსა ნუ გამიმსუბუქებ, მადლი თუ გწყალობს ღვთისაო, ყმა ვარ მეც გუდანის ჯვრისა, ხევსური თქვენის წყლისაო, მითამ ერთნი ვართ, ბერდიავ, მცხოვრებნი ერთის მთისაო.","– Do not make my burden lighter, if God’s grace favors you, O God; I too am a vassal of Gudani Cross, a Khevsur of your waters; as if we are one, Berdia, dwellers of one mountain."
01_aluda_ketelauri_ge.csv,"– ტყუილად სცდები, ალუდავ, ტყუილად იცვეთ პირსაო.","– You are trying in vain, Aluda, in vain you wear out your face."
01_aluda_ketelauri_ge.csv,"გაჯავრდა ქეთელაური, ფერი დაიდვა მგლისაო; ხელი გაიკრა ფრანგულსა, შუქი ამოხდა მზისაო. უქნივა მოზვერს ქედზედა, თავი მიგორავს ძირსაო. თან შაეხვეწა ბატონსა, ნუ შამიცოდებ შვილსაო, ალლადა ჰქონდეს მუცალსა, მაგ მოუნათლავ გმირსაო.","Khetelauri grew furious, taking on the color of a wolf;  
he drew his French sword, and the light burst forth like the sun.  
He struck the bull on the neck, and its head rolled down below.  
Then he pleaded with his lord: “Do not spare my son for me;  
let his belly be given to ruin, that unbaptized hero.”"
01_aluda_ketelauri_ge.csv,"ბერდია ჯაგარაშლილი ხალხისკე იზამს პირსაო. – გაგონილაა, – იძახდა, – ასრე აგდება რჯულისა: საკლავს თვითონ ჰკლავს ალუდა, მამხსენე ქისტის სულისა, ხალხო, მინდარის გავიგო პასუხი თქვენის გულისა. დაჯარდით, ხევსურთ შვილებო, ყველანი – დიდნი, მცირენი, სამართალი ვქნათ, ვუმტვრიოთ ალუდას სახლის დირენი; ნუ დაინანებთ, ექმნენით ცოლ-შვილის ამატირენი. მოკვეთილ იყოს, სხვა ქვეყნის ცა-ღრუბლის შანამზირები. წადით, უმტვრიეთ შავ-ბნელსა სახლისა, ციხის კარები. ცეცხლი მიეცით საძნოვარს, – ცასა სწვდებოდეს ალები, სათემოდ გამოირეკეთ ცხვარი, ძროხა და ხარები. შატილს ცოლ-შვილი უტირეთ, გუდანს – შინშნი და ქალები; ჰრისხამდეს ჩვენი ბატონი, არ არის შასაბრალები.","“Berdia will turn his face toward the people with the tangled hair.” — “It has been heard,” he said, “that this is how the law is cast aside: Aluda himself kills the sacrificial beast. Remind me, people, of the soul of the Kist, for I want to hear the answer of your hearts. Gather, sons of the Khevsurs, all of you — great and small — let us do justice, let us break Aluda’s house posts; do not spare them, make them weep for wife and child. Let it be cut off, the sun-and-cloud watchers of another land. Go, break the black-dark doors of the house, of the fortress. Set fire to the barn — let the flames reach the sky; drive out for the community the sheep, cows, and bulls. Make Shatili’s wives and children weep, Gudani’s men and women; let our lord be angered, he is not to be pitied.”"
01_aluda_ketelauri_ge.csv,"ამის გამგონე მინდიას მაუწყლიანდის თვალები, ვეღარასა ჰშველს ალუდას, გულზე გადიწყვის მკლავები, შასმულებმ ხევსურთ შვილებმა მაიმარჯვიან ფარები, უნდა სცან ქეთელაურსა, კაპასად ჟღერენ რვალები. ჯარად დამსხდართა ხევსურთა თავზედ წაადგა ბალღები, ერთს ხელში დაუჭერია მარჯვენის ნახრავ ძვალები.","At hearing this, Mindia’s eyes welled with tears;  
he can no longer help Aluda.  
He crosses his arms over his chest in grief;  
the sons of the Khevsurs, enraged, raise their shields.  
They must make Ketelauri know it;  
the bronze rings ring out sharply.  
The Khevsurs, seated in a host, are overtaken by the boys,  
one of them has seized the bones of his right hand."
01_aluda_ketelauri_ge.csv,"– ვაჟნო, ვინდომებ თქვენთვისა წყალობას ბატონისასა, საკარგყმო დამალეინეთ, მოგიტანთ ხელსა მტრისასა. ყორანს მიჰქონდა ბრჯღალითა, ყურეს უმარჯვდა კლდისასა. იმ დროსა ვსტყორცნე ისარი ლაღად მიმავალს ცისასა; მართალ გამოდგა ნასრევი, ყორანს უვლიდა ფრთისასა; კლანჭით გაუშვა ნადავლი, გადმეესრია მიწასა.","– Noble ones, I will strive to win you the lord’s favor; hide the goodly estate for me, and I will bring you the enemy’s hand. The raven was carrying it in its talons, steering toward the cliff’s bend. At that moment I shot an arrow at the one proudly flying through the sky; the shot proved true, and it struck the raven’s wing; it let go of the prey with its claws, and it fell to the ground."
01_aluda_ketelauri_ge.csv,"– მუცალის მარჯვენა არი, მიზეზი ხევსურთ რჩევისა, – წყრომით იტყოდა მინდია, – მიზეზი იმათ წყევისა; მე მივუტანე ალუდას, ფერი დავადევ წყენისა; რო არ მიიღო ალუდამ, სიღრმე ვაჩვენე ხევისა.","– The right side of Mutsali, the cause of the Khevsurs’ counsel, – Minia would say in anger, – the cause of their curse; I brought it to Aluda, I showed him the color of offense; when Aluda did not accept it, I showed him the depth of the gorge."
01_aluda_ketelauri_ge.csv,"– წაიღეთ, – ამბობს ბერდია, – ტოტი ურჯულო ძაღლისა, არა ვართ ხევსურთ შვილები ყმანი ეშმაკის, ალისა. ძაღლს მიუგდიან საჭმელად ხელი მუცალის მკლავისა. პირი არ ახლო ქოფაკმა, მორთო ღმუილი ბრალისა.","– Take it, – says Berdia, – the branch of the infidel dog; are we not the sons of the Khevsurs, servants of the devil, Alisa? They will throw the arm of Mutsal to the dog to eat. The cur did not come near it, and set up a howl of guilt."
01_aluda_ketelauri_ge.csv,"ხევისბერ იტყვის ბერდია: – ხევსურნო, ნახეთ თვალითა: ძაღლი ძაღლის ძვალს არ სტეხსო, თქმულია იმავ თავითა. ქისტის მარჯვენას ბალღები დაბლა ათრევენ კავითა.","Khevisber Berdia says: – Khevsurs, see with your own eyes: “A dog does not break another dog’s bone,” it is said by the same head. The children of the Kist drag the right hand down with a hook."
01_aluda_ketelauri_ge.csv,"VI. თოვლი სთოვს, ქარი ბობოქრობს, ყელებ შაკრულა მთებისა; ჩამოდის ხევად ზოვები, ჩამონასხლეტნი კლდებისა. გაუბამ ყინულს ლურჯადა უბე-კალთები წყლებისა, მიუნაქრია ერთიან ვიწრო სავალი გზებისა.","VI. Snow is falling, the wind is raging, the necks of the mountains are bound;  
avalanches are descending into the ravines, broken off from the cliffs.  
The waters have spread their blue icy skirts and hems,  
and the narrow paths have been entirely covered with frost."
01_aluda_ketelauri_ge.csv,"ვის მასწყენია სიცოცხლე, გზას ის ვინ გაუდგებისა? წინ მიდის მგზავრი, მიჰკვალავს, ხუთიც უკვენა ჰყვებისა. სიმშილით შაწუხებული მთას ღმუის ჯოგი მგლებისა.","Whoever has grown weary of life, who would set out on the road?  
The traveler goes ahead, blazing the trail, and five follow behind.  
Tormented by hunger, the pack of wolves howls on the mountain."
01_aluda_ketelauri_ge.csv,"„კარგს ნურას ჰნახავთ, ხევსურნო,“ ერთი დიაცი სწყრებისა. „ავაჰმე, ჩვენო სახ-კარო, ქვა-ქვაზე აღარ დგებაო, ციხეზე, ჭერხოს ბოძებზე ეხლა ყოვები სხდებაო“.","“Do not expect anything good, Khevsurs,” a woman lamented. “Alas, our home and hearth, not a stone remains upon a stone; now crows are sitting on the fortress, on the pillars of the upper storehouse.”"
01_aluda_ketelauri_ge.csv,"დედა ეტყოდა ალუდას: – შვილო, იარე ნელაო, შენთან ვერ გავძლებთ ვერც მენა, ვერც შენი ცოლი ლელაო, ბალღები აგვიბოჟირდა, ხელ-ფეხ დაგვიზრა ძნელაო. ვაჰმე, რა უგზოდ დავდივართ, ვაჰმე, როგორა ბნელაო! ნეტავ არ დასჭირდებაა ხევსურთა შენი შველაო?! ვის რა წყალ-ჭალა გვისტუმრებს, სად რა-რა დავილევითა? უბინო, უსახ-კარონი სხვაკანაც დავიწყევითა. ვეღარ მიუვალთ ჩვენს სახ-კარს, გაღმა შატილის ხევითა. თავის მიწა-წყლის გაწირვა ძნელი ყოფილა მეტადა; მამაკვდავს დავფერებივარ, გონი გამხდია რეტადა. მუხლებ არ მამდევს, გულშია ბნელი ჩამიდგა სვეტადა. ვაჰ, მამა-პაპის საფლავნო, კლდენო, დამდგარნო მწვეტადა!","Mother would say to Aluda:  
– My son, walk slowly; neither I nor your wife, Lela, can endure with you. The children have become restless, and the hard life has frozen our hands and feet. Alas, how roadless we wander, alas, how dark it is! Would that the help of your Khevsurs were not needed! What stream or meadow will shelter us, where shall we spend our days? Homeless, without hearth or door, we have become accursed even elsewhere. We can no longer reach our home and gate, beyond the Shatili gorge. To give up one’s native land has proved far too hard; I have become like the dying, my mind turned to confusion. My knees no longer carry me, and in my heart a pillar of darkness has been set. Ah, graves of fathers and forefathers, cliffs standing sharp and pointed!"
01_aluda_ketelauri_ge.csv,"ჯავრობით ეტყვის ალუდა: – დიაცნო, ნუ ხართ ყბედადა, მოდით, მამყევით, ვიდინოთ, ღმერთმ ეს გვარგუნა ბედადა, ჯვარს არ აწყინოთ, თემს ნუ სწყევთ, ნუ გადიქცევით ცეტადა!","Aluda says angrily:  
– Women, do not be so talkative; come, follow me, let us go. God has granted this to us as our fate; do not offend the cross, do not curse the community, do not turn into fools!"
01_aluda_ketelauri_ge.csv,"ერთხელ მაუნდა ალუდას, ერთხელ მობრუნვა თავისა: „მშვიდობით, საჯიხვეებო, გამახარელნო თვალისა! მშვიდობით, ჩემო სახ-კარო, გულში ამშლელო ბრალისა! მშვიდობით, ჩვენო ბატონო, ყმათად მიმცემო ძალისა!“","Once Aluda had to turn back, once to turn himself around: “Farewell, you cliffs of the mountain pasture, joy of my eyes! Farewell, my home and hearth, you who stir up guilt within my heart! Farewell, our lord, you who grant power to the serfs!”"
01_aluda_ketelauri_ge.csv,"გაწირეს მგზავრთა სამუდმოდ წყალი და მიწა თავისა. შტერად დამდგარან მთის წვერნი, ისმის ხვივილი ქარისა. გადვიდნენ, ქედი გადავლეს, თხრილი აღარ ჩანს კვალისა. ერთი მაისმა შორითა მწარე ქვითინი ქალისა.","They have condemned the travelers forever to water and to their own land.  
The mountain peaks stand motionless, and the whistling of the wind is heard.  
They have crossed over, they have passed the ridge; no trace of the ditch is visible.  
From afar, May heard the bitter sobbing of a woman."
02_host_and_guest_ge.csv,"I. ღამის წყვდიადში ჩაფლული, გამტკნარებულის სახითა, მოსჩანს ქისტეთის მიდამო სალის კლდეების ტახტითა. ბნელს ხევზე მოჰყეფს მდინარე, გულამღვრეული ჯავრითა. გადმოხრილიყვნენ მთანიცა, ხელ-პირს იბანდენ წყალზედა; ბევრი მომკვდარა მათს მკერდზე, სისხლს ვერ იხდენენ ტანზედა; ძმის მკვლელის სისხლი სწყურია, კაცი რომ მოდის გზაზედა. გზას ვამბობ, თორემ რა გზაა, ვიწრო ბილიკი კლდეზედა? სავალად მეტად ძნელია, ფეხს ძლივ აცილებს ფეხზედა. გაღმა სჩანს ქისტის სოფელი არწივის ბუდესავითა, – საამო არის საცქერლად დიაცის უბესავითა. სოფლის თავს სძინავს შავ ნისლსა დაფიქრებულის სახითა. ყურს უგდებს არე-მარესა, გულ-ლაღობს სანახავითა.","I. In the darkness of night, sunk as if in a state of numbness,  
the region of Khevsureti appears, with the throne of rocky cliffs.  
Over the dark ravine the river barks, with a heart-tormenting fury.  
Even the mountains have leaned down, washing face and hands in the water;  
many have died upon their breast, and they cannot wash the blood from their bodies;  
it thirsts for the blood of a brother’s killer, for the man who comes along the road.  
I say “road,” though what road is it, but a narrow path upon the cliff?  
It is very hard to traverse, one foot barely clearing the other.  
Across the way the Kist village is visible, like an eagle’s nest,  
—pleasant to behold, like a woman’s bosom.  
At the head of the village sleeps beneath black mist, with the look of deep thought.  
It listens to the surroundings, rejoicing in the sight."
02_host_and_guest_ge.csv,"სტუმარი ცოტა ხანისა ხვალ სხვაგან წავა აქითა. წავა, გადივლის გორებსა, ქედებსა ყინულიანსა; აბნელებს, უხილავად ჰქმნის ქვეყანას ხილულიანსა. თუ მონადირეს ატირებს, გზა-დაკარგულსა კლდეშია, ალაღებს მგელსა და ქურდსა, მოარულთ სიბნელეშია.","The guest will soon go elsewhere from here tomorrow. He will go, crossing the icy hills and ridges; he darkens, making the visible world invisible. If he makes the hunter weep, lost on the road in the cliffs, he exalts the wolf and the thief, those who roam in the darkness."
02_host_and_guest_ge.csv,"II. ზევიდამ ვინღაც უცნობმა კლდის ლოდი გადმოაგორა, მგზავრმა შეჰხედა პირ-აღმე, წინ უდგას მაღალი გორა. ყურს უგდებს… ცოტა ხანს შემდეგ მოესმა ქვიშის ჩხრიალი. მგზავრი სიათას იმარჯვებს: მტერი არ იყოს ტიალი. შესცქერის გაფაციცებით ფეხზე შემდგარის თოფითა, ჰხედავს, რომ მოალაჯუნებს კაცი ორ-კაპის ჯოხითა. შავი რამ მოსთრავს პირ-თავქვე, ქვიშა ქანავდა იმითა. არას ამბობდა უცნობი, სიტყვა არ მოსდის პირითა. უპრჭყვინავს სალტა თოფისა, ვით წვიმის ცვარი დილითა.","II. From above, some unknown person rolled down a stone from the cliff; the traveler looked up and saw a high hill standing before him. He listens… after a little while he heard the rustling of sand. The traveler quickly readies himself: may it not be an enemy. He watches intently, standing with his gun, and sees a man trudging along with a two-pronged stick. Something black is being dragged headfirst, and the sand was shifting with it. The stranger said nothing; no word came from his mouth. The gun’s metal ring glints, like morning dew in the rain."
02_host_and_guest_ge.csv,"– ვინ ხარ, რა სულიერი ხარ, რას იარები ამ დროსა?","– Who are you, what kind of spirit are you, and why are you wandering around at this time?"
02_host_and_guest_ge.csv,"– ვინ გინდა? მონადირე ვარ, კაცს შენ ვერ გხედავ სანდოსა.",– Who do you want? I am a hunter; I do not see you as a trustworthy man.
02_host_and_guest_ge.csv,"– რაობით სანდო არა ვარ? სიტყვას რად ამბობ მცდარესა? ვითომ, რომ დავხეტიალობ შენებრ ამ კლდიან მხარესა? მეც მონადირე გახლავარ, დღეს კი ვეხეტე უბრალოდ.","– Why am I not trustworthy? Why do you speak a false word? As if I were wandering, like you, on this rocky side? I too am a hunter; today I was just roaming about."
02_host_and_guest_ge.csv,"– წესია მონადირისა, ხომ მაინც დაჰრჩი უვალოდ?","– It is the hunter’s rule, isn’t it? You still remained unattended, after all?"
02_host_and_guest_ge.csv,"– ესეც ვალია, ძმობილო, ძლივსღა დავათრევ ფეხებსა, სულ დავიარე ჭიუხი, არა ვსტოვებდი ხევებსა. ზედ შავი ნისლი ჩამოწვა, ნიავი მოსცა ძლიერი, ხევებით შემომღმუოდა, როგორაც მგელი მშიერი. თვალწინ გზას ვეღარ ვირჩევდი, კლდეზე გადვარდნას ვლამობდი, ხამად ვარ, გეზი არ ვიცი, ამით ძლიერა ვწვალობდი.","– This too is a burden, my brother, I can barely drag my feet; I have traversed the whole rugged mountain, I did not leave the ravines unvisited. A black mist descended over it, and a strong wind arose; it howled at me through the ravines like a hungry wolf. I could no longer choose the road before my eyes, I was trying not to fall off the cliff; I am a stranger, I do not know the way, and this greatly tormented me."
02_host_and_guest_ge.csv,"ბევრგან დავაფრთხე ნადირი, ცხადად ფეხის ხმა მესმოდა, ან როცა გადაფრენილის ჯიხვის რქა კლდეებს ესმოდა. ის იყო გულის საკლავი, თვალით ვერაფერს ვხედავდი, სროლას, ან მოკვლას ვინ იტყვის, წინ სვლას ვეღარა ვბედავდი.","I frightened the game in many places; I could clearly hear the sound of footsteps, or when the horn of a flying chamois echoed among the cliffs. It was heart-rending; I could see nothing with my eyes, and who could speak of shooting or killing—I no longer dared to move forward."
02_host_and_guest_ge.csv,"უცნობი ახლოს მივიდა, შორი-ახლოსა მდგომარე, „გამარჯვებაო“ მისძახა, „ნუ სჩივი, ნუ ხარ მწყრომარე“.","The unknown one came close, standing near yet far, and called out, “Victory to you,” “Do not complain, do not be wrathful.”"
02_host_and_guest_ge.csv,"– შენც გაგიმარჯოს, ძმობილო, ჰხოცო ნადირი მხტომარე.","– Cheers to you too, brother, may the leaping beast be slain."
02_host_and_guest_ge.csv,"– აი ნადირი, რას სჩივი? – უჩვენა ჯიხვი რქიანი, მკვდარი, რქებ-გადაგდებული, დადუმებული, ჭკვიანი. – თუ გინდა ეხლავ გავიყოთ, როგორც ამხანაგთ, ორადა, ჩიჩქიც არ მინდა მე მეტი, გავინაწილოთ სწორადა. ამაღამ ჩემთან წამოდი, სახლი არ მიდგა შორადა. სადაური ხარ, ძმობილო? სახელიც მითხარ შენია. ნუ სწუხარ, საზრდო შენთვისაც დღეს უფალს გაუჩენია. წილი გდებია შენაცა ამ ჩემგან მოკლულს ჯიხვშია. რად გიკვირს, არ გეხუმრები, არც გეფერები პირშია. მაშ, თუ ეს ასე არ არის, რად შამეფეთე ამ დროსა?! შაჰრცხვეს, ჩემ თავად, ვინც შენა ნაწილი დაგიკარგოსა. რა გქვიან? სახელი მითხარ, ხევსური სჩანხარ იერით.","“Look, beast, what are you complaining about?” he pointed to the horned, dead, horn-cast-off, silent, wise chamois. “If you want, let’s divide it right now, as comrades, into two; I don’t want even a shred more than my share, let’s split it fairly. Come with me tonight; my house isn’t far away. Where are you from, brother? Tell me your name too. Don’t worry, God has provided food for you today as well. You too have a share in this chamois I killed. Why are you surprised? I’m not joking, nor am I flattering you to your face. Then if that isn’t so, why did you frighten me at this time?! Shame on whoever, for my sake, would deprive you of your portion. What are you called? Tell me your name; by your appearance you seem to be a Khevsur.”"
02_host_and_guest_ge.csv,"– ნუნუა მქვიან, ძმისაო, გადმოხვეწილი ჭიელით, – იცრუა ზვიადაურმა, თვისი სახელი დამალა. რა ქნას? მის სახელს იცნობენ, ქისტებს ბევრს სისხლი ავალა; ბევრს ქისტს მოაჭრა მარჯვენა, უდროდ საფლავში ჩალალა.","“— My name is Nunua, brother, from Chieli, an exile,” Zviadauri lied, hiding his own name. What could he do? They know his name; he has shed the blood of many Kists; he has cut off the right hand of many a Kist and sent them untimely to the grave."
02_host_and_guest_ge.csv,"– შენი სახელიც მასწავლე, ჩემი ხომ გითხარ მართლადა.","– Teach me your name too, since I’ve truly told you mine."
02_host_and_guest_ge.csv,"– ჯოყოლა მქვიან, ძობილო, ალხასტაისძე გვარადა; არ მოგვიხდება, ერთურთში სიტყვა ვიუბნოთ მცდარადა. სახლი აქ ჯარეგას მიდგა, ქავი და ციხე კარადა. ამაღამ ჩემთან წამოდი, მე გაგიძღვები თავადა. თუ კარგად არ დაგიხვდები, არც დაგიხვდები ავადა. ხვალ თითონ იცი, ძმობილო, საითაც გინდა, იარე. ზოგს მე გიამბობ ჩემს დარდსა, ზოგიც შენ გამიზიარე.","– My name is Jqhola, brother, son of Alkhastai by lineage;  
it would not be fitting for us to speak to one another in error.  
My house stands here at Jarega, with roof and fortress as its gate.  
Come with me tonight, and I myself will lead you.  
If I do not receive you well, then I shall not receive you badly either.  
Tomorrow, you know for yourself, brother, go wherever you wish.  
I will tell you some of my sorrow, and you will share some of yours with me."
02_host_and_guest_ge.csv,"– საცა არ მიხნავ, ძმობილო, იქ ვმკო – ეს სადაურია? ყელი მოგიჭრავ ჯიხვისთვის, ფეხებიც ჩატყაულია. გესტუმრო, უარს არ გეტყვი, გიშველი ჯიხვის ზიდვასა, წილს კი არ მოგთხოვ, იცოდე, თავს არა ვკადრებ იმასა.","– “Where I haven’t plowed, brother, there I reap” — where is that from? I’d cut your throat for a chamois; even its legs are broken. If I come to visit you, I won’t refuse, I’ll help you carry the chamois, and I won’t ask for a share, know that—I wouldn’t stoop to that myself."
02_host_and_guest_ge.csv,"შამოატყავეს ნადირი, წავიდნენ ჯარეგაშია, ბევრი იუბნეს ამბავი, ერთურთს გაეცნენ გზაშია.","They skinned the beast, they went to Jarega,  
they talked a lot, and on the road they got to know one another."
02_host_and_guest_ge.csv,"III. მივიდნენ, კოშკები დაჩნდა, აქა-იქ ჰყეფენ ძაღლები; კარებში იცქირებიან ცნობისმოყვარე ბალღები. დაეტყო ცხადად კლდის მსგავსად სიპით ნაგები სახლები.","III. They arrived, towers appeared, dogs bark here and there; curious children peek through the gates. The houses built of smooth stone, like a cliff, became clearly visible."
02_host_and_guest_ge.csv,"– აი, ეს ჩემი ოჯახი, ჩემი ციხე და სახლია; მობრძანდი, როგორც ძმა ძმასთან, ნათლიმამასთან – ნათლია.","– Here is my family, my fortress and home; come as a brother to a brother, as a godfather to a godchild – godfather."
02_host_and_guest_ge.csv,"ცოლს დაუძახა ჯოყოლამ: – გამოიხედე კარშია! – ეტყობა თავმოწონება მასპინძელს საუბარშია. სდგანან დერეფანს, უცდიან… ცეცხლი ჰკრთებოდა ღველფზედა, ჩონგურს უკრავდა, დროული კაცი რამ უჯდა გვერდზედა. დაჰმღერდა გმირობისასა, მამა-პაპათა ცდისასა: როგორ არბევდნენ ფშავ-ხევსურთ, სისხლს არ არჩენდენ ძმისასა; ყველგან მადლობას სწირავენ მარჯვენას კაის ყმისასა.","Jokhola called to his wife: “Come look out the door!” — it seems the host is in the midst of boasting in conversation. They stand in the corridor, waiting… The fire flickered on the hearth, he played the chonguri, and some worthy old man sat beside him. He began to sing of heroism, of the trials of their forefathers: how they used to raid the Pshavs and Khevsurs, never sparing a brother’s blood; everywhere they give thanks to the right hand of a brave man."
02_host_and_guest_ge.csv,"გამოჩნდა ქალი ლამაზი, შავის ტანსაცმლით მოსილი, როგორაც ალყა ტანადა, ვარსკვლავი ციდამ მოცლილი.","A beautiful woman appeared, dressed in black clothes, as if she were girded in a siege, a star fallen from the sky."
02_host_and_guest_ge.csv,"– აი, სტუმარი მოგგვარე, – ღვთის წყალობაა ჩვენზედა, – როგორც დაგვხვდები, დიაცო, ეხლა ჰკიდია შენზედა.","– Here, I brought you a guest, – it is God’s grace upon us, – as you receive us, woman, now it depends on you."
02_host_and_guest_ge.csv,"ქალმა სალამი მიართო: – სტუმარო, მოხვედ მშვიდობით! – შენდაც მშვიდობა, გაცოცხლოს თავის ქმრითა და წილობით!","The woman offered a greeting: – Guest, may you have arrived in peace! – And peace to you too; may you be made to live with your husband and your share!"
02_host_and_guest_ge.csv,"სტუმარს აბჯარი წაუღო, მიიპატიჟეს შინაო; ქალი მისდევდა უკანა, ჯოყოლა მიდის წინაო; თან მისდევს ზვიადაური, ძმობილი გაიჩინაო.","They took the guest’s armor away and invited him inside;  
the woman followed behind, and Jokhola went ahead;  
Zviadauri followed along too, as a sworn brother was made."
02_host_and_guest_ge.csv,"IV. კაცი რომ სჩანდა სახლშია, ჭაღარ-შერთული, ხნიერი, წამოდგა ისიც ფეხზედა, როგორც კლდის ვეფხვი, ძლიერი. სტუმრად მოსული უცნობი, სტუმარს პატივს სცემს სხვისასა, ფეხზე ადგომა წესია, წესს ვერ დაარღვევს მთისასა. მაგრამ როს ნახა უცნობი, ფერი დაედო მგლისაო; ადვილად აიცნობოდა, რასაც ჰფიქრობდა ისაო. არ ეჭაშნიკა დროულს ქისტს დანახვა უცხოს ყმისაო. გული სცემს ბრაზმორეული, სახეც არ ჰმალავს ამასა, ხანჯრისკე ხელი მიუდის, ჩუმად სინჯავდა დანასა, მაგრამ სტუმარი სხვის სახლში ვერ გაშლის ხათაბალასა. ადგა და ჩუმად გავიდა, თითზე იკბინა მწარედა, სამჯერ ჩაიკრა გულს ხელი, როცა გავიდა გარედა.","**IV.** The man who was in the house, gray-haired, old, rose to his feet as well, strong as a mountain tiger. A stranger who comes as a guest honors another man’s guest; to stand up is the custom, and the custom of the mountains cannot be broken. But when he saw the stranger, he turned the color of a wolf; it was easy to tell what he was thinking. The timely Kist did not like the sight of a foreign servant. His heart beat with anger, and his face did not hide it; now and then his hand moved toward the dagger, quietly testing the blade, but a guest in another man’s house cannot stir up trouble. He rose and quietly went out, bit his finger bitterly, and three times pressed his hand to his heart when he went outside."
02_host_and_guest_ge.csv,"წავიდა, კარი-კარ დადის, ენასა ჰლესავს შხამითა: „ქისტებო, ჩვენი მოსისხლე შემოგვეპარა ღამითა. სჩანს, რო ჯოყოლა ვერ იცნობს, არ უნახია თვალითა ეგ ჩვენი ამომგდებელი, ჩვენი მრბეველი ძალითა; გაუმაძღარი მუდამ ჟამს ჩვენის სისხლით და ძვალითა დღეს ჩვენს ხელთ არის, ვეცადოთ, ვაგემოთ გემო მწარია, მაგათ მოკლული ამ ზაფხულს გვყავს უპატრონო მკვდარია. სთქვით, თუ არ ვამბობ სიმართლეს, თუ ჩემი სიტყვა მცდარია?! გაიგოს ჩვენმა დუშმანმაც, არ გვაქვს უჯიშო გვარია. მიკვირს ჯოყოლას ჭკვისაგან, მტერს რად გაუღო კარია, ვისა ჰმასპინძლობს ჭკვათხელი, ცნობაზე რად არ არია?! ცხვირიდამ უნდა ვადინოთ ზვიადაურსა ძმარია, თუ არა, დიაცთ დაუთმოთ ჩვენი ხმალი და ფარია“.","Went, going from door to door, he sharpens his tongue with poison:

“Qist people, our blood enemy has slipped in to us by night.  
It seems Jqola does not recognize him; he has not seen with his own eyes that one who drove us out, who ravaged us by force;  
that insatiable one, always with our blood and bones, is today in our hands. Let us try to make him taste bitter sorrow.  
We have one they killed this summer, an unprotected corpse.  
Say, if I am not speaking the truth, if my words are false?!  
Let our enemy also learn that we are not a people without lineage.  
I am amazed at Jqola’s wisdom: why did he open the door to the enemy?  
Whom is the foolish one hosting, and why is he not troubled by the danger?!  
We must make Zviadaur bleed from the nose, otherwise let us hand our sword and shield over to the women.”"
02_host_and_guest_ge.csv,"აღელვდენ ქისტის შვილები, ყველამ შაიბა ხმალია, აღელვდა მთელი სოფელი: ბალღი, კაცი და ქალია. უნდა შასწირონ თავის მკვდარს ზვიადაურის თავია; უნდა მტრის საფლავზე დაკლან, როგორაც წესი არია.","The sons of the Kist were stirred,  
each one girded on his sword;  
the whole village was roused:  
child, man, and woman all.  

They must offer up to their dead  
the head of Zviadauri;  
they must slaughter him on the enemy’s grave,  
as is the custom."
02_host_and_guest_ge.csv,"გაგზავნეს ერთი მზვერავი, თან აბარებენ ჩუმადა, მივიდეს ჯოყოლასთანა მეზობლურადა, ძმურადა; სოფლის განზრახვა არა გზით მას არ ჩაუგდოს ყურადა. ივახშმოს, იმუსაიფოს, გაიგოს სტუმრის ლოგინი; ღამე დაესხნენ, შაკონონ, არ უნდესთ ბევრი ლოდინი. მივიდა მოყურიადე ლაქარდიანის ენითა, სახელს ულოცავს ჯოყოლას, ლაღობს, არ არის წყენითა. ხალბათობს, ამბობს ამბებსა, ენას აკვესებს კვესითა. ვინ იცის, გული სავსე აქვს გველის შხამით და გესლითა.","They sent one spy, and quietly instructed him:  
let him go to Jojola as a neighbor, as a brother;  
let him not, by any means, let the village’s intention reach his ears.  
Let him dine, converse, and learn the guest’s sleeping place;  
at night let them fall upon him, bind him,  
so they will not have to wait long.

He went as a listener, with a smooth tongue,  
congratulating Jojola on his name, cheerful, not bearing offense.  
He jokes, tells stories, and sharpens his tongue like a whetstone.  
Who knows, his heart may be full of serpent venom and poison."
02_host_and_guest_ge.csv,"ივახშმეს. თვისი სტუმარი მასპინძელს მოსწონს გულითა. „კარგი ვაჟკაცი ეტყობა“, – ფიცულობს თავის რჯულითა: „ეს ერთი ცნობა, ხვალ ძმობა, ერთად შევთვისდეთ სულითა“… მიიპატიჟა საძილედ, დაუთმო თვისი ლაჭანი. – არაო, – სტუმარი ეტყვის, – არ მინდა ლეიბ-საბანი. მე დერეფანში დავსწვები, შინ ძილს არც კი ვარ ჩვეული…","They dined. The host likes his guest with all his heart.  
“Seems like a good man,” he swears by his faith:  
“This first acquaintance, tomorrow brotherhood, let us become one in spirit…”  
He invited him to sleep, gave up his own bed.  
“No,” the guest says, “I don’t want a mattress and blanket.  
I’ll lie down in the hallway; I’m not even used to sleeping indoors…”"
02_host_and_guest_ge.csv,"ასრულდა მისი წადილი, გულიდამ ამოწეული, მოყურიადეს ეს უნდა, ამად არს აქ მოწვეული. წავიდა გახარებული, შეატყობინა ყველასა. მამლის საჯდომი თუ იცის, მეტი რა უნდა მელასა?!","His desire was fulfilled, drawn up from his heart; this is what the listener wants, and for that he has been summoned here. He went away delighted and informed everyone. If he knows the rooster’s roost, what more does the fox need?!"
02_host_and_guest_ge.csv,"V. – რა ამბავია, დიაცო? ხმალი მინდა და ხანჯარი! სახუმრო საქმე არაა, თავზე დაგვესხა მტრის ჯარი! ნამდვილ აკლებას გვიპირობს, გვღალატობს ჩვენი სტუმარი; ძმობით და მეგობრობითა შემოგვაპარა ლაშქარი! სუ, დაიცადე!.. მოვსტყუვდი… ჩვენი ქისტები არიან. რისთვის მოვიდნენ ამ დროსა, რას ბჭობენ, ვის რა სწადიან?! ყური დაუგდე კარგადა, კაცისა მესმის ხრიალი. რა მქისე ხმაურობაა, რა საზარელი გრიალი! ჩემს სტუმარსა ჰკვლენ, სწორედა, უდგასთ ხანჯრების პრიალი. უყურე უნამუსოთა, ჩემს ოჯახს როგორ ჰქელავენ! ჩაიგდეს ჩემი კაცობა, ფეხს ქვეშ ტყლაპივით სთელავენ, გავიგო, აბა, წავიდე, რაზე, რისთვისა ჰღელავენ?!","V. – What is this, woman? I want my sword and dagger! This is no joking matter, the enemy army has fallen upon us! They truly mean to ravage us; our guest is betraying us! They have slipped an army in under the guise of brotherhood and friendship! Hush, wait!.. I was mistaken… they are our Kists. Why have they come at this time, what are they plotting, what do they want from whom?! Listen closely, I can hear a man’s rasping. What a harsh clamor, what a dreadful roar! They are killing my guest, indeed, I can see the gleam of daggers. Look at those shameless ones, how they trample my household! They have seized my honor, crushing it underfoot like mud; let me go and see what they are so agitated about, and why!"
02_host_and_guest_ge.csv,"ეს სთქვა ჯოყოლამ, წამოდგა, ხელ-ხანჯრიანი წავიდა. გააღო სახლის კარები, შეუპოვარად გავიდა. – რას სჩადით? – შემოუძახა: – ვის სტუმარს ჰბოჭავთ თოკითა? რად სტეხთ საუფლო ჩვენს წესსა, თავს ლაფს რად მასხამთ კოკითა? ჩემს სჯულსა ვფიცავ, სისხლს დავღვრი, განანებთ ბრიყულს ქცევასა, განანებთ, თუმცა ძმანი ხართ, ჩემის კაცობის ქელვასა!..","Jokhola said this, rose, and went out with his dagger in hand. He opened the house door and stepped out resolutely.  
– What are you doing? – he shouted: – Whose guest are you binding with rope? Why are you breaking our sacred custom, why are you pouring disgrace upon us like a bucket? I swear by my faith, I will shed blood; I will make you regret your foolish deed, I will make you regret trampling on my honor, though you are my brothers!.."
02_host_and_guest_ge.csv,"– რას ამბობ, შტერო, რას ამბობ? რად არ მოდიხარ ცნებასა? მოსისხლე სტუმრის გულისთვის ძუძუს ვინ მოსჭრის დედასა?! – შემოუძახეს ქისტებმა ერთხმად, ძლიერად, ჭექითა: – შენ და შენს სტუმარს, ორივეს ერთად გადგისვრით ბექითა. თემს რაც სწადიან, მას იზამს თავის თემობის წესითა. მთელის ქისტეთის ამომგდე სტუმრად რადა გყავ სახლშია? ზვიადაურის სახელი ბავშვმაც კი იცის მთაშია. ეს იყო მუდამ, ჭკვათხელო, ჩვენის გაჟლეტის ცდაშია, მგლურად რო გვეტევებოდა, რო გვიჯდებოდა გზაშია.","– What are you saying, fool, what are you saying? Why do you not come to your senses? For the sake of a blood-feud guest, who would cut off a mother’s breast?! – the Kists shouted back in unison, thunderously: – You and your guest, both together, we will hurl down from the cliff. Whatever the clan desires, it will do by the law of its clan. Why do you keep in your house as a guest the one who drove all of Kisteti out? Even a child in the mountains knows Zviadauri’s name. This has always been so, simpleton, in the attempt to destroy us, when he would attack us like a wolf, when he would block our path."
02_host_and_guest_ge.csv,"ჯოყოლა ცოტას შეფიქრდა, პირს სინანული წაესო, თითქოს ნატყორცი ისარი ზედ გულის კოვზზე დაესო.","Jokhola thought for a moment, a look of remorse came over his face, as if a wounded arrow had struck him right in the heart."
02_host_and_guest_ge.csv,"– თვით ამან მოკლა შენი ძმა არყიანებში თოფითა, ჩვენ ვიცნობთ მაგის სახესა, გადალესულსა ცოფითა. „გახლავართ ზვიადაური!“ – ჩამოგვკიოდა გორითა; სულ კარგად ვიცით, ცხადადა, თვალს ვადევნებდით შორითა. აავსო ფშავ-ხევსურეთი აქით წასხმულის ძროხითა. უკან გაუდგა ლაშქარსა ფეხმარდი, ლეგის ჩოხითა. თავს რად იმურტლავ, ბეჩავო, გაუმაძღარის ღორითა? გული როგორ არ გერევა მაგასთან ჯდომა-ყოფნითა?!","– It was he himself who killed your brother in the Arqiani with a gun; we know that face of his, smeared over with rage. “I am Zviadauri!” — he shouted down to us from the ridge; we know it all well, plainly, for we were watching from afar. He filled Pshav-Khevsureti with cattle driven off from here. The swift-footed one, in a dark chokha, followed after the host. Why do you disgrace yourself, poor soul, with that gluttonous pig? How can your heart not turn at being with him, sitting and living beside him?!"
02_host_and_guest_ge.csv,"– ეგ მართალია, იქნება… რა უნდა მითხრათ მაგითა, მითც ვერ მიაბამთ ჩემს გულსა თქვენს გულისთქმასთან ძაფითა. დღეს სტუმარია ეგ ჩემი, თუნდ ზღვა ემართოს სისხლისა, მითაც მე ვერ ვუღალატებ, ვფიცავ ღმერთს, ქმნილი იმისა. მე გთხოვ გაუშვა, მუსაო, ნუ სტანჯავ უდიერადა, როცა გასცდება ჩემს ოჯახს, იქ მოეპყარით ავადა. ვის გაუყიდავ სტუმარი? ქისტეთს სად თქმულა ამბადა? რა დავაშავე ისეთი, რომ მომიხედით კარადა? თვის რჯული დაგვიწყებიათ, მიტომ იქცევით მცდარადა; ჩემს ოჯახს პასუხს რით აძლევთ? სახლში ხართ, განა შარადა! ვაი თქვენ, ქისტის შვილებო, მომდგარნო ჩემს კარს ჯარადა! უიარაღოს აწვალებთ, გული რასა ჰგრძნობს თავადა?","– That is true, it may be… What can you tell me by that, when even so you cannot bind my heart to your heart’s desire with a thread. Today he is my guest; even if the sea were to turn to blood, I still could not betray him, I swear to God, the one who made me. I ask you, let him go, Musa, do not torment him so cruelly; when he has left my household, then treat him badly there. To whom do you sell a guest? Where in Kisteti has such a thing ever been spoken of? What have I done so wrong that you have come to my door? You have forgotten your own law, and that is why you act wrongly; how will you answer to my household? You are in a home, not on a road! Woe to you, sons of the Kists, who have gathered at my door like an army! You torment the unarmed—what does the heart itself feel?"
02_host_and_guest_ge.csv,"მუსა (ჯოყოლას): შენაც ამასთან შაგკონავთ, თემის პირს რომ სტეხ, თავხედო! ჩვენის ნარჩევის დარღვევა შენ როგორ უნდა გაჰბედო? აჰყეფდი ქოფაკივითა, აბდა-უბდაობ შტერადა; ამ გიაურის გულისთვის ძმებსაც ეპყრობი მტერადა. არ იცი, რომ შენი საქმეც დღეიდან წავა ცერადა?!","Musa (to Jokhola): You too will be tied to this one, you insolent fool who breaks the face of the community! How dare you violate our chosen decision? You barked like a cur, babbling nonsense like a fool; for this giaour’s sake, you even treat your brothers as enemies. Do you not know that from today your own affair will go downhill as well?!"
02_host_and_guest_ge.csv,"ჯოყოლა (მუსას): რაო? ქოფაკო?! შენ ამბობ? ახლა ძაღლადაც გამხადე?! – იძრო ხანჯარი, მუსასა გულში უმარჯვა ვადამდე. – უყურე თვით ძაღლს, უყურე, გამითამამდა სადამდე! ჩემის კაცობის დამქცევნო, ლანძღვასაც მემართლებითა? ალლახსა ვფიცავ, გაგმუსრავთ, მანამ ამკაფავთ ხმლებითა, გრისხავდესთ ცა-ქვეყნის მადლი, უსამართლობას ჰშვრებითა!","Jokhola (to Musa): What? Cur! Are you saying that? Have you turned me into a dog too?! — He drew his dagger and drove it into Musa’s heart up to the hilt. — Look at the dog himself, look how far his insolence has gone! You destroy my manhood, and now you even justify insulting me? I swear by Allah, I will crush you, I will cut you down with swords until the blessings of heaven and earth turn against you, for you are committing injustice!"
02_host_and_guest_ge.csv,"– რა ქმნა უღმერთომ, რა ქმნაო, გაგიჟდა, ჭკვაზე მცდარია… – ჯოყოლას თავზე დაეცა მთლი ქისტების ჯარია, ხელი შეუკრეს… არ მისცეს ნება, ეხმარა ხმალია… ხელ-ფეხშეკრული დერეფანს დააგდეს, როგორც მკვდარია, წყევლა ხალხისა ჭექაა, ნაფურთხი – წვიმის ცვარია. წამოიყვანეს დაჭრილი, ზვიადაურიც სტანია.","– What has the godless one done, what has he done? He has gone mad, he is out of his mind… – The whole army of the Kists fell upon Jokhola, they bound his hands… They did not allow him to use his sword… Bound hand and foot, they threw him into the corridor like a dead man; the people’s curse is like thunder, their spit is like raindrops. They brought the wounded one away; Zviadauri too is in chains."
02_host_and_guest_ge.csv,"რას ამბობს ზვიადაური? სახე რადა აქვს მტკნარია? ბოღმა მიტომ ჰკლავს ვაჟკაცსა, რომ ხელთ არა აქვს ხმალია: „ჩამიგდეთ ხელში, ძაღლებო, კარგი დაგიდგათ დარია“. ამას ამბობდა დინჯადა, სხვად არას მოუბარია. მიჰყავდათ სასაფლაოზე, სადაც ქისტების მკვდარია, უნდა თავის მკვდარს შესწირონ, რომ იქ უზიდოს წყალია, მსახურად ჰყავდეს, მორჩილად, და გაუბანდოს ჯღანია…","What does Zviadauri say? Why does his face look so pale?  
It is resentment that kills a brave man, because he has no sword in hand:  
“Put me in your hands, you dogs, and may fair weather be upon you.”  
This he said calmly, and spoke of nothing else.  
They were taking him to the cemetery, where the Kists’ dead are;  
he is to be offered to their dead, so that there he may carry water for them,  
serve them as a servant, obediently, and wash away their filth…"
02_host_and_guest_ge.csv,"VI. სოფლისა გაღმა გორია, დამწვარი, ქვიშიანია. ბევრი წევს იქა ვაჟკაცი, გულ-ლომი, ჯიშიანია. ძირს მისდგამს ბექი მდუმარე, ნაღვარი, თიხიანია. ხმალ-ხანჯრის, თოფის მხმარეთი არა სძგერს გული მაგარი; იმათ სჭამს მიწა უენო, სასტიკი, გაუმაძღარი; მასში ეშლება ყველასა ადამიანის იერი… ვერ გვიხსნის სიკვდილის ბჯღალით ძალა, ვერც სიტყვა ცბიერი. ბუნების ცოდვა ესაა, მუდამ საწყინო ჩემია: ავსა და კარგსა ყველას ჰკლავს, არავინ გადურჩენია. ყველა მგზავრთათვის ინთქმევა, როცა იღუპვის გემია!..","VI. The village beyond the hill is scorched, sandy.  
Many a brave man lies there, lion-hearted, of noble stock.  
Below it stretches a silent, muddy, clayey slope.  
The hard heart of one who wields sword and dagger, gun and rifle, does not tremble;  
the voiceless, cruel, insatiable earth devours them.  
There everyone’s human likeness is lost…  
Neither the power of death’s claw nor deceitful words can save us.  
This is nature’s sin, my ever-sorrowful thought:  
it kills both the wicked and the good; no one has escaped it.  
For all travelers it becomes a grave, when the ship is sinking!.."
02_host_and_guest_ge.csv,"მზე ჯერ არ ამოსულიყო, ნამს ჯერ ბალახზე ეძინა, არ დაებერა ნიავსა, დაბლა არ ჩამოეფინა, ურიცხვი კაცი და ქალი ჭალაზე შამოეფინა. მოჰყავდა ზვიადაური ხელშეკონილი გროვასა, ყველას უხარის მის მოკვლა, ან ვინ დაიწყებს გლოვასა?! სიკვდილი ყველას გვაშინებს, სხვას თუ ჰკვლენ, ცქერა გვწადიან; კაცნი ვერ ჰგრძნობენ ბევრჯელა, როგორ დიდს ცოდვას სჩადიან. რამდენი ავსული ვიცი, წარბშაუხრელად დადიან; თავის მტანჯველის შემუსრვა ან კი ვის არა სწადიან?!","The sun had not yet risen, the dew still slept on the grass,  
the breeze had not yet blown, had not yet spread below,  
when countless men and women gathered over the meadow.  
They were bringing Zviadauri, hands bound, into the crowd;  
everyone rejoiced at his death—who would begin the mourning?!  

Death frightens us all; if it is another who is being killed, we want to watch;  
men often do not feel how great a sin they are committing.  
How many evil souls I know who walk with untroubled brows;  
and who would not desire the destruction of the one who torments him?!"
02_host_and_guest_ge.csv,"VII. აი საფლავიც ქისტისა, ხალხი მოერტყა გარსაო, მოლა მოჰყვება ლოცვასა, იხსენებს თავის მკვდარსაო:","VII. Here is the grave of the Kist, the people have gathered around it,  
the mullah begins the prayer, remembering his dead:"
02_host_and_guest_ge.csv,"„ნუ იტანჯები, დარლაო, ნუ შეიწუხებ თავსაო, მოვსდეგით შენნი მოძმენი შენის სამარის კარსაო, მსხვერპლსაცა გწირავთ, იხარე, არ გაჭმევთ მტრისა ჯავრსაო“.","“Do not suffer, Darla, do not trouble yourself; your brethren have come to the door of your grave; we offer you a sacrifice too—rejoice, we will not feed you the enemy’s grief.”"
02_host_and_guest_ge.csv,"– ძაღლ იყოს თქვენის მკვდრისადა! – ვაჟკაცი იღებს ხმასაო, ბეწვს იშლის ბრაზმორეული, როგორაც ვეფხვი – თმასაო. საკირის ცეცხლი ედება სამსხვერპლოს გულის-თქმასაო. რა მოსდრეკს წარბ-დაღრუბლილსა, ქედ-ჩაჟანგებულს მთასაო!","– May your dead be a dog! – the brave man raises his voice,  
he shakes out his fur in rage, just as a tiger does its mane.  
The kiln fire catches the altar’s heart’s desire.  
What can bend the brow-clouded one, the neck-rusted mountain!"
02_host_and_guest_ge.csv,"აქცევენ ზვიადაურსა, ყელში აბჯენენ ხმალსაო:","They turn to Zviadauri, and press a sword to his throat:"
02_host_and_guest_ge.csv,"„დარლასამც შაეწირები“, ყველა დასძახის მასაო.","“Darlasamts shaetsirebi,” everyone calls it."
02_host_and_guest_ge.csv,„ძაღლ იყოს თქვენის მკვდრისადა!“ – უპასუხებდა ხალხსაო.,“May your dead one be a dog!” — he would reply to the people.
02_host_and_guest_ge.csv,"არ იდრიკება ვაჟკაცი, არ შეიხრიდა წარბსაო.","A brave man does not bend, nor would he furrow his brow."
02_host_and_guest_ge.csv,"გაოცდენ ქისტის შვილები, ხალხი დგებოდა ყალყსაო. „ლამის რომ არ შაეწიროს, ერთი უყურეთ ძაღლსაო!“ ¹ ჰყვირიან, თანაც ნელ-ნელა ყელში ურჭობენ ხმალსაო. „ძაღლ იყოს“, ყელში ამბობდა, მანამ მოსჭრიდენ თავსაო! „უცქირეთ, ერთი უცქირეთ, არ ახამხამებს თვალსაო!“ სიცოცხლე ჰქრება, სისხლი დის, – ზვიადაური კვდებოდა, გული ვერ მოჰკლა მტრის ხელმა, გული გულადვე რჩებოდა. და ამ სურათის მნახველი ერთი დიაცი ბნდებოდა, ცრემლებს ჰმალავდა ლამაზი, ხალხზე უკანა დგებოდა. მიშველებასა ჰლამობდა: „ნუ ჰკლავთ!“ ეძახის გულიო, ფიქრობდა ბრაზმორეული: ნეტავი მომცა ცულიო, ნეტავი ნებას მაძლევდეს დედაკაცობის რჯულიო, რომ ეგ ვაცოცხლო, სხვას ყველას გავაფთხობინო სულიო. ნეტავი იმას, ვინაცა მაგის მკლავზედა წვებოდა, ვისიცა მკერდი, აწ კრული, მაგის გულ-მკერდსა სწვდებოდა! ნეტავი იმას ოდესმე ქმრის ტრფობა გაუცვდებოდა?!","The children of the Kists were astonished; the people rose up in alarm.  
“Just look at the dog, as if he’s not about to be sacrificed!”¹ they shout, while slowly thrusting a sword into his throat.  
“Let him be a dog,” he said in his throat, before they cut off his head!  
“Look, look, he doesn’t even blink an eye!”  

Life is fading, blood is flowing — Zviadauri was dying;  
the enemy’s hand could not kill his heart, his heart remained brave.  
And one woman, seeing this scene, was fainting,  
the beautiful one hid her tears, standing back from the crowd.  
She longed to help: “Do not kill him!” her heart cries out.  
In anger she thought: if only they gave me an axe,  
if only the law of womanhood allowed me,  
so that I might keep him alive and drive all the others mad with grief.  
If only the one who lay upon his arm,  
whose breast, now accursed, had pressed against his heart and chest,  
would ever have her husband’s love grow cold!"
02_host_and_guest_ge.csv,"ქისტები გაწყრენ, იტკიცეს: ვერ აუსრულდათ წადილი, ვერ გაუკეთეს თავის მკვდარს მის შესაფერი სადილი. დაკლულმა დაჰკლა მათ გული და გაუცრუა ქადილი. შეურაცხყოფილთ უნდოდათ ერთად გაეძროთ ხანჯრები და გაეკეთათ მკვდრის გვამზე სისხლით ნაღები ფანჯრები. მაგრამ ვერ ჰბედვენ, სცხვენიანთ: „ცოდვაა!“ – ყველა ჰფიქრობდა. ხალხის გული და გონება სასინანულოდ მიჰქროდა. სთქვეს, როცა სახლში გაბრუნდენ, თავ-თავქვე ჩამოდიოდენ: ხომ მაგას არ მოვუკლავდით მტრებს, ავს რომ არ სჩადიოდენ? კარგი ვაჟკაცი ყოფილა, ყველა ალლახსა ჰფიცავდა, იმიტომ ვეფხვებრ გვებრძოდა, თავის მიწა-წყალს იცავდა. მაგრამ მტერს მტრულად მოექე, თვითონ უფალმა ბრძანაო, ის სჯობს, რაც მალე ვეცდებით, გულში ჩავურჭოთ დანაო.","The Kists were angered and insisted: their wish had not been fulfilled; they had not been able to prepare for their dead the fitting meal. The slain man’s death had pierced their hearts and dashed their boasting. The insulted men wanted to draw their daggers together and make bloodied windows on the corpse of the dead man. But they did not dare; they were ashamed: “It is a sin!” — everyone thought. The people’s hearts and minds moved toward remorse. They said, as they turned back home, walking with their heads bowed: would we not have killed him if our enemies had not done evil? He must have been a brave man; everyone swore by Allah, for he fought us like a tiger, defending his own land. But treat an enemy as an enemy, the Lord Himself has commanded, and it is better that we try as soon as possible to thrust a knife into his heart."
02_host_and_guest_ge.csv,"წავიდნენ. ზვიადაური ზეზე გაწირეს ტიალად. თუნდა ძაღლებმა ათრიონ, ფრინველთა ჯიჯგნონ ზიარად; არ შაეწირა, ეგდოსო, ეგეც ეყოფა ზიანად. ამას იძახდენ ქისტები თავმოწონებით, ხმიანად. ამ ხმასვე იმეორებდენ ბნელი ხევები მთიანად.","They left. Zviadauri was left standing there, abandoned in the desolation. “Even if the dogs drag him off, let the birds peck at him in common; if he was not offered up, let him lie there—that too will be punishment enough.” Thus the Kists were saying, proudly, in loud voices. The dark ravines echoed that same voice throughout the mountains."
02_host_and_guest_ge.csv,"ჩამოდგა საღამოს ჟამი, მთიდამ მზის სხივი ჩამოხდა, სიბნელე მოიპარება, სინათლეს სული ამოჰხდა. დადგნენ, სულ დადგნენ მზის სხივნი, აღარ ელავდა ქვიშაო; აღარსადა სჩანს, გამქრალა თეთრი თმა შავის მთისაო; ნაღვლით ნაქარგი, ნაქსოვი სახე იმ სალის კლდისაო, რო მუდამ მგლოვიარეა, ცრემლი ანკარა სდისაო. სიკვდილსა გლოვა უხდება, მკვდარ ძმას – ტირილი დისაო, ტყესა – ხარ-ირმის ნაფრენი, ზოგ დროს – ყმუილი მგლისაო. ვაჟკაცსა – ომში სიკვდილი, ხელში – ნატეხი ხმლისაო, ომს – ლხინი გამარჯვებულთა და დამარცხება მტრისაო.","The evening hour has come; from the mountain the sunbeam has descended,  
darkness is creeping in, and the soul has departed from the light.  
The sunbeams have stood still, have all stood still; the sand no longer glitters;  
nowhere is seen, has vanished, the white hair of the black mountain;  
the face of that rocky cliff, embroidered and woven with sorrow,  
which is always mourning, from which clear tears flow.  
Mourning suits death, a dead brother — a sister’s weeping;  
the forest — the flight of ox and deer, and at times — the wolf’s howl.  
For a brave man — death in battle, in his hand — a broken sword;  
for war — the joy of the victors and the defeat of the enemy."
02_host_and_guest_ge.csv,"ზვიადაურსა გლოვობდა შფოთვა და ბორგვნა წყლისაო, ნიავად ჩამონადენი ოხვრა მაღალის მთისაო. ცრემლი ნისლების ჯარისა ნაბრძანებია ღვთისაო. და წყაროს პირზე დიაცი, – ტურფა, ლამაზი, – ქისტისა, შუბლზე და მკერდზე წყალს ისხამს, დრო და დრო გული მისდისა. ბევრი იტირა ჩუმადა, თუმცა დრო და დრო ჰკრთებოდა, ზვიადაურის სიკვდილი თვალებში ელანდებოდა. სტიროდა, მაგრამ ტირილი არ იყო, ეხათრებოდა: ერთ მხრივ ხათრი აქვს თემისა, მეორით – ღმერთი აშინებს; ქისტეთის მტრისა მოზარეს თავს რისხვას გადმოადინებს. ეს ფიქრი გონებისაა, გული თავისას შვრებოდა, კაცის კაცურად სიკვდილი გულიდან არა ჰქრებოდა. ქალის გულს იგი სურათი შიგ გაეყარა ისრადა; იმან დაადვა ლამაზსა დაკლულის გლოვა კისრადა. სიბნელეს უცდის, მივიდეს, ღამით იტიროს მკვდარიო; იმას აღარა ჰფიქრობდა, ჯოყოლა როგორ არიო. ვის ცოლი ვის ქმარსა სტირის? რას სჩადის ჭკვაზე მცდარიო?! იქნება ჰკლავენ ჯოყოლას, სახლსაც შაუხსნეს კარიო!","Zviadaur was mourned by the turmoil and tossing of the water, by the sigh that drifted down like a breeze from the high mountain. The tears of the army of clouds are ordained by God. And by the spring stood a woman—fair, beautiful—a Kist woman, pouring water on her forehead and breast, and from time to time losing consciousness. She wept much in silence, though from time to time she shuddered; Zviadaur’s death appeared before her eyes. She was crying, but it was not truly crying; she was ashamed: on the one hand, she feared the clan’s honor, on the other, God frightened her; the wrath of the Kist enemy’s mourner would pour down upon her head. This was the mind’s thought, but the heart did as it pleased; the death of a man like a man did not fade from her heart. That image had pierced the woman’s heart like an arrow; it had laid upon the beautiful one the grief of the slain as a burden on her neck. She waited for darkness, to go and weep for the dead at night; she no longer thought how Jqola might be in turmoil. Whose wife is she, mourning whose husband? What is she doing, mad with grief?! Perhaps they are killing Jqola, and have even broken open the house’s door!"
02_host_and_guest_ge.csv,"წამოდგა, იხედებოდა როგორც დამფთხალი ნადირი, ხედნებ-ხედნებით ამოვლო ხევის კლდიანი ნაპირი; წყვდიადში საზარლად ისმის წყალთ ანაძრახი საყვირი. ამოვლო კრძალვით საფლავთან, მკვდარსა მუხლ-მოყრით დაეყრდნო, ქვითინებს გულამოსკვნითა, ცრემლსა სიპი ქვა დაედნო. აიხსნა დანა, მიჰმართა ზვიადაურსა იმითა, ააჭრა ნიშნად, სახსოვრად სამი ბალანი პირითა, ჩიქილის ტოტში შეხვია ბროლის თითებით თლილითა…","He rose, looking like a frightened beast, and, step by step, made his way along the rocky bank of the ravine; in the darkness, the mournful horn of the waters sounds dreadfully. He passed by the grave in reverence, bent down on one knee beside the dead, and sobbed with all his heart, while tears fell upon the smooth stone. He drew his dagger, turned to Zviadauri, and with it cut off three locks of hair as a sign, as a keepsake, and wrapped them in a corner of his headscarf with his crystal-carved fingers…"
02_host_and_guest_ge.csv,"ეს რა ხმა ესმის, დგანდგარი? ყურებს გაუდის ჟივილი… საფლავებიდამ მოესმის მკვდრების წყრომა და ჩივილი! თითქოს ბალღებიც ატირდენ, გაუდისთ მწარედ წივილი! საერთო წყრომის ხმა ისმის, საერთო გულის ტკივილი: „რას შვრება უნამუსოვო“, გამწარებულნი ჩიოდენ, – „მაღალი ღმერთი გრისხავდეს!“ სამარით შემოჰკიოდენ. აჩქარებული ღრუბლები ცის პირზე გადმოდიოდენ.","What sound is this that is heard, standing there? A wailing passes through the ears… From the graves comes the anger and lament of the dead! It is as if even the children have begun to cry, and a bitter shriek rises! The sound of a common outcry is heard, a common pain of the heart: “What is he doing, the shameless one,” the embittered were lamenting, — “May the high God be wrathful with you!” They cried out from the graves. The hurried clouds were rolling over the face of the sky."
02_host_and_guest_ge.csv,"გაიქცა, მირბის, იხედავს, – მკვდარნი მისდევენ, სწორია. „შინით სად გაგვეხვეწები, აქით თუ გაგვეშორია?!“ ხმა ისმის დანადევნები, მასვე იძახის გორია, გარშემო დაყუდებული განა ერთი და ორია. „უნამუსოვო!“ მისძახდენ ტან დაწკეპილნი დეკანი, ბალახნი, ქვანი, ქვიშანი, იმ არე-მარეს მდებარნი. აგერ, საფლავით ამოდგა მისი მკვდარი ძმა ებარი, თავის ტოლებში უსწორო, ქისტეთს გათქმული მხედარი. თან მიჰკიოდა თავის დას, სიტყვა პირს მოსდის მჭეხარი: „ვაჰ, დაო, დაო, რა მიყავ? რისხვა რად დამეც მედგარი? მეორეს საფლავში ჩამდევ, ერთს სამარეში მდებარი! მაგით მიმტკიცებ დობასა, შენი ქალობა ეგ არი?!“","He ran, he is running, he looks back — the dead are after him, that is true.  
“Where will you flee to from home, if you have already strayed this way?!”  
A voice is heard in pursuit; the mountain itself cries out the same,  
and around him, standing watch, are they not one and two, but many.  
“Shameless one!” cry out the reeds standing upright,  
the grasses, the stones, the sands lying in that whole region.  
Look, from the grave has risen his dead brother Ebari,  
unequaled among his peers, a famed horseman in Kisteti.  
And he kept shouting to his sister, his words sharp as they came from his mouth:  
“Alas, sister, sister, what have you done to me? Why has such fierce wrath fallen upon me?  
You have cast me into a second grave, I who already lie in one tomb!  
Is that how you prove sisterhood to me, is that your womanhood?!”"
02_host_and_guest_ge.csv,ბილიკზე მოსუნსულებდა სასაფლაოსკე მყეფარი.,"Along the path, the barking dog was trotting toward the cemetery."
02_host_and_guest_ge.csv,"VIII. – სად მიხვალ, სადა, წყეულო, საითკე მიეჩქარები?! ვინ გაჭმევს კაის ყმის ლეშსა? ძაღლო, დაგიდგა თვალები! შენს საჯიჯგნადაც გამხდარა ზვიადაურის ძვალები?! – სთქვა ეს აღაზამ და ქვებსა ესროდა ხშირა-ხშირადა. მირბის და მისდევს შმაგადა კლდიანის ხევის პირადა. ხმა ისევ ესმის მკვდრებისა, მას ბანს აძლევენ მთანიცა, სამდურავს ეუბნებიან აღაზას გიშრის თმანიცა.","VIII. – Where will you go, where, you accursed one, where are you hurrying to?! Who will feed you the flesh of a noble man? Dog, may your eyes be set! Have even Zviadaur’s bones become your gnawing prey?! – said Agaza, and kept throwing stones again and again. She runs and follows wildly along the edge of the rocky ravine. She still hears the voice of the dead, the mountains too echo it back, and Agaza’s jet-black hair too seems to reproach her."
02_host_and_guest_ge.csv,"მოუახლოვდა თავის სახლს, სინათლე მოსჩანს იქითა; უნდა იძახოს: „მიშველეთ“, ხმა მიაწვდინოს შიგითა. მაგრამ ვერ ამბობს ვერაფერს, ოფლი წყლად მოსდის შუბლზედა. მივიდა სულშეხუთული და გადაიქცა ზღუბლზედა.","He approached his house, and light could be seen there;  
he should cry out, “Help me,” and let his voice reach those inside.  
But he can say nothing; sweat pours down his brow like water.  
He arrived, breathless, and collapsed upon the threshold."
02_host_and_guest_ge.csv,"კერის პირს იჯდა ჯოყოლა, მუხლი გადეგდო მუხლზედა. „ვაჰმეო,“ – ეს კი იძახა, სიტყვა გაუშრა ენაზე. ქმარმა მოჰხვია ცოლს ხელი და მიითრია კერაზე. – რა დაგემართა, დიაცო? – ჩაეკითხება მშფოთარე, – სხვა სადარდელი მაკლია, ახლა შენ მექმნა მოზარე?! რა დაგემართა, რა არი? მითხარ, გახსენი ბაგეო! ხომ არვინ მოიწადინა გადაეგორე მკლავზეო? მითხარ, არ გაჭმევ იმის ჯავრს, ვანანებ ემავ წამზეო. ჩემის ნამუსის შემბღალავს მალე მოვიყვან ჭკვაზეო, როგორც ვანანე მუსასა მიხდომა სხვისა კარზეო. – პასუხს ელოდა ცოლისგან, დასჩერებოდა თავზეო. და თანაც ხანჯარს ჰბღუჯავდა, ხელი ეკიდა ტარზეო.","Joqola was sitting by the hearth, with one knee crossed over the other. “Alas!” — this he cried, but the words dried on his tongue. The husband put his arm around his wife and dragged her to the hearth.

— What has happened to you, woman? — he asks anxiously. — I lack no other troubles, and now you have become one too? What has happened, what is it? Tell me, open your lips! Has someone perhaps tried to throw you over his arm? Tell me, I will not let you suffer for it; I will make him regret that moment. I will soon bring to his senses the one who has stained my honor, just as I made Musa regret coming to another man’s door.

He was waiting for an answer from his wife, staring down at her head. And all the while he was clutching his dagger, his hand fixed on the hilt."
02_host_and_guest_ge.csv,"ქალი ვერაფერს ამბობდა, გაჰმტკნარებოდა სახეო. თავს დასტრიალებს ჯოყოლა, ელის, რას ეტყვის ცოლია. შუაღამის დროს აღაზამ თან-თან მოიცა გონია. უთხრა ჯოყოლას: – „რას ამბობ? თავი რად დაიღონია? რად მოიგონებ იმასა, რაიც არ მოსაგონია? სულ ტყუილია… კაცისა არსად მინახავს ჭაჭანი, ვინ გამიბედავს მაგასა, რად მინდა ლეჩაქ-კაბანი?!","The woman could say nothing; her face had turned pale. Jqhola keeps circling around her, waiting to hear what his wife will say. In the middle of the night, Agaza slowly gathered her thoughts. She said to Jqhola:

— “What are you saying? Why have you lowered your head? Why do you think of what should not be thought of? It is all a lie… I have never seen a man anywhere; who would dare such a thing with me, why would I need a veil and dress?!”"
02_host_and_guest_ge.csv,"სასაფლაოდამ დავბრუნდი, შენს ცხენს ვეძებდი ხევებში, ცხენის მაგივრად ბედკრული შიგ გევერიე დევებში. დამიხვდა შავ-ნაბდიანი, უზარმაზარის ტანისა: ჯერაც თვალებში მიელავს სიმყრალე იმის კანისა; დიდ-ყურა, კბილებ-ღაჯუნა, უმსგავსო, ფერად შავისა; ხელები გამომიწვადა, დიდი ხელები თავისა, მთის ოდნად სჩანდა მის თავზე მოშავფრო ქუდი ტყავისა. თან მითხრა: ჩემთან წამოდი, ჩემთან იცხოვრე, ქალაო, ბევრი მაქვს ოქრო და ვერცხლი, არაფერს დაგიმალაო. მე გამოვიქეც, შევშინდი, დევიც მომდევდა ღრიალით; მთელი ქვეყანა იძვროდა იმის ფეხებქვეშ გრიალით; მზარავდა ეს ხმაც, მთა-ბარიც წაღმა-უკუღმა ტრიალით, ძლივს მოვაღწიე და გამცნე ჩემი ვაება ხრიალით“.","“I returned from the cemetery; I was searching for your horse in the ravines, and instead of the horse I got lost among the devs.  
There I was met by one in a black cloak, of enormous build: even now the foulness of his skin gleams in my eyes; big-eared, with protruding teeth, ugly, black in color; he stretched out his hands to me, huge hands of his own, and a darkish leather cap on his head looked as if it were only a span above the mountain.  
And he said to me: ‘Come with me, live with me, woman, I have plenty of gold and silver, I will hide nothing from you.’  
I ran away, I was frightened, and the dev followed me with a roar; the whole world shook with the thunder of his feet; that voice terrified me, and mountain and plain alike were whirled upside down; I barely made it here and told you of my woe in a hoarse voice.”"
02_host_and_guest_ge.csv,"ჯოყოლა ეტყვის: – დევს გარდა სხვა რამ საქმეა კიდევა, ჩემს ჭკვას არ სჯერა ნათქვამი, ჩემი ფიქრები ირევა. ნამტირალევი რადა ხარ? ღაწვებზე ცრემლი გდენია; ჩქარა სთქვი, სწორედ მითხარი, თორემ ვერ მომითმენია! სადარდო, საგულისხმო რამ გრძნობა გულს გადაგფრენია. ჩემს თვალებს ვერ დაემალვის იმ გრძნობის ნაკვალევია; არ შაიძლება არ დაჩნდეს ნასვამი, დანალევია!..","Jokhola will say: – Besides the devil, there is another matter; my mind does not believe what has been said, my thoughts are in confusion. Why are you tearful? Tears are streaming down your cheeks; speak quickly, tell me plainly, or I cannot bear it! Some sorrowful, significant feeling has flown into your heart. The trace of that feeling cannot hide from my eyes; it cannot fail to show itself, like one who has drunk, who has been made to drink!.."
02_host_and_guest_ge.csv,"– რა დაგიმალო, ჯოყოლავ, ან რად შემრისხავ თქმისადა? – ეტყოდა ცოლი და ნაზი თრთოლა მიეცა ხმისადა: – ცრემლები შემიწირია იმ შენის მეგობრისადა. ძლიერ შემბრალდა ბეჩავი, რომ უცხოეთში კვდებოდა, არც ნათესავი, არც მოძმე, რომ ვისმე შეჰბრალებოდა! მაგრამ, როს ჰკლავდენ ხანჯრითა, ოდნავაც არა ჰკრთებოდა. იქნებ შენც გცოდე, ღმერთსაცა, მაგრამ ვიტირე, რა ვქნაო!..","– What should I hide from you, Jojola, or why would you be angry at my telling it? – the wife would say, and a gentle tremor came into her voice: – I have shed tears for that friend of yours. I felt deep pity for the poor man, dying in a foreign land, with neither kin nor brother to take pity on him! But when they were killing him with a dagger, he did not tremble at all. Perhaps I have sinned against you, and against God too, but I wept—what could I do!.."
02_host_and_guest_ge.csv,"– მაგისთვის როგორ შეგრისხავ? ტყუილს სჯობს სიმართლის თქმაო. იტირე?! მადლი გიქნია, მე რა გამგე ვარ მაგისა? დიაცს მუდამაც უხდება გლოვა ვაჟკაცის კარგისა.",– How could I scold you for that? It is better to tell the truth than to lie. Did you cry?! You did well; what business is that of mine? It is always fitting for a woman to mourn a good man.
02_host_and_guest_ge.csv,"IX. მეორეს დილას აღაზამ ძროხა გარეკა მთისაკე, ჩამოდიოდენ ფრინვლები, იზიდებოდენ მკვდრისაკე; აღაზაც მიიპარება სასაფლაოს თავს კლდისაკე. იქიდამ აფთხობს ყორნებსა, სვავთა მხარ-მოფარფაშეთა, ორბებსა გაუმაძღრებსა, მკვდრის ლეშზე მოყაშყაშეთა; ხელს ამუშავებს და ჰმალავს თვალებს, მზებრ მოკაშკაშეთა. კლდიდამ გადისვრის კენჭებსა და თან წინდას ქსოვს ვითომა, ოსტატობს, ხალხმა ვერ შესძლოს იმის ფიქრების მიხდომა.","IX. The next morning, Agaza drove the cow toward the mountain; birds were coming down, drawn toward the dead man; Agaza too slips away to the cliff above the cemetery. From there she startles the ravens, the broad-winged vultures, the greedy eagles, the cawing creatures over the corpse of the dead; she works her hands and hides her eyes, shining like the sun. From the cliff she throws pebbles and, at the same time, knits a stocking as if, skillfully, so that people may not be able to guess her thoughts."
02_host_and_guest_ge.csv,"X. ბისოს მოვიდა ამბავი, ვით ნაქუხარი მეხადა: „მოუკლავთ ზვიადაური, ცით ჩამოსული სვეტადა, ფშავ-ხევსურეთის ფარ-ხმალი, გამოსადეგი მეტადა!“ შავის ამბისა გამგონეთ ზარი გამართეს დედათა.","X. The news came to Biso like a thunderclap: “Zviadauri has been killed, the pillar descended from the sky, the shield and sword of Pshav-Khevsureti, the one most fit for use!” The women, hearing the dark news, raised a cry."
02_host_and_guest_ge.csv,"ბისოს ტიროდა ბებერი, მოსთქვამს, ქვითინებს მწარედა: „ბედკრული რად ვარ ცოცხალი? მეც მიწას მიმაბარეთა; მკლავნი მაჩვენეთ შვილისა, მოიტათ, ჩამაბარეთა! ჩემის შვილისა მარჯვენით გულს მიწა მომაყარეთა; ვაჰმე, რადა ვარ ცოცხალი? რისთვის-ღა ვსთელავ არეთა?! მკვდარნო, რად არ მეც ადრევე თქვენთან არ დამიბარეთა? როგორ ვიგონო თავის ძე ურჯულოს არე-მარეთა?!“","The old man was weeping for Biso, lamenting, sobbing bitterly: “Why am I still alive, wretched one? Bury me in the earth too; show me my son’s arms, bring them here, and lay me beside him! With my son’s right hand, cover my heart with earth; alas, why am I still alive? Why do I still tread these lands?! O dead ones, why did you not summon me to you sooner? How can I bear to remember the lands of my lawless son?!”"
02_host_and_guest_ge.csv,"ვაჟკაცთ გაიგეს ამბავი, გასაგონარი ჭირითა, ერთმანეთს გადაეძრახნენ ბოღმით შემკულის პირითა: „რად გიკვირთ, როცა ჩვენს მფარველს ცხარის ცრემლითა ვსტირითა?!“ გამოიტანეს შუბები დუმით ნაპოხის ცხვირითა, ფარ-ხმალით მოკაზმულები ჯარს ამზადებენ დილითა. ეს ხომ ახალი არ არის, სისხლმა იდინოს მილითა. იძახის აპარეკაი: „საგძალი გინდათ კვირისა!“ „ქუდზე კაც უნდა წავიდეს!“ – ბაბურაული ჰყვირისა. აღელვებულთა ბორგვნაა, ხმა არ გეგონოსთ სტვირისა!","The brave men heard the news, a sorrow fit to be heard, and turned to one another with mouths filled with bitterness:

“Why are you surprised, when we weep for our protector with hot tears?!”

They brought out their spears, with their noses greased with tallow, and, adorned with shield and sword, they prepare the army at dawn.

This is nothing new; let the blood flow through the pipe.

Aparekai cries: “You want funeral provisions for the week!”

“Every man must go!” — Baburauli shouts.

It is the turmoil of the agitated; do not mistake the sound for a flute!"
02_host_and_guest_ge.csv,"XI. – კარში გამოდი, ჯოყოლავ, წყნარად ნუ სწევხარ კერასა, რამდენი ხალხი მოერტყა იმ ჩვენის მთების წვერასა! ჩვენთან მოდიან სტუმრადა, ჩვენ გვიპირობენ წვევასა. შეგვანანებენ დედათა შვილთა აკვნების რწევასა. საქონელს ერეკებიან, რეულობაა როგორი?! აავსო ჯარმა, შეჰხედე, ჯარეგის თავი, სამ-გორი, დამთხვალთა მენახირეთა კლდეები მოსდევს ნაგორი. წადი, უშველე თავისებს, მტრის დასახვედრად მირბიან, შენც ისე წადი, ჯოყოლავ, როგორაც სხვანი მიდიან.","XI. – Come out to the door, Jokhola, do not lie quietly by the hearth; how many people have gathered around the summit of those our mountains! They are coming to visit us as guests, they are inviting us to a feast. They are making mothers rock their children’s cradles. They are driving the cattle away—what a commotion it is! The army has filled it, look, the head of the army, Sam-Gori, the cliffs of the shepherds who have fled are being trampled down. Go, help your own people; they are running to meet the enemy. You too go, Jokhola, just as the others are going."
02_host_and_guest_ge.csv,"– გავყვე?! რას ამბობ, ჭკვა-თხელო? არ გამივლევენ ახლოსა! მარტოკამ უნდა ვიომო, მთელმა ჯარეგამ მნახოსა; ვინ ერთგულია, ვინ არა, ქვეყანამ დაინახოსა. ქისტებს ორგული ვგონივარ, გამდგარი თავის რჯულზედა, ჰფიქრობენ, ვითომ ჯოყოლამ თავი გაჰყიდა ფულზედა, ქისტეთის მოღალატე ვარ, ხელაღებული სულზედა; მოაქვთ და ცოცხალს მადებენ საფლავის ქვასა გულზედა.","– Shall I go with you?! What are you saying, you fool? They won’t let me near! I must fight alone, so the whole army can see me; let the whole country see who is loyal and who is not. The Kists think I am disloyal, that I have abandoned my faith; they think Jojola sold himself for money, that I am a traitor to Kisteti, utterly cast off in soul; they bring it and lay a gravestone on my chest while I am still alive."
02_host_and_guest_ge.csv,"ამას ამბობდა ჯოყოლა, თან აბჯარს ისხამს ტანზედა: წელზე შაიბა ფრანგული, თოფი გადიგდო მხარზედა, ქისტს არ მაუდის ჯიშადა მუზარადის დგმა თავზედა. მარტოკა მიდის ცალს მხარეს, თავდადებული ცდაზედა, მტრის დასახვედრად სხვანია შამოეფინნენ მთაზედა.","This is what Jokolá was saying, while he was putting on his armor:  
around his waist he fastened a French sword,  
he slung a rifle over his shoulder;  
for a Kist, wearing a helmet on his head is not fitting by birth.  
He goes alone to one side, devoted to the trial,  
while others have spread out on the mountain to meet the enemy."
02_host_and_guest_ge.csv,"XII. ჩამოდის ხევსურთა ჯარი დროშა მოჰქონდა წინასა; მიჰმართეს სასაფლაოსა, მდუმარეს ქისტთა ბინასა: მოძებნონ თავისი მკვდარი, მოკრიბონ გმირის ძვალები, ზვიადაურის მტანჯველთა ძირში მოსთხარონ თვალები.","XII. The army of the Khevsurs comes down, with a banner carried before it;  
they made for the cemetery, the silent dwelling of the Kists:  
to seek out their dead, to gather the hero’s bones,  
and at the root of Zviadauri’s tormentors to dig out their eyes."
02_host_and_guest_ge.csv,"დაუხვდათ ქისტის ჯარიცა, ხევ-ხევის პირას მალული; შამოესროლეს თოფები, მაჟრები შემოსალტული; გზას არ უთმობენ ხევსურთა ბიჭები ამოსხარტული. ორივე მხრიდამ თოფებსა ზედ დაკიჟინით ისვრიან, ორსავე საქმე აწუხებს, ორნივე მედგრად იბრძვიან. ბლომად დალია ტყვიამა სისხლი, – მოძოვა ქუჩია, მაინც არ გატყდენ ქისტები, სდგანან ვით ციხე-ბურჯია. ბაბურაულმა ხევსურთა ხმალ-და-ხმალ ჩასვლა ურჩია. მივიდა საქმე ხმალზედა, ფარმა გზა მისცა საკაფი, საძევარი აქვთ ხევსურთა ძვირი განძი და ალაფი. ფარო, ნუ ჰმტყუვნობ გორდასა, შენა ხარ მაგის ჯალაფი; თავქვე მორბინალთ ხევსურთა წინ კლდე დაუხვდათ წარაფი.","They were met by the Kists’ army too, hidden along the riverbank;  
they fired their guns, with their carbines belted tight;  
the Khevsur boys, all bristling, would not give way on the road.  

From both sides they shoot, shouting, with their guns;  
both sides are troubled by the matter, and both fight steadfastly.  
The bullets drank plenty of blood — Kutchia mowed them down —  
yet the Kists still did not break, standing like a fortress tower.  

Baburauli advised the Khevsurs to go down sword against sword.  
So it came to swords, and the shield gave way for the cutting path;  
the Khevsurs have a precious treasure and spoil to defend.  
Pharo, do not deceive Gordas; you are his servant.  
In front of the Khevsurs running downhill, a cliff-like precipice appeared."
02_host_and_guest_ge.csv,"კლდიდამ გადუხტა უეცრად ქისტი ხმალ-მოღერებითა, აკვირვებს ქისტის ლაშქარსა მტრის ჯარის მოგერებითა. ზოგს მოტყუება ეგონა, ამბობდენ მოჩვენებითა: – ეგ ვინ უხვდება ხევსურთა? ჩვენი მხარეა, ვინ არი?","Suddenly a Kist sprang from Kldi, brandishing his sword,  
amazing the Kist host by driving back the enemy’s army.  
Some thought it was a trick, saying it was an apparition:  
– Who is that confronting the Khevsurs? This is our side—who is it?"
02_host_and_guest_ge.csv,"– ეგ უნდა ჯოყოლა იყოს, სწორედ, ნამდვილად ის არი! – სთქვა ერთმა, სხვანიც დასთანხმდენ, გაოცებულნი უცქერენ. როგორ არ უფთხის გროვასა, თუმცა ხმალ-ხანჯრებს უღერენ. მოჰკლეს კიდეცა, იქცევა, მკერდს ხანჯრის წვერით უწერენ.","– That must be Jokhola, exactly, truly that’s him! – said one, and the others agreed, staring in astonishment. How is he not afraid of the crowd, though they brandish swords and daggers at him. They even killed him; he is falling, they are tracing his chest with the tip of a dagger."
02_host_and_guest_ge.csv,"ქისტთ გაუხარდათ დიაღაც, – „მოჰკლან, თუ მოჰკლეს – ახია! ეხლაც მასხარად აგვიგდო, წინად ხომ ბევრჯელ აგვრია, სოფლისა გადრა ინდომა, ჩვენ კი ტალახში გაგვრია. მარტოკა მტრის ჯარს დაუხვდა, სწორედ დავლათით დაგვრია.“","The Kists were indeed pleased: “Whether they kill him or he kills them—serves them right! He has mocked us even now; before, too, he often humiliated us, wanted to outdo the whole village, and instead he dragged us through the mud. He faced the enemy army alone, and truly, by sheer luck, he overwhelmed them.”"
02_host_and_guest_ge.csv,"ხევსურთ ჯოყოლა გასწირეს მკვდარი, კლდის თავსა, კეტამზე. თითონ დაესხნენ ქისტებსა, ჩამოეფინნენ ფერდაზე. გახდა ხმალ-ხანჯრის ტრიალი, დაკრული მიდის მკერდამდე; ფარ-ხმალის ჩხერა, წკრიალი ცას ადიოდა ღმერთამდე.","The Khevsurs left Joqola for dead, on the cliff-top, on the ledge.  
They themselves fell upon the Kists, spreading down the slope.  
There began the whirling of swords and daggers, the blows landing up to the chest;  
the clatter and ringing of shields and swords rose to the sky, up to God."
02_host_and_guest_ge.csv,"გაიქცა ქისტის ლაშქარი, კოშკებს მიჰმართა გრიალით, უკან მისდევენ ხევსურნი, თავზე ჩაჩქნების პრიალით; მოკრიბეს სასაფლაოზე ზვიადას ძვლები ტრიალით: ზოგი სად ეგდო, ზოგი სად, ფრინველთ ნაჯიჯგნი ფრიალით.","The Kist host fled, rushing toward the towers with a roar;  
the Khevsurs pursued them, with their helmets gleaming overhead;  
they gathered Zviada’s bones in a whirl on the cemetery:  
some lay here, some there, torn apart by birds, scattered in the air."
02_host_and_guest_ge.csv,"მოკრიბეს ძვლები ხურჯინში და გამობრუნდნენ შინათვე, ასრულეს გულის წადილი, დანაპირები წინათვე. გამოირეკეს ცხვარ-ძროხა, გადმოავლიეს მთანია; ამოიყარეს მტრის ჯავრი, სადარდო რაღა არია?! უცხოეთს მაინც არ დაჰრჩათ, შინ მოაქვთ თავის მკვდარია, ფშავ-ხევსურეთის იმედი, ქავ-ციხე, რკინის კარია. მოძმენი დაიტირებენ თავის მკვდარს თავის წესზედა, მიაბარებენ სამარეს მამა-პაპათა გვერდზედა: ძვირად ღირს დანადინარი თავისის ცრემლი მკერდზედა!","They gathered the bones into a saddlebag and turned back home at once,  
they fulfilled the heart’s desire, the promise made before.  
They drove the sheep and cattle forth, crossed over the mountains;  
they vented their grief against the enemy—what sorrow is left to bear?!  
At least they did not leave them in a foreign land; they bring their dead home,  
the hope of Pshav-Khevsureti, the stone fortress, the iron gate.  
Their kinsmen will mourn their dead in their own ancestral way,  
and lay them in the grave beside their fathers and forefathers:  
dearly is bought the tear that one lets fall upon one’s own breast!"
02_host_and_guest_ge.csv,"XIII. – უცხოს კაცისა მოზარევ, ხევსურთ მოგიკლეს ქმარია. წადი, იტირე, აღაზავ, სამარეს მიაბარია. თავს დაჰყრანტალებს ყორანი, წვერ-ულვაშს უცრის ქარია.","XIII. – The stranger’s man, O Mozarev, the Khevsurs have killed your husband. Go, weep, Agaza, and commit him to the grave. The raven will hover over his head, and the wind will comb his beard and mustache."
02_host_and_guest_ge.csv,"– შენს მტერსა ისეთი ყოფნა, რო ჩემი ყოფნა მწარია! აღარვინ მივლის ახლოსა, არვინ მიჭირა მხარია. იქვე დავმარხე კლდის თავზე, საფლავიც გავუთხარია; სუყველამ ზურგი მაქცია, ყველაყა განზე მდგარია. სასაფლაოც კი შემიკრეს, რო დამემარხა ცხედარი: ჯოყოლამ გვიღალატაო, მაგის ადგილი ეგ არი, საცა მარტოკა ომობდა, ჩვენთვისა ჩირქის მცხებარი, თემის პირისა გამტეხი, ორგული, დაუდეგარი. ცეცხლი მწვავს, ძმაო, ცეცხლი მწვავს უალო, მოუდებარი; გულს მიკლავს, გონებას მირევს ფიქრები გაუგებარი!","– May your enemy have such a life, for my life is a sorrow! No one comes near me anymore, no one lends me a shoulder. I buried him right there on the cliff top, and dug his grave myself; everyone turned their backs on me, everyone stands apart. Even the cemetery was shut to me, so I could bury the body: “Jokhola betrayed us,” they say, “that is the place for him, where he fought alone, the one who smeared disgrace on us, the breaker of the clan’s honor, disloyal, restless.” Fire burns me, brother, fire burns me, with no flame, unkindled; it kills my heart, it confuses my mind with thoughts I cannot understand!"
02_host_and_guest_ge.csv,"ცოლი სტიროდა ჯოყოლას, ცრემლს ასხურებდა ხშირადა, არჩვი ყელ-გადაგდებული, თმა-ხშირი, მთვარე პირადა, ეკერებოდა გულ-მკერდზე ქმარს მარგალიტის ღილადა.","The wife was weeping over Jokhola, often shedding tears, like a chamois with its neck thrown back, thick-haired, moon-faced, clinging to her husband’s chest like a pearl button."
02_host_and_guest_ge.csv,"XIV. ღამეა ბნელი, დელგმაა, დგანდგნარებს არე-მარეო. ღმერთო, მოჰხედე ტანჯულთა, უშველე, შაიწყალეო! კარგი კარგია მაინცა, – ბეჩავი შაიყვარეო! ტანჯულთა ლოცვა-მუდარა გულს ვარდად დაიყარეო! თუ არ უშველი, საწყლების სულები მიიბარეო!.. გეყო მაგდენი მუქარა, ღრუბელო, გადიყარეო!","XIV. The night is dark, it is stormy, the surroundings are rumbling.  
God, look upon the suffering, help them, have mercy!  
Even so, goodness is good — gather the poor ones together!  
Let the prayer and supplication of the suffering fall upon the heart like roses!  
If you do not help, take the souls of the wretched away!..  
Enough of that much threat, cloud, scatter yourself!"
02_host_and_guest_ge.csv,"მდინარე მოჰქუხს, მრისხანებს, ზედ ასქდებოდა ლოდებსა, დღესაც ისევე ბოროტობს, არ იცის, რისთვის ჰგოდებსა. არ ეშინიან ტანჯვისა, იმან არ იცის სიკვდილი. ერთი რამ იცის მხოლოდა: ცრემლის ღვრა, მაღლა ყვირილი, მუდამ ჟამს უცინარობა, მარტო ტირილი, ტირილი…","The river roars, it rages,  
it surges over the boulders;  
today it is just as wicked,  
it does not know why it laments.  

It fears no suffering,  
it knows nothing of death.  
It knows but one thing alone:  
to shed tears, to cry aloud,  
unceasingly to be without a smile,  
to weep alone, to weep…"
02_host_and_guest_ge.csv,"ქარი სცემს, დაბლა ხევებით ჩამოკიჟინებს მთებითა; ქალი სდგას, მდინარეს დასცქერს, კლდეზე, გაშლილის თმებითა; სხივ მიხდილს ვარსკვლავს მაგონებს მკრთალად მთრთოლარის ყბებითა. არ იღებს ხმასა… შემკრთალი ჰკრთის, რომ დასცქერის მდინარეს; რა საზარლადა ხმაურობს, როგორ საზარლად მდინარებს! ლაშ-დაღრენილი, სასტიკი შავი ხეობა მძვინვარებს, „თავს ნუ იკლავო!“ აბა, თუ ერთმა ურჩიოს მაინცა. დახუჭა ქალმა თვალები, მსწრაფლად მორევში ჩაიქცა.","The wind blows, and below, through the gorges, it howls among the mountains;  
a woman stands, gazing at the river, on a cliff, with her hair spread loose;  
it faintly reminds me of a dim, fading star, with trembling lips.  
She does not speak... trembling, she quivers as she looks at the river;  
how dreadfully it roars, how dreadfully it rushes on!  
The black gorge, with bared teeth, fierce and savage, rages,  
“Do not kill yourself!” — if only someone would advise her, at least.  
The woman closed her eyes and swiftly plunged into the whirlpool."
02_host_and_guest_ge.csv,"– რაღად ვიცოცხლო, რიღასთვის? ამას ჰფიქრობდა ქალია. – ქისტეთში ჩემი ერთგული კენჭიც კი არსად არია. ორთავ შევცოდეთ ქისტებსა, მათ შამიჩვენეს ქმარია… მე უფრო დიდი ცოდვა მაქვს, უცხოსთვის ცრემლი ვღვარია.","– Why should I live, and for what? the woman was thinking. – Even my faithful little stone is nowhere in Kisteti. We both sinned against the Kists; they showed me my husband… I have the greater sin, for I have shed tears for a stranger."
02_host_and_guest_ge.csv,"წაიღო წყალმა აღაზა, ლამსა და ქვიშას შაჰრია.","The water carried away Agaza, the mud, and the sand, Shahriya."
02_host_and_guest_ge.csv,"XV. იმ კლდის თავს, საცა ჯოყოლა მოჰკლეს ხევსურთა ბრძოლაში, ღამ-ღამ ჰხედავენ სურათსა ზვავისგან ნაგალს გორაში: კლდის თავს წადგება ჯოყოლა, სასაფლაოსკე იძახებს: „ზვიადაურო, ძმობილო, რად არ მაჩვენებ შენს სახეს?!“ სასაფლაოდამ წამოვა აჩრდილი ფარ-ხმალიანი, გულზე უწყვია დაკრეფით მკლავები სამკლავიანი. მივა და მიესალმება თავის ძმობილსა მდუმარედ. იქვე აღაზაც ამოდის სახე მოწყენით, მწუხარედ. ენთება ცეცხლი მათ გვერდით, მკრთალადა ბჟუტავს მთაზედა; იმათ ჰმასპინძლობს აღაზა, ჯიხვის მწვადს უწვავს ალზედა. ვაჟკაცობისას ამბობენ, ერთ-ურთის დანდობისასა, სტუმარ-მასპინძლის წესზედა ცნობის და და-ძმობისასა.","XV. On the cliff where Jokhola was killed in the Khevsur battle, they see at night a vision of a mound formed by an avalanche: Jokhola stands on the cliff and calls toward the graveyard, “Zviadaur, my brother, why do you not show me your face?!” From the graveyard comes a shadow, armed with shield and sword, with folded arms and armlets laid across his chest. He approaches and silently greets his brother-friend. There too Agaza rises, her face sorrowful, mournful. A fire burns beside them, faintly flickering on the mountain; Agaza hosts them, roasting a deer’s kebab over the flame. They speak of manly valor, of mutual trust, and of the customs of host and guest, of brotherhood and sisterhood."
02_host_and_guest_ge.csv,"როცა მათ ჰხედავს ერთადა კაცი, ვერ ძღება ცქერითა; მაგრამ გაჩნდება ჯანღი რამ კურუმად შავის ფერითა, დაეფარება სანახავს წერა-მწერელის წერითა. ზედ აწევს ჯადოსავითა, არ დაიმტვრევა კვერითა, ვერც შეულოცავს მლოცავი, არც აიხდება ხელითა.","When a man sees them together, he cannot get enough of looking; but then there appears some mist, black in color like soot, and it covers the sight with the writing of a scribe. It hangs over it like a spell, cannot be broken by a hammer, nor can a prayer be cast over it by a prayer-worker, nor can it be lifted by hand."
02_host_and_guest_ge.csv,"მხოლოდ მდინარის ხმა ისმის, დაბლა მიქანავს ხველითა და უფსკრულს დასცქერს პირიმზე მოღერებულის ყელითა…","Only the sound of the river is heard; below, someone sways, coughing, and gazes into the abyss with a neck bent like a blooming primrose…"
03_the_snake_eater_ge.csv,"I. სასტუმროს იყვნენ ხევსურნი, ლუდი ედუღა წიქასა; ისხდენ ბანზედ და ღრეობდენ, თასებით ჰსვამდენ იმასა; ზოგნი უკრავდენ ფანდურსა, ზედ დაჰმღეროდენ დიდადა, მსმენელთა გრძნობას უდებდენ საგმირო ამბებს ხიდადა; აღგზნებით გმირთა სახელებს ლექსებში სთვლიდენ წმიდადა; მოხუცნი ჩიბუხებს სწევდენ, ბოლი ეხვიათ ნისლადა, განმარტავდიან მათ ამბავს, შანდობა თქვიან გმირთადა. ახლების საწურთნელადა იხსენებდიან ქებითა: „თქვენ იცით, ამას იქითა კაცად ვინც გამასდგებითა!“","I. There were Khevsurs at the inn, and beer was boiling in the *tsika*;  
they sat on the *ban* and feasted, drinking it from cups;  
some played the *panduri*, singing loudly over it,  
and to the listeners’ hearts they brought heroic tales as a bridge;  
with fervor they counted the names of heroes in verses, as something sacred;  
the old men drew their pipes, and smoke wrapped them like a mist,  
they explained their stories, speaking of the heroes’ glory.  
For the instruction of the young they recalled, with praise:  
“You know, from now on, whoever proves himself a man!”"
03_the_snake_eater_ge.csv,"კრებაში ერთი ვინმე სჩანს სახე-მკრთალი და მშვიდია, როგორც თაფლს მწერი, ეხვევა იმას მცირე და დიდია. დაღვრემილს წელზე ხმალი ჰრტყავ, მხარ-იღლივ ფარი ჰკიდია. მუხლებს წინ თავშიშველანი ორნი უსხედან ჩოქითა, თასებს აწვდიან, იღებენ შავს ლუდსა დიდის გობითა. – შასვი, მინდიავ, – ეტყვიან, – კაი ლუდია, სვიანი, გვითხარი რამე, ღვთის მადლსა, ერთი ქართული გზიანი.","In the gathering, one man appears pale-faced and calm; like a bee around honey, both the small and the great cluster about him. A sword hangs at the waist of the gloomy one, and a shield hangs over his shoulder. Before his knees, two bareheaded men sit on their knees, offering cups and receiving black beer in great bowls.  
— Drink, Mindia, — they say, — it is good beer, full of spirit; tell us something, by God’s grace, some proper Georgian verse."
03_the_snake_eater_ge.csv,"– მთვრალმა რა გითხრათ, კაცებო, ჭკუა სასმელმა დაძალა, სათქმელი მემრისთვის დარჩეს, თუ კი სიკვდილმა მაცალა. – ასწია კარახანასა, გადიწურა და დაცალა.","– What did the drunk man tell you, men? Wine overpowered his reason; let the words remain for another time, if death allows me. – He lifted the karakhana, drained it, and emptied it."
03_the_snake_eater_ge.csv,"ტყვეობით დაბრუნებული ძმებში ყოფნითა სტკბებოდა, როგორაც სხვანი მრავალნი, ისიც ლუდითა თვრებოდა.","He, having returned from captivity, delighted in being among his brothers, and like many others, he too would get drunk on beer."
03_the_snake_eater_ge.csv,ამ მინდიაზე ამბობდენ დაუჯერებელს ამბებსა: მინდია ტყვედა ჰყოლია თორმეტს წელს თურმე ქაჯებსა.,They used to tell incredible stories about this Mindia: they said that Mindia had been held captive by the demons for twelve years.
03_the_snake_eater_ge.csv,"ტყვეობამ ფრიად დაჩაგრა, სამშობლოს გარეთ ყოფნამა; მიდის დრო, განვლო მრავალმა აღდგომამა და შობამა, მაგრამ მინდიას ტყვეობას არ ექნა დასასრულია, გული დაუდნო მონებამ, ამოსვლას ლამობს სულია. აგონდებოდა თავისი ჩამოთოვნილი მთებია, ჩაბნელებული ხევები, უსწორ-მასწორო გზებია, მის ბედის მგლოვიარენი დედა, მამა და ძმებია, თავისი ქოხი მწირული, სამოთხედ მისაღებია, ეშველათ, ბევრჯელ ხატ-ღმერთსა მხურვალედ შაჰვედრებია.","Captivity had greatly oppressed him, being outside his homeland; time passed, many Easters and Christmases went by, but Mindia’s captivity did not come to an end. Slavery had worn down his heart, and his soul longed to rise. He remembered his snow-covered mountains, the darkened gorges, the uneven roads, his mother, father, and brothers mourning his fate, his poor little hut, which he would have accepted as paradise, and many times he had fervently prayed to the icons and to God for help."
03_the_snake_eater_ge.csv,"ბოლოს სთქვა: „თავსა მოვიკლავ, ასეთს სიცოცხლეს სჯობია!“ ქაჯთათვის ცეცხლზე ნადგამი სადილად ნახა ქობია. იცოდა, გველსა ჰხარშავდენ, იმასა სჭამდენ ხშირადა; ქაჯნი ქაჯობით იტანდენ გველის მიღებას პირადა, და თავის თავზე იფიქრა, რომ ექცეოდა ჭირადა.","At last he said, “I shall kill myself; such a life is worse than death!” For the demons, Kobia saw a meal set out on the fire. He knew that they often boiled snakes and ate them; the demons, in their demonhood, could endure taking snakes into their mouths, and he thought to himself that this would turn into torment for him."
03_the_snake_eater_ge.csv,"აიღო ერთი ნაჭერი, ზიზღით, ქურდულად შეჭამა და ამ დროს მოწყალეს თვალით ტყვეს გადმოჰხედა ზეცამა: ახალად სული ჩაედგა, ახალი ხორცი აისხა; გულის ხედვა და თვალების, როგორც ბრმას და ყრუვს, გაეხსნა. ესმის დღეიდან ყოველი, რასაც ფრინველნი გალობენ, ან მცენარენი, ცხოველნი, როდის ილხენენ, წვალობენ. რაც კი რამ დაუბადია უფალს სულიერ-უსულო, ყველასაც თურმე ენა აქვს, არა ყოფილა ურჯულო.","He took one piece, and with disgust, like a thief, ate it, and at that moment heaven looked down on the captive with a merciful eye: a new soul was breathed into him, and new flesh was clothed upon him; the sight of his heart and eyes, as if he had been blind and deaf, was opened. From that day on he understands everything that birds sing, or plants and animals, when they rejoice and when they suffer. Whatever the Lord has created, whether animate or inanimate, all of it, it turns out, has a language; there has been no one without law."
03_the_snake_eater_ge.csv,"ამას ჰგრძნობს, უკვირს თითონაც ტყვეს თვის ბუნების ცვალება. შეიგნო, ჭამა გველისა ქაჯთაგან იყო ზმანება. სიბრძნე აჩვენეს გველადა, რომ ჰზიზღებოდა საჭმელად, თუმც „შენც ჭამეო, მინდიავ“, არა ზარობდენ სათქმელად.","He feels it too, and even he himself is amazed at the change in his own nature as a captive. He understood that the serpent’s eating was a vision sent by the demons. They showed wisdom in the form of a serpent so that he would loathe it as food, though they did not hesitate to say, “You too, eat, Mindia.”"
03_the_snake_eater_ge.csv,"შეიგნო სიბრძნე ქაჯების ამიერიდამ ტყვემაო; მას მუსაიფი დაუწყო ცამ, დედამიწამ, ტყემაო. მხოლოდ ბოროტმა მის გულში ვერ მოიკიდა ფეხია, სხვა დანარჩენი ქაჯური ყველა ისწავლა ხერხია. მას აღარაფრის ეშინის, თუნდ თავს დაატყდეს მეხია. ქაჯნი ბრაზობენ, რა ჰხედვენ – გამეცნიერდა გლეხია. აღარ აშინებს ტყვეობა, აღარც ხრიკები ქაჯური, დღეს თუ ხვალ, იმედიანობს, ქაჯებს უჭიროს პანჩური.","He learned the wisdom of the demons from that time on, the captive;  
The sky, the earth, and the forest began to converse with him.  
Only evil could not take root in his heart;  
All the rest of the demon-kind’s tricks he learned as skill.  
He fears nothing anymore, even if lightning were to strike him.  
The demons are enraged when they see it — the peasant has become enlightened.  
Captivity no longer frightens him, nor do demonic schemes;  
Today or tomorrow, he hopes, he will give the demons a beating."
03_the_snake_eater_ge.csv,"მალია ტყვიასავითა, გრძნეული, როგორც გველია, აღმერთებს, ნუგეშად ჰსახავს ფშავ-ხევსურეთი მთელია, გვირგვინოსანი თამარი სულ-მუდამ ამის მთქმელია: „ოღონდ მინდია თან მყვანდეს, მასთან მთიელი ერია, რაც უნდ ძალიან ეცადოს, ვერას დამაკლებს მტერია“. იცის მტრის დასამარცხები და შემმუსვრელი ფანდია; თუ დაჭრილს ცოცხალს მიუსწრო, ნუ აქვს სიკვდილის დარდია. შუაზე გაჭრილს გაჰკურნავს მის უებარი წამალი; მით არ მცირდება ომებში, მუდამ ჯარი ჰყავ მრავალი; შორს არის ამბად წასული მისი თავგადასავალი.","Swift as a bullet, cunning as a serpent,  
all of Pshav-Khevsureti reveres him and finds comfort in him;  
Crowned Tamar is forever saying this:  
“Only let Mindia stay with me, and with him the mountain folk are a people;  
however hard the enemy may try, he can do me no harm.”

He knows the stratagems that defeat and crush the foe;  
if he reaches the wounded while they are still alive, there is no need to fear death.  
His incomparable remedy heals even one cut in half;  
thus he never dwindles in war, for he always has a great army;  
far and wide has his tale of adventure gone forth."
03_the_snake_eater_ge.csv,"II. როცა კი გაზაფხულდება, გამოიღვიძებს ქვეყანა: სილაღე, სიმხიარულე დასეირნობენ ყველგანა. გაჩნდება ჩირთი, ყვავილნი ეკონებიან მწვანესა, მინდია გაფაციცებით სულ მიმოივლის მთა-ველსა. ყველა მცენარეს და მღილსა ის ეგებება სალმითა, ბუნებაც „ვაშას“ უძახის მდიდრად მორთულის ალმითა, ყვავილნი ყელ-გადაგდებით, დახატულები კალმითა, „მინდიას გაუმარჯოსო“, ერთხმად ასტეხენ ჟიჟინსა, ხეები ფოთლებს არხევენ, ბუნება იწყებს ბიბინსა, და მერე სათითაოდა ყველა მოჰყვება ტიტინსა: „მე ვარო ა მ ი ს წამალი“; სხვა გაიძახის – „ი მ ი ს ა“; მინდიაც მოსწყვეტს, თან მიაქვს, ჯერ ზედ ნამი აქვთ დილისა.","II. When spring arrives, the land awakens: cheerfulness and joy roam everywhere. Green shoots appear, flowers cling to the greenery, and Mindia wanders alertly through mountain and field. He greets every plant and herb with a salutation; nature itself cries “Hurrah!” with richly adorned banners, flowers with heads thrown back, painted as if by a pen, all shout in unison, “Long live Mindia!” and raise a buzzing clamor. The trees shake their leaves, nature begins to rustle, and then, one by one, all begin to murmur: “I am the remedy for this one”; another cries, “for that one”; and Mindia plucks them too and carries them away, while the morning dew still lies upon them."
03_the_snake_eater_ge.csv,"თურმე ზნედა სჭირთ ყვავილთა: ოღონდ ეწამლონ სნეულთა, სიცოცხლით გაფუფუნებულს არად აგდებენ სხეულთა; სალხინოდ ჰსახვენ, კაცთ სარგოდ, ძვალ-ხორცთა ჩამორღვეულთა. ყვავილთ ეს ზნე სჭირთ და ხეებს თურმე მოუვათ ტირილი; მარტოკა მინდიას ესმის მათი კვნესა და ჩივილი. ამისგან მისი ცხოვრება ძალიან დაცარულია: მივიდა ხესთან ცულითა, სთქვა: „უნდა მოვჭრა ესაო!“ შემოჰკრავს ცულსა და ამ დროს ხის შამოესმის კვნესაო: „ნუ მომკლავ, ჩემო მინდიავ, ნუ დამიბნელებ მზესაო, უიარაღო რომა ვარ, მიტომ მიბრიყვებ ხესაო?!.“ დაუდუნდება მკლავები, შტერად გაჰხედნებს ზეცასა. სხვა ხეს მიჰმართავს, ის უფრო მეტად დაიწყებს კვნესასა. ხელცარიელი წამოვა, ვერ მოიყოლებს შეშასა, და რომ ღველფზედა არ გაქრეს ცეცხლი, აანთებს თივასა ან ჩალას, გამხმარს ჯოყრებსა, თან მიაშველებს წივასა; თუ სად ხმელს წიწკრებს იპოვნის, არც დაიწუნებს იმასა. მაინც ღმერთს ჰმადლობს, მაინცა, საღამოსა და დილასა.","It turns out that flowers have a strange nature: only to poison the sick, they do not care for bodies already luxuriant with life; they deem as a delight, for the benefit of humankind, the broken-down bones and flesh. Flowers have this nature, and, it seems, trees are fated to weep; only Mindia hears their groaning and lament.

Because of this, his life is greatly burdened: he went to a tree with an axe and said, “I must cut this one down!” He strikes the axe, and at that moment the tree’s groan is heard: “Do not kill me, my Mindia, do not darken my sun! Since I am unarmed, is that why you mock me, tree?!” His arms grow weak, and he gazes blankly at the sky. He turns to another tree, and it begins to groan even more. He comes away empty-handed, unable to bring back firewood, and so that the fire may not go out on the embers, he lights hay or straw, dried twigs, and adds brushwood; if he finds any dry kindling anywhere, he does not reject that either. Still he thanks God, still, in the evening and in the morning."
03_the_snake_eater_ge.csv,"სხვებსაც მას ურჩევს: „კაცებო, მოდით, ნუ ჰშვრებით ცოდვასა; ნუ მასჭრით ხესა, დავჯერდეთ ჯოყრებს, ხმელს წიწკრებს ცოტასა“. არავინ უსმენს, არქმევენ ამ გვარს მის რჩევას ბოდვასა: – „ღმერთს ჩვენთვის გაუჩენია სარგოდა, მოსახმარადა!“ და დღესაც არავინ ჰზოგავს ვერხვ-წიფელს მოსაკლავადა.","He also advises others: “Men, come, let us not commit sin; do not cut down the tree, let us be content with the branches, with a little dry brushwood.” No one listens; they call his advice nonsense: “God has created it for our benefit, for our use!” And even today no one spares the poplar-beech tree from being cut down."
03_the_snake_eater_ge.csv,"III. როცა ყანის მკას დაიწყებს, გიჟია, გადარეული: ერთს ფეხს აქ მოსჭრის, ერთს იქა, საგულე-ჩამოხეული; სულ გადასთელავს ყანასა, გაჰბურდღნის, გაატიალებს, მინამ ღონე აქვ მკლავშია, ციბრუტივითა ტრიალებს, და როცა დაიქანცება, გაიშხლართება მიწაზე.","III. When he begins reaping the field, he is mad, frantic: he cuts one foot here, another there, with his chest torn open; he tramples the whole field, tears it up, ruins it, and as long as he has strength in his arm, he spins like a top, and when he grows exhausted, he sprawls out on the ground."
03_the_snake_eater_ge.csv,"რო ჰკითხოთ: „ასე რად სჩადი?“ ის გიპასუხებსთ იმაზე: – რას ამბობთ, კაცნო, არ გესმისთ, მიტომ მიწუნებთ ქცევასა. ის როდი იცით, თავთავნი როგორ მიწყებენ ხვეწნასა; უნდა იცოდეთ, ჰხედავდეთ თავთვების ყელის წევასა, ათი-ათასი ყოველ მხრივ რომ დაიქუხებს ერთადა, – ხელ-ნამგლიანი როცა ვარ, მნახავენ თავის ღმერთადა: – „არა, მე მომჭერ, მინდიავ, ნუ მტოვებ, შენი კვნესამე!“ „არა, მე, – სხვა გაიძახის, – უფრო მაშინებს ზეცა მე. პატარა ნისლიც რო ვნახო, ჩამოვიშლები ტანითა. ვაი თუ სეტყვა მოვიდეს, ყელი გამომჭრას დანითა“. სხვა უფროც ჰყვირის: „ნუ მწირავ, იხარე თავის ჯანითა!“ გამაგიჟებენ ბოჟირით, გადავირევი ბრალითა: ვცდილობ და ყველას ვერ ვწვდები ორის ხელით და თვალითა და ამ დროს თავადაც ვხდები მოსაბრუნები წყალითა. ყანასა სეტყვა აშინებს, – კაცთ უსაზრდოოდ დარჩენა, თორემ ვით ნამგალს, სეტყვასა სით შაუძლიან წახდენა?!. კაცთ სარგოდ თავსა ჰზოგავენ თავთავნი ოქროს ფერანი, – არ სწადით ოხრად ლპებოდენ, ჰკენკდენ ყვავნი და ძერანი. მიტომ ჩქარობენ მომკასა, ერთად ჟივიან ყველანი, ჰსურთ პურად იქცნენ, საჭმელად, რომ მითი გაძღნენ მშიერნი, – მკვდართ კაცთა შანდობა ვუთხრათ, ძალნი ვახსენოთ ციერნი.","If you ask, “Why do you do this?”  
he will answer you this way:  
— What are you saying, men? Do you not understand, that is why you blame my behavior.  
Do you not know how the ears of grain beg me?  
You should know, should see the trembling of the heads of wheat,  
when ten thousand at once thunder from every side—  
when I am with the sickle in hand, they see me as their god:  
— “No, cut me, Mindia, do not leave me, I beg you!”  
— “No, me,” cries another, “heaven frightens me more.  
If I see even a little cloud, I collapse in body.  
Alas, if hail should come, it will cut my throat with a knife.”  
Another cries even louder: “Do not spare me, let me rejoice in my own strength!”  
They drive me mad with their pleas; I go out of my mind with their blame.  
I try, and with two hands and eyes I cannot reach them all,  
and in the meantime I myself become one who must be turned back by water.  
In the field, hail is feared—for people being left without food;  
for how else could hail destroy it, as it does the sickle?!  
For people’s benefit, the ears of grain spare themselves, golden in color;  
they do not wish to rot uselessly, to be pecked by crows and vultures.  
That is why they hurry to be harvested, all crying out together;  
they wish to become bread, to be eaten, so that the hungry may be filled by them—  
let us speak of the blessing of dead men, let us praise the powers of the heavens."
03_the_snake_eater_ge.csv,"IV. ხატობა ჰქონდათ ხევსურთა, ლუდის სმა არი, ღრეობა. დიდს მლოცავს მოიპატიჟებს გუდანის ჯვარის დღეობა. ხალხია დაჯერებული, ბჭობენ უფროსნი მრავალსა: ზოგნი ამბობენ სხვის ამბავს, სხვანი – თავგადასავალსა; ამბობენ ვაჟკაცობისას, თოფისასა და ხმლისასა, ჯაჭვის მჭრელს წელზე ვინ ირტყამს, ყველა აქებდა იმასა. უსმენენ მოწიწებითა, თუ ვინ რას იტყვის ცდისასა. თანაც გააბეს მსჯელობა გველის-მჭამელის ცოდნაზე, ხის მჭრელის, ბალახთ მთიბელის, მათ ჩანადინარს ცოდვაზე.","IV. The Khevsurs had a feast day, a drinking of beer, a revelry. The feast day of Gudani Jvari invites the great worshippers. The people are convinced; the elders debate many things: some speak of others’ deeds, others of their own adventures; they speak of bravery, of rifles and swords, of who wears the chain-cutting belt at the waist, and everyone praised that man. They listen with reverence to what each person says from experience. At the same time, they began a discussion about the knowledge of the snake-eater, the woodcutter, the grass-mower, and the sin of what they had done."
03_the_snake_eater_ge.csv,"ჩალხია ეტყვის კრებასა: „მიკვირს ეგ თქვენი ფიქრია, წინავაც ბევრჯელ გითხარით, ეხლაც იმასვე ვიტყვია: ენა თუ ჰქონდეს ხე-ქვათა, ჩვენც რად არ გაგვიგონია? ჩვენს სატყუებლად მინდიას სიცრუე მოუგონია. ჩვენც მისებრ კაცნი არა ვართ, ჩვენც ყურები გვსხავ, მგონია?! მე სამალავად არ ვამბობ, თითონაც მისდის ყურშია; თუ ამას მართალს არ ვამბობ, იფიქროს თავის გულშია. ვსთქვათ, სიბრალული კარგია ხე-ქვა-ბალახთი, ცხოველთი… კაცის კვლა ყველასა სჭარბობს, თუნდ მტერი იყოს ყოველთი. მაშ აღარც კაცს უნდა ვკლავდეთ, გეტყვით, მისმინეთ, მე რასა: მტრისას, ხმლით ნაჭერს, მინახავ, მინდია სდგამდეს გორასა. რად სჩადის ამას, ხომ რჯულიც კლვისას არ გვაძლევს ნებასა, მაგრამ ვკლავთ იმას, ვინაცა ჩვენსა დაარღვევს შვებასა, ან მამულს გვართმევს, ან ცოლსა, ან გვიშლის რჯულის ცნებასა. მაშინ არც ღმერთი გვიცოდვებს მტრისად შაქცევას ხელისას, ეგრევე, ოღომც ვიცხოვროთ, მოჭრას წიფლის და თელისას“.","Chalkhia says to the assembly: “I am surprised by your thinking. I have told you many times before, and I will say the same now: if trees and stones had a tongue, why would we not have heard it? Mindiia has invented a lie to deceive us. Are we not men like him? Do we not also have ears, I wonder?! I am not saying this in secret; it has reached his own ears too. If I am not speaking the truth, let him think it over in his heart. Let us say pity is good for trees, stones, grass, animals… But killing a man outweighs all that, even if he is everyone’s enemy. Then we should no longer kill a man, I tell you—listen to what I say: I have seen Mindiia, with a sword cut, standing on a hill against the enemy. Why does he do this? After all, even the law does not permit killing. But we kill whoever destroys our peace, or takes our land, or our wife, or prevents us from knowing the law. Then even God will not count it as sin if we turn our hand against the enemy—so long as we may live, let us cut down the beech and the elm.”"
03_the_snake_eater_ge.csv,"– არ სტყუის, არა, ჩალხია, მინდია ცრუობს სწორედა, ათასნაირი ტყუილი თვალწინ აგვიგო ყორედა, – ამბობდენ ხალხში ზოგები გაუბედავად, დონედა.","– He is not lying, no, Chalkhia, Mindia is the one who is lying, indeed; he has piled up all kinds of lies right before our eyes, like a heap, – some people in the crowd were saying timidly, in a low voice."
03_the_snake_eater_ge.csv,"– მაგ ფიქრს რომ მივყვეთ, შენს მტერსა, როგორღა გვეცხოვრებისა? ის რად ვიცოდვოთ, უფლისგან რაიც არ გვეცოდვებისა?!. თემთ რო გვარიგებს მაგაზე, ძალიან ცუდად შვრებისა. კარგთაგან იმედი გვაქვის მუდამ შველის და რგებისა და არა ჩვენის დაღუპვის, ჩვენის ცხოვრების ვნებისა!.. – ეს იყო გამონასკული აზრი ხევსურთა კრებისა…","– If we follow that line of thought, then, by your enemy, how could we live? Why should we know what the Lord has not made known to us?! He who instructs the people on that is doing very badly. From the good we always have hope of help and salvation, and not of our destruction, of harm to our life!.. – This was the conclusion reached by the Khevsur assembly…"
03_the_snake_eater_ge.csv,"მინდია იქავე იჯდა, თვალთაგან ცრემლი სდიოდა. არვინ იცოდა, თუ იმას გული რისაგან სტკიოდა. თვალნი მიეპყრნო ერთს მხარეს, ხალხისა არა ესმოდა; გამოერკვია ფიქრიდან, როცა ბერდია ეტყოდა: – რად არ ყურს გვიგდებ, მინდიავ, ნეტავ რისათვის სტირია? ეს არც კი მიკვირს შენგანა, არც სხვისგან გასაკვირია – ერთს წამში ცხრაჯერ შასცვალო გლოვა-ტირილზე ლხინია. – და მთელმა ხევსურთა გუნდმა მინდიასკე ქნა პირია…","Mindia sat there, tears streaming from his eyes. No one knew what it was that pained his heart. His eyes were fixed in one direction; he heard nothing of the people around him. He would have come out of his thoughts when Berdia said to him:

— Why do you not listen to us, Mindia, and what, I wonder, are you crying for? This does not surprise me from you, nor is it surprising from anyone else — in a single moment to change mourning and weeping into joy nine times over.

— And the whole Khevsur band turned their faces toward Mindia…"
03_the_snake_eater_ge.csv,"– ჰო და სთქვი, – კვლავ სთხოვს ბერდია, – გულზე რა ჭირი გჭირია? – აგერ იმ ჩიტებს ყურს ვუგდებ, – თითით უჩვენა ჩიტებზე, ორნი ფრთებ-ჩამოშვებულნი იფნის ქვეშ ისხდენ სიპებზე. – ერთი მეორეს უამბობს სიკვდილის ამბავს შვილებზე; მარცხნით მჯდომარე დედაა, მარჯვნისკე – ამბის მთხრობელი, თქვენს მტერს, რომ გულ-მოკლულადა შვილებსა ტირის მშობელი.","– Well then, say it, – Bardia asks again, – what burden is on your heart?  
– I’m listening to those birds over there, – he pointed at the birds; two of them, with drooping wings, were sitting on the stones under the ash tree. – One is telling the other the story of death about its children; the one sitting on the left is the mother, and on the right is the storyteller—your enemy would pity the parent, heartbroken, weeping for her children."
03_the_snake_eater_ge.csv,"ჩიტებს ეხლაღა შესცქერის ხევსურთა კრება სრულია, ჩიტთაგან ერთი იმ დროსა, თითქო მოჰსვლოდეს რულია, სიპიდან დაბლა დაეცა და განუტევა სულია. რომელი მოკვდა ორთაგან, ამის გაგება – რჯულია! ხევსურთ შაჰხედეს ერთმანერთს გაოცებულის თვალითა; ნუ თუ ასეთი ცოდნაო იქნება კაცის ძალითა? დარწმუნდენ იმის ცოდნაში, საქმე წინ ედვა ყველასა, მაგრამ ნაგრძნობსა გულითა გონებით ჰშველენ ვერასა: ბალახსაც სთიბენ, ნადირს ჰკვლენ, შეშით ანთებენ კერასა. ქათმის ხორცს რა შეაძულებს, თქვენვე მითხარით, მელასა?! ვინ ჩამოჯდება ღველფზედა, თუ ზედ არ ჰხედავს ძელასა?!.","The assembly of the Khevsurs is now fully watching the birds;  
one of the birds at that moment, as if overcome by sleep,  
fell down from the rock and gave up its soul.  
Which of the two died, to know that — is a matter of law!

The Khevsurs looked at one another with astonished eyes;  
could such knowledge, then, be within a man’s power?  
They became convinced of that knowledge, the matter lay before them all,  
but with a foreboding heart, reason could help nothing there:  
they mow grass, they kill beasts, they light the hearth with firewood.  
Who could make one hate chicken meat, tell me yourselves, O fox?!  
Who would sit down on the ashes, if he does not see the log upon them?!"
03_the_snake_eater_ge.csv,"V. ბევრჯელ მოუნდათ ლაშქრობა ლეკ-სპარსებ, ქისტებ, თურქთანა, გამარჯვებულნი მოდიან ხევსურეთს ვაჟნი მუდამა. ზღუდე გამაგრდა ქართლისა, მტერს შაუკერეს სუდარა. ერი თუ მტრის მძლეველია, მის მეტი არა უნდა რა. მანამ მინდია ჰბელადობს, ხევსურებს არა უშავთ რა, ვეღარვინ ჰბედავს რჩოლასა, მყუდროობაა ყველგანა… ნეტავი იმას, ვისაც კი მადლიერი ჰყავს ქვეყანა.","V. Many times they longed to go on campaign against the Lezgi-Persians, the Kists, and the Turks; the brave men always return victorious to Khevsureti. The fortress of Kartli has been strengthened, and a shroud has been spread over the enemy. If a people is victorious over its foe, it needs nothing more. As long as Mindia leads, nothing bad happens to the Khevsurs; no one dares to challenge them anymore, and peace reigns everywhere… Blessed is the one who has a grateful country."
03_the_snake_eater_ge.csv,"VI. ფრიალო კლდის თავს სახლი დგა, ცას ებჯინება ბანითა, ირგვლივ მთებია დიდრონი, აყრილნი სრულის ტანითა, გადალესილნი თოვლითა, მოუღალავნი ჯანითა. ერთხელ თუ ჰნახე ამგვარად, სულ გინდა ჰსინჯო თვალითა. იმაზე ლამაზებია, როცა ჰღელავენ მწვანითა. თუნდ მზე დაადგესთ გულ-მკერდზე, ზვავი სდიოდესთ ჭექითა, – ახველდებიან ხევები, ვით ავადმყოფნი ჭლექითა, მაინც სიტურფე იმათი ნაკურთხი არის ზეცითა. ბევრჯელ დაჰბრუნავს თავზედა გრილი ნიავი კვნესითა. ზაფხულში შავი ღრუბლები სანთლებს უნთებენ კვესითა. იქ ხომ ხვნით არავინა ჰხნავს, არც ვინ რას სთესავს თესითა, მარტო ჯიხვები დადიან კლდეებზე რქების ლესითა. და სალნი კლდენი, პირ-ქუშნი, უფსკრულს ჩასულნი ფესვითა, არც რო სულზედა ფიქრობენ, არც სუქდებიან ლეშითა, უსალმო-უალერსონი, გამომზირალნი ბრეშითა.","VI. On the edge of a sheer cliff stood a house, its roof reaching up to the sky;  
all around were towering mountains, raised to their full height,  
washed over with snow, tireless in their strength.  
If you see them once like that, you always want to look at them again.  
They are even more beautiful when they are glowing green.  
Even if the sun settles on their breast and avalanches thunder down,  
the valleys cough, like sick men with consumption;  
still, their beauty is consecrated by the heavens.  
Often a cool wind circles above them with a sigh.  
In summer, black clouds light candles with a spark.  
No one plows there with a plow, nor sows anything with seed;  
only chamois roam the cliffs, sharpening their horns.  
And the stern cliffs, grim-faced, rooted down into the abyss,  
care neither for the soul nor grow fat on carrion,  
without greeting or caress, peering out through the rock."
03_the_snake_eater_ge.csv,"სახლზე კოშკია მიდგმული, შემურვილია ბოლითა, დღე-მუდამ შაძრწუნებული ჯაზეირების სროლითა. რა დაასვენებს საბრალოს, მინამდე ირგვლივ მტრებია, მინამდე შურის ძიება კაცის ტომს გულში სდებია, ნასროლი ტყვია მტრისაგან მკერდზე მრავალი სცხებია!","A tower is attached to the house, blackened with soot,  
day and night shaken by the firing of rifles.  
What will give the poor soul rest,  
while enemies are all around,  
while the desire for revenge has lodged in the hearts of humankind,  
and many bullets fired by the enemy have struck his chest!"
03_the_snake_eater_ge.csv,"სახლიდან ისმის ჯავრობა, ხმა კამათობის, წყრომისა; ბევრნიც არავინ არიან, – საუბრის კილო ორისა. ღველფზედა ცეცხლი ანთია, გაჩაღებული შეშითა, იქით მხარეზე დიაცი მოჩანს ბალღების გვერდითა, აქეთ მარტოკა ხევსური ბევრს რასმე მოსთქვამს ხვნეშითა.","From the house comes the sound of quarrelling, the voice of argument and anger; there are not many people there — the tone of conversation is that of two. A fire burns on the hearth, kindled with firewood; on the far side a woman can be seen beside the children, and here a lone Khevsur laments many things with sighing."
03_the_snake_eater_ge.csv,"(ქმარი) ის დღე გაშავდეს, რას დღესაც შენ მე დაგისვი ცოლადა. მინამდე კაცი არ მაჩნდა მიწაზე თავის ტოლადა. სრულ შენგან გავხდი, წყეულო, უგერგილოდ და ყროლადა. რა ვარ? განაღა კაცი ვარ, ღირსი, ცის ქვეშე ვიდოდე?! იმადვე ყოფნის, რაც ვიყავ, ნეტავ წამალი ვიცოდე!.. ფუჭია ჩემი სიცოცხლე, დღეს მჯობ შავის კლდის ლოდია, თქვენგან მჭირს ჭირი უწამლო, უფალს თქვენგანა ვცოდია. შვილებიც ჭირად გამიხდა, შამაცვლევინეს ფიქრია, დაკარგულს სულს და ხორცზედა ეხლა დღე და ღამ ვტირია.","**(Husband)**  
May that day be blackened, the day I took you as my wife.  
Before that, I had no equal on earth.  
Completely ruined by you, cursed one, I became useless and foul.  
What am I? Am I even a man, worthy to walk beneath the sky?!  
I remain only what I was before—if only I knew a remedy!..  
My life is worthless; today I am worse than a black cliff’s boulder.  
From you I suffer an incurable affliction; before God, I have sinned because of you.  
Even my children have become a burden; they have changed my thoughts.  
For my lost soul and body, I now weep day and night."
03_the_snake_eater_ge.csv,"(ცოლი) მე რად მაბრალებ თავის ბრალს, შინ როს მოგივედ ძალითა? გზად არ მიტევდი მიმავალს, მავსებდი ცოდვა-ბრალითა: „მზიავ, ძალიან მიყვარხარ“, ცრემლებს აბნევდი თვალითა და ჩემს ძმათ ჩემის გულისად შინ უხდებოდი ხმალითა. წინაზე ტკბილი შაქარი ეხლა გემწარე რისადა? ან შვილთა ყოლას რად ჰგლოვობ, მდურვას რად იტყვი ღვთისადა?! თავისი ცოლი და შვილი ვის გადაუგდავ სხვისადა? ჩვენ რადა გვსახავ მიზეზად შენის გუნების ცვლისადა?","**(Wife)** Why do you lay your own fault on me, when you came home by force?  
You did not let me go on my way; you filled me with sin and blame:  
“Mzia, I love you very much,” you said, scattering tears from your eyes,  
and for the sake of my heart you came home to my brothers with a sword.  

Why has the sweet sugar of before now turned bitter to you?  
And why do you mourn having children, why do you speak in complaint against God?!  
Who would cast aside his own wife and child for another’s sake?  
Why do you make us the cause of the change in your mood?"
03_the_snake_eater_ge.csv,"(ქმარი) იმიტომ, უჭკო დიაცო, რომ სწუწუნებდი, სჩიოდი: „სიცივე ბალღებს მილევსო“, შვილ-მამკვდარივით ჰკიოდი: „ბერდიას რამდენ შეშა აქვ, როგორს ცეცხლს ანთებს, ჰნახოდი“, ცხოვრების მაგალითადა ბრიყვები დამისახოდი. გულზე მოსაყვანს ქართულსა ჩემს გასაგონად ამბობდი, გეწადა კაი ცხოვრება, მოწამლულს ქადას აცხობდი. და მეც დღეს-ხვალეობითა, ცოტ-ცოტად, ნელაობითა დავიწყე თავის რწმენასთან მოქცევა მელაობითა: დღეს მოვჭერ ერთი ჭანდარი, თუმც მემუდარა ბევრია: „რად სჩადი მაგას, მინდიავ, ვითომ არ იყავ მტერია?!“ ხვალ ორი მოვჭერ, და ასე გული ჩავიდევ ქვისაო, რომ სულ აღარა მეგრძნო რა, ძალაც ვითხოვე ღვთისაო. შენ ჯიხვის ხორცსა ჰნატრობდი, თუ ვის მოკლული გსმენია, რამდენჯერ ჩემი გულ-მკერდი ამ ჩივილს გაუსენია: „ყმაწვილნ უხორცოდ დაზდილნი რა ვაჟკაცობას იზამენ? არსად არ გამიგონია ასრე გაზდილი სხვისა მენ“. ახ, რატომ ამის თქმამდინა არ დაგეყარა მიწა შენ!.. მეც მივყევ – ვხოცე ნადირი, გასუქ-გალაღეთ ლეშითა, თავის ბალღებით ჰხარობდი, მე დავრჩი თავის ტეხითა. სჯობდა კი ასე გახდომას გავთაულიყავ მეხითა; დაკარგულს ვეღარ მოვხელავ ვერა რომელის ხერხითა.","**(Husband)** Because, foolish woman, you kept complaining, lamenting: “The cold is killing the children,” and you cried like a bereaved mother: “See how much firewood Berdia has, what a fine fire he makes.” You held up fools as examples for life. You spoke in my hearing of things to be grieved over in Georgian; you longed for a good life, yet you baked poisoned *khada*. And so I, day by day, little by little, slowly began to turn away from my own convictions, by stealth: today I cut down one *chandari* tree, though many begged me, “Why are you doing that, Mindia, as if you were not the enemy?!” Tomorrow I cut down two, and thus I hardened my heart like stone, so that I would feel nothing at all, and I even asked God for strength. You longed for deer meat, and whenever you heard of someone who had been killed, how often my chest and heart were pierced by this complaint: “What manhood can boys show if they are raised without meat? I have never heard of anyone raised in such a way being anyone else’s superior.” Ah, why did the earth not swallow you up before saying that!...

I too followed along — I slaughtered beasts, fattening and delighting myself on their carcasses; you rejoiced with your children, while I was left with a splitting head. It would have been better to have been struck down by lightning than to become like this; once something is lost, I can no longer recover it by any means."
03_the_snake_eater_ge.csv,"(ცოლი) ან შენ რა გიჭირს ისეთი, თავს რად იტკივებ ძალადა; შეშის ჭრას, ნადირთ ხოცვასა სხვან რად არ სთვლიან ბრალადა?","**(Wife)** And what hardship is it of yours, that you hurt yourself for nothing? Why do they not count chopping firewood and killing beasts as blameworthy?"
03_the_snake_eater_ge.csv,"(ქმარი) არ იცი, არა, ჭკვა-თხელო, ყბედო, ზეზერე მგრძნობარევ, თავისა სასიამოვნოდ წუთისოფლისა მცნობარევ! არა ღირს იმად – ვიგლოვო თვისი ცოდნა და ძალია, რომ ჩემთან ერთიც მათგანი, ბრიყვო, აღარსად არია?!. არ უღირს, მკვდარმა იცოდეს თავის სიკვდილი, – მკვდარია, იგლოვოს თავისი თავი, თვის ყოფნა შესაზარია? სხვა ყოფნა, ამაზე მწარე, მიპოვნე შესადარია! ამ გვარი მკვდარი დღეს მე ვარ, სხვა მკვდრებს რა უჭირთ მკვდრობითა! არიან მოსვენებულნი, არაფერს გრძნობენ გრძნობითა. რითიღა ვარგო ქვეყანას, დავცარიელდი ცოდნითა: ყვავილნი არას მეტყვიან, აღარც ცნობა მაქვს იმათი; განა მეტიღა იქნება კაცმა თავს უგდოს ხიფათი? აღარა მესმის ფრინველთი, აღარა მესმის ყანისა, აღარ მსმენია მას შემდეგ ტკბილი სალამი მწვანისა. ეს არაფერი, სხვაფრივაც აღარ ვვარგივარ არადა; გინდა აქ ვეგდო მთაშია, გინდა ჩავიდე ბარადა, ჩემ ფერას უკეთურებსა არვინ იყიდის ჩალადა. ვეღარას ვარგებ ქვეყანას მტრის მამგერებელს ჯარშია, მიტომ, რომ წინანდებული ცნება აღარ მაქვს თავშია. რატომ მალედვე არ გაქრა ჩემი ვარსკვლავი ცაშია! დღესნამდე მტრები შინაით ვერა ძვრებოდენ კარშია შიშით, და ეს რომ გაიგონ, მოვლენ, მიწა-მტვრად გვაქცევენ, ჩვენ სახლებს, ციხე-კოშკებსა ნაოხრად გადააქცევენ. ცოცხალი ამას ვერ ვნახავ, თქვენი დღეც გათაულია, თქვენგან დავკარგე გონება, წმინდა გავყიდე რჯულია… ახლა ქვეყანაც დავღუპო, თქვენ პირში გედგასთ სულია!.. ან მე რად მინდა სიცოცხლე, ან თქვენ გაცოცხლოთ რაღადა, თუ მთელი ჩემი არსება აღარ იქნება საღადა?!. ან აქ რა პირით ვიცოცხლო? თავს რით ვიმართლებ ღმერთთანა? ყველასთან შარცხვენილი ვარ – ცოცხლებთანა და მკვდრებთანა. რისთვისღა მინდა აბჯარი, რისათვის მინდა ხმალია, თუ კი ჩემს მტრისად დაკრულსა აღარ ექნება ძალია?! ამ მიწის ამონაცენი ჩემი სესხი და ვალია, როგორღა ან პური ვჭამო, როგორ დავლიო წყალია?!","**(Husband)** You do not know, no, you thin-minded, chatterbox, over-sensitive fool, you who know the world only for your own pleasure! It is not worth it—for me to mourn my knowledge and strength, since not even one of them, fool, remains anywhere with me anymore?! It is not fitting that the dead should know their own death—dead is he who should mourn himself, whose existence is dreadful? Find me another existence, more bitter than this, to compare with it! Such a dead man today am I; what hardship is there for other dead ones in being dead? They are at rest, they feel nothing with feeling. How then can I still be of use to the world, when I have been emptied of knowledge: the flowers tell me nothing, nor do I have any awareness of them; what more is there, that a man should expose himself to danger? I no longer hear the birds, I no longer hear the field, and since then I have not heard the sweet greeting of the green. That is not all; in other ways too I am no longer of any use; whether I lie here in the mountains or go down to the plain, no one will buy my kind of wickedness for straw. I can no longer serve the world in the army that repels the enemy, because I no longer have the former understanding in my head. Why did my star not vanish from the sky sooner! Until today enemies could not move from within the house to the door in fear, and if they learn this, they will come and turn us to dust; they will turn our houses, fortresses, and towers into ruins. I will not see this while alive; your days are numbered too, I have lost my mind because of you, I have sold the holy faith… Now let me ruin the world too, since the breath is in your mouths!.. Why then do I need life, or why should I bring you back to life, if my whole being will no longer be sound?! Or with what face should I live here? How can I justify myself before God? I am disgraced before everyone—before the living and the dead. Why then do I need armor, why do I need a sword, if the one struck down as my enemy will no longer have strength?! My debt and obligation are born from this earth; how then can I eat bread, how can I drink water?!"
03_the_snake_eater_ge.csv,"ადგა და გულხელ დაკრეფით გამოეფარა კარზედა. მთათ რომ შეჰხედა მაღალთა, დაიქვითინა მწარედა. მთანი ჩამოშრენ, პირ-თავქვე ქოთით მოდიან ღვარები, ხევებში ზვავი შათხელდა ვეშაპის მინაგვარები. აჩქამდა ბუერაზედა ანკარა წვიმის ცვარები, ველებზე ბზინვენ ყვავილნი – თამარ-დედოფლის თვალები. კლდის პირზე მოსულს პირი-მზეს გულ-მკერდში ვენაცვალები!.. მთაზე უვნებლად გადმოხდენ პირ-იქითული მგზავრები. მთის კალთებს ჰშვენის ცხვარ-ძროხა, როგორც ლამაზს ქალს ხალები; გაცოცხლებულა მთა-ბარი ზამთრისგან დანაწვალები. ქვეყნად ბევრია ბეჩავი, ბევრია შასაწყალები, ერთი რო ვნახოთ, სხვას ბევრსა ვერ ჰხედვენ ჩვენი თვალები!","He stood up and, with folded arms, appeared at the doorway.  
When he looked at the high mountains, he sobbed bitterly.  
The mountains have dried up; streams come down with heads bowed,  
in the ravines the avalanche has thinned, like the remnants of a dragon.  
On the heather, the clear raindrops sparkle,  
and on the fields the flowers shine — Queen Tamar’s eyes.  
To the one who came to the edge of the cliff, I would give my heart and breast to the sun!..  
Across the mountain, travelers from the far side have descended unharmed.  
Sheep and cattle adorn the mountain slopes, like moles on a beautiful woman;  
mountain and plain, tormented by winter, have come back to life.  
There are many wretches in the world, many to be pitied;  
if we see one, our eyes cannot see many others!"
03_the_snake_eater_ge.csv,"სოფლებში ხმაურობაა, ძახილ-ძუხილი დიდია: „გააგებინეთ, სად არი გველის-მჭამელი მინდია; ქისტების მოდის ლაშქარი, არღუნს ჩატეხეს ხიდია, დახვედრა მტრისა, ვაჟებო, ეხლა ჩვენზედა ჰკიდია!“ დიდი მზადება შაექნათ, ხალხი ზღვასავით ღელავდა, საით მხარესაც გაჰხედავ, თოფი და ხმალი ელავდა. კარგა ხანია ხევსურნი მტრის რაზმებს აღარ სცელავდენ, მათ აოხრებულს ბანაკსა უწყალოდ აღარ სთელავდენ; ომისკე დამშეულები ძლივს მოელიან დილასა, ყველას ისა აქვს გულშია – ბელადს ვინ მოჰკლავს წინასა, თავსა და მარჯვენას მასჭრის, შინ მოვა სახელიანი, საკარგყმოდ თასი მიერთმის ხატობას სანთლებიანი. გვარიც დარჩება იმისი სამუდმოდ საქებიანი. ციხე-კოშკებში შადიან დიაცნი ბალღებიანი; მზად შაუნახეს ქმარ-შვილთა გუდები საგძლებიანი.","In the villages there is a commotion, a great clamor and shouting: “Let it be made known where the serpent-eater Mindia is; the Kists are coming with an army, they have broken the bridge at the Argun, and the meeting of the enemy, men, now depends on us!” Great preparations were made, the people were surging like the sea; whichever way you looked, rifles and swords were flashing. For a long time the Khevsurs had no longer been cutting down the enemy’s detachments, no longer mercilessly trampling their devastated camp; starved for war, they could scarcely wait for morning. Everyone had this in their heart: who will kill the leader first, cut off his head and right hand, and return home renowned, with a cup as a reward, to the shrine with candles. His lineage too will remain forever worthy of praise. Into the fortress-towers went the women with their children; they had prepared and hidden the bundles of provisions for their husbands and sons."
03_the_snake_eater_ge.csv,"VIII. ბინდდება. ბნელი ხევები იმურებიან შავადა. თვალს ისე ეჩვენებიან, თითქო გამხდარან ავადა. მთები მაღლები, კლდეები, ლაღი არაგვი თავადა – მოწყენილია სუყველა, ვხედავ, ჩუმადა ტირიან. მხოლოდ თამამად შიკრიკნი სოფლითი-სოფლად ყვირიან: „ვინაც ხვალ ლაშქარს დააკლდეს, ამოვარდებამც ძირიან!“","VIII. It is getting dark. The dark ravines are becoming blacker and blacker. They appear to the eye as if they had fallen ill. The high mountains, the cliffs, the proud Aragvi itself — all are sorrowful; I see them silently weeping. Only the bold messengers cry out from village to village: “Whoever fails to join the army tomorrow shall be uprooted entirely!”"
03_the_snake_eater_ge.csv,"გარეთ აღარსად ცეცხლი ჩანს, არ ისმის სტვენა წყემსისა, კარში აღარა დასტოვეს დანაფასები ნემსისა. სოფლად მილაგდენ ყველანი, კოშკ-ციხეები ჰფარავენ, ცხვარ-ძროხას, საგანძურებსა ფარულს ალაგას ჰმალავენ.","No fire is seen anywhere outside, no shepherd’s whistle is heard;  
No needle’s traces have been left at the gate.  
In the village, everyone has settled down; the tower-forts are sheltering them,  
Hiding sheep and cattle, and secret treasures in concealed places."
03_the_snake_eater_ge.csv,"ცოტა რამ მკრთალი ნათელი ხახმატს ხატშია ჩნდებოდა, სანთლები ენთო ყორეზე, ალი იფნებსა ჰხვდებოდა, ხან ცისკრად გამოაშუქის, ხან კი მინელდის, ჰქრებოდა, სულ-მაბრძოლ სნეულსა ჰგავდა, ტანჯვა-ვაებით კვდებოდა.","A faint light would sometimes appear in the icon shrine of Khakhmati, candles burned on the cliff, and the flame met the ash tree; at times it would shine out at dawn, and at times it would fade and go out. It was like a soul-struggling sick man, dying in torment and woe."
03_the_snake_eater_ge.csv,"სხვა იქ კაცის ძე არა ჩანს, ორნი ჰყუდიან ველზედა, ერთს სისხლიანი ხანჯარი უპყრავ, სისხლი აქვს ხელზედა; მათ წინ დაკლული კურატი წამოწოლილა გვერდზედა.","No other man’s son is seen there; two are sitting on the plain, one holding a bloodstained dagger, with blood on his hand; before them lies a slaughtered bullock, stretched on its side."
03_the_snake_eater_ge.csv,"ბერდია (ხევისბერი) წყალობა მოგცეს, მინდიავ, იმ გულზედა და წესზედა, რა ფიქრითაცა სწირავდე, იმედოვნებდე ღმერთზედა; ნუმც მოგეშლება სახელი, მინამ ხმალი გრტყავ წელზედა. იმედო ხევსურეთისავ, მწყალობელიმც გყავ ჯვარია, მუდამამც გამარჯვებული მიგყავ და მოგყავ ჯარია! მგონია, მეათე დაჰკალ წელსა, გასწყვიტე ძროხები, რას ეხვეწები მაგდენსა, რა გაქვის შანაცოდები? ერთი წესია, ორიცა, შენ ხვეწნა მეტის-მეტია. ნურასამც ვაწყენ ამით ღმერთს, რაც ეხლა დავიყბედია.","Berdia (the khevisberi): May grace be given to you, Mindia, for that heart and for that custom, for the thought with which you make your offering and place your hope in God; may your name never fail, so long as the sword hangs at your waist. Hope of Khevsureti, may the Cross be merciful to you; may it always lead you to victory and bring your army back in triumph! I think you have slaughtered ten this year, you have killed off the cows—why do you beg so much, what is the matter with you? One custom is enough, even two; your pleading is too much. May I not offend God by this, for what I have now spoken is my vow."
03_the_snake_eater_ge.csv,"(მინდია) ყევარი ხარი კიდევ მყავ, სამი თუ ოთხი ფურები, იმათაც აუსახელებ, ოღომც მამირჩეს წყლულები.","**(Mindia)** I still have a whole ox, and three or four cows; I’ll name them too, if only my sores would heal."
03_the_snake_eater_ge.csv,"(ბერდია) რა წყლული, კაცო, შენ წყლული ჩვენ არვის გაგვიგონია, შენ წყლულიანებს სხვებს არჩენ ათასობითა, მგონია.","(Berdia) What ulcer, man? We’ve never heard of your ulcer. You heal thousands of others who are ulcer-ridden, I think."
03_the_snake_eater_ge.csv,"(მინდია) სხვა რამ საქმეა, ბერდიავ, ადვილ ვერ ვიტყვი იმასა: თავის მარცხს კაცნი ვერ ვიტყვით, ჩქარა ვიუბნებთ სხვისასა. ფულის პატრონნი, თუ იცი, ყველგან გაჰხსნიან ქისასა? ხვალ, ხვალე-ზეგავ გაიგებთ, მაცნე რო მოვა მთისასა.","**(Mindia)** It’s a different matter, Berdia, I can’t say that so easily: we men cannot speak of our own defeat, we are quick to talk of another’s. Do you know that those who have money open their purses everywhere? Tomorrow, the day after tomorrow, you’ll find out when the messenger comes from the mountain."
03_the_snake_eater_ge.csv,"(ბერდია) შენა ხარ ჩვენი იმედი, ხევსურთ დავლათიც შენთანა. ჩვენა გვწამ, შენაც ხომ იცი, რომ ჰლაპარაკობ ღმერთთანა, ხატიც გამმარჯვედ დაგყვების, კარგად იციან ყველგანა. ნუმც მოგეშლება დავლათი წმინდის გიორგის ძალითა, ნუმც გაგვიმეტებს უფალი, არ გიმფარველოს კალთითა. აიღო თასი ხელშია და კვლავ დაიწყებს ბერდია: „სადიდებულო გიორგის და სამწყალობლო შენია!.. შენ მეშველიმც-ა, რაც უფალს ხატები გაუჩენია, შენი მერჩოლი, ცოცხალი ერთიც ნუ დაურჩენია. ხვალ თუ ხვალე-ზეგ უცილოდ ომი გვექნება მტერთანა, მანამ ცოცხალი გვყევიხარ, რას გახდებიან ჩვენთანა?!“ ეს რომ სთქვა, მლოცავს თვალები აევსო ცხელის ცრემლითა, არ შამნიშნოსო, მობრუნდა და მოიწმინდა ხელითა. დაემხო საჯარის წინა, როგორც მოჭრილი ცელითა ჯოყარი რამა, თუ ფიჩხი, შასაკონავი წნელითა. ლოცულობს თვალ-ცრემლიანი, აზრი არ ისმის ლოცვისა. ასე მხურვალედ მლოცველი ვერ ნახა ვერა როდისა წინად ბერდიამ, – ეს უკვირს: უფრო ტანჯვაა გლოვისა, ვიდრე გულ-დაწყნარებული წყალობის გამოთხოვისა. ცრემლი სდის, ჩუმი ქვითინი აბჯრის ჟღერაში ერევა, ლოცულობს, დაჩოქილია, ხანიც მრავალი ელევა. „უსმინე, ხახმატის ჯვარო!“ თვითაც უმატებს იგია: „ნუ გაუქარწყლებ ვედრებას, კეთილზე დაარიგია“.","(Berdia) You are our hope, and the fortune of the Khevsurs is with you. We believe, and you yourself know it too, that you speak with God, and the icon follows you victoriously; everyone everywhere knows that well. May the fortune of Saint George’s power never fail you, may the Lord not abandon us, and may He not shield us with His cloak.

He took the cup in his hand and again Berdia began:

“Glorious George, and merciful is Yours!  
May You help me, for all the icons the Lord has created,  
You are my protector; may not a single living one be left to me.  
If tomorrow or the day after tomorrow we must surely fight the enemy,  
while You are alive with us, what can they do against us?!”

When he had said this, the eyes of the one praying filled with hot tears; so that no one would notice, he turned away and wiped them with his hand. He fell down before the troops, like a calf cut down by a scythe, or brushwood, or a bundle of twigs to be bound. He prays with tear-filled eyes; the meaning of his prayer cannot be heard. Berdia had never before seen anyone praying so fervently — this is astonishing: it is more like the torment of mourning than a calm plea for mercy. Tears flow, quiet sobbing mingles with the clatter of armor; he prays, kneeling, and many a year slips away. “Hear me, Cross of Khakhmati!” he adds himself: “Do not make my supplication vain; guide me toward good.”"
03_the_snake_eater_ge.csv,"IX. შუა-ღამისას დაიწყო დელგმა, მოჰხეთქა ღვარები, გატეხეს, თუ სად ლოდების ხევებში იყო კარები და სწორედ არ მიუტანეს ბარს მთისა დანაბარები. ხშირად დაედვა ბალახთა ღრუბელთა ცრემლის ცვარები, გაჰქრა და აღარცა ბჟუტავს ხახმატს ლოდებზე სანთლები. აღარსად ხევისბერი სჩანს, აღარც მლოცავი მტირალი, მარტო საჯარის ყორეა მრისხანედ გამომზირალი და კლდეებს არღვევს არაგვი გაბეზრებული, მყვირალი.","IX. At midnight, the deluge began, the torrents burst forth; they broke, if there were any gates in the rocky ravines, and did not bring the mountain’s entrusted burden to the plain. Often the dewdrops of the clouds of grass were laid down; it has vanished, and no longer do the candles on the rocks of Khakhmati flicker. Nowhere is the khevisberi to be seen, nor the praying mourner; only the crow of the barracks looks out grimly, and the Aragvi, wearied and crying out, is tearing at the cliffs."
03_the_snake_eater_ge.csv,"X. დილაზე ფრთა-დაკეცილთა, ნამტირალევთა ღამითა, მთებზე ეძინა ნისლებსა მიტკლით შაკრულის თავითა; ზოგჯერ რო გაგვახარებენ მაცოცხლებელის ცვარითა, სხვა დროს ბედს გვაწყევინებენ ჩანადინარის ავითა. დაბლა ჭალა და ხევები, გუშინ სავსენი ზვავითა, დღეს სიცოცხლითა ხარობენ, გაბადრულნია მწვანითა, და კოშკი დაფიქრებული ხეობას დაჰმზერს მაღლითა.","X. In the morning, with wings folded, and at night, tearful, the mists slept on the mountains, their heads wrapped in cloth; sometimes they delight us with the life-giving dew, at other times they make us curse our fate with the evil of what has been done. Below, the meadows and ravines, yesterday full of snowdrifts, today rejoice in life, brightened with green, and the tower, deep in thought, looks down from above upon the valley."
03_the_snake_eater_ge.csv,"კოშკში მოსჩანან ქალები, როგორც ყვავილნი მთისანი, სძლევენ მტერს, თუ ვერ ხევსურნი – მათ სასაუბრო ის არი. სათოფურებით ჩაჰმზერენ მოუსვენარად ჭალასა და ახვეწებენ თავის ჯარს ღვთისა და ხატის ძალასა. აქით კარგად სჩანს მიდამო: მთა, მთის ყელები ყოველი, ვერ დაემალვის კაცის თვალს მწერი, ვერც ერთი ცხოველი. ზოგები სხედან ფიცარზე, ჰბჭობენ, თან ჰქსოვენ წინდასა, ისინიც სამშობლოსადა ლოცვას ამბობენ წმინდასა.","In the tower, women can be seen, like mountain flowers; they defeat the enemy, if not the Khevsurs — that is their conversation. Through the loopholes they gaze restlessly over the meadow and implore for their army the power of God and the icon. From here the surroundings are clearly visible: the mountain, all the mountain passes; no insect can hide from a man’s eye, nor any animal. Some sit on a plank, deliberating, while knitting a stocking; they too speak of the homeland and of holy prayer."
03_the_snake_eater_ge.csv,"სანდუა (დედაკაცი) მზიავ, გულ-შამოყრითა ხარ შენ უფრო სხვებზე მეტადა; ქმარას თუ ჰნანობ, თვალ-შურთხო, ვერ ჰქშერობ მოსაკვლელადა, არა გცოდნია, რო ომსა ის ჰსახავს თავის ბედადა და მინდიაის მამკლავი ჯერ არ გაუზდავ დედასა. მაშ მე რაღა ვქნა? ჩემები ბევრნი წავიდნენ ლაშქარსა: ჩემ კაცი, ძმანი სამნივე არ მაჰკლებიან ამქარსა. შენს ქმარს ხო ვერვინ აჯობნებს, ძველებურს იზამს ნაქნარსა, როგორაც ბევრჯელ უწინა, ეხლაც მტერს მისცემს ზიანსა: ვისაც მაუკლავს, ის მაჰკლავს ხარსა ირემსა რქიანსა.","Sandua (woman), Mziav, you are more full of grief than others; if you lament your husband, you are not the only one, and you cannot keep him from being slain. You do not know that in war he makes his own fortune, and no mother has yet borne the slayer of Mindia. So what am I to do? Many of mine have gone off to the army: my husband and all three of my brothers have not been spared from the household. No one can outdo your husband; he will do as he has always done, and as before many times, even now he will bring harm to the enemy: whoever he has killed, that one will kill a horned deer like an ox."
03_the_snake_eater_ge.csv,"(მზია) ვაჰ მე, რო ვეღარ იბიჭოს, ისეთს სიზმრებსა ჰხედავდა: მთელს ერთს წელს სნეულსა ჰგვანდა, თავის ხორცთ კბილით ჰკვნეტავდა. ცოლ-შვილთ გაგჟლეტთო, იძახდის, თუმც რადღაც არა ჰბედავდა. ხატ-ღმერთს მიეყრდნო, შასწირა, თუ სად რა გვყვანდა საქონი, მოვიდის, პურიც არ ჭამის, ვაპატიჟოდი რამდონი. მარტოკაც ბევრჯელა ვნახე, ჩუმად, ბალღივით ტიროდის: „დავკარგე ძვირი საუნჯე“, თავისთვის ამას იტყოდის. სულ ბანზე იჯდის ღამითა, აშტერდებოდა ცასაო, მოსულს და წასულს, არავის აღარა სცემდა ხმასაო; აღარც სტუმარი უნდოდის, ჩვენ ხომ არა და აღარა, ამ ცოტა ხანში თმა-წვერი დარდმა თუ გაუჭაღარა?!. ბევრჯელ ქურდულად ბნელაში დაუყუროდი ჩუმადა, მაგრამ მის მარტოდ ყოფნასა მე ვერ შაუვედ გულადა. რომ თავს და ხალხსა ტიროდის, ის კი შავიგენ სრულადა: „ვეღარას ვარგებ ქვეყანას“, ტიროდა დაფარულადა. ცოლ-შვილთ კი, უფრო ბოლოს დროს, გვეკიდებოდა მტრულადა.","**(Mzia)** Alas for me, since he could no longer be a man, he would see such dreams: for a whole year he seemed ill, gnawing at his own flesh with his teeth. “I will slaughter wife and children,” he would cry, though for some reason he did not dare. He leaned on the icons and God, made offerings; wherever our livestock was, he would come, and he would not even eat bread, though I kept inviting him many times. I saw him alone many a time, silently, crying like a child: “I have lost a precious treasure,” he would say this to himself. He would sit on the roof all night, staring at the sky, and to those who came and went he gave no answer at all; he no longer wanted guests either, and not us, and in such a short time had grief turned his hair and beard gray?! Many times I would look at him secretly in the dark, quietly, but I could not bring myself to endure his being alone. That he cried for himself and for the people, I understood perfectly: “I can no longer be of use to the world,” he would cry in secret. But toward wife and children, especially in later times, he would turn hostile."
03_the_snake_eater_ge.csv,"(სანდუა) ჩვენ ეგ არ გაგვიგონია, პირველად მესმის შენგანა: მე ისივ მინდია მგონავ, შასადარები მზესთანა. მაგას, ათასი იუბნო, არ დაგიჯერებს ქვეყანა. მიკვირს, ეგ შენთან ნათქვამი რად არ იუბნა სხვებთანა? ვითომ რას ცოდნას გლოვობდა, რომელს ცოდნაზე ჩიოდა? ან თქვენ რის დამნაშავეთი?.. გული იმ რიგად სტკიოდა, რომ ცოლ-შვილთ დასალევადა ხმლისკე ხელ მიუდიოდა?!.","(Sandu) We have not heard that; it is the first time I hear it from you: I think he was like the sun in my eyes, incomparable to the sun. For that, even if you speak a thousand times, the country will not believe you. I wonder why what was said to you was not spoken to others? What knowledge was he supposedly mourning, what knowledge was he complaining about? Or what were you guilty of?.. Was his heart hurting so much that he reached for his sword to slay his wife and children?!"
03_the_snake_eater_ge.csv,"(მზია) ისიო, იმას ამბობდა, ემათ მზემ, არ ვსთქვა მრუდია, – ხელი დაადო შვილებსა, ორივ მის გვერდზე ჰყუდია, – რომ თქვენგან ცოდვაში შაველ, არ-საქნელი ვქენ საქმეო: შეშა ვჭერ, ნადირი ვხოცე, როგორც უბრალო რამეო. ყვავილნი ხმას აღარ მცემენ, აღარც ვარსკვლავნი ღამეო. უფლისგან მომადლებული დიდი ცოდნა და ძალია დავკარგე შენის აყოლით, წელზე რადღა მრტყავ ხმალია? და სხვა ამგვარი ათასი შამიგმის პირზე ცოფითა და ორჯერ-სამჯერ გადურჩი, კინაღამ მამკლა თოფითა. ალბათ ჯერ იმედი ჰქონდა, ხატებს ეხვეწა, იშრომა… თან ჩვენაც ვებრალებოდით და არ დაგვხოცა მიტომა.","(Mzia) So, she was saying, “May the sun strike me if I lie, but I did not speak falsely,” — she laid a hand on her children, both of them standing by her side, — “that because of you I fell into sin and did what should not be done: I cut firewood, I killed beasts, as if it were nothing. The flowers no longer speak to me, nor do the stars at night. The great knowledge and strength granted to me by the Lord I have lost by following you; why then should I still wear a sword at my waist? And a thousand other such things she spat in my face in fury, and two or three times I barely escaped her; she almost killed me with a gun. Probably she still had hope, prayed to the icons, worked hard… and at the same time she pitied us too, and that is why she did not kill us.”"
03_the_snake_eater_ge.csv,"(სანდუა) თუ მართალია, რაცა სთქვი, შენგან ცოდვაში შავიდა, უნდა მოგეჭრას ეგ ენა, მაღლა დაგკიდონ კავითა, ძირს ცეცხლი შემოგიკეთონ, დაიწვა იმის ალითა: ქვეყნის ცოდვაში ჩამდგარხარ, ჩვენ ხო ვართ იმის ძალითა!","**(Sandua)** If what you said is true, then you have entered into sin; that tongue of yours should be cut off, you should be hung up high by a hook, and a fire should be lit beneath you, so that you burn in its flame: you have plunged the country into sin, and we are, after all, by its power!"
03_the_snake_eater_ge.csv,"(მზია) ჰო, თუ ბრალი მაქვ რაიმე, ღირსიც ვიქნები დასჯისა; ის ცოდვა რად უნდა იყოს, ფიქრი რო მივეც გარჯისა? ცოლ-შვილნ თუ უნდან ვაჟკაცსა, შნოც უნდა ჰქონდეს ხარჯისა. ჩვენ საქმე ვიცით, დიაცთა რა გაგვეგება აბჯრისა… ეს თითონ უნდა ეფიქრა, კაცი იმისთვინ კაცია: ერთს თუ სხვისათვის არ უვნავ და არა გაუტაცია, ბრალი რად უნდა დაედვას ალალს, არ მქნელსა ცოდვისა? ცოდვა ერთისა სხვამა ზღოს, – მადლად სად თქმულა, როდისა? რაღაც ცუდს გრძნობდა მაინცა, იმითა სწუხდა ბეჩავი, ჩვენზედ იყრიდა ბოლოს ჯავრს, საქმის წინადვე მხედავი. წუხელაც ცუდ სიზმარ ვნახე, რა-რა იქნების, ნეტავი?!","**(Mzia)** Yes, if I am guilty of something, I would deserve punishment;  
but why should it be considered a sin that I gave thought to labor?  
If a man is to have a wife and children, he must also have the means to support them.  
We know our own business; what do women understand of armor…  
He himself should have thought of it — a man is a man for that very reason:  
if he has not harmed or robbed another for the sake of his own,  
why should blame be laid on the innocent, on one who has done no sin?  
Should one person’s sin be borne by another — when has that ever been called a virtue?  
Still, he sensed something bad; that was what the poor man grieved over,  
and in the end he vented his anger on us, though he had foreseen the matter in advance.  
Last night too I saw a bad dream — what may happen, I wonder?!"
03_the_snake_eater_ge.csv,"(სანდუა) რა ჰნახე, მზიავ, მიამბე, იქნება ახდეს კარგადა და არ გაგვხადოს უფალმა დასალევ-დასაკარგადა?","**(Sandua)** What did you see, Mzia? Tell me—perhaps it will come true in a good way, and may the Lord not make us drink and lose everything?"
03_the_snake_eater_ge.csv,"(მზია) ცუდი რამ ვნახე, სანდუავ, საზარო, გულის მგმირავი, სულ-ხორცის ამაშფოთები, გონების ამაზრზინავი: მოვარდნილიყო ღვარები, როგორც დევები მქშინავი თან მაარღვევდენ მთა-ბარსა, იდგა დგანდგარი, ღრიალი, ცა-ხმელთა დაქცევას ჰგვანდა, ისეთი ისმის გრიალი. მთებსა სტყდებოდა წვერები, დაბლა ხევებში წვებოდენ; მთებთან ერთადა კლდეებიც თოფებივითა ტყვრებოდენ. ცა ისეთი ჩნდა, ვით კუპრი, შავად ჰღელავდა, შხიოდა, კუპრს აწვიმებდა მიწასა, ცხელი წვეთები სცვიოდა, ღვარები ისევ საზარლად, შეუპოვარად დიოდა. „გვიშველეთ, ვიღუპებითო“, ათასგნით ხალხი ჰკიოდა.","(Mzia) I saw a terrible thing, Sandua: dreadful, heart-rending, disturbing to body and soul, revolting to the mind. Torrents had rushed in, like demons, roaring as they broke through mountains and valleys; there was a constant din, a roar like the collapse of heaven and earth. The mountain peaks were cracking off, falling into the ravines below; along with the mountains, the rocks were bursting like guns. The sky looked like pitch, seething blackly, hissing, raining pitch upon the earth, hot drops falling, while the torrents again flowed on, horribly, relentlessly. “Save us, we are perishing!” people cried from every direction."
03_the_snake_eater_ge.csv,"მართლაც ვუყურებ, რომ მოაქვს წყალს ხალხი, ფარი, ხმალია, ათასგან ციხე ირღვევა, ქავ-ციხეებთან სახლია; ამოდენს საბრალოობას მარტო მოზარე აკლია, ჩვენ ვითომ არა გვიჭირდა, ვითომ უვნებლად ვიყვენით, ბოლოსა ვნახე სახლ-კარით რომ ჩვენაც გავირიყენით. მოასქდა ღვარი ზენაით, ლიბო მაჰგლიჯა ციხესა და შეურია ისიცა დაბლა არაგვის რიყესა. სახლიც წაიღო ჭერხოთურ, გაგვიყოლია ჩვენაცა, მინდა ვიძახო – მიშველეთ, ვეღარ ვაგებდი ენასა. ბალღებს კი გულში ვიკრავდი, ხატ-ღმერთსა ვსთხოვდი შველასა. თან გამოსვლასა ვცდილობდი, ვეგანებოდი კიდესა; ბალღებს ვაფარებ პირებზე შავის მანდილის რიდესა. და რამდენჯერაც მივჯარდი ნაპირს, იმდენჯერ მქისია, კაცების სახე წინ დამხვდა შავები, როგორც ფისია. ხელი მკრეს, წყალშივ ჩამაგდეს, თან გადმომძახეს ისია: „სად მოხვალ? წადი, წყალს გაჰყევ, ბძანება არის ღვთისია!“","Indeed, I see people bringing water,  
a shield, a sword; from a thousand places the fortress is breaking,  
and by the Kav fortresses there is a house;  
such misery, and only the mourner is missing.  
We, as if we had no hardship, as if we were unharmed,  
but in the end I saw that, with house and home, we too were cast aside.

A torrent came rushing from above,  
it tore the fortress’s foundation away  
and carried it down into the gravel bed of the Aragvi.  
It took the house too, from the upper rooms, and swept us along as well.  
I wanted to cry out, “Help me!” but I could no longer speak.  
Yet I kept clutching the children to my chest,  
begging the holy icons and God for help.  
At the same time I tried to get out, edging toward the bank;  
I covered the children’s faces with the veil of my black headscarf.

And every time I struggled up to the shore,  
there stood before me, harsh and black,  
the faces of men, like pitch.  
They shoved me, threw me into the water,  
and shouted after me:  
“Where are you going? Go on, follow the water — it is God’s command!”"
03_the_snake_eater_ge.csv,"და ამ დროს ვნახე, ჩვენს წინა წყალს მიაქვს ჩვენი კაცია, შამომიბრუნდა და მითხრა, ტკბილი ხმა ჰქონდა, ნაზია, – „გთხოვ მაპატიო, მზიაო, რაც გლანძღე, გაგაბრაზია; რასაცა ჰხედავ ჩემს თავზე, ღირსი ვარ, სწორედ ახია, ბალღები არ დამიჩაგრო, გთხოვ, კარგად შამინახია!“ მტერს, რომ მე წუხელ ვიტანჯე, მე რო სიზმარი ვნახია!..","And at that moment I saw our man being carried away by the water in front of us. He turned to me and said, in a sweet, gentle voice: “Please forgive me, Mzia, for all the insults I hurled at you and the anger I caused you; what you see happening to me now, I deserve it, it is only right. Please do not mistreat the children; I beg you, take good care of them!”  
May my enemy suffer what I suffered last night—I had such a dream!.."
03_the_snake_eater_ge.csv,"(სანდუა) მაშ ვერ გამოხვედ, წაგიღოთ?",**(Sandua)** So you couldn’t come out—should I take you away?
03_the_snake_eater_ge.csv,"(მზია) ვერა… წაგვიღო, სანდუავ, დედა-შვილები ყველანი.","(Mzia) No… he took us away, Sanduav, mother and children, all of us."
03_the_snake_eater_ge.csv,"(სანდუა) ავი ნურაიმც მოგივათ, ღმერთმა გამყოფნესთ მთელანი.",(Sandua) May no evil befall you; may God keep you all whole.
03_the_snake_eater_ge.csv,"(საერთო ხმა ქალებისა) მოდიან, მოდის ლაშქარი, ღმერთო, დასწერე ჯვარია!.. მზიავ, წამოდეგ, გაჰხედე, აგერა შენი ქმარია, დროშიონთ მასდევს მხარ-და-მხარ, ამომავალი მთვარია.","**(The common voice of women)** They are coming, the host is coming, God, mark it with the cross!.. Mziav, get up, look, there is your husband, following the banner-men side by side, like the rising moon."
03_the_snake_eater_ge.csv,"(ერთი დედაკაცი) აგერა ჩვენებ ვაჟები, დედა ენაცვლოსთ მხრებშია… ვაჰმე, რა ლამაზებია, ვინ ჰნახავს იმათ მკვდრებშია!.. ღმერთიმც ნუ მახილებინებს მაგ ამბავს თავის დღეშია.","(One woman) There are our boys, may their mother take their place on their shoulders… Alas, how handsome they are, who would see them among the dead!.. May God never let me witness such a thing in all my life."
03_the_snake_eater_ge.csv,"(მეორე დედაკაცი) გაჰხედე, ჩემ უნცრუაი იმეებს მისდევს გვერდშია. რა მშვენივრები მიდიან, დედა ენაცვლოსთ მკერდშია!","**(The second woman)** Look, my little one is following those things beside them. How beautifully they go, may their mother be exchanged for them, right in their bosoms!"
03_the_snake_eater_ge.csv,"(გასათხოვარი ქალი) დამც ენაცვლება თოთიას, ვერ-როგორ ვარჩევ ხალხშია. ვნახე… ძლივ სადამ ვიცანი მიხვრა-მოხვრაზედ, ტანშია. ლაგმის პირს უჭამს ულაყი, დაძაგრულია მკლავშია.","**(An unmarried woman)** takes my place for Totia; I can’t tell him apart in a crowd. I saw him… I barely recognized him by his manner and bearing, in his body. A stallion is biting at the bit, strained in the arm."
03_the_snake_eater_ge.csv,"(მეორე ქალი) ჩვენ უშიშაიც მარჯვეს ჰყავ, როგორ აგელებს ლურჯასა!.. საქმე რო ხმალზე მიდგება, არც ეგ დაიწყებს კუნჭვასა. მაშინამც მაყურებინა, ფარს რო დაუწყებს ბღუჯვასა.","**(The second woman)** We have Ushiashi too on our side, how he drives Lurja on!.. When it comes to the sword, he won’t start dodging either. Then let me see him, when he starts clutching at the shield."
03_the_snake_eater_ge.csv,"(პირველი ქალი) მე ვერ ვნახავდი ჩემს ძმასა, გამიძნელებდა სუნთქვასა: პირს სხვაგნისაკე ვიზამდი, თვალთ დაუწყებდი ხუჭვასა.","**(First woman)** I would not see my brother; it would make breathing hard for me: I would turn my face elsewhere, and begin to close my eyes."
03_the_snake_eater_ge.csv,"(მეორე ქალი) მე არა. ძმისა სიკეთე, კარგი ყოფნა და სახელი ისრე კი მინდა, ზექუავ, როგორც ბნელაში სანთელი, დამაშვრალს, მომშიებულსა მოსვენება და საჭმელი. კარგია, ძმისა სიკეთე რო არს ყველაის სათქმელი.","(**The Second Woman**) Not I. I want my brother’s well-being, good fortune, and good name just as much, Zekhuav, as a candle in the dark, rest and food for one who is weary and hungry. It is good that a brother’s well-being is everyone’s concern."
03_the_snake_eater_ge.csv,"(პირველი ქალი) ეგ ვის არ უნდა, შვენაო, ვინ არი ისე ჭკვა-თხელი? მაგრამ და თვალ-დამწვარია ძმის გასაჭირში მნახველი.","**(First Woman)** Who wouldn’t want that, beauty, who is so thin-minded? But the one who sees her brother’s hardship is eye-burned."
03_the_snake_eater_ge.csv,"(მეორე ქალი) უმისოდ სახელს ვინ მისცემს, თუ კი არა ქნა საქნელი?!.","**(The second woman)** Who will give it a name without him, if the deed is not done?!"
03_the_snake_eater_ge.csv,"(საერთო ხმა) ღმერთო, უშველე, ხატებო, თქვენ უწინამძღვრეთ მხედართა, ეგრევ უვნებლად გვაჩვენენ, როგორაც ეხლა ვხედავთა.","(Chorus) God, save us; icons, you who have led the warriors, show them to us unharmed, just as we now behold them."
03_the_snake_eater_ge.csv,"ბევრისა გული ღელავდა ათასნაირის შიშითა – ნურც ვის კი გაუკვირდება, კაცთ ეს მოგვიდის ჯიშითა, საშიშს დროს საყვარელს საგანს რო ვიგონებდეთ შიშითა!..","Many a heart was stirred with a thousand kinds of fear — let no one be surprised, for this comes to us by human nature; in fearful times, when we remember a beloved thing, we do so with fear!.."
03_the_snake_eater_ge.csv,"XI. შამწკრივდა მთაზე ლაშქარი, დიდს ვაკეზედა გროვდება. თოფ-იარაღის ბჭყვრიალი მზის სინათლესთან სწორდება. ცხენთ ტერფით ჩამონაგლეჯი თავქვე ლოდები გორდება. აქვე შაექნათ თათბირი მტრის დასახვედრელს წესზედა: ვაკეს ადგილზე ჩავიდენ, თუ მიეგებნენ სერზედა. ყველანი ფეხზედა დგანან, ხელები უდევთ ხმლებზედა. თვალები ყველამ მინდიას მიაპყრო, პასუხს ელოდდენ: ის რომ არაფერს ეტყოდა, ხევსურნი ერთხმად ეტყოდენ.","XI. The army lined up on the mountain, gathering on the broad plain. The glitter of guns and weapons matches the sunlight. Rocks torn loose by the horses’ hooves roll downhill. Here they began to deliberate on the proper way to meet the enemy: whether to descend onto the plain, or to meet them on the ridge. All stand on their feet, hands resting on their swords. Everyone turned their eyes to Mindia, waiting for an answer: if he said nothing, the Khevsurs would speak with one voice."
03_the_snake_eater_ge.csv,"(ლაშქარი) მუდამ შენს რჩევას ვრჩეობდით, არც რა ზარალი მოგვსვლია. როგორ მოვიქცეთ, გვირჩიე, შენი პასუხი მოკლია?!","**(The army)** We have always followed your advice, and we have suffered no loss. How should we act? Advise us—will your answer be brief?!"
03_the_snake_eater_ge.csv,"(მინდია) მე ვერას გირჩევთ, ხევსურნო, აღარ ვვარგივარ მრჩევლადა: ის სხვა დრო იყო, სხვა ჭკუა, ეხლა კი ჩემი ნარჩევი გამოგადგებათ ძნელადა. აწონ-დაწონეთ, ჯარი ხართ, ფიქრი შეკარით მთელადა. მე მარტო უნდა ვიომო, მიტომ გამოვედ ველადა; ან როდის საუკუნოდა მე ხალხმა გამაბელადა?!","(Mindia) I can advise you nothing, Khevsurs; I am no longer fit to be a counselor: that was another time, another mind, and now my advice would be hard for you to use. Weigh it well, you are an army, gather your thoughts as one. I must fight alone, that is why I came out onto the field; or when has the people ever made me a fool for all time?!"
03_the_snake_eater_ge.csv,"(ლაშქარი) ღმერთი გაუწყრესთ და ხატი, ვინც რომ შენს რჩევას იქითა ფეხი გადადგას საომრად, თუნდ თავში სცემონ მჯიღითა: მოკვდეს და პირი აევსოს ცივის სამარის თიხითა.","**(The army)** May God and the icon be wrathful with anyone who, against your counsel, sets even one foot toward war, even if they strike him on the head with a fist: let him die and let his face be filled with the cold clay of the grave."
03_the_snake_eater_ge.csv,"(მინდია) კარგია… რა ვქნა, არ მწადდა გავრეულიყავ რჩევაში. გეტყვით, რადგანაც ჩამქსოვეთ ამდენს ფიცში და წყევაში. სხვას ვერას გირჩევთ: დაუხვდეთ ქისტებს მოწამლულს ხევაში.","(Mindia) Good… What can I do? I did not wish to get involved in the counsel. I will tell you, since you have entangled me in so many oaths and curses. I can advise nothing else: meet the Kists in the ravine with poison."
03_the_snake_eater_ge.csv,"უსიამოვნო ჩურჩული მორთეს ერთ-ურთში მხედრებმა; დარდი დაჰბადა ადგილმა ქისტების დასახვედრელმა. მაინც რას იზმენ?.. ვერაფერს, რაკი სთქვეს, დაიფიცესა, უარს ვერ იტყვის ლაშქარი, უნდა იქითკე ვლიდესა, საცა მინდიამ უჩვენა ადგილი საომარია, თუნდ ერთმაც აღარ იცოცხლოს, ყველაც იქ დარჩეს მკვდარია.","The riders began an unpleasant whisper among themselves; the place prepared to receive the Kists gave rise to sorrow. Yet what can one do?.. Nothing, since they have spoken and sworn it, the army cannot refuse; it must go there, to the place Minia showed as fit for battle, even if not one of them lives any longer, all of them will remain there dead."
03_the_snake_eater_ge.csv,"აღარა ეთქმისთ, წავიდნენ, დროშა ამართეს წინათა, მსუბუქად მოაბიჯებენ, შავარდნებს ჰგვანან მფრინავთა, თან გადიყოლეს მზის სხივი შუბისა წვერთა მბრჭყვინავთა.","It can no longer be said, “They have gone”; they raised the banner before them,  
they step lightly, they resemble falcons in flight,  
and they have carried along the sunbeam, glittering on the spearpoints."
03_the_snake_eater_ge.csv,"XII. ორი დღე არის მთას იქით ომია, დიდი ვაება: მეტად სასტიკი ბრძოლაა, ვეფხვები ლომებს შაება და სისხლის თოკი მთიდამა დაბლა ჭლამდე გაება. ორსვე ერთგვარად არ ჰნახავს, ერთს გაუმარჯვებს ღვთაება.","XII. For two days beyond the mountain there is war, great woe: a most fierce battle, tigers have joined lions, and a rope of blood has been stretched from the mountain down to the plain. It will not see both alike; one will be granted victory by the deity."
03_the_snake_eater_ge.csv,"ხუთსა თუ ექვსსა ხევსურსა, შამურვილებსა სახითა, კაცი მოჰქონდათ ხელდახელ შაკრული კაბალახითა. პირ-აქათ გადმოიყვანეს, დაბლა დააგდეს ვაკეზე და სამდურავით მიჰმართეს ჯავრ-მოსულებმა ბაგეზე.","Five or six Khevsurs, dressed in the manner of the Shamurvils, were bringing a man along, bound hand and foot with a kabalakhi. They brought him down from the other side, threw him onto the plain below, and the enraged men turned to him with reproaches on their lips."
03_the_snake_eater_ge.csv,"(ხევსურნი ერთად) კაცო, რად იკლავ ძალად თავს, ძალად სიკვდილი გწადიან? შიგნით რომ იწევ მტრის ჯარში, ხომ ხედავ, რასაც სჩადიან?!. დღემდე ჩვენ ვთელეთ ეგენი, ახლა ეგენი დადიან ჩვენზე, და იქნებ, მინდიავ, ჩვენც მოვაგვაროთ სხვა რამე, ვეცდებით, ბინდმაც ხო გვისწრო, რო გავისარჯნეთ ამ ღამე.","(Hevsurs together) Man, why are you forcing yourself to die? Do you want a violent death? When you push into the enemy’s army, don’t you see what they are doing?! Until now we have trampled them; now they are trampling us, and maybe, Mindia, we should settle something else—we’ll try, since dusk has already caught up with us, so that we may make an effort tonight."
03_the_snake_eater_ge.csv,"ეს სთქვეს და იმ წამს გაბრუნდენ, გაიქცენ როგორც ქურდები, ამოღებული ხმლები აქვთ, ხელში უპყრიათ შუბები, ძნელია, თუკი ვიფიქრებთ, სიკვდილ-სიცოცხლის წუთები; რა ქნან! რო შარცხვენ, ძნელია, ტანზე ჩაეცმისთ ჯუბები, თავს დაეხურვისთ მანდილი, და მოეხდებათ ქუდები, თუკი არ გაირჯებიან, როგორც ლაჩრები, ცუდები.","They said this and at that very moment turned back, ran away like thieves, with drawn swords, spears held in their hands; it is hard, if we think of it, those moments of life and death. What can they do? If they are disgraced, it is hard: they will put on cloaks, cover their heads with scarves, and their hats will come off, if they do not exert themselves like cowards, the wicked."
03_the_snake_eater_ge.csv,"ტყვე კბილებს აღრჭენს და ცდილობს, უნდა გაიხსნას ხელები, დიდხანსა წვალობს, გორაობს, ვარმისგან განაცხელები. ძმებთან სწადიან სიკვდილი, აღარ რჩებიან მთელები, უჭირსთ და აღარსადა ჰყავ ლაშქარი მისაშველები.","The captive grinds his teeth and tries to free his hands,  
struggling for a long time, rolling about, heated by the worm.  
He longs to die with his brothers; they are no longer whole,  
they suffer, and there is no army left to come to their aid."
03_the_snake_eater_ge.csv,"ღამეც გახშირდა კარგადა, ტყვემ აისრულა წადილი, ორივე ხელი გაიხსნა, ფეხზე წამოდგა დაღლილი და ამ დროს ნახა სოფლებში ცეცხლები, – ცუდი ნიშანი. გაიგო, რაც მომხდარიყო, აღარ უნდოდა მისანი. გაშრა, გაფითრდა, ცრემლი კი არ მოსდგომოდა თვალებში; სულ გულში ჩაგუბებულა და გაბნეულა მკლავებში… ქუდს იხდის… სიტყვა ვეღარ სთქვა, ხმლის ტარს შაეხო ცერითა, ამოიწვადა ქარქაშით, გულს მიიბჯინა წვერითა. მკერდიდან სისხლი, ვით წყარო, გადმოუვიდა ჩქერითა, მთვარემაც გადმოაშუქა საჯიხვეების სერითა და დააშტერდა თავის-მკვლელს მოზარე ქალის ფერითა…","Night had deepened well enough; the captive had fulfilled his wish, both hands were freed, he rose to his feet, weary, and at that moment he saw fires in the villages — a bad omen. He understood what had happened; he no longer wanted the diviner. He dried up, turned pale, yet no tears came to his eyes; it had all gathered in his heart and spread through his arms… He takes off his hat… he could no longer speak a word, touched the hilt of his sword with his thumb, drew it from the scabbard, and pressed its point to his heart. From his breast blood poured forth like a spring, in a rushing stream, and the moon shone down over the ridge of the mountain pastures and stared at the self-murderer with the face of a grieving woman…"
03_the_snake_eater_ge.csv,"ნიავიც მიდ-მოდიოდა უდარდოდ, ნელის მღერითა… ფრთა გაჰკრის წვერსა ხმლისასა ამოღერებულს ენითა, შაღებილს ჭიაფერადა კაცის გულ-მკერდის წვენითა, და გათამაშდის მწვანეზე ლაღად, მოლხენით, სტვენითა.","Even the breeze came and went carelessly, with a soft song… It brushed the tip of the sword with its wing-like tongue, the blade raised high, stained crimson with the juice of a man’s chest, and then it danced upon the green, merrily, in delight, with whistling."
