Source File,Content,Translated Content
01_deputy_economy_minister.csv,"ვახტანგ ცინცაძე - აზიის განვითარების ბანკის ანგარიშში ხაზგასმულია საქართველოს მიმზიდველი ბიზნესგარემო, ასევე მიმდინარე ინფრასტრუქტურული პროექტები, მათ შორის საპორტო და სარკინიგზო მიმართულებით","Vakhtang Tsintsadze - The Asian Development Bank report highlights Georgia’s attractive business environment, as well as ongoing infrastructure projects, including in the port and railway sectors"
01_deputy_economy_minister.csv,"აზიის განვითარების ბანკმა აზიის ეკონომიკური პერსპექტივების ანგარიში გამოაქვეყნა, რომლის თანახმად, 2025 წელს ეკონომიკური ზრდა იყო საკმაოდ მაღალი – 7.5 პროცენტი, ხოლო 2026 წელს, მიმდინარე კონფლიქტების ფონზე, აზიის განვითარების ბანკი ელოდება, რომ საქართველოში ეკონომიკური ზრდა 5.5 პროცენტი იქნება, რაც წინა წლის პროგნოზთან შედარებით 0.5 პროცენტული პუნქტით გაუმჯობესებული მაჩვენებელია, – ამის შესახებ ეკონომიკისა და მდგრადი განვითარების მინისტრის მოადგილემ, ვახტანგ ცინცაძემ განაცხადა.","The Asian Development Bank has published the Asian Economic Outlook report, according to which economic growth in 2025 was quite high at 7.5 percent, while in 2026, amid ongoing conflicts, the Asian Development Bank expects economic growth in Georgia to be 5.5 percent, which is an improvement of 0.5 percentage points compared with the forecast for the previous year,” said Vakhtang Tsintsadze, Deputy Minister of Economy and Sustainable Development."
01_deputy_economy_minister.csv,"როგორც მინისტრის მოადგილემ აღნიშნა, აზიის განვითარების ბანკი ყურადღებას ამახვილებს მიმდინარე ანგარიშის დეფიციტის რეკორდულად დაბალ დონემდე შემცირებაზე, ასევე საერთაშორისო რეზერვების რეკორდულად მაღალ მაჩვენებელზე.","As the Deputy Minister noted, the Asian Development Bank focuses on reducing the current account deficit to a record low level, as well as on the record-high level of international reserves."
01_deputy_economy_minister.csv,"ვახტანგ ცინცაძის განცხადებით,  2026 წელს აზიის განვითარების ბანკი ელოდება, რომ საქართველოში საშუალო ინფლაციის დონე 3.8 პროცენტი იქნება, რაც წინა წელთან შედარებით შემცირებული მაჩვენებელია.","According to Vakhtang Tsintsadze, in 2026 the Asian Development Bank expects the average inflation rate in Georgia to be 3.8 percent, which is a lower figure compared to the previous year."
01_deputy_economy_minister.csv,"„აზიის განვითარების ბანკი ასევე ხაზგასმით აღნიშნავს, რომ საქართველო ისწრაფვის, გახდეს სავაჭრო, ლოგისტიკური და სატრანსპორტო ჰაბი. ამ მიმართულებით ყურადღება მახვილდება არაერთ რეფორმაზე, რომელიც ხელს უწყობს, მათ შორის, საბაჟო და სხვა პროცედურების გაუმჯობესებას. ბანკი ასევე ხაზს უსვამს იმ ინფრასტრუქტურულ მიღწევებს, რომლებიც საქართველოს გააჩნია როგორც საპორტო, ასევე სარკინიგზო მიმართულებით“, – განაცხადა ვახტანგ ცინცაძემ.","“The Asian Development Bank also emphasizes that Georgia is striving to become a trade, logistics, and transport hub. In this regard, attention is drawn to a number of reforms that contribute, among other things, to improving customs and other procedures. The bank also highlights the infrastructure achievements that Georgia has made in both the port and railway sectors,” said Vakhtang Tsintsadze."
01_deputy_economy_minister.csv,"ეკონომიკის მინისტრის მოადგილის ინფორმაციით, ADB-ს ანგარიშში ხაზგასმულია საქართველოში არსებული მიმზიდველი ბიზნესგარემო, ყურადღება გამახვილებულია თავისუფალ სავაჭრო შეთანხმებებზე, რომლებიც საქართველოს გააჩნია, ასევე იმ მექანიზმებზე, რომლებიც უზრუნველყოფს ინვესტორთა დაცულობას, რაც, საბოლოო ჯამში, ზრდის როგორც ადგილობრივი, ისე საერთაშორისო ინვესტორების  ნდობას და მიმზიდველობას საქართველოსადმი.","According to the Deputy Minister of Economy, the ADB report highlights the attractive business environment in Georgia, with attention focused on the free trade agreements that Georgia has, as well as the mechanisms that ensure investor protection, which ultimately increases the confidence and attractiveness of Georgia for both local and international investors."
02_georgia_to_recognise.csv,"მთავრობის გადაწყვეტილებით, 2010 წლამდე გაცემული დიპლომების აღიარების შესახებ საკანონმდებლო ცვლილებები მომზადდება","By government decision, legislative amendments will be prepared regarding the recognition of diplomas issued before 2010."
02_georgia_to_recognise.csv,"საქართველოს მთავრობის გადაწყვეტილებით, პარლამენტს წარედგინება საკანონმდებლო ცვლილებები, რომელთა საფუძველზეც ათასობით მოქალაქეს მოუგვარდება 2010 წლამდე გაცემული დიპლომის აღიარებასთან დაკავშირებული პრობლემები, – ამის შესახებ საქართველოს განათლების, მეცნიერებისა და ახალგაზრდობის მინისტრმა, გივი მიქანაძემ განაცხადა.","By decision of the Government of Georgia, legislative amendments will be submitted to Parliament, on the basis of which the problems related to the recognition of diplomas issued before 2010 will be resolved for thousands of citizens, – this was stated by the Minister of Education, Science and Youth of Georgia, Givi Mikanadze."
02_georgia_to_recognise.csv,"როგორც მინისტრმა აღნიშნა, ცვლილების თანახმად, 4-წლიანი დასწრებული და 5-წლიანი დაუსწრებელი სწავლების აღიარება მოხდება თანაბრად.","As the minister noted, according to the amendment, 4-year full-time and 5-year part-time studies will be recognized equally."
02_georgia_to_recognise.csv,"მისი თქმით, ცვლილება შეეხება სტუდენტებს, რომლებიც უნივერსიტეტში აღიარებულ რეჟიმში ჩაირიცხნენ და სწავლა არაღიარებულ რეჟიმში დაასრულეს, ასევე, მოქალაქეებს, რომლებიც საგანმანათლებლო დაწესებულებებმა ლიცენზიის მოპოვებამდე ჩარიცხეს უნივერსიტეტში.","According to him, the change will affect students who enrolled in the university under an accredited regime and completed their studies under a non-accredited regime, as well as citizens whom educational institutions enrolled in the university before obtaining a license."
02_georgia_to_recognise.csv,"„გვქონდა ასეთი მოცემულობა – ჩვენი მოქალაქეები 4-წლიან პროგრამაზე გადიოდნენ ზუსტად იმავე რაოდენობის საგნებს და იღებდნენ იმავე კვალიფიკაციას, როგორსაც 5-წლიან დაუსწრებელზე. აქამდე არსებული კანონმდებლობის თანახმად, 5-წლიანი უთანაბრდებოდა მაგისტრის ხარისხს, ხოლო 4-წლიანს ენიჭებოდა ბაკალავრის ხარისხი. ცვლილებების საფუძველზე, ის, ვინც 4-წლიანი პროგრამა დაასრულა, მაგისტრის ხარისხთან გათანაბრებულ დიპლომს მიიღებს, რაც მნიშვნელოვნად შეუწყობს ხელს მოქალაქეთა დასაქმებას მათთვის სასურველი მიმართულებით.","“We had this situation: our citizens were taking the same number of subjects in a 4-year program and receiving the same qualification as they did in the 5-year part-time program. Under the legislation in force until now, the 5-year program was equivalent to a master’s degree, while the 4-year program was awarded a bachelor’s degree. Based on the changes, those who complete the 4-year program will receive a diploma equivalent to a master’s degree, which will significantly help citizens find employment in the field they desire.”"
02_georgia_to_recognise.csv,"2010 წლამდე, სანამ ერთიანი სისტემა ჩამოყალიბდებოდა, განათლების სფეროში არ არსებობდა რეესტრი, რომელიც სტუდენტების ინფორმირებას უზრუნველყოფდა. იყო შემთხვევები, როდესაც კონკრეტული უნივერსიტეტები, რომლებსაც არ ჰქონდათ აკრედიტაცია მინიჭებული, არ ეუბნებოდნენ აბიტურიენტებს ამის შესახებ და მათ ისე რიცხავდნენ. შემდგომში, როდესაც გასცემდნენ დიპლომს, კურსდამთავრებულებს უკვე ამ დოკუმენტის აღიარებაზე ექმნებოდათ პრობლემები.","Until 2010, before a unified system was established, there was no registry in the education sector that ensured students were informed. There were cases where certain universities that had not been granted accreditation did not tell applicants about this and enrolled them anyway. Later, when they issued diplomas, graduates were already facing problems with the recognition of these documents."
02_georgia_to_recognise.csv,"ამასთან, რიგ უმაღლეს საგანმანათლებლო დაწესებულებებს ჰქონდათ ავტორიზაცია გარკვეული პერიოდის განმავლობაში და შემდეგ სწავლის პერიოდში შეუწყდათ. ამის შესახებაც არ იყვნენ ინფორმირებულნი სტუდენტები და შემდგომში ამ უნივერსიტეტდამთავრებულ ადამიანებს ჰქონდათ პრობლემები.","At the same time, some higher education institutions had authorization for a certain period and then had it suspended during the period of study. The students were also not informed about this, and later the people who graduated from these universities had problems."
02_georgia_to_recognise.csv,"წარმოდგენილი საკანონმდებლო ცვლილებები საბოლოოდ დაუსვამს წერტილს იმ ხანგრძლივ, პრობლემურ პროცესებს, რომლებსაც ჩვენი მოქალაქეები დიპლომის აღიარებისთვის გადიან – მიდიან სასამართლოში, ასაჩივრებენ პროცესებს, რაც დროსთან და ძალისხმევასთან არის დაკავშირებული. ეს ყველაფერი ერთხელ და სამუდამოდ ისტორიას ჩაბარდება და ათასობით ჩვენი მოქალაქის დიპლომი აღიარებული იქნება“, – განაცხადა გივი მიქანაძემ.","“The proposed legislative changes will finally put an end to the long and problematic processes our citizens go through to have their diplomas recognized — they go to court, challenge the procedures, which takes time and effort. All of this will be consigned to history once and for all, and the diplomas of thousands of our citizens will be recognized,” said Givi Mikanadze."
03_good_friday.csv,წითელი პარასკევი სამების საკათედრო ტაძარში,Red Friday at the Holy Trinity Cathedral
03_good_friday.csv,"დღეს წითელი პარასკევია – ვნების კვირეულის ყველაზე მძიმე დღე. მართლმადიდებელი ეკლესია იესო ქრისტეს ჯვარცმას, ჯვრიდან გარდამოხსნასა და დაკრძალვას იხსენებს.","Today is Good Friday — the most solemn day of Holy Week. The Orthodox Church commemorates the crucifixion of Jesus Christ, His removal from the cross, and His burial."
03_good_friday.csv,"საპატრიარქო ტახტის მოსაყდრე, მიტროპოლიტი შიო ყოვლადწმინდა სამების სახელობის საპატრიარქო ტაძარში დიდ ჟამნობას, მწუხრის ჟამს და გარდამოხსნის გამოსვენებას ასრულებს.","The locum tenens of the Patriarchal Throne, Metropolitan Shio, is performing the Great Hours, Vespers, and the Procession of the Epitaphios at the Patriarchal Cathedral of the Holy Trinity."
03_good_friday.csv,"წითელ პარასკევს ტაძრებში წირვა არ აღევლინება, რადგან, სახარების თანახმად, ადამიანთა ცოდვებისგან გამოსახსნელად უფალმა საკუთარი თავი მსხვერპლად შესწირა. მსახურებისას სამეუფო ჟამნი სრულდება, რომლის დროსაც უფლის ვნების შესახებ სახარება იკითხება.","On Good Friday, no liturgy is celebrated in churches, because, according to the Gospel, the Lord offered Himself as a sacrifice to redeem humanity from sin. During the service, the Royal Hours are observed, during which the Gospel concerning the Lord’s Passion is read."
04_metropolitan_shio.csv,"მეუფე შიო მუჯირი - უფალს შეწევნისთვის თუ მივმართავთ, ჩვენი სურვილი ნამდვილი და ძლიერი თუ იქნება, ის აუცილებლად მოვა თავისი მადლით, გამოგვასწორებს, განგვწმენდს","Metropolitan Shio Mujiri - If we turn to the Lord for help, if our desire is genuine and strong, He will surely come with His grace, set us right, and cleanse us."
04_metropolitan_shio.csv,"უფალი ელოდება ჩვენგან, რომ ჩვენი ცოდვებით დამძიმებული, დაჭრილი სული ვაიძულოთ, მივმართოთ ხსნისა და წყალობისთვის. ჩვენი გამოსწორება, შინაგანი ცვლილება მხოლოდ ღმერთს შეუძლია. ჩვენი ძალებით ეს არ ძალგვიძს, – ამის შესახებ საპატრიარქო ტახტის მოსაყდრემ, სენაკისა და ჩხოროწყუს მიტროპოლიტმა შიომ (მუჯირი) სამების ტაძარში ქადაგებისას განაცხადა, სადაც ცოტა ხნის წინ გარდამოხსნის წესი შესრულდა.","The Lord expects us to compel our soul, burdened and wounded by our sins, to turn to Him for salvation and mercy. Our correction, our inner transformation, can be accomplished only by God. We are unable to do this by our own strength,” said the Locum Tenens of the Patriarchal Throne, Metropolitan Shio of Senaki and Chkhorotsqu (Mujiri), during a sermon at the Holy Trinity Cathedral, where the Rite of the Deposition from the Cross was performed a short time ago."
04_metropolitan_shio.csv,"მეუფე შიოს თქმით, „ჩვენი სურვილი თუ ნამდვილი, ძლიერი და სერიოზულია, უფალი აუცილებლად მოვა თავისი მადლით, გამოგვასწორებს და განგვწმენდს“.","According to Metropolitan Shio, “If our desire is genuine, strong, and serious, the Lord will certainly come with His grace, correct us, and cleanse us.”"
04_metropolitan_shio.csv,"„ჩვენი ეკლესიის დიდებული და უძველესი ღვთისმსახურების მეშვეობით, რომელიც შეადგინეს დიდმა წმინდა მამებმა, ცნობილმა ჰიმნოგრაფებმა, საუკეთესო პოეტებმა, მოაზროვნეებმა, ბრძენკაცებმა, გვაქვს საშუალება, არა მხოლოდ შევიტყოთ უფალ იესო ქრისტესთან დაკავშირებული ამბები სახარებიდან, არამედ ღვთისმსახურების მეშვეობით გავხდეთ ამ ამბების მონაწილენი. ამიტომ ჩვენ დღეს გამოვაბრძანეთ წმინდა გარდამოხსნა და ყველანი ვართ მონაწილენი ამ მოვლენის.","“Through the glorious and ancient liturgical services of our Church, composed by the great holy fathers, renowned hymnographers, the finest poets, thinkers, and sages, we have the opportunity not only to learn from the Gospel the events related to the Lord Jesus Christ, but also, through the services, to become participants in those events. Therefore, today we have brought forth the Holy Shroud, and we are all participants in this event.”"
04_metropolitan_shio.csv,"აქ შეკრებილნი არიან, შეკრებილნი ვართ არა ისინი, ვინც ცოტა ხნის წინ ყვიროდნენ – ჯვარს აცვი, ჯვარს აცვი იგი, არამედ ვინც ვეუბნებით უფალს – შეგვინდე უფალო. ჩვენ ეკლესიის მიერ ვართ განსწავლულნი, ვიცით ეკლესიის სწავლება, რომ ჩვენი ცოდვებით კვლავ და კვლავ ჯვარს ვაცვამთ უფალს, იგი მოვიდა დედამიწაზე, განკაცდა, ივნო და მოკვდა იმისთვის, რომ განგვათავისუფლოს ცოდვების ტყვეობის, ცოდვების ტვირთისგან.","Here gathered are those who are assembled—not those who were shouting just a short while ago, “Crucify him, crucify him,” but those who say to the Lord, “Forgive us, O Lord.” We have been instructed by the Church; we know the teaching of the Church, that by our sins we again and again crucify the Lord. He came to earth, became incarnate, suffered, and died in order to free us from the bondage of sin, from the burden of sin."
04_metropolitan_shio.csv,"ვინ იყო პირველი ადამიანი, ვინც უფალმა გაათავისუფლა ამ ტვირთისგან? – ერთ-ერთი ჯვარცმული ავაზაკი, გონიერი ავაზაკი, რომელმაც ისე განიცადა უდანაშაულო მაცხოვრის ტანჯვები, რომ თავისი ცოდვები აღიარა და სინანულით მიმართა მაცხოვარს ჯვარიდან. უფალიც სწორედ ამას ელოდება ჩვენგან, რომ ჩვენი ცოდვებით დამძიმებული, დაჭრილი სული ვაიძულოთ, მივმართოთ ღმერთს ხსნისა და წყალობისთვის.","Who was the first person whom the Lord freed from this burden? — one of the crucified robbers, the wise robber, who, having so deeply felt the sufferings of the innocent Savior, confessed his sins and turned to the Savior in repentance from the cross. The Lord expects the same from us: that, burdened and wounded by our sins, we compel our soul to turn to God for salvation and mercy."
04_metropolitan_shio.csv,"მრავალი ჩვენგანი, და ზოგიერთი წლების განმავლობაშიც კი, დამოუკიდებლად ცდილობს, რაღაც გამოასწოროს თავის სულში, თავის ცხოვრებაში ღმერთის გარეშე, თავისი ძალებით. ეს უშედეგო მცდელობაა. მხოლოდ ამპარტავნული, უგუნური მცდელობაა, რადგან ჩვენი გამოსწორება, შინაგანი ცვლილება მხოლოდ ღმერთს შეუძლია. ჩვენი ძალებით ეს არ ძალგვიძს. შეიძლება, გარეგნულად ოდნავ შევცვალოთ ჩვენი ქცევა, მაგრამ ჩვენთვის მიუღწეველია, შევიცვალოთ შინაგანად, როგორც ამბობს უფალი, რომ უჩემოდ არაფერი შეგიძლიათ.","Many of us, and some even for years, try on our own to fix something in our souls, in our lives, without God, by our own strength. This is a futile attempt. It is only a proud, foolish attempt, because only God can correct us and bring about inner change. By our own strength, we cannot do this. We may be able to change our behavior slightly on the outside, but it is beyond our reach to be changed inwardly, as the Lord says, “Without Me you can do nothing.”"
04_metropolitan_shio.csv,"ძვირფასო ძმებო და დებო, უფალს სურს ჩვენი გამოსწორება და განწმენდა. შეგახსენებთ, ერთხელ მასთან მივიდა სნეული და მიმართა, უფალო, თუ გნებავს, შეგიძლია, განმწმინდოო. რა მიუგო უფალმა? – მნებავს, განიწმინდეო. უფალს ეს სურს. დაემთხვა ადამიანისა და ღმერთის ნება და ის ადამიანი განიკურნა.","Dear brothers and sisters, the Lord desires our correction and purification. I would like to remind you of a time when a sick man came to Him and said, “Lord, if You are willing, You can cleanse me.” What did the Lord answer? — “I am willing; be cleansed.” This is what the Lord desires. The will of man and the will of God coincided, and that man was healed."
04_metropolitan_shio.csv,"ასე რომ, ჩვენი გამოსწორებაც, განწმენდაც უფალს უფრო მეტად სურს, ვიდრე ჩვენ გვინდა. ჩვენი სურვილი თუ ნამდვილი, ძლიერი, სერიოზულია და მივმართავთ უფალს შეწევნისთვის, ის აუცილებლად მოვა თავისი მადლით, გამოგვასწორებს და განგვწმენდს. ღმერთმა დაგლოცოთ და გაგაძლიეროთ. ვევედროთ უფალს, მოგვცეს ძალა, შეწევნა, რომ ვიაროთ ჭეშმარიტების, სინათლის გზით და ქრისტესთან ერთად, ამინ“, – განაცხადა მეუფე შიომ.","“So, our correction and purification are desired by the Lord even more than we desire them. If our desire is genuine, strong, and serious, and we turn to the Lord for help, He will surely come with His grace, correct us, and purify us. May God bless you and strengthen you. Let us pray to the Lord to grant us strength and help, so that we may walk in the path of truth, the path of light, and with Christ. Amen,” said Metropolitan Shio."
05_people_power.csv,"დიმიტრი ხუნდაძე - მხოლოდ მშვიდობაა ის აუცილებელი პირობა, რაც ეკონომიკის განვითარებას შეუწყობს ხელს, საქართველო თავისი იმპროვიზაციული პოლიტიკით სწორი მიმართულებით მიდის",Dimitri Khundadze - Only peace is the necessary condition that will support economic development; Georgia is moving in the right direction with its improvisational policy.
05_people_power.csv,"მხოლოდ მშვიდობაა ის აუცილებელი პირობა, რაც ეკონომიკის განვითარებას შეუწყობს ხელს, – ამის შესახებ „ხალხის ძალის“ გენერალურმა მდივანმა, დიმიტრი ხუნდაძემ განაცხადა.","Only peace is the necessary condition that will support economic development,” said Dimitri Khundadze, Secretary General of “People’s Power.”"
05_people_power.csv,"საქართველოს, როგორც შუა დერეფნის ერთ-ერთი მნიშვნელოვანი მოთამაშის როლზე საუბრისას დიმიტრი ხუნდაძემ აღნიშნა, რომ  ქვეყნის ეკონიმიკური განვითარება შეუნარჩუნებს ქვეყანას რეგიონის ლიდერის ფუნქციას.","Speaking about Georgia’s role as one of the key players in the Middle Corridor, Dimitri Khundadze noted that the country’s economic development will preserve its function as a regional leader."
05_people_power.csv,"მისი თქმით, ამის მიღწევა მხოლოდ მშვიდობის არსებობის პირობებშია შესაძლებელი, რადგან ომი და განვითარება ერთად წარმოუდგენელია.","According to him, this can only be achieved under conditions of peace, because war and development are incompatible."
05_people_power.csv,"„ქვეყნის სატრასპორტო შესაძლებლობების გამოყენებისათვის აუცილებელი პირობაა მშვიდობა. რამდენიმე დღის წინ, როცა ახლო აღმოსავლეთში ვითარება უკიდურესად დაიძაბა, სატრასპორტო-საჰაერო რუკაზე მხოლოდ საქართველოს საჰაერო სივრცე იყო გადატვირთული. ეს იყო ძალიან პატარა მაგალითი იმ დიდ სურათში, რასაც ვამბობ, რომ სატრანზიტო ფუნქციის შესრულებისათვის აუცილებელი პირობაა მშვიდობა.","“Peace is a necessary condition for utilizing the country’s transport potential. A few days ago, when the situation in the Middle East became extremely tense, only Georgia’s airspace was congested on the transport and aviation map. This was a very small example of the bigger picture I am referring to: peace is a necessary condition for fulfilling a transit function."
05_people_power.csv,"როგორ შეიძლება, ქვეყანა უერთდებოდეს სანქციებს, როდესაც ამით ვერავითარ შედეგეს, თუნდაც დამკვეთისათვის, ვერ მიიღებ? როგორ წარმოგიდგენიათ ქართული სანქციებით რუსეთის ეკონომიკის დანგრევა? ჩვენი ოპონენტები აყენებენ საკითხს, რომ სოციალური მდომარეობის გაუმჯობესებისათვის უნდა გადაიდგას აქტიური ნაბიჯები, პენსიები და ხელფასები უნდა გაიზარდოს, სამუშაო ადგილები უნდა შეიქმნას, ტურიზმი უნდა განვითარდეს და ა.შ. პირდაპირ ციფრებად აქვთ წარმოდგენილი წინადადებები. მაგალითად, გახარიას პარტიის წარმომადგენლებმა შემოიტანეს ინიციატივა, რომ მინიმალური ხელფასი უნდა იყოს 1050 ლარი. „ლელო“ აყენებს საკითხს, რომ 1 000 ლარამდე გაიზარდოს პენსია და ეს ყველაფერი სანქციების ფონზე უნდა მოხდეს? ომის ვითარებაში ეს ხომ წარმოუდგენელია?!","How can a country join sanctions when it cannot achieve any result from this, even for the customer? How do you imagine destroying the Russian economy with Georgian sanctions? Our opponents are raising the issue that, in order to improve the social situation, active steps must be taken: pensions and salaries must be increased, jobs must be created, tourism must be developed, and so on. They have put forward proposals in direct numerical terms. For example, representatives of Gakharia’s party introduced an initiative that the minimum wage should be 1,050 lari. “Lelo” is raising the issue that pensions should be increased to 1,000 lari, and all of this should happen against the backdrop of sanctions? In wartime conditions, isn’t that unimaginable?!"
05_people_power.csv,"ეს არის თვალთმაქცურად კეთილშობილური განცხადებები. ზოგს წამოსცდება ხოლმე, რომ სჯობს, ცხელი ბომბები ცვიოდეს, ვიდრე მშვიდობა იყოს საქართველოში. განვითარება და ომი – ეს ორი რამ შეუთავსებელია. საქართველო თავისი იმპროვიზაციული პოლიტიკით, ფაქტია, რომ სწორად მიდის.","These are hypocritically noble statements. Some people sometimes let it slip that it would be better for hot bombs to fall than for there to be peace in Georgia. Development and war — these two things are incompatible. Georgia, with its improvisational politics, is, in fact, moving in the right direction."
05_people_power.csv,"შედარებისთვის, უკრაინაში დღეს არავინ ფიქრობს პენსიების მომატებაზე, სკოლების და საბავშვო ბაღების აშენებაზე. უკრაინაში მხოლოდ ერთი საფიქრალია, რამენაირად გადარჩეს ოჯახის ესა თუ ის წევრი. 10 მილიონზე მეტი ადამიანია უკვე დევნილადაა ქცეული, ეკონომიკა განადგურებულია.","For comparison, in Ukraine today no one is thinking about increasing pensions or building schools and kindergartens. In Ukraine, there is only one concern: how to somehow keep this or that family member alive. More than 10 million people have already been displaced, and the economy has been destroyed."
05_people_power.csv,"ჩვენთან კი ბოლო ერთი წლის განმავლობაში ტურიზის მაჩვენებელმა მოიმატა. 4,4 მილიარდი იყო 2024 წელს, 2025 წელს კი დაფიქსირდა 4,7. ინვესტიციები იზრდება, ქვეყნის ეკონომიკა 100 მილიარდამდე გაიზარდა. სწორედ, აი, აქ არის იმის შესაძლებლობა, რომ ინფრასრუქტურა განვითარდეს, შემოვიდეს ინვესტიციები და კიდევ მეტი ტურისტი. შემდეგ უკვე შესაძლებლებელი იქნება პენსიების უფრო სწრაფად მატება, სამუშაო ადგილების მეტი ინტენსივობით შექმნა – ბოლო პერიოდში 40 ათასით გაიზარდა.","In our country, over the past year, tourism has increased. It was 4.4 billion in 2024, and in 2025 it reached 4.7. Investments are growing, and the country’s economy has increased to 100 billion. This is exactly where the opportunity lies for infrastructure to develop, for investments to come in, and for even more tourists to arrive. Then it will also be possible to increase pensions more quickly and create jobs more intensively — in recent times, the number has increased by 40,000."
05_people_power.csv,"იმას კი არ ვამბობ, რომ ყველაფერი იდეალურად არის, მე ვამბობ, რომ ამ ურთულეს პერიოდში ასეთი პოლიტიკით არათუ მშვიდობა შევინარჩუნეთ და ომი ავიცილეთ, არამედ ყველა მიმართულებით შევძელით, რომ არის უკეთესი, ვიდრე იყო გუშინ, მაგრამ ეს საკმარისი არ არის და კიდევ უკეთესი გვინდა“, – განაცხადა დიმიტრი ხუნდაძემ.","“I am not saying that everything is perfect; I am saying that, in this extremely difficult period, with such a policy we not only preserved peace and avoided war, but also managed to make things better in every direction than they were yesterday. However, that is not enough, and we want even better,” said Dimitri Khundadze."
06_tbilisi_offers_free_metro.csv,აღდგომის დღესასწაულთან დაკავშირებით თბილისში მეტროთი და ავტობუსით მგზავრობა უფასო იქნება,"Due to the Easter holiday, travel by metro and bus in Tbilisi will be free."
06_tbilisi_offers_free_metro.csv,აღდგომის დღესასწაულთან დაკავშირებით თბილისის მეტრო 12 აპრილის 04:00 საათამდე იმოძრავებს და 11 აპრილის 23:00-დან 12 აპრილის 04:00 საათამდე მგზავრობა უფასო იქნება. ინფორმაციას თბილისის მერია ავრცელებს.,"Due to the Easter holiday, the Tbilisi Metro will operate until 04:00 on April 12, and travel will be free from 23:00 on April 11 until 04:00 on April 12. This information is being disseminated by the Tbilisi City Hall."
06_tbilisi_offers_free_metro.csv,"ამასთან, დედაქალაქის მერიის გადაწყვეტილებით, 12-13 აპრილისთვის დაწესდა ავტობუსის ცხრა დროებითი მარშრუტიც.","At the same time, by decision of the city hall, nine temporary bus routes were also established for April 12–13."
06_tbilisi_offers_free_metro.csv,"„ავტობუსები მგზავრებს 08:00-დან 20:00 საათამდე მუხათგვერდის, ვაშლიჯვრის, კუკიის, ახალი კუკიის, მახათას, საბურთალოს, ღრმაღელის, ველისა და ვარკეთილის სასაფლაოების მიმართულებით გადაიყვანენ.","“Buses will transport passengers from 08:00 to 20:00 to the Mukhatgverdi, Vashlijvari, Kukia, New Kukia, Makhatta, Saburtalo, Ghrmaghele, Veli, and Varketili cemeteries.”"
06_tbilisi_offers_free_metro.csv,"ავტობუსები იმოძრავებენ მეტროსადგურებიდან: „მარჯანიშვილი“, „დელისი“, „სარაჯიშვილი“, „ვარკეთილის“ მიმდებარე ტერიტორიიდან, ასევე, „დიდუბის“ ზედა გასასვლელიდან, სადგურის მოედნიდან („თბილისი ცენტრალის“ პირდაპირ), ბესარიონ ჭიჭინაძის ქუჩიდან (კორპუსი N25-ის პირდაპირ) და ვარკეთილის III მასივიდან – შუამთისა და აბაშვილის ქუჩების გადაკვეთიდან.","Buses will operate from the areas near the metro stations: “Marjanishvili,” “Delisi,” “Sarajishvili,” and “Varketili,” as well as from the upper exit of “Didube,” Station Square (directly opposite “Tbilisi Central”), Besarion Chichinadze Street (opposite Building No. 25), and from Varketili III district — from the intersection of Shuamta and Abashvili streets."
06_tbilisi_offers_free_metro.csv,"აღნიშნული მარშრუტების ავტობუსებით მოქალაქეები ორი დღის განმავლობაში უფასოდ ისარგებლებენ“, – აღნიშნულია თბილისის მერიის ინფორმაციაში.","“Citizens will be able to use the buses on these routes free of charge for two days,” the Tbilisi City Hall said in its statement."
07_trailers_and_semi-trailers.csv,ნაქერალას უღელტეხილსა და საჩხერე (სარეკი)-უზუნთა-შქმერი-ზუდალის გზაზე მისაბმელიანი და ნახევრად მისაბმელიანი ავტოტრანსპორტის მოძრაობა აკრძალულია,Movement of trailer and semi-trailer vehicles is prohibited on the Nakerala Pass and on the Sachkhere (Sareki)–Uzunta–Shkmeri–Zudali road.
07_trailers_and_semi-trailers.csv,თოვის გამო შიდასახელმწიფოებრივი მნიშვნელობის ქუთაისი (მოწამეთა)-ტყიბული-ამბროლაურის საავტომობილო გზის კმ39-კმ60 (ნაქერალას უღელტეხილი) მონაკვეთზე და საჩხერე (სარეკი)-უზუნთა-შქმერი-ზუდალის გზაზე დროებით აკრძალულია მისაბმელიანი და ნახევრად მისაბმელიანი ავტოტრანსპორტის მოძრაობა.,"Due to snowfall, the movement of trailer and semi-trailer vehicles is temporarily prohibited on the Kutaisi (Motsameta)-Tkibuli-Ambrolauri road of domestic importance, km39-km60 (Nakerala Pass) section, and on the Sachkhere (Sareki)-Uzunta-Shkmeri-Zudali road."
07_trailers_and_semi-trailers.csv,"ინფორმაციას საქართველოს ინფრასტრუქტურის სამინისტროს საავტომობილო გზების დეპარტამენტი ავრცელებს. მათივე ცნობით, დანარჩენი სახის ავტოტრანსპორტის გადაადგილება თავისუფალია.","The information is disseminated by the Roads Department of the Ministry of Infrastructure of Georgia. According to them, the movement of all other types of motor vehicles is free."
08_vehicle_movement.csv,გუდაური (ფოსტა)-კობის მონაკვეთზე ავტოტრანსპორტის მოძრაობა აკრძალულია,Traffic is prohibited on the Gudauri (Post)-Kobi section.
08_vehicle_movement.csv,"გუდაური (ფოსტა)-კობის მონაკვეთზე ავტოტრანსპორტის მოძრაობა აკრძალულია, – ამის შესახებ ინფორმაციას საქართველოს ინფრასტრუქტურის სამინისტროს საავტომობილო გზების დეპარტამენტი ავრცელებს.","On the Gudauri (Post)-Kobi section, vehicular traffic is prohibited, – this information is being disseminated by the Roads Department of the Ministry of Infrastructure of Georgia."
08_vehicle_movement.csv,"როგორც საავტომობილო გზების დეპარტამენტის ინფორმაციაშია აღნიშნული, აღნიშნულ მონაკვეთზე ზვავსაშიშროების საფრთხის დონე მაღალია.","As stated in the Roads Department’s information, the avalanche risk level on the mentioned section is high."
08_vehicle_movement.csv,"„საქართველოს ინფრასტრუქტურის სამინისტროს საავტომობილო გზების დეპარტამენტის ინფორმაციით, გარემოს ეროვნული სააგენტოს ცნობით, საერთაშორისო მნიშვნელობის მცხეთა-სტეფანწმინდა-ლარსის საავტომობილო გზის გუდაური (ფოსტა)-კობის მონაკვეთზე ზვავსაშიშროების საფრთხის დონე მაღალია, რის გამოც აღნიშნულ მონაკვეთზე დროებით იკრძალება ყველა სახის ავტოტრანსპორტის მოძრაობა.","“According to the Roads Department of the Ministry of Infrastructure of Georgia, and based on information from the National Environmental Agency, the avalanche danger level is high on the Gudauri (Post)-Kobi section of the Mtskheta-Stepantsminda-Larsi international highway. Therefore, the movement of all types of motor vehicles is temporarily prohibited on this section.”"
08_vehicle_movement.csv,"გარემოს ეროვნული სააგენტოს ცნობით, მლეთა-გუდაურის მონაკვეთზე ავტოტრანსპორტის მოძრაობა განხორციელდება გაუჩერებლად გავლის რეჟიმში“, – ნათქვამია ინფორმაციაში.","According to the National Environmental Agency, traffic on the Mleta-Gudauri section will be carried out in a nonstop passing mode,” the statement says."
09_vespers_of_the_descent.csv,სამების საკათედრო ტაძარში გარდამოხსნის წესი შესრულდა,The rite of the Deposition was performed at the Holy Trinity Cathedral.
09_vespers_of_the_descent.csv,ყოვლადწმინდა სამების საკათედრო ტაძარში გარდამოხსნის ტრადიციული წესი შესრულდა. მსახურება სიმბოლურად ჯვარცმული იესო ქრისტეს დაკრძალვას და დატირებას ასახავს.,"The traditional rite of the removal from the Cross was performed at the Holy Trinity Cathedral. The service symbolically reflects the burial and lamentation of Jesus Christ, who was crucified."
09_vespers_of_the_descent.csv,"რიტუალი დღეს საპატრიარქო ტახტის მოსაყდრემ, სენაკისა და ჩხოროწყუს მიტროპოლიტმა შიომ (მუჯირი) მღვდელმთავრებთან ერთად ჩაატარა.","The ritual was conducted today by the locum tenens of the Patriarchal Throne, Metropolitan Shio of Senaki and Chkhorotsku (Mujiri), together with the bishops."
09_vespers_of_the_descent.csv,"დღეს წითელი პარასკევია, ვნების კვირეულის ყველაზე მძიმე დღე. მართლმადიდებელი ეკლესია იესო ქრისტეს ჯვარცმას, ჯვრიდან გარდამოხსნასა და დაკრძალვას იხსენებს.","Today is Good Friday, the most solemn day of Holy Week. The Orthodox Church commemorates the crucifixion of Jesus Christ, His descent from the Cross, and His burial."
09_vespers_of_the_descent.csv,"წითელ პარასკევს ტაძრებში წირვა არ აღევლინება, რადგან, სახარების თანახმად, ადამიანთა ცოდვებისგან გამოსახსნელად უფალმა საკუთარი თავი მსხვერპლად შესწირა. მსახურებისას სამეუფო ჟამნი სრულდება, რომლის დროსაც უფლის ვნების შესახებ სახარება იკითხება.","On Good Friday, no liturgy is celebrated in churches, because, according to the Gospel, the Lord offered Himself as a sacrifice to redeem humanity from its sins. During the service, the Royal Hours are observed, during which the Gospel about the Lord’s Passion is read."
09_vespers_of_the_descent.csv,"მორწმუნეები ამ დღეს კვერცხებს წითლად ღებავენ, ასევე აცხობენ პასკებს, რადგან, სახარების თანახმად, იესო ქრისტეს ჯვარცმა იუდეველთა პასექის დღესასწაულზე მოხდა.","Believers dye eggs red on this day and also bake paskas, because, according to the Gospel, the crucifixion of Jesus Christ took place during the Jewish Passover holiday."
10_water_polo.csv,წყალბურთი | საქართველოს ნაკრებმა თურქეთი დაამარცხა და მსოფლიო თასისკენ დიდი ნაბიჯი გადადგა #1TVSPORT,Water Polo | Georgia’s national team defeated Turkey and took a big step toward the World Cup #1TVSPORT
10_water_polo.csv,საქართველოს წყალბურთელთა ნაკრებმა მსოფლიო თასის საკვალიფიკაციო ეტაპის მერვედფინალური მატჩი თურქეთთან გამართა და 19:12 გაიმარჯვა. ეს იყო ღირსეული რევანში ამავე ნაკრებთან ჯგუფურ ეტაპზე დამარცხებისთვის.,The Georgian water polo national team played its round-of-16 match in the World Cup qualification stage against Turkey and won 19:12. This was a worthy revenge for the loss to the same team in the group stage.
10_water_polo.csv,"ამ მოგებით ქართველები მეოთხედფინალში გავიდნენ, სადაც მათი მეტოქე მოგვიანებით გაირკვევა (კანადა-უკრაინას შორის გამარჯვებული). მსოფლიო თასზე მოსახვედრად საქართველოს ნაკრებს კიდევ ორი შეხვედრის მოგება სჭირდება – მეოთხედფინალის და ნახევარფინალის. მსოფლიო თასის სუპერფინალის საგზურს ორი ფინალისტი მიიღებს.","With this win, the Georgians advanced to the quarterfinals, where their opponent will be determined later (the winner of Canada vs. Ukraine). To qualify for the World Cup, the Georgian national team still needs to win two more matches — the quarterfinal and the semifinal. The two finalists will earn tickets to the World Cup super final."
10_water_polo.csv,წყალბურთში 2026 წლის მსოფლიო თასი 22-26 ივლისს ავსტრალიაში გაიმართება.,The 2026 Water Polo World Cup will be held in Australia from July 22 to 26.
01_ge_Irakli_Kobakhidze.csv,"ირაკლი კობახიძე - ისე როგორც პრემიერს, სახელმწიფო მინისტრსაც მთლიანად მთავრობის ადმინისტრაციის რესურსი მოემსახურება, აქ საქილიკო არაფერია, თუმცა ოპოზიცია აქაც ახერხებს  სპეკულაციებს - ეს მათი სახეა და არ არის საინტერესო (28.04.2026, 16:17)","Irakli Kobakhidze - Just as the Prime Minister, the State Minister will also be fully served by the resources of the Government Administration; there is nothing to mock here, though the opposition still manages to engage in speculation on this as well — that is their style and it is not interesting (28.04.2026, 16:17)"
01_ge_Irakli_Kobakhidze.csv,"ისევე როგორც პრემიერ-მინისტრს, ვიცე-პრემიერსაც, სამართალდამცავი ორგანოების კოორდინაციის საკითხებში სახელმწიფო მინისტრსაც მთლიანად მთავრობის ადმინისტრაციის რესურსი მოემსახურება - თავადაც ხვდებით, აქ საქილიკო არაფერია, თუმცა ოპოზიცია აქაც ახერხებს სპეკულაციების გავრცელებას - ეს მათი სახეა და არ არის საინტერესო, - ამის შესახებ პრემიერ-მინისტრმა, ირაკლი კობახიძემ ჟურნალისტებთან განაცხადა.","Just like the Prime Minister, the Deputy Prime Minister and the State Minister for Coordination of Law Enforcement Agencies will also be fully served by the resources of the Government Administration — you can see for yourselves that there is nothing to mock here, although the opposition is once again managing to spread speculation — that is their style and it is not interesting,” Prime Minister Irakli Kobakhidze said in a statement to journalists."
01_ge_Irakli_Kobakhidze.csv,"მისივე თქმით, ახალი სტრუქტურული ერთეულის შექმნის მიზანი სამართალდამცავი სისტემის კიდევ უფრო მეტად გაძლიერებაა.","According to him, the purpose of creating the new structural unit is to further strengthen the law enforcement system."
01_ge_Irakli_Kobakhidze.csv,"„ეს ცვლილებები ემსახურებოდა სამართალდამცავი სისტემის კიდევ უფრო მეტად გაძლიერებას. გაჩნდა ახალი რგოლი - კოორდინაციის რგოლი. ამ ფუნქციას მამუკა მდინარაძე მანამდეც ასრულებდა, მაგრამ კონკრეტული უწყებიდან. ეს იყო ფაქტობრივი მდგომარეობა. ჩვენ გადავწყვიტეთ იმ მოცემულობის ფორმალიზება, რაც სწორია, რაც მანამდეც იყო ჩამოყალიბებული. რეალურად, იქნება დამოუკიდებელი სტრუქტურები. ბუნებრივია, ეს არის შინაგან საქმეთა სამინისტრო, სახელმწიფო უსაფრთხოების სამსახური, სახელმწიფო დაცვის სპეციალური სამსახური და მათ საერთო კოორდინაციას უზრუნველყოფს. სახელმწიფო მინისტრი ახალი თანამდებობა არის ამისთვის განკუთვნილი, რაც კიდევ უფრო გააძლიერებს დანაშაულის წინააღმდეგ ბრძოლას, საზოგადოებრივი წესრიგის დაცვაზე ზრუნვას. თქვენ იცით რომ ამ ერთი წლის განმავლობაში ყველა მიმართულებით გვაქვს ფუნდამენტური ცვლილებები,“ - განაცხადა კობახიძემ.","“These changes were intended to further strengthen the law enforcement system. A new link has emerged — the coordination link. Mamuka Mdinaradze had already been performing this function before, but from a specific agency. That was the factual situation. We decided to formalize the arrangement that is correct, that had already been established before. In reality, there will be independent structures. Naturally, these are the Ministry of Internal Affairs, the State Security Service, the Special State Protection Service, and it will ensure their overall coordination. The position of state minister is a new post designated for this, which will further strengthen the fight against crime and the effort to maintain public order. You know that over this one year we have fundamental changes in every direction,” Kobakhidze said."
01_ge_Irakli_Kobakhidze.csv,"ამასთან, პრემიერმა პატიმრობაში მყოფ სუს-ის ყოფილ ხელმძღვანელ, გრიგოლ ლილუაშვილსა და მამუკა მდინარაძეს შორის პარალელების შესახებ დასმულ კითხვას უპასუხა და აღნიშნა, რომ „მაშინ სხვაგვარად წარიმართა პროცესები, ახლა სხვანაირად წარიმართება“.","At the same time, the Prime Minister answered a question about parallels between the former head of the State Security Service, Grigol Liluashvili, who is in custody, and Mamuka Mdinaradze, and noted that “back then the process unfolded differently; now it will unfold differently.”"
01_ge_Irakli_Kobakhidze.csv,"„მოცემულობა არის რადიკალურად განსხვავებული. კონტექსტი არის სრულიად განსხვავებული. მამუკა მდინარაძე არის გამორჩეულად წარმატებული წევრი ჩვენს გუნდში. კონკრეტულად სახელმწიფო უსაფრთხოების სამსახურში მისი საქმიანობა იყო გამორჩეულად წარმატებული, მათ შორის, კორუფციის მიმართულებით, ტერორისტული დანაშაულის მიმართულებით. ძალიან მნიშვნელოვანი სისტემური ცვლილებები განახორციელა. ეს არის განსხვავებული ფონი, შესაბამისად, განსხვავებულ ფონზე სამომავლო განვითარებაც იქნება განსხვავებული,“ - განაცხადა კობახიძემ.","“The situation is radically different. The context is completely different. Mamuka Mdinaradze is an exceptionally successful member of our team. Specifically, his work in the State Security Service was exceptionally successful, including in the areas of corruption and terrorist crime. He implemented very important systemic changes. This is a different background, and therefore future developments will also be different,” Kobakhidze said."
01_ge_Irakli_Kobakhidze.csv,"პარლამენტი დაჩქარებული წესით იხილავს კანონის პროექტს, რომლის საფუძველზეც საქართველოს მთავრობის შემადგენლობაში სამართალდამცავი ორგანოების კოორდინაციის საკითხებში სახელმწიფო მინისტრის თანამდებობის შემოღება ხდება. პროექტის მიხედვით, ახალი სახელმწიფო მინისტრის საქმიანობას მატერიალურ-ტექნიკურად და ორგანიზაციულად მთავრობის ადმინისტრაცია უზრუნველყოფს.","The Parliament is considering, under an expedited procedure, a draft law on the basis of which the position of State Minister for Coordination of Law Enforcement Agencies is being introduced within the composition of the Government of Georgia. According to the draft, the Government Administration will provide the new State Minister’s activities with material, technical, and organizational support."
01_ge_Irakli_Kobakhidze.csv,"მთავრობის საპარლამენტო მდივნის ვახტანგ ბაჩიაშვილის ინფორმაციით, სახელმწიფო მინისტრის უფლებამოსილებები მთავრობის დადგენილებაში დაზუსტდება. მისივე თქმით, სამართალდამცავი ორგანოების კოორდინაციის საკითხებში სახელმწიფო მინისტრი მთავრობის ადმინისტრაციის შენობაში განთავსდება.","According to the Parliamentary Secretary of the Government, Vakhtang Bachiashvili, the powers of the State Minister will be specified in a government resolution. He also said that the State Minister for coordination of law enforcement agencies will be located in the Government Administration building."
02_ge_Giorgi_Sharashidze.csv,"გიორგი შარაშიძე - რა ვიცე-პრემიერობაზე და სახელმწიფო მინისტრობაზეა საუბარი, კაბინეტსაც კი არ აძლევენ ნორმალურს, აპარატიც არ ექნება და მდივანიც არ ეყოლება - მდინარაძეს ვურჩევდი, ამ კაბინეტზეც ძალიან ნუ ჩაიციკლება და დისტანციურად იმუშაოს (28.04.2026, 12:04)","Giorgi Sharashidze - What kind of deputy prime ministership and state minister position are we talking about? They won’t even give him a proper office; he won’t have staff, and he won’t even have a secretary. I would advise Mdinaradze not to get too fixated on this office either and to work remotely. (28.04.2026, 12:04)"
02_ge_Giorgi_Sharashidze.csv,"რა ვიცე-პრემიერობაზე და სახელმწიფო მინისტრობაზეა საუბარი, კაბინეტსაც კი არ აძლევენ ნორმალურს, აპარატიც არ ექნება და მდივანიც არ ეყოლება მდინარაძეს - ვურჩევდი, რომ ამ კაბინეტზეც ძალიან ნუ იქნება ჩაციკლული და დისტანციურად იმუშაოს სახლიდან, - ამის შესახებ პარტია „გახარია საქართველოსთვის” დეპუტატმა, გიორგი შარაშიძემ, სამართალდამცავი ორგანოების კოორდინირებისთვის სახელმწიფო მინისტრის თანამდებობის შექმნაზე საუბრისას განაცხადა. მისი თქმით, გენერალ-კოორდინატორის დანიშვნა არაფერს არ შეცვლის გარდა იმისა, რომ ეს მისი „დროებითი დაკმაყოფილება და პენსიაზე გაშვება იქნება“.","“What vice-premiership and state ministership are we talking about? They won’t even give him a proper office; he won’t have staff or even a secretary. I would advise Mdinaradze not to get too fixated on this office either and to work remotely from home,” said Giorgi Sharashidze, a member of the “Gakharia for Georgia” party, while speaking about the creation of the position of State Minister for coordinating law enforcement agencies.

According to him, appointing a general coordinator will change nothing except that it will be his “temporary appeasement and sending him into retirement.”"
02_ge_Giorgi_Sharashidze.csv,"„დაგეგმილ ცვლილებებს ჩვენი ქვეყნის მოქალაქეების პრობლემების და საქართველოს უსაფრთხოების საკითხების პრობლემების გადაჭრასთან არანაირი კავშირი არ აქვს. ეს არის არაფორმალური მმართველობის მორიგი გამოვლინება. „ოცნებას“ და იმ 89 დეპუტატს, რომელიც პარლამენტში ზის, არ აქვს, გარდა იმისა, რომ ივანიშვილის გადაწყვეტილებები, რომელსაც მათ არავინ არ უთანხმებს, უბრალოდ „გააპრავონ”. რა ვიცე-პრემიერობაზე და სახელმწიფო მინისტრობაზეა საუბარი, კაბინეტსაც კი არ აძლევენ ნორმალურს, აპარატიც არ ექნება და მდივანიც არ ეყოლება მდინარაძეს. მას ვურჩევდი, რომ ამ კაბინეტზეც ძალიან ნუ იქნება ჩაციკლული და დისტანციურად იმუშაოს მაშინ, სახლიდან.","“The planned changes have nothing to do with solving the problems of our country’s citizens or the issues of Georgia’s security. This is yet another manifestation of informal governance. ‘Dream’ and the 89 MPs sitting in parliament have no role other than to simply ‘whitewash’ Ivanishvili’s decisions, which no one consults them about. What deputy prime ministership and state ministership are they talking about? They are not even giving him a proper office; he will have no staff and no secretary either, for Mdinaradze. I would advise him not to get too fixated on this office and to work remotely then, from home.”"
02_ge_Giorgi_Sharashidze.csv,"თუ კოორდინაცია არის ასეთი მნიშვნელოვანი - კოორდინაციისთვის სუს-ის ხელმძღვანელს ექვს თვეში არ ხსნიან. სახელმწიფო უსაფრთხოების სამსახური ექვსი წლის ვადით შემთხვევით არ ინიშნება - ეს ჩანაწერი კანონში შემთხვევით არ არის. ვხედავთ, რომ ბოლო ერთ წელიწადში უკვე ორი სუს-ის უფროსი შეიცვალა. ეს მიუთითებს არასტაბილურ გარემოზე და არაფორმალურ მმართველობაზე. ადამიანს ერთ დღეში გენერლობა მიანიჭეს დილით და საღამოს კოორდინატორად დააქვეითეს - ამ ადამიანისგან რა განსაკუთრებული მოლოდინები უნდა შევქმნათ?","If coordination is so important, then the head of the State Security Service is not dismissed after six months for the sake of coordination. The head of the State Security Service is not appointed for a six-year term by accident — this provision is not in the law by accident. We can see that in the past year alone, two heads of the State Security Service have already been replaced. This points to an unstable environment and informal governance. A person was granted the rank of general in the morning and demoted to coordinator in the evening — what special expectations should we have from such a person?"
02_ge_Giorgi_Sharashidze.csv,"რაც შეეხება კოორდინატორობას - თავად „ოცნებამ“ შემოიტანა ეს ტერმინი და გუშინ ჩვენი ერთ-ერთი ლიდერი გიგა ფარულავა, იურიდიული კომიტეტის სხდომაზე, როდესაც ფაქტს ამბობდა, რომ კოორდინატორად ნიშნავთო, ისეთი გაღიზიანება მოჰყვა, ლექსიკა და ტონი დაუწუნეს. ეს კოორდინატორი „ოცნების“ მიერ შემოღებული ტერმინია და თუ მათთვის ეს შეურაცხმყოფელია, მაშინ თავად ახსნან საერთოდ საიდან მოიტანეს ეს ტერმინი. ამიტომ, როდესაც ვამბობთ, რომ ეს გენერალ-კოორდინატორის დანიშვნა არაფერს არ შეცვლის გარდა იმისა, რომ უბრალოდ ეს იქნება რაღაცა მისი დაკმაყოფილება დროებით და პენსიაზე გაშვება, ეს არის რეალობა“, - განაცხადა შარაშიძემ.","As for the coordinator role, it was the “Dream” party itself that introduced this term, and yesterday one of our leaders, Giga Farulava, at the meeting of the Legal Committee, when he stated the fact that you are appointing him as a coordinator, it caused such irritation that they criticized his wording and tone. This coordinator is a term introduced by “Dream,” and if it is offensive to them, then they should explain where they even got this term from. Therefore, when we say that this appointment of a general coordinator will not change anything except that it will simply be some kind of temporary appeasement and sending him into retirement, that is the reality,” Sharashidze said."
02_ge_Giorgi_Sharashidze.csv,"ცნობისთვის, პარლამენტი დაჩქარებული წესით იხილავს კანონის პროექტს, რომლის საფუძველზეც საქართველოს მთავრობის შემადგენლობაში სამართალდამცავი ორგანოების კოორდინაციის საკითხებში სახელმწიფო მინისტრის თანამდებობის შემოღება ხდება.","For your information, Parliament is considering, under an expedited procedure, a draft law on the basis of which the position of State Minister for Coordination of Law Enforcement Agencies is being introduced within the composition of the Government of Georgia."
02_ge_Giorgi_Sharashidze.csv,"პროექტის მიხედვით, ახალი სახელმწიფო მინისტრის საქმიანობას მატერიალურ-ტექნიკურად და ორგანიზაციულად მთავრობის ადმინისტრაცია უზრუნველყოფს.","According to the project, the Government Administration will provide the new State Minister’s activities with material-technical and organizational support."
02_ge_Giorgi_Sharashidze.csv,"მთავრობის საპარლამენტო მდივნის ვახტანგ ბაჩიაშვილის ინფორმაციით, სახელმწიფო მინისტრის უფლებამოსილებები მთავრობის დადგენილებაში დაზუსტდება, სადაც მისი რუტინული თუ სტრატეგიული უფლებამოსილებები გაიწერება.","According to Vakhtang Bachiashvili, the Parliamentary Secretary of the Government, the powers of the State Minister will be specified in a government resolution, where his routine and strategic responsibilities will be set out."
02_ge_Giorgi_Sharashidze.csv,სამართალდამცავი ორგანოების კოორდინაციის საკითხებში სახელმწიფო მინისტრის თანამდებობაზე მამუკა მდინარაძე დაინიშნება.,Mamuka Mdinaradze will be appointed to the position of State Minister for Coordination of Law Enforcement Agencies.
03_ge_Mariam_Kvrivishvili.csv,"მარიამ ქვრივიშვილი - ჩინეთთან ხელი მოვაწერეთ თავისუფალი ვაჭრობის შეთანხმების განახლებულ ვერსიას, რაც კიდევ უფრო მეტად გააძლიერებს და გაამყარებს ორ ქვეყანას შორის სავაჭრო-ეკონომიკურ ურთიერთობებს (25.04.2026, 11:11)","Mariam Kvrivishvili - We signed an updated version of the free trade agreement with China, which will further strengthen and solidify trade and economic relations between the two countries (25.04.2026, 11:11)"
03_ge_Mariam_Kvrivishvili.csv,"ჩინეთის სახალხო რესპუბლიკაში ვიზიტი წარმატებული შედეგებით დასრულდა, რაც დადებითად აისახება საქართველოსა და ჩინეთის ეკონომიკური კავშირების შემდგომ განვითარებაზე, - ამის შესახებ საქართველოს ეკონომიკისა და მდგრადი განვითარების მინისტრმა მარიამ ქვრივიშვილმა განაცხადა.","The visit to the People’s Republic of China concluded with successful results, which will have a positive impact on the further development of economic ties between Georgia and China, - said Georgia’s Minister of Economy and Sustainable Development, Mariam Kvrivishvili."
03_ge_Mariam_Kvrivishvili.csv,"მინისტრის თქმით, ვიზიტის ფარგლებში გაიმართა უმაღლესი დონის შეხვედრები ჩინეთის სახელმწიფო და კერძო სექტორის წარმომადგენლებთან. მარიამ ქვრივიშვილმა განსაკუთრებული აქცენტი გააკეთა ჩინეთის ეროვნული რეფორმებისა და განვითარების კომიტეტში გამართულ შეხვედრაზე, რომლის დროსაც მხარეები შეთანხმდნენ, რომ ჩამოყალიბდება ინვესტიციების მოსაზიდად საქართველო-ჩინეთს შორის დიალოგის მექანიზმი, რაც ხელს შეუწყობს ჩინეთიდან ინვესტიციების განხორციელებას.","According to the minister, during the visit, high-level meetings were held with representatives of China’s public and private sectors. Mariam Kvrivishvili placed particular emphasis on the meeting held at China’s National Development and Reform Commission, during which the parties agreed to establish a Georgia-China dialogue mechanism to attract investment, which will help facilitate investment from China."
03_ge_Mariam_Kvrivishvili.csv,"„კომერციის მინისტრთან ერთად ხელი მოვაწერე თავისუფალი ვაჭრობის შეთანხმების განახლებულ ვერსიას, რაც კიდევ უფრო მეტად გააძლიერებს და გაამყარებს ორ ქვეყანას შორის სავაჭრო-ეკონომიკურ ურთიერთობებს. გარდა ამისა, მივიღეთ უმნიშვნელოვანესი გადაწყვეტილება, რომ შეიქმნება მთავრობათაშორისი ფორმატი, რომელიც უზრუნველყოფს უმსხვილესი ინვესტიციების მოზიდვის, ისევე, როგორც სტრატეგიულ პროექტებში ჩინური კომპანიების ჩართულობის მხარდაჭერას"", - აღნიშნა მარიამ ქვრივიშვილმა.","“Together with the Minister of Commerce, I signed the updated version of the free trade agreement, which will further strengthen and solidify trade and economic relations between the two countries. In addition, we made a very important decision to establish an intergovernmental format that will ensure the attraction of major investments, as well as support the involvement of Chinese companies in strategic projects,” Mariam Kvrivishvili noted."
03_ge_Mariam_Kvrivishvili.csv,"მინისტრმა ასევე ყურადღება გაამახვილა ჩინეთის ავიაკომპანია China Eastern Airlines - ის ხელმძღვანელებთან გამართულ შეხვედრაზე, რომელზეც მიღებულ იქნა გადაწყვეტილება 15 ივლისიდან შანხაი - თბილისის მიმართულებით პირდაპირი ავიამიმოსვლის დაწყების შესახებ. როგორც მარიამ ქვრივიშვილმა აღნიშნა, შანხაის მიმართულება, ისევე როგორც ზოგადად ჩინეთის ტურისტული ბაზარი საქართველოსთვის სტრატეგიულია და პირდაპირი საჰაერო მიმოსვლა ხელს შეუწყობს ქვეყანაში როგორც ტურისტული ნაკადების ზრდას, ისე მსყიდველუნარიანი ვიზიტორების ჩამოსვლას.","The Minister also drew attention to the meeting held with the management of the Chinese airline China Eastern Airlines, at which a decision was made to launch direct flights on the Shanghai–Tbilisi route starting July 15. As Mariam Kvrivishvili noted, the Shanghai route, as well as the Chinese tourism market in general, is strategic for Georgia, and direct air service will contribute both to an increase in tourist flows to the country and to the arrival of high-spending visitors."
03_ge_Mariam_Kvrivishvili.csv,"„ეს გადაწყვეტილება გააძლიერებს ხალხთაშორის ურთიერთობებს, ეკონომიკურ კავშირებს და სტიმულს მისცემს ჩვენი ქვეყნის ტურიზმის ინდუსტრიის გაძლიერებას, დივერსიფიცირებას და დამატებითი შემოსავლების გენერირებას ჩვენს ქვეყანაში უშუალოდ ტურიზმის ინდუსტრიიდან"", - განაცხადა მარიამ ქვრივიშვილმა.","“This decision will strengthen people-to-people relations, economic ties, and provide an impetus for strengthening and diversifying our country’s tourism industry, as well as generating additional revenue in our country directly from the tourism industry,” said Mariam Kvrivishvili."
03_ge_Mariam_Kvrivishvili.csv,"ვიზიტის ფარგლებში გაიმართა შეხვედრები ჩინეთის უმსხვილეს ენერგეტიკულ და ავტომობილების მწარმოებელ კომპანიებთან. როგორც მარიამ ქვრივიშვილმა აღნიშნა, შეხვედრებზე განიხილეს საქართველოს საინვესტიციო შესაძლებლობები, რაც ხელს შეუწყობს ჩინეთიდან დამატებითი ინვესტიციების მოზიდვას, ადგილობრივი წარმოების განვითარებას და ენერგეტიკის სექტორის გაძლიერებას.","During the visit, meetings were held with China’s largest energy and automotive manufacturing companies. As Mariam Kvrivishvili noted, the meetings discussed Georgia’s investment opportunities, which will help attract additional investment from China, develop local production, and strengthen the energy sector."
04_ge_Maka_Botchorishvili.csv,"მაკა ბოჭორიშვილი პაველ ჰერჩინსკიზე - არ გვჭირდება საზოგადოების პოლარიზების და რადიკალური დღის წესრიგის წახალისება, არ გვჭირდება არც ბნელი წარსული და არც მსგავსი მუქარა - ხელისუფლება ყველაზე კარგად გრძნობს, რომელი გზის გასაყარზე დგას საქართველო (27.04.2026, 14:01)","Maka Bochorishvili on Pawel Herczynski - We do not need encouragement of societal polarization and a radical agenda, we do not need either a dark past or similar threats - the authorities feel best which crossroads Georgia stands at (27.04.2026, 14:01)"
04_ge_Maka_Botchorishvili.csv,"როგორი განმარტებაც არ უნდა მოვისმინოთ, ფაქტები და ქმედებები ფაქტებად და ქმედებებად რჩება. სურათი, რომელსაც ვხედავთ, მიუღებელია, - ამის შესახებ საგარეო საქმეთა მინისტრმა, მაკა ბოჭორიშვილმა ევროკავშირის ელჩთან, პაველ ჰერჩინსკისთან შეხვედრის დასრულების შემდეგ ჟურნალისტებთან განაცხადა.","No matter what explanation we hear, facts and actions remain facts and actions. The picture we are seeing is unacceptable,” Foreign Minister Maka Bochorishvili said to journalists after the meeting with the EU Ambassador, Pawel Herczynski, concluded."
04_ge_Maka_Botchorishvili.csv,"მისი თქმით, ხელისუფლება ყველაზე კარგად გრძნობს, რომელი გზის გასაყარზე დგას საქართველო და რამდენად არ გვჭირდება არც ბნელი წარსული და არც მსგავსი მუქარები.","According to him, the authorities understand best at what crossroads Georgia stands and how much we need neither a dark past nor similar threats."
04_ge_Maka_Botchorishvili.csv,"„ჩვენზე, ქართველებზე და ქართველი ხალხის მიერ არჩეულ ხელისუფლებაზე უკეთ ვერავინ მიხვდება და გაიგებს, რომელ გზაგასაყარზე დგას ეს ქვეყანა. ქართველი ხალხის ნება გამოხატულია საქართველოს ხელისუფლების არჩევანში. ხელისუფლება წარმოადგენს იმ ხალხის ნებას, რომელზეც ასე ღელავენ. შესაბამისად, ხელისუფლება ყველაზე კარგად გრძნობს, რომელი გზის გასაყარზე დგას საქართველო, რამდენად სჭირდება საქართველოს უსაფრთხოებას გაფრთხილება და რამდენად გვჭირდება სტაბილურობა. რამდენად არ გვჭირდება ამ საზოგადოების პოლარიზების და რადიკალური დღის წესრიგის წახალისება. ასევე, არ გვჭირდება არც ბნელი წარსული და არც მსგავსი მუქარები“, - განაცხადა ბოჭორიშვილმა.","“No one can understand and grasp better than us, Georgians, and the government elected by the Georgian people, at what crossroads this country stands. The will of the Georgian people is expressed in the choice of the Government of Georgia. The government represents the will of the people about whom they are so concerned. Accordingly, the government feels best which crossroads Georgia stands at, how much Georgia’s security needs caution, and how much we need stability. How much we do not need the encouragement of polarization in this society and of a radical agenda. Also, we do not need either a dark past or similar threats,” Bochorishvili said."
04_ge_Maka_Botchorishvili.csv,"კითხვაზე, რა იყო პაველ ჰერჩინსკის განცხადებაში მუქარის შემცველი, ბოჭორიშვილმა უპასუხა, რომ მიუღებელია ყველაფერი ის, რაც საზოგადოებაში აღვივებს პოლარიზებას.","On the question of what was threatening in Pavel Herchinsky’s statement, Bochorishvili replied that everything that stirs polarization in society is unacceptable."
04_ge_Maka_Botchorishvili.csv,"„ის განცხადებები, ქმედებები, ნაბიჯები, რომელიც ბრიუსელის მხრიდან იდგმება, ის დამოკიდებულება, რომელსაც საქართველოს ხელისუფლებასთან მიმართებაში ვხედავთ, არის მიუღებელი და მიმართულია ამ საზოგადოებაში პოლარიზაციისკენ. მიუღებელია ყველაფერი ის, რაც ჩვენს საზოგადოებაში აღვივებს პოლარიზებას და მიუღებელია რადიკალური დღის წესრიგის წახალისება“, - აღნიშნა საგარეო საქმეთა მინისტრმა.","“Those statements, actions, and steps taken by Brussels, the attitude we see toward the Georgian government, are unacceptable and are aimed at polarization in this society. Everything that fuels polarization in our society is unacceptable, and encouraging a radical agenda is unacceptable,” the Foreign Minister noted."
04_ge_Maka_Botchorishvili.csv,"კითხვაზე, მოისმინა თუ არა მან განმარტება პაველ ჰერჩინსკის მხრიდან მის განცხადებაზე, ბოჭორიშვილმა უპასუხა, რომ აქვთ მოლოდინი, რომ ბრიუსელიდან ის დამოკიდებულება იქნება, რასაც საქართველო იმსახურებს.","On the question of whether she heard an explanation from Pawel Herczynski regarding his statement, Bochorishvili replied that they expect Brussels to show the kind of attitude that Georgia deserves."
04_ge_Maka_Botchorishvili.csv,"„როგორი განმარტებაც არ უნდა მოვისმინოთ, ფაქტები და ქმედებები ფაქტებად და ქმედებებად რჩება. სურათი, რომელსაც ვხედავთ, მიუღებელია. საქართველო არის კეთილსინდისიერი პარტნიორი! მას ევროკავშირთან მიმართებით არაფერი გაუკეთებია იმისთვის, რომ დაზიანებულიყო ევროკავშირის რომელიმე ინტერესი. შესაბამისად, ევროკავშირის მხრიდან ჩვენც მოველით, რომ ბრიუსელიდან ის დამოკიდებულება იქნება, რასაც საქართველო იმსახურებს - კეთილსინდისიერ ურთიერთობაში. ამას ვერ ვხედავთ ამ ეტაპზე და ამის გამოხატულებაა ის ნაბიჯებიც, რასაც ვხედავთ. თუ გვინდა, რომ ურთიერთობები ისევ ნორმალურ რეჟიმში გადავიდეთ, მინიმუმ ერთმანეთს პატივი უნდა ვცეთ და მინიმუმ უნდა იყოს ნდობაზე დაფუძნებული ეს ურთიერთობები, რომელსაც ასეთი განცხადებები, არყევს“, - განაცხადა მაკა ბოჭორიშვილმა.","“Whatever explanation we may hear, facts and actions remain facts and actions. The picture we are seeing is unacceptable. Georgia is a good-faith partner! It has done nothing in relation to the European Union that would have harmed any EU interest. Accordingly, we also expect from the European Union that the attitude from Brussels will be what Georgia deserves — in a relationship of good faith. We do not see that at this stage, and the steps we are seeing are an expression of that. If we want relations to return to normal, at the very least we must respect one another, and at the very least these relations must be based on trust, which such statements undermine,” Maka Bochorishvili said."
04_ge_Maka_Botchorishvili.csv,"ცნობისთვის, საქართველოში ევროკავშირის ელჩ პაველ ჰერჩინსკისა და საგარეო საქმეთა მინისტრ მაკა ბოჭორიშვილს შორის დღეს შეხვედრა გაიმართა. პაველ ჰერჩინსკის შეხვედრაზე დაბარება მის მიერ გაკეთებულ განცხადებას უკავშირდებოდა. შეგახსენებთ იმასაც, რომ ევროკავშირის ელჩმა საქართველოში პაველ ჰერჩინსკიმ ბრიუსელში, ევროპის საგარეო ქმედებათა სამსახურში, სადაც დოკუმენტური ფოტოგამოფენა „საქართველო ფოკუსში“ გაიხსნა, აღნიშნა, რომ საქართველო სწორ ტრაექტორიაზე აღარ იმყოფება. ელჩის თქმით, „ხელისუფლებამ აირჩია ალტერნატიული, ავტორიტარიზმის მოდელი და საქართველოს ევროკავშირს აშორებს“.","For your information, a meeting was held today between the EU Ambassador to Georgia, Pawel Herczynski, and Foreign Minister Maka Bochorishvili. Pawel Herczynski was summoned to the meeting in connection with a statement he had made. It should also be recalled that the EU Ambassador to Georgia, Pawel Herczynski, said in Brussels, at the European External Action Service, where the documentary photo exhibition “Georgia in Focus” was opened, that Georgia was no longer on the right trajectory. According to the ambassador, “the government has chosen an alternative model of authoritarianism and is distancing Georgia from the European Union.”"
04_ge_Maka_Botchorishvili.csv,"„საქართველო გზაგასაყარზე დგას. საქართველოს მომავალი ჯერ არ დაწერილა, მაგრამ ის, რაც მომავალ კვირებსა და თვეებში გადაწყდება, განსაზღვრავს, ეკუთვნის საქართველო ევროპული ქვეყნების ოჯახს, რომელიც დაფუძნებულია დემოკრატიაზე, კანონის უზენაესობასა და ადამიანის უფლებებზე, თუ სამწუხაროდ, თავის ბნელ წარსულს დაუბრუნდება. ჩემი მთავარი გზავნილი ქართველი ხალხის მიმართ არის „ნუ დაკარგავთ იმედის“. ჩვენ არ უნდა დავუშვათ, რომ საქართველო და შესანიშნავი, თბილი, სტუმართმოყვარე ქართველი ხალხი დაბრუნდეს ძალადობის, სამოქალაქო ომის, სიღარიბის, გაჭირვების, კორუფციის ბნელ დროში. ეს არ არის ის მომავალი, რომელსაც ისინი იმსახურებენ. როგორც კი ხელისუფლება გამოთქვამს ჩვენთან თანამშრომლობის სურვილს, ჩვენ ყველაფერს გავაკეთებთ იმისათვის, რომ დავეხმაროთ საქართველოს გახდეს ევროკავშირის წევრი“, - განაცხადა ჰერჩინსკიმ, რომლის ციტატასაც „ნეტგაზეთი“ ავრცელებს.","“Georgia stands at a crossroads. Georgia’s future has not yet been written, but what will be decided in the coming weeks and months will determine whether Georgia belongs to the family of European countries based on democracy, the rule of law, and human rights, or whether, unfortunately, it will return to its dark past. My main message to the Georgian people is: ‘Do not lose hope.’ We must not allow Georgia and the wonderful, warm, hospitable Georgian people to return to the dark times of violence, civil war, poverty, hardship, and corruption. This is not the future they deserve. As soon as the authorities express a desire to cooperate with us, we will do everything possible to help Georgia become a member of the European Union,” said Herczyński, as quoted by Netgazeti."
05_ge_Archpriest_Andria.csv,"დეკანოზი ანდრია ჯაღმაიძე - კანდიდატი უნდა იყოს არაუმეტეს 70 წლისა, რაც შეეხება განათლებას, როცა ადამიანს სამსახურში შეაქვს განცხადება, იტყვის, დიპლომი არ მაქვს, მაგრამ განათლებული ვარო?! - სინოდმა უნდა იხელმძღვანელოს მკაცრად, მართვა-გამგეობის დებულებით (28.04.2026, 11:40)","Archpriest Andria Jaghmaidze - The candidate must be no older than 70 years. As for education, when a person submits an application for a job, would they say, “I don’t have a diploma, but I am educated”? The Synod must act strictly in accordance with the Statute on Governance and Administration (28.04.2026, 11:40)"
05_ge_Archpriest_Andria.csv,"კრიტერიუმებში ჩვენ ვკითხულობთ, რომ უნდა იყოს ქართველი, უნდა იყოს, ბერი, უნდა იყოს სინოდის წევრი, უნდა ჰქონდეს განათლება და ასაკზე არის მითითება, რომ 40 წელი უნდა ჰქონდეს შესრულებული და არაუმეტეს 70 წლისა უნდა იყოს - მართვა-გამგეობის დებულების შეცვლის უფლება არ აქვს ამ სინოდს და უნდა იხელმძღვანელოს მკაცრად მართვა - გამგეობის დებულებით,- ამის შესახებ საპატრიარქოს საზოგადოებასთან ურთიერთობის სამსახურის უფროსმა დეკანოზმა ანდრია ჯაღმაიძემ განაცხადა.","In the criteria, we read that he must be Georgian, must be a monk, must be a member of the Holy Synod, must have an education, and there is an age requirement stating that he must be at least 40 years old and no older than 70. This Synod does not have the right to change the governance regulations and must strictly follow the governance statute,” said Archpriest Andria Jagmaidze, head of the Patriarchate’s Public Relations Service."
05_ge_Archpriest_Andria.csv,"მისი თქმით, ეკლესიის ცხოვრებისთვის მნიშვნელოვანია, რომ განსაზღვრული წესი დაცული იყოს.","According to him, it is important for the life of the Church that the established rule be observed."
05_ge_Archpriest_Andria.csv,"„დღეს იქნება სინოდზე სამი საპატრიარქო კანდიდატის გამორჩევა და შემდგომი სინოდი, გაფართოებული სხდომა იქნება უკვე პატრიარქის გამოსავლენად.","“Today, three patriarchal candidates will be selected at the synod, and the subsequent synod, an expanded session, will then be held to choose the patriarch."
05_ge_Archpriest_Andria.csv,"კრიტერიუმებში ჩვენ ვკითხულობთ, რომ უნდა იყოს ქართველი, უნდა იყოს ბერი, უნდა იყოს სინოდის წევრი, უნდა ჰქონდეს განათლება და ასაკზე არის მითითება, რომ 40 წელი უნდა ჰქონდეს შესრულებული და არაუმეტეს 70 წლისა უნდა იყოს.","In the criteria, we read that he must be Georgian, must be a monk, must be a member of the Synod, must have an education, and there is an age requirement stating that he must be at least 40 years old and no older than 70."
05_ge_Archpriest_Andria.csv,"მე ვარ მათემატიკოსი, სიტყვა არაუმეტეს 70 წლისა, ნიშნავს, რომ 70-ს ნებისმიერი დროის დამატებით უკვე აღარ არის არაუმეტეს 70-ისა. ანუ 70-ს პლუს რაღაც დღეები და თვეები, უკვე უმეტეს 70-ისაა, როგორც მათემატიკოსისთვის, ჩემთვის, ეს არის სრულიად წყალი, თუმცა, ვნახოთ, სინოდი ამაზე რა გადაწყვეტილებას მიიღებს.","I am a mathematician, and the phrase “no more than 70 years old” means that once you add any amount of time to 70, it is no longer no more than 70. In other words, 70 plus some days and months is already more than 70. As a mathematician, for me, this is completely obvious; however, let’s see what decision the synod will make about this."
05_ge_Archpriest_Andria.csv,"მეორე არის, რომ მართვა-გამგეობის დებულების შეცვლის უფლება არ აქვს ამ სინოდს და უნდა იხელმძღვანელოს მკაცრად მართვა- გამგეობის დებულებით. განათლების თემას რაც შეეხება, როგორ წარმოგიდგენიათ, როდესაც ადამიანს დიპლომი არ აქვს და სამსახურში ვაკანსიაზე შეაქვს განცხადება, რას იტყვის, რომ დიპლომი არ მაქვს, მაგრამ განათლებული ადამიანი ვარო?! ეს არც ერთ სამსახურში არ გაჭრის.","The second point is that this synod does not have the right to change the statute of governance and must strictly follow the statute of governance. As for the issue of education, how do you imagine that when a person does not have a diploma and applies for a job vacancy, what will he say—“I don’t have a diploma, but I am an educated person”? That would not work in any job."
05_ge_Archpriest_Andria.csv,"ყველა საკითხი შეიძლება დადგეს ინტერპრეტაციის ქვეშ, მაგალითად, დადგეს საკითხი, რას ნიშნავს ქართველი. მე მყავდა მეგობარი, იეზიდი და შინაგანად იყო ძალიან კარგი ქართველი, ახლა ასე თუ ვიმსჯელებთ, ყველაფერი შეიძლება ეჭვქვეშ დავაყენოთ. არსებობს ასეთი ცნებაც „ფარული ბერები“ და ახლა აქ კრიტერიუმში წერია ბერი - „ფარული ბერი“ ნიშნავს, რომ აღკვეცილი არ არის, მაგრამ ბერულად ცხოვრობს ანუ ყველაფერი შეიძლება დადგეს ინტერპრეტაციის ქვეშ. ასე რომ, მე ვფიქრობ, ძალიან მნიშვნელოვანია ეკლესიის ცხოვრებისთვის, რომ წესი, რომელიც განსაზღვრულია, იყოს დაცული.","All matters can be subject to interpretation; for example, the question may arise as to what “Georgian” means. I had a friend, a Yazidi, who was inwardly a very good Georgian; now, if we reason in this way, everything can be called into question. There is also such a concept as “hidden monks,” and here in the criterion it says monk — a “hidden monk” means someone who has not been tonsured, but lives as a monk; that is, everything can be subject to interpretation. So I think it is very important for the life of the Church that the rule that has been defined be observed."
05_ge_Archpriest_Andria.csv,"უმეტესობა ეპარქიებიდან უკვე მივიღეთ ინფორმაცია დელეგატების შესახებ,“-განაცხადა ანდრია ჯაღმაიძემ.","“We have already received information about the delegates from most dioceses,” said Andria Jaghmaidze."
06_ge_Armaz_Akhvlediani.csv,"არმაზ ახვლედიანი - ხელისუფლება მხარს უჭერდა მეუფე შიოს, ეს ცხადზე ცხადია, ის ჩარეული იყო და არის - ეს დავინახეთ და მაქვს ეჭვი, დავინახავთ ისტორიული სინოდის დაწყებამდეც, სადაც უნდა გამოირჩიონ პატრიარქი (28.04.2026, 19:37)","Armaz Akhvlediani - The authorities supported Metropolitan Shio, that is crystal clear, he was involved and still is - we saw this, and I have a suspicion that we will see it even before the start of the historic synod, where the Patriarch is supposed to be elected (28.04.2026, 19:37)"
06_ge_Armaz_Akhvlediani.csv,"შესაძლოა საბოლოო სხდომისთვის, სადაც პატრიარქი უნდა გამოირჩიოს სინოდმა, გარკვეულწილად შეიცვალოს კონფიგურაცია - დაწინაურდა მეუფე შიო, მაგრამ არ ვიჩქარებდი და საბოლოო დასკვნას არ გავაკეთებდი, - ამის შესახებ პოლიტიკოსმა არმაზ ახვლედიანმა „პალიტრანიუსის“ გადაცემაში „რეზიუმე“ განაცხადა.","For the final session, where the Patriarch is to be chosen by the Synod, the configuration may change somewhat — Bishop Shio has been promoted, but I would not rush and would not draw a final conclusion, - politician Armaz Akhvlediani said in the “Resume” program on “Palitranews.”"
06_ge_Armaz_Akhvlediani.csv,"არმაზ ახვლედიანის თქმით, ყველაფერი დამოკიდებული იქნება იმაზე, თუ სად წავა დანარჩენი ორი კანდიდატის ხმები.","According to Armaz Akhvlediani, everything will depend on where the votes of the other two candidates go."
06_ge_Armaz_Akhvlediani.csv,"„მთავარი გადაწყვეტილება წინაა, დღეს მხოლოდ კანდიდატები გამოირჩია სინოდის სხდომამ, ჩვენ უკვე ვიცით მონაცემები, ვინ რამდენი ხმა მიიღო. არც ის დაგვავიწყდეს, რომ შესაძლოა, საბოლოო სხდომისთვის, სადაც პატრიარქი უნდა გამოირჩიოს სინოდმა, არ იქნება გამორიცხული, რომ გარკვეულწილად შეიცვალოს კონფიგურაცია. თუმცა კი, დღეს ჩანს, ვინ დაწინაურდა, დაწინაურდა მეუფე შიო, მაგრამ არ ვიჩქარებდი და საბოლოო დასკვნას არ გავაკეთებდი, სხვებისგან განსხვავებით.","“The main decision lies ahead; today the Synod session only selected the candidates. We already know the figures, who received how many votes. Let us not forget either that by the final session, where the Synod is to choose the Patriarch, it is not impossible that the configuration may change to some extent. However, today it is clear who has moved ahead: Bishop Shio has moved ahead, but I would not rush and would not draw a final conclusion, unlike others.”"
06_ge_Armaz_Akhvlediani.csv,"დღეს პატრიარქს არ ირჩევდნენ, დღეს მხოლოდ სამი კანდიდატი იქნა დასახელებული და მაშინ, როდესაც ერთი იქნება გამოსარჩევი, შესაძლოა დანარჩენი ორი შეთანხმდეს იმაზე, სად წავა მათი და აგრეთვე სხვების ხმები“, - განაცხადა არმაზ ახვლედიანმა.","“Today, the patriarch was not being elected; today only three candidates were nominated, and when one is to be chosen, the other two may agree on where their votes, as well as the votes of others, will go,” said Armaz Akhvlediani."
06_ge_Armaz_Akhvlediani.csv,"არმაზ ახვლედიანის განცხადებით, ცხადზე ცხადია, რომ ხელისუფლება საპატრიარქო არჩევნებში ერევა და მხარს უჭერს მეუფე შიოს.","According to Armaz Akhvlediani, it is crystal clear that the government is interfering in the Patriarchate elections and supporting Bishop Shio."
06_ge_Armaz_Akhvlediani.csv,"„ხელისუფლება მხარს უჭერდა მეუფე შიოს, ეს ცხადზე ცხადია. ის ჩარეული იყო და არის. მოდით პირდაპირ ვთქვათ, ყველა სახელისუფლო მედია, დილიდან საღამომდე, აქტიურად, ყველა კონტექსტში, რა თემაზეც არ უნდა ესაუბრათ, პირდაპირ თუ ირიბად მხარს უჭერდა ამ ერთ კანდიდატს. ეს თუ ჩარევა არ არის, მაშინ ჩარევა რა არის?! რაც შეეხება სხვა გზით ჩარევას, მე ამაზე ვერ ვისაუბრებ, არ მაქვს არცერთი ფაქტი, რომ მქონდეს ვიტყოდი. მაგრამ, მაქვს საფუძვლიანი ეჭვი და ვარაუდი, რომ უკეთურ ხელისუფლებას ყველა დროში აქვს ზემოქმედების, ზეგავლენის, ზეწოლის ბერკეტი, მით უფრო იმ ხელისუფლებას, რომელსაც ავტორიტეტი აქვს განადგურებული და სჭირდება, რომ რაღაცას ჩაებღაუჭოს, ამ შემთხვევაში ინერციით მიღებულ ავტორიტეტს ეკლესიის და ეს გამოიყენოს სათავისოდ. ეს ჩვენ დავინახეთ ამ ხნის განმავლობაში და მე ეჭვი მაქვს, ამას ისტორიული სინოდის დაწყებამდეც დავინახავთ, სადაც უნდა გამოირჩიონ საბოლოო პატრიარქი“, - განაცხადა არმაზ ახვლედიანმა.","“The authorities supported Bishop Shio, that is crystal clear. He was and is involved. Let’s say it directly: all government-aligned media, from morning till evening, actively, in every context, no matter what topic they were discussing, directly or indirectly supported this one candidate. If that is not interference, then what is interference?! As for interference by other means, I cannot speak about that; I have no facts. If I did, I would say so. But I have a well-founded suspicion and assumption that an ill-intentioned government always has levers of influence, pressure, and sway, especially a government whose authority has been destroyed and which needs to cling to something—in this case, the authority of the Church, gained by inertia—and use it for its own benefit. We have seen this over this period, and I suspect we will see it even before the start of the historical synod, where the final patriarch is supposed to be chosen,” said Armaz Akhvlediani."
06_ge_Armaz_Akhvlediani.csv,"ინფორმაციისთვის, წმინდა სინოდმა სამი საპატრიარქო კანდიდატი გამოარჩია. სინოდის გადაწყვეტილებით, პატრიარქობის კანდიდატები იქნებიან: საპატრიარქო ტახტის მოსაყდრე, სენაკისა და ჩხოროწყუს მიტროპოლიტი შიო (მუჯირი), ურბნისისა და რუისის ეპარქიის მიტროპოლიტი იობი და ფოთისა და ხობის მიტროპოლიტი გრიგოლი.","For your information, the Holy Synod has selected three patriarchal candidates. According to the Synod’s decision, the candidates for the patriarchate will be: the locum tenens of the patriarchal throne, Metropolitan Shio (Mujiri) of Senaki and Chkhorotsku; Metropolitan Job of the Urbnisi and Ruisi eparchy; and Metropolitan Grigol of Poti and Khobi."
06_ge_Armaz_Akhvlediani.csv,"როგორც საპატრიარქოს საზოგადოებასთან ურთიერთობის სამსახურის უფროსმა დეკანოზმა ანდრია ჯაღმაიძემ ჟურნალისტებს განუცხადა, საპატრიარქო ტახტის მოსაყდრე შიომ მიიღო 20 ხმა, დანარჩენმა ორმა კანდიდატმა კი მიიღო 7-7 ხმა.ამასთან, მისივე განმარტებით, სხვა კანდიდატები იყვნენ მეუფე გრიგოლ კაცია, მეუფე დოსითეოსი და მეუფე მელქისედეკი.","As the head of the Patriarchate’s Public Relations Service, Archpriest Andria Jagmaidze, told journalists, the locum tenens of the Patriarchal throne, Shio, received 20 votes, while the other two candidates received 7 votes each. He also explained that the other candidates were Metropolitan Grigol Katia, Metropolitan Dositeos, and Metropolitan Melkisedek."
07_ge_Giorgi_Sharashidze.csv,"გიორგი შარაშიძე - რა ვიცე-პრემიერობაზე და სახელმწიფო მინისტრობაზეა საუბარი, კაბინეტსაც კი არ აძლევენ ნორმალურს, აპარატიც არ ექნება და მდივანიც არ ეყოლება - მდინარაძეს ვურჩევდი, ამ კაბინეტზეც ძალიან ნუ ჩაიციკლება და დისტანციურად იმუშაოს (28.04.2026, 12:04)","Giorgi Sharashidze - What vice-premiership and state minister position are we talking about? They won’t even give him a proper office; he won’t have an apparatus, and he won’t even have a secretary. I would advise Mdinaradze not to get too fixated on this office either and to work remotely (28.04.2026, 12:04)"
07_ge_Giorgi_Sharashidze.csv,"რა ვიცე-პრემიერობაზე და სახელმწიფო მინისტრობაზეა საუბარი, კაბინეტსაც კი არ აძლევენ ნორმალურს, აპარატიც არ ექნება და მდივანიც არ ეყოლება მდინარაძეს - ვურჩევდი, რომ ამ კაბინეტზეც ძალიან ნუ იქნება ჩაციკლული და დისტანციურად იმუშაოს სახლიდან, - ამის შესახებ პარტია „გახარია საქართველოსთვის” დეპუტატმა, გიორგი შარაშიძემ, სამართალდამცავი ორგანოების კოორდინირებისთვის სახელმწიფო მინისტრის თანამდებობის შექმნაზე საუბრისას განაცხადა. მისი თქმით, გენერალ-კოორდინატორის დანიშვნა არაფერს არ შეცვლის გარდა იმისა, რომ ეს მისი „დროებითი დაკმაყოფილება და პენსიაზე გაშვება იქნება“.","“What vice-premiership and state minister position are we talking about? They won’t even give him a proper office; he won’t have staff or even a secretary. I would advise Mdinaradze not to get too fixated on this office either and to work remotely from home,” said Giorgi Sharashidze, a member of the “Gakharia for Georgia” party, while speaking about the creation of the position of State Minister for coordinating law enforcement agencies. According to him, appointing a general coordinator will change nothing except that it will be his “temporary appeasement and sending him into retirement.”"
07_ge_Giorgi_Sharashidze.csv,"„დაგეგმილ ცვლილებებს ჩვენი ქვეყნის მოქალაქეების პრობლემების და საქართველოს უსაფრთხოების საკითხების პრობლემების გადაჭრასთან არანაირი კავშირი არ აქვს. ეს არის არაფორმალური მმართველობის მორიგი გამოვლინება. „ოცნებას“ და იმ 89 დეპუტატს, რომელიც პარლამენტში ზის, არ აქვს, გარდა იმისა, რომ ივანიშვილის გადაწყვეტილებები, რომელსაც მათ არავინ არ უთანხმებს, უბრალოდ „გააპრავონ”. რა ვიცე-პრემიერობაზე და სახელმწიფო მინისტრობაზეა საუბარი, კაბინეტსაც კი არ აძლევენ ნორმალურს, აპარატიც არ ექნება და მდივანიც არ ეყოლება მდინარაძეს. მას ვურჩევდი, რომ ამ კაბინეტზეც ძალიან ნუ იქნება ჩაციკლული და დისტანციურად იმუშაოს მაშინ, სახლიდან.","“The planned changes have nothing to do with solving the problems of our country’s citizens or the issues of Georgia’s security. This is yet another manifestation of informal governance. ‘Dream’ and the 89 MPs sitting in parliament have no role other than to simply ‘justify’ Ivanishvili’s decisions, which no one consults them about. What vice-premiership and state minister position are we talking about? They are not even being given a proper office; Mdinaradze will not have an administration or even a secretary. I would advise him not to get too fixated on this office either and to work remotely from home instead.”"
07_ge_Giorgi_Sharashidze.csv,"თუ კოორდინაცია არის ასეთი მნიშვნელოვანი - კოორდინაციისთვის სუს-ის ხელმძღვანელს ექვს თვეში არ ხსნიან. სახელმწიფო უსაფრთხოების სამსახური ექვსი წლის ვადით შემთხვევით არ ინიშნება - ეს ჩანაწერი კანონში შემთხვევით არ არის. ვხედავთ, რომ ბოლო ერთ წელიწადში უკვე ორი სუს-ის უფროსი შეიცვალა. ეს მიუთითებს არასტაბილურ გარემოზე და არაფორმალურ მმართველობაზე. ადამიანს ერთ დღეში გენერლობა მიანიჭეს დილით და საღამოს კოორდინატორად დააქვეითეს - ამ ადამიანისგან რა განსაკუთრებული მოლოდინები უნდა შევქმნათ?","If coordination is so important, then the head of the State Security Service is not dismissed after six months for the sake of coordination. The State Security Service is not appointed for a six-year term by accident — this provision is not in the law by accident. We can see that in the past year alone, two heads of the State Security Service have already been replaced. This indicates an unstable environment and informal governance. A person was granted the rank of general in the morning and demoted to coordinator in the evening on the same day — what special expectations should we have from such a person?"
07_ge_Giorgi_Sharashidze.csv,"რაც შეეხება კოორდინატორობას - თავად „ოცნებამ“ შემოიტანა ეს ტერმინი და გუშინ ჩვენი ერთ-ერთი ლიდერი გიგა ფარულავა, იურიდიული კომიტეტის სხდომაზე, როდესაც ფაქტს ამბობდა, რომ კოორდინატორად ნიშნავთო, ისეთი გაღიზიანება მოჰყვა, ლექსიკა და ტონი დაუწუნეს. ეს კოორდინატორი „ოცნების“ მიერ შემოღებული ტერმინია და თუ მათთვის ეს შეურაცხმყოფელია, მაშინ თავად ახსნან საერთოდ საიდან მოიტანეს ეს ტერმინი. ამიტომ, როდესაც ვამბობთ, რომ ეს გენერალ-კოორდინატორის დანიშვნა არაფერს არ შეცვლის გარდა იმისა, რომ უბრალოდ ეს იქნება რაღაცა მისი დაკმაყოფილება დროებით და პენსიაზე გაშვება, ეს არის რეალობა“, - განაცხადა შარაშიძემ.","As for the coordinator role, it was “Dream” itself that introduced this term, and yesterday one of our leaders, Giga Parulava, at the session of the Legal Committee, when he stated the fact that you are appointing someone as a coordinator, it caused such irritation that they criticized his wording and tone. This coordinator is a term introduced by “Dream,” and if it is offensive to them, then they should explain where they even got this term from. Therefore, when we say that this appointment of a general coordinator will change nothing except that it will simply be some kind of temporary appeasement and a sending off into retirement, that is the reality,” Sharashidze said."
07_ge_Giorgi_Sharashidze.csv,"ცნობისთვის, პარლამენტი დაჩქარებული წესით იხილავს კანონის პროექტს, რომლის საფუძველზეც საქართველოს მთავრობის შემადგენლობაში სამართალდამცავი ორგანოების კოორდინაციის საკითხებში სახელმწიფო მინისტრის თანამდებობის შემოღება ხდება.","For your information, Parliament is considering, under an expedited procedure, a draft law on the basis of which the position of State Minister for Coordination of Law Enforcement Agencies is being introduced within the composition of the Government of Georgia."
07_ge_Giorgi_Sharashidze.csv,"პროექტის მიხედვით, ახალი სახელმწიფო მინისტრის საქმიანობას მატერიალურ-ტექნიკურად და ორგანიზაციულად მთავრობის ადმინისტრაცია უზრუნველყოფს.","According to the project, the Government Administration will provide the new State Minister’s activities with material-technical and organizational support."
07_ge_Giorgi_Sharashidze.csv,"მთავრობის საპარლამენტო მდივნის ვახტანგ ბაჩიაშვილის ინფორმაციით, სახელმწიფო მინისტრის უფლებამოსილებები მთავრობის დადგენილებაში დაზუსტდება, სადაც მისი რუტინული თუ სტრატეგიული უფლებამოსილებები გაიწერება.","According to Vakhtang Bachiashvili, the Parliamentary Secretary of the Government, the powers of the State Minister will be specified in a government decree, where his routine and strategic responsibilities will be outlined."
07_ge_Giorgi_Sharashidze.csv,სამართალდამცავი ორგანოების კოორდინაციის საკითხებში სახელმწიფო მინისტრის თანამდებობაზე მამუკა მდინარაძე დაინიშნება.,Mamuka Mdinaradze will be appointed to the position of State Minister for Coordination Issues of Law Enforcement Agencies.
08_ge_Classification_wine.csv,"ე.წ. მცირე ზომის მარნების კლასიფიკაცია იცვლება - მცირე ზომის მარნად იმ ტიპის ღვინის საწარმო განისაზღვრება, რომლის წლიური წარმადობაც 25 000 ლიტრ ღვინოს არ აღემატება (16.04.2026, 16:24)","The classification of the so-called small wineries is changing - a wine production facility of this type is defined as a small winery if its annual production does not exceed 25,000 liters of wine (16.04.2026, 16:24)"
08_ge_Classification_wine.csv,"ე.წ. მცირე ზომის მარნების კლასიფიკაცია იცვლება - მცირე ზომის მარნად იმ ტიპის ღვინის საწარმო განისაზღვრება, რომლის წლიური წარმადობაც 25 000 ლიტრ ღვინოს არ აღემატება.","The classification of the so-called small wineries is changing — a small winery is defined as a type of wine producer whose annual output does not exceed 25,000 liters of wine."
08_ge_Classification_wine.csv,"გარდა ამისა, სავალდებულო ხდება საქართველოში წარმოებული დაცული ადგილწარმოშობის დასახელების ალკოჰოლიანი სასმელის, საექსპორტოდ და ადგილობრივ სამომხმარებლო ბაზარზე რეალიზაციისათვის განკუთვნილი ყველა კატეგორიის ღვინის ორგანოლეპტიკური შემოწმება. ეს მოთხოვნა იმ ღვინოზე არ გავრცელდება, რომელიც მცირე ზომის მარანში იქნება წარმოებული.","In addition, organoleptic inspection becomes mandatory for alcoholic beverages produced in Georgia with a protected designation of origin, as well as for all categories of wine intended for sale on the export and local consumer markets. This requirement will not apply to wine produced in a small winery."
08_ge_Classification_wine.csv,"შესაბამისი ცვლილებები “ვაზისა და ღვინის შესახებ“ კანონში ხორციელდება, რომელიც გარემოს დაცვისა და სოფლის მეურნეობის სამინისტრომ მოამზადა. პროექტი პარლამენტს მთავრობამ წარუდგინა.","The relevant amendments are being made to the “On Vine and Wine” law, which was prepared by the Ministry of Environmental Protection and Agriculture. The government has submitted the draft to Parliament."
08_ge_Classification_wine.csv,"პროექტის თანახმად, სარეალიზაციოდ განკუთვნილი, სერტიფიცირებული ალკოჰოლიანი სასმელის ნიშანდება სავალდებულო იქნება. ნიშანდებას ღვინის სააგენტო, გარემოს დაცვისა და სოფლის მეურნეობის მინისტრის მიერ დადგენილი წესით განახორციელებს.","According to the project, labeling of certified alcoholic beverages intended for sale will be mandatory. The labeling will be carried out by the Wine Agency in accordance with the procedure established by the Minister of Environmental Protection and Agriculture."
08_ge_Classification_wine.csv,"„ვაზისა და ღვინის შესახებ“ მოქმედი კანონის გათვალისწინებით, მცირე ზომის მარანში მოიაზრებოდა მეწარმე, რომელსაც ტრადიციული საოჯახო მარანი აქვს და რომლის წლიური წარმადობა 40 000 ლიტრს არ აღემატება. ცვლილებებით, ეს რაოდენობა 40 000-დან 25 000 ლიტრამდე მცირდება.","“Regarding grapes and wine,” under the current law, a small winery was understood to mean an entrepreneur who has a traditional family winery and whose annual production does not exceed 40,000 liters. Under the amendments, this amount is reduced from 40,000 to 25,000 liters."
08_ge_Classification_wine.csv,"„ვინაიდან მცირე ზომის მარნის ცნებამ და ჭარბმა წარმადობამ ფაქტიურად მისივე მნიშვნელობა დაკარგა, ამ ტერმინში ცვლილების განხორციელების და მცირე ზომის მარანში წარმოებული ღვინის წარმადობის ოდენობის შემცირების საჭიროება დგება.","“Since the concept of a small winery and excess production has, in effect, lost its meaning, there is a need to revise this term and reduce the production volume of wine produced in a small winery."
08_ge_Classification_wine.csv,"გასათვალისწინებელია, რომ აღნიშნული ღვინო ორგანოლეპტიკური მახასიათებლებით, გემოვნური თვისებებით საერთო ზეგავლენას ახდენს ქართული ღვინის რეპუტაციაზე, როგორც ადგილობრივ, ასევე საერთაშორისო ბაზრებზე. სწორედ ამ საკითხის რეგულირებისათვის მნიშვნელოვანია სახლის ღვინის ნაცვლად, ახალი კატეგორიის - ბუნებრივი ღვინის დამატება, რომელზეც არ გავრცელდება სავალდებულო ორგანოლეპტიკური შემოწმება მხოლოდ იმ შემთხვევაში თუ წარმოებულია მცირე ზომის მარანში და ამავდროულად, აღნიშნული ღვინის ეტიკეტზე განთავსდება ბუნებრივი ღვინისათვის განკუთვნილი შესაბამისი ნიშანი, რაც მომხმარებლის წინასწარ ინფორმირებას უზრუნველყოფს თავად პროდუქტის შესახებ.","It should be taken into account that this wine, by its organoleptic characteristics and taste qualities, has an overall impact on the reputation of Georgian wine in both local and international markets. For this very reason, in order to regulate this issue, it is important to introduce a new category—natural wine—instead of home wine, which would not be subject to mandatory organoleptic inspection only if it is produced in a small winery. At the same time, the label of such wine would bear the appropriate mark designated for natural wine, thereby ensuring that consumers are informed in advance about the product itself."
08_ge_Classification_wine.csv,"ამასთან, მნიშვნელოვანია ქართული ღვინის ხარისხისა და რეპუტაციის შენარჩუნება როგორც ადგილობრივ, ასევე საერთაშორისო ბაზრებზე და შესაბამისად, მომხმარებლისათვის მაღალი ხარისხის პროდუქტის მიწოდების უზრუნველსაყოფად აუცილებელი ხდება, ყველა კატეგორიის ღვინო - როგორც საექსპორტო, ასევე ადგილობრივ ბაზარზე სარეალიზაციოდ განკუთვნილი - ორგანოლეპტიკურ შემოწმებას დაექვემდებაროს.","At the same time, it is important to maintain the quality and reputation of Georgian wine in both local and international markets, and accordingly, in order to ensure the delivery of a high-quality product to consumers, it becomes necessary for all categories of wine—both those intended for export and those intended for sale on the local market—to be subjected to organoleptic inspection."
08_ge_Classification_wine.csv,"ზემოაღნიშნულიდან გამომდინარე, საკითხის რეგულირებისა და შესაბამისი მექანიზმების დანერგვის მიზნით, მიზანშეწონილია ალკოჰოლიან სასმელზე ნიშანდების შემოღება და ორგანოლეპტიკური შემოწმების ფარგლების გაფართოება”, - განმარტავს გარემოს დაცვისა და სოფლის მეურნეობის სამინისტრო კანონის პროექტზე თანდართულ განმარტებით ბარათში.","“Based on the above, in order to regulate the issue and introduce the relevant mechanisms, it is advisable to introduce labeling for alcoholic beverages and expand the scope of organoleptic inspection,” explains the Ministry of Environmental Protection and Agriculture in the explanatory note attached to the draft law."
09_ge_Grigol_Gegelia.csv,"გრიგოლ გეგელია - პაველ ჰერჩინსკის საგარეო საქმეთა სამინისტროში დაბარება არის კიდევ ერთი ნათელი დასტური იმისა, რომ ეს ხელისუფლება ემსახურება ანტიქართულ მიზნებსა და მისწრაფებებს (27.04.2026, 12:12)","Grigol Gegelia - Summoning Pawel Herczynski to the Ministry of Foreign Affairs is yet another clear proof that this government serves anti-Georgian goals and aspirations (27.04.2026, 12:12)"
09_ge_Grigol_Gegelia.csv,"ჰერჩინსკის დაბარება არის კიდევ ერთი ნათელი დასტური იმისა, რომ ეს ხელისუფლება ყოველთვის ემსახურება ანტიქართულ მიზნებსა და მისწრაფებებს, - ამის შესახებ „ლელო- ძლიერი საქართველოს“ საგარეო მდივანმა გრიგოლ გეგელიამ ევროკავშირის ელჩის პაველ ჰერჩინსკის დაბარებასთან დაკავშირებით განაცხადა.","The summoning of Herchynski is yet another clear proof that this government always serves anti-Georgian goals and aspirations,"" said Grigol Gegelia, Foreign Secretary of ""Lelo - Strong Georgia,"" regarding the summoning of EU Ambassador Pawel Herchynski."
09_ge_Grigol_Gegelia.csv,"გეგელიას თქმით, იმ დროს, როდესაც საგარეო უწყების მიერ დაბარებულები არ არიან ირანის და უნგრეთის ელჩები, საქართველოს სტრატეგიული პარტნიორების წარმომადგენლების დაბარება აჩვენებს, რომ „ქართული ოცნების“ ხელისუფლება ქვეყნის სტრატეგიული ინტერესების დაზიანებას ემსახურება.","According to Gegelia, at a time when the ambassadors of Iran and Hungary have not been summoned by the Foreign Ministry, summoning representatives of Georgia’s strategic partners shows that the “Georgian Dream” government is serving to damage the country’s strategic interests."
09_ge_Grigol_Gegelia.csv,"„იმ დროს, როდესაც ირანის ელჩი არ არის დაბარებული და არ არის გამოკითხული იმასთან დაკავშირებით თუ რატომ ემუქრებოდა ქართველ ხალხს ასეთი ენით, იმ დროს, როდესაც უნგრეთის ელჩი არ დაუბარებიათ და არ უკითხავთ რუსეთის ჯაშუში რომ მუშაობდა 4 წლის განმავლობაში საქართველოში, რასთან გვქონდა შეხება, იყო თუ არა უნგრეთი ინფორმირებული და როგორ უნდა აღვიქვათ ეს, რომ უნგრული დიპლომატიური საფარის ქვეშ ამ ქალაქში მუშაობდა, მაღალი ალბათობით, რუსეთის ჯაშუში და ასეთ ვითარებაში ბოჭორიშვილი საკუთარ თავს უფლებას აძლევს, რომ თავს დაესხას ყველა იმ ელჩს, რომელიც არის ამ ქვეყნის სტრატეგიული პარტნიორი სახელმწიფოს წარმომადგენელი. იქნება ეს ილიას სახელმწიფო უნივერსიტეტზე გაკეთებული განცხადების გამო თუ ელემენტარული პროდემოკრატიული განცხადებების გამო, იბარებს საქმის გასარჩევად იმ სახელმწიფოების ელჩებს, რომლებიც არიან ჩვენი ქვეყნის ყველაზე მნიშვნელოვანი სტრატეგიული პარტნიორები. ეს თვალნათლივ ადასტურებს, რომ ე.წ. ხელისუფლება არის საქართველოს მტრული ხელისუფლება, რომელიც ყველაფერს აკეთებს ჩვენი ქვეყნის ეროვნული საშინაო თუ საგარეო პოლიტიკური ინტერესების დასაზიანებლად,“ - განაცხადა გრიგოლ გეგელიამ.","“At a time when the Iranian ambassador has not been summoned and questioned about why he was threatening the Georgian people in such language, at a time when the Hungarian ambassador has not been summoned and asked about a Russian spy who worked in Georgia for 4 years, what exactly we were dealing with, whether Hungary was informed, and how we should understand the fact that, under the cover of Hungarian diplomatic protection, a Russian spy was likely operating in this city, Bochorishvili now allows herself to attack all those ambassadors who represent states that are strategic partners of this country. Whether because of a statement made about Ilia State University or because of elementary pro-democratic statements, she summons for clarification the ambassadors of those states that are our country’s most important strategic partners. This clearly confirms that the so-called government is an anti-Georgian government, which is doing everything to damage our country’s national domestic and foreign policy interests,” said Grigol Gegelia."
09_ge_Grigol_Gegelia.csv,"შეგახსენებთ, ევროკავშირის ელჩმა საქართველოში პაველ ჰერჩინსკიმ ბრიუსელში, ევროპის საგარეო ქმედებათა სამსახურში, სადაც დოკუმენტური ფოტოგამოფენა „საქართველო ფოკუსში“ გაიხსნა, აღნიშნა, რომ საქართველო სწორ ტრაექტორიაზე აღარ იმყოფება. ელჩის თქმით, „ხელისუფლებამ აირჩია ალტერნატიული, ავტორიტარიზმის მოდელი და საქართველოს ევროკავშირს აშორებს“. „საქართველო გზაგასაყარზე დგას. საქართველოს მომავალი ჯერ არ დაწერილა, მაგრამ ის, რაც მომავალ კვირებსა და თვეებში გადაწყდება, განსაზღვრავს, ეკუთვნის საქართველო ევროპული ქვეყნების ოჯახს, რომელიც დაფუძნებულია დემოკრატიაზე, კანონის უზენაესობასა და ადამიანის უფლებებზე, თუ სამწუხაროდ, თავის ბნელ წარსულს დაუბრუნდება. ჩემი მთავარი გზავნილი ქართველი ხალხის მიმართ არის „ნუ დაკარგავთ იმედის“. ჩვენ არ უნდა დავუშვათ, რომ საქართველო და შესანიშნავი, თბილი, სტუმართმოყვარე ქართველი ხალხი დაბრუნდეს ძალადობის, სამოქალაქო ომის, სიღარიბის, გაჭირვების, კორუფციის ბნელ დროში. ეს არ არის ის მომავალი, რომელსაც ისინი იმსახურებენ.როგორც კი ხელისუფლება გამოთქვამს ჩვენთან თანამშრომლობის სურვილს, ჩვენ ყველაფერს გავაკეთებთ იმისათვის, რომ დავეხმაროთ საქართველოს გახდეს ევროკავშირის წევრი“, - განაცხადა ჰერჩინსკიმ, რომლის ციტატასაც „ნეტგაზეთი“ ავრცელებს.","Let me remind you that the EU Ambassador to Georgia, Pawel Herczyński, speaking in Brussels at the European External Action Service, where the documentary photo exhibition “Georgia in Focus” was opened, noted that Georgia is no longer on the right trajectory. According to the ambassador, “the government has chosen an alternative model of authoritarianism and is moving Georgia away from the European Union.”

“Georgia stands at a crossroads. Georgia’s future has not yet been written, but what is decided in the coming weeks and months will determine whether Georgia belongs to the family of European countries based on democracy, the rule of law, and human rights, or whether, unfortunately, it returns to its dark past. My main message to the Georgian people is: ‘Do not lose hope.’ We must not allow Georgia and the wonderful, warm, hospitable Georgian people to return to the dark times of violence, civil war, poverty, hardship, and corruption. This is not the future they deserve. As soon as the government expresses a desire to cooperate with us, we will do everything possible to help Georgia become a member of the European Union,” Herczyński said, as quoted by Netgazeti."
09_ge_Grigol_Gegelia.csv,"აღნიშნული განცხადების შემდეგ, ელჩი საგარეო უწყებაში დაიბარეს.","Following this statement, the ambassador was summoned to the Ministry of Foreign Affairs."
10_ge_Shalva_Papuashvili.csv,"შალვა პაპუაშვილი - ზოგიერთი ევროპელი ბიუროკრატი გეოგრაფიაში ვერ ერკვევა, ჰგონია, რომ საქართველოს შეიძლება თავზე გადაახტე და ევროპა აზიას დააკავშირო - გეოგრაფიასთან ჭიდილი ჯერ არავის მოუგია (06.05.2026, 17:39)","Shalva Papuashvili - Some European bureaucrats do not understand geography; they think that you can jump over Georgia and connect Europe to Asia - no one has ever won a fight against geography yet (06.05.2026, 17:39)"
10_ge_Shalva_Papuashvili.csv,"ზოგიერთ ევროპელ ბიუროკრატს ჰგონია, რომ საქართველოს შეიძლება თავზე გადაახტე და ევროპა აზიას ისე დააკავშირო - გეოგრაფიასთან ჭიდილი ჯერ არავის მოუგია! - ამის შესახებ დღეს პარლამენტის თავმჯდომარემ შალვა პაპუაშვილმა განაცხადა.",Some European bureaucrats think that Georgia can be jumped over and Europe and Asia can be connected that way — but no one has ever won a fight against geography! — Parliament Speaker Shalva Papuashvili said this today.
10_ge_Shalva_Papuashvili.csv,"პაპუაშვილის თქმით, “ის ბიუროკრატები, რომლებიც ფიქრობენ, რომ საქართველოს გვერდის ავლით და საქართველოს ვერ დანახვით რაიმეს შეძლებენ, გეოგრაფიასთან კიდევ ერთხელ დამარცხდებიან“.","According to Papuashvili, “those bureaucrats who think that they can achieve something by bypassing Georgia and not seeing Georgia will once again be defeated by geography.”"
10_ge_Shalva_Papuashvili.csv,"“საუკუნეები ასეა - აბრეშუმის გზამ აქ ტყუილად კი არ გაიარა... გაიარა იმიტომ, რომ მაშინაც, ისევე როგორც ახლა, ეს იყო ყველაზე მოკლე და ყველაზე უსაფრთხო დამაკავშირებელი გზა ევროპასა და აზიას შორის. ზოგიერთი ბიუროკრატი გეოგრაფიაში ვერ ერკვევა. როგორც ამის წინ ერთ-ერთ სიუჟეტში ვნახეთ, მათ შორის საფრანგეთის ევროპის საქმეთა მინისტრმა ირანი რუკაზე ვერ მოძებნა. ასევე ვერ მოძებნიან ხოლმე თუ სად არის საქართველო. ზოგიერთ ევროპელ ბიუროკრატს ჰგონია, რომ საქართველოს შეიძლება თავზე გადაახტე და ევროპა აზიას ისე დააკავშირო - გეოგრაფიასთან ჭიდილი ჯერ არავის მოუგია“, - განაცხადა შალვა პაპუაშვილმა.","“Centuries have been like this — the Silk Road did not pass through here for nothing... It passed because then, just as now, this was the shortest and safest connecting route between Europe and Asia. Some bureaucrats are not well versed in geography. As we saw in one of the previous reports, among them the French Minister for European Affairs could not find Iran on the map. They also sometimes cannot find where Georgia is. Some European bureaucrats think that you can simply leap over Georgia and connect Europe to Asia that way — no one has ever won a fight against geography,” said Shalva Papuashvili."
10_ge_Shalva_Papuashvili.csv,"შალვა პაპუაშვილი - ევროპარლამენტის სახით გვყავს საბჭოთა კავშირის სახალხო დეპუტატთა ყრილობის რეინკარნაცია, ხოლო ჩვენ ვფიქრობთ ევროპულად, როგორც დემოკრატიული ქვეყანა, ჩვენს შორის არის ღირებულებითი უფსკრული (06.05.2026,  17:46)","Shalva Papuashvili - In the form of the European Parliament, we have the reincarnation of the Congress of People's Deputies of the Soviet Union, while we think in a European way, as a democratic country; there is a values gap between us (06.05.2026, 17:46)"
10_ge_Shalva_Papuashvili.csv,"ევროპარლამენტის სახით ჩვენ გვყავს საბჭოთა კავშირის სახალხო დეპუტატთა ყრილობის რეინკარნაცია. ჩვენს შორის არის ღირებულებითი უფსკრული. საბჭოთა მენტალიტეტის მქონე ადამიანებთან, გორბაჩოვის თანამებრძოლებთან და ფაშისტური განცხადებებით გამორჩეულ ხალხთან ქართველ ხალხს არაფერი საერთო არ აქვს, - ამის შესახებ პარლამენტის თავმჯდომარემ, შალვა პაპუაშვილმა ჟურნალისტებს ევროპარლამენტის საგარეო საქმეთა კომიტეტის მიერ საქართველოს შესახებ მიღებულ ანგარიშზე დასმული კითხვის საპასუხოდ განუცხადა.","“In the form of the European Parliament, we have the reincarnation of the Congress of People’s Deputies of the Soviet Union. There is a values gap between us. The Georgian people have nothing in common with people who have a Soviet mentality, with Gorbachev’s associates, and with people distinguished by fascist statements,” Parliament Speaker Shalva Papuashvili told journalists in response to a question about the report on Georgia adopted by the European Parliament’s Foreign Affairs Committee."
10_ge_Shalva_Papuashvili.csv,"როგორც პაპუაშვილმა აღნიშნა, ევროპარლამენტთან ქართულ მხარეს სულ უფრო ნაკლები სასაუბრო რჩება.","As Papuashvili noted, the Georgian side has fewer and fewer people left to talk to in the European Parliament."
10_ge_Shalva_Papuashvili.csv,"“ჩვენ ვხედავთ, რომ ამ ხალხთან სასაუბრო სულ უფრო ნაკლები და ნაკლები გვრჩება. ჩვენ ვართ ღირებულებით ორ განსხვავებულ პოლუსზე. ევროპარლამენტის სახით ჩვენ გვყავს საბჭოთა კავშირის სახალხო დეპუტატთა ყრილობის რეინკარნაცია, ამ სიტყვის სრული მნიშვნელობით, ყველაფრით - ესთეტიკით, რასა იუკნევიჩიანეს რუსული აქცენტით, აბსოლუტურად ყველაფრით სრული რეინკარნაცია არის უკვე სახალხო დეპუტატთა ყრილობის, ხოლო ჩვენ ვფიქრობთ ევროპულად, ჩვენ ვფიქრობთ, როგორც დემოკრატიული ქვეყანა, ასე რომ, ჩვენს შორის არის ღირებულებითი უფსკრული. ის რაღაც ღირებულებითი აჯაფსანდალი, რომელიც დღეს ევროპარლამენტში ხდება, ამასთან ჩვენ საერთო არაფერი არ გვაქვს და ვერც გვექნება.","“We see that there is less and less left to talk about with these people. We are on two different value poles. In the form of the European Parliament, we have a reincarnation of the Congress of People’s Deputies of the Soviet Union, in the full meaning of the word, in every respect — the aesthetics, Rasa Juknevičienė’s Russian accent, absolutely everything is a complete reincarnation of the Congress of People’s Deputies already, whereas we think in European terms, we think as a democratic country, so there is a value gap between us. That kind of value jumble that is happening in the European Parliament today has nothing in common with us, and it never can.”"
10_ge_Shalva_Papuashvili.csv,"ევროკავშირის ეს ინსტიტუცია უნდა შეიცვალოს თვისებრივად იმისთვის, რომ საქართველოს პარლამენტსა და საქართველოს შეეძლოს მასთან რაიმე სახის ურთიერთობა. საბჭოთა მენტალიტეტის მქონე ადამიანებთან, გორბაჩოვის თანამებრძოლებთან და ფაშისტური განცხადებებით გამორჩეულ ხალხთან ქართველ ხალხს არაფერი საერთო არ აქვს”, - განაცხადა პაპუაშვილმა.","“This EU institution must be changed qualitatively in order for the Parliament of Georgia and Georgia to be able to have any kind of relationship with it. The Georgian people have nothing in common with people of Soviet mentality, Gorbachev’s associates, and those distinguished by fascist statements,” Papuashvili said."
10_ge_Shalva_Papuashvili.csv,"შალვა პაპუაშვილი - ზელენსკის საქართველოს პრემიერ-მინისტრი სანქცირებულთა სიაში ჰყავს შეყვანილი და ახლა მასთან მისვლა და გასაუბრება მოუწია - ეს მეტყველებს, რამდენად მცდარი იყო უკრაინის ხელისუფლების პოლიტიკა ქართველი ხალხის მიმართ (05.05.2026, 14:59)","Shalva Papuashvili - Zelensky has included Georgia’s Prime Minister on the sanctions list, and now he had to go and speak with him - this shows how misguided the Ukrainian government’s policy toward the Georgian people was (05.05.2026, 14:59)"
10_ge_Shalva_Papuashvili.csv,"ვფიქრობ, ინიციატივა, რომელიც გამოიჩინა პრეზიდენტმა ზელენსკიმ, რომ გასაუბრებოდა საქართველოს პრემიერ-მინისტრს, აჩვენებს, რომ ნებისმიერი პოლიტიკა, რომელიც თავშივე არის უსამართლო, განწირულია მარცხისთვის,- ამის შესახებ საქართველოს პარლამენტის თავმჯდომარემ შალვა პაპუაშვილმა განაცხადა.","“I think the initiative shown by President Zelensky to speak with the Prime Minister of Georgia shows that any policy that is unjust from the outset is doomed to failure,” said Shalva Papuashvili, Speaker of the Parliament of Georgia."
10_ge_Shalva_Papuashvili.csv,"მისი თქმით, უკრაინის პრეზიდენტს საქართველოს პრემიერ-მინისტრი კობახიძე სანქცირებულთა სიაში ჰყავს შეყვანილი და ახლა მასთან მისვლა და გასაუბრება მოუწია.","According to him, the President of Ukraine has included Georgian Prime Minister Kobakhidze on the sanctions list, and now he had to go to him and speak with him."
10_ge_Shalva_Papuashvili.csv,"„ვფიქრობ, ეს თავად მეტყველებს იმაზე, თუ რამდენად მცდარი იყო უკრაინის ხელისუფლების პოლიტიკა ქართველი ხალხის მიმართ და იმედს მიჩენს, რომ ეს არის ნიშანი გადააზრებისა, რომ ქართველი ხალხის წინააღმდეგ მოქმედებას შედეგი არ გამოაქვს და ფსონის დადება იმ ძალებზე, რომლებიც ქართველი ხალხის ღალატით არიან ნაკვები, კარგ შედეგს არ მოუტანს. კიდევ ერთხელ, ჩვენ ყოველთვის ვამბობდით და არა მხოლოდ უკრაინასთან მიმართებით, არამედ ყველა იმ ქვეყანასთან და ხელისუფლებასთან მიმართებით, რომელიც საქართველოს მოსახლეობის მიმართ სხვადასხვა სახის უსამართლო პოლიტიკით არის დაკავებული, რომ ჩვენ ვრჩებით ცალმხრივი მეგობრობის ფორმატში, რაც გულისხმობს იმას, რომ ჩვენ ამ ურთიერთობებში ვართ მართლები. ვინც არასწორი ნაბიჯი გადადგა საქართველოსთან დაკავშირებით, საბოლოო ჯამში, იმედია, რომ გააცნობიერებს საკუთარი ნაბიჯის სიმცდარეს. ჩვენ ყოველთვის მზად ვართ, რომ გადავიაზროთ ყველა ეს ურთიერთობა.","“I think this itself speaks to how misguided the policy of the Ukrainian authorities toward the Georgian people was, and it gives me hope that this is a sign of reconsideration, that acting against the Georgian people does not produce results, and that betting on forces nourished by betrayal of the Georgian people will not bring good results. Once again, we have always said, and not only with regard to Ukraine, but also with regard to all those countries and governments that are engaged in various kinds of unjust policies toward the population of Georgia, that we remain in a one-sided friendship format, which means that we are the ones who are right in these relations. Whoever took the wrong step regarding Georgia will, in the end, hopefully realize the mistake of that step. We are always ready to reconsider all these relations.”"
10_ge_Shalva_Papuashvili.csv,"4 წელზე მეტია უკრაინის ხელისუფლებისგან, სამწუხაროდ, ვხედავთ პოლიტიკას, რომელიც არა თუ ქართველი ხალხის წინააღმდეგ არის მიმართული, უკრაინელის ხალხის ინტერესსაც არ ემსახურება. 4 წელია ვხედავთ, რომ ეს ურთიერთობა სწორედ უკრაინის ხელისუფლების გადაწყვეტილებით არის იმ წერტილზე მისული, სადაც არის. ჩვენ ამ ურთიერთობაში ყოველთვის ხაზს ვუსვამდით, რომ საქართველო და საქართველოს ხელისუფლება ყოველთვის მხარს ვუჭერდით უკრაინელ ხალხს და უკრაინას, არ არსებობს რეზოლუცია რომელსაც ჩვენ მხარი არ დავუჭირეთ. თუკი ვინმეს აქვს ნაბიჯი გადასადგმელი და გამოსასწორებელი, ეს არის უკრაინის ხელისუფლება.","For more than 4 years, unfortunately, we have been seeing from the authorities of Ukraine a policy that is not only directed against the Georgian people, but also does not serve the interests of the Ukrainian people. For 4 years we have seen that this relationship has reached the point where it is precisely because of the decisions of the Ukrainian authorities. In this relationship, we have always emphasized that Georgia and the Georgian government have always supported the Ukrainian people and Ukraine; there is no resolution that we did not support. If anyone has a step to take and a wrong to correct, it is the Ukrainian authorities."
10_ge_Shalva_Papuashvili.csv,"როდესაც შენი ქვეყნის და ხალხის გვერდში მდგომ ხელისუფლების წარმომადგენლებს უწესებ სანქციებს, ეს არის ყველაფერი, გარდა მადლიერების გამოხატვისა. რაც შეეხება სხვა ქცევებს, ყველა ჩვენგანი ვიყავით ამ ყველაფრის მომსწრე, ჩვენი თვალით ვნახეთ და ჩვენი ყურით მოვისმინეთ, როდესაც პრეზიდენტმა ზელენსკიმ პირდაპირ მოითხოვა, რომ საქართველოს ხელისუფლებას მებრძოლები დაეორგანიზებინა და გაეშვა უკრაინაში საომრად და ამით ღიად ჩართულიყო, როგორც მხარე, რუსეთ-უკრაინის ომში. ამას ქართულად ჰქვია „ომში ჩათრევა“, არ ვიცი უკრაინულად რას ეძახიან.“- განაცხადა პაპუაშვილმა.","“When you impose sanctions on the representatives of the government that stands by your country and your people, that is anything but an expression of gratitude. As for the other actions, all of us were witnesses to all of this; we saw it with our own eyes and heard it with our own ears, when President Zelensky directly demanded that the Georgian authorities organize fighters and send them to Ukraine to fight, thereby openly getting involved as a party in the Russia-Ukraine war. In Georgian, this is called ‘dragging into war’; I do not know what they call it in Ukrainian,” Papuashvili said."
10_ge_Shalva_Papuashvili.csv,"შალვა პაპუაშვილი - სიმბოლურია, რომ 9 მაისამდე რამდენიმე დღით ადრე, იუკნევიჩიანე, რომელიც ფაშისტური განცხადებებით გამოირჩევა, რეზოლუციის ავტორია - ევროპარლამენტი თავს აჩენს, როგორც მემკვიდრე საბჭოთა კავშირის სახალხო ყრილობისა (05.05.2026, 14:52)","Shalva Papuashvili - It is symbolic that just a few days before May 9, Juknevičienė, who is known for her fascist statements, is the author of the resolution - the European Parliament is presenting itself as the successor to the Congress of People's Deputies of the Soviet Union (05.05.2026, 14:52)"
10_ge_Shalva_Papuashvili.csv,"რამდენიმე დღეში გვექნება კიდევ ერთი აღნიშვნა ფაშიზმზე გამარჯვების დღისა და სიმბოლურია, რომ 9 მაისამდე რამდენიმე დღით ადრე, იუკნევიჩიანე, რომელიც გამოირჩევა ფაშისტური განცხადებებით ქართველი ხალხის მიმართ, ამ რეზოლუციის ავტორია,- ამის შესახებ საქართველოს პარლამენტის თავმჯდომარემ, შალვა პაპუაშვილმა განაცხადა.","In a few days, we will have another commemoration of Victory over Fascism Day, and it is symbolic that just a few days before May 9, Juknevičienė, who stands out for fascist statements toward the Georgian people, is the author of this resolution,” said the Speaker of the Georgian Parliament, Shalva Papuashvili."
10_ge_Shalva_Papuashvili.csv,"როგორც პაპუაშვილმა ევროპარლამენტის საგარეო საქმეთა კომიტეტის მიერ საქართველოს შესახებ მიღებულ ანგარიშზე დასმული კითხვის საპასუხოდ აღნიშნა, კიდევ ერთხელ ადასტურებს ევროპარლამენტი, რომ დღითიდღე თავს იმკვიდრებს როგორც „საბჭოთა კავშირის საკავშირო სახალხო დეპუტატთა ყრილობის მემკვიდრე“.","As Papuashvili noted in response to a question about the report on Georgia adopted by the European Parliament’s Committee on Foreign Affairs, the European Parliament once again confirms that it is increasingly establishing itself as the “successor to the Congress of People’s Deputies of the Soviet Union.”"
10_ge_Shalva_Papuashvili.csv,"„რაც შეეხება ქართველი ხალხის მიმართ მორიგ მტრულ ანგარიშს, თუ რეზოლუციას, რაც მზადდება, ამაში ახალი არაფერია. კიდევ ერთხელ ადასტურებს ევროპარლამენტი, რომ დღითიდღე თავს იმკვიდრებს როგორც საბჭოთა კავშირის საკავშირო სახალხო დეპუტატთა ყრილობის მემკვიდრე. თავს აჩენს, როგორც მემკვიდრე საბჭოთა კავშირის სახალხო ყრილობისა. რაც გასაკვირი არაა იმის გათვალისწინებით, რომ ვხედავთ საბჭოთა მოქალაქეებს ევროპარლამენტის რიგებში, საბჭოთა ნომენკლატურის თუ ელიტის წარმომადგენლებს, რომლებიც ევროპარლამენტში არიან მოკალათებულები. ვგულისხმობ ბალტიის ქვეყნების და აღმოსავლეთ ევროპის ზოგი ქვეყნის წარმომადგენელს. როგორც მოსკოვის საკავშირო ყრილობა იღებდა მტრულ გადაწყვეტილებებს საქართველოსთან დაკავშირებით, ასევე ბრიუსელის საკავშირო პარლამენტი იღებს დღეს ამგვარ მტრულ გადაწყვეტილებებს.","“As for the next hostile report, or resolution, being prepared against the Georgian people, there is nothing new in it. Once again, the European Parliament confirms that, day by day, it is establishing itself as the heir of the Congress of People’s Deputies of the Soviet Union. It presents itself as the heir of the Soviet Union’s Congress of People’s Deputies. This is not surprising, given that we see Soviet citizens among the ranks of the European Parliament, representatives of the Soviet nomenklatura or elite who have settled in the European Parliament. I am referring to representatives from the Baltic countries and some Eastern European countries. Just as the Moscow union congress used to adopt hostile decisions regarding Georgia, so today the Brussels union parliament is adopting such hostile decisions.”"
10_ge_Shalva_Papuashvili.csv,"ამ რეზოლუციის ანგარიშის ავტორი არის იუკნევიჩიანე, რომელიც გამოირჩევა ფაშისტური განცხადებებით ქართველი ხალხის მიმართ, რაც ნიშანდობლივია. რამდენიმე დღეში გვექნება კიდევ ერთი აღნიშვნა ფაშიზმზე გამარჯვების დღისა და სიმბოლურია, რომ 9 მაისამდე რამდენიმე დღით ადრე, ადამიანი, იუკნევიჩიანე, რომელიც გამოირჩევა ფაშისტური განცხადებებით ქართველი ხალხის მიმართ, ამ რეზოლუციის ავტორია.“,- აღნიშნავს პაპუაშვილი.","“The author of this resolution report is Jučnevičienė, who stands out for fascist statements toward the Georgian people, which is telling. In a few days, we will have another commemoration of Victory over Fascism Day, and it is symbolic that just a few days before May 9, a person, Jučnevičienė, who stands out for fascist statements toward the Georgian people, is the author of this resolution,” Papuashvili notes."
10_ge_Shalva_Papuashvili.csv,"გარდა ამისა, პაპუაშვილის თქმით, „ბრიუსელი და უცხოური დაფინანსებაა სწორედ ის, ვინც საქართველოში კლავს თავისუფალ მედიას, იმორჩილებს მედიას საკუთარი პროპაგანდისთვის“.","In addition, according to Papuashvili, “Brussels and foreign funding are precisely what is killing free media in Georgia, subjugating the media for its own propaganda.”"
10_ge_Shalva_Papuashvili.csv,"რაც შეეხება უვიზო მიმოსვლის გადახედვასთან დაკავშირებულ კითხვას, გრძნობს თუ არა აღნიშნულზე პასუხისმგებლობას „ქართული ოცნება“. პარლამენტის თავმჯდომარის თქმით, „მიხეილ სააკაშვილის ფანკლუბი დაემუქრება ქართველ ხალხს სხვადასხვა ინსტრუმენტებით“.","As for the question related to the review of visa-free travel, does “Georgian Dream” feel responsible for it? According to the Speaker of Parliament, “Mikheil Saakashvili’s fan club will threaten the Georgian people with various instruments.”"
10_ge_Shalva_Papuashvili.csv,"„ევროპარლამენტს რაც შეეხება, მიხეილ სააკაშვილის ფანკლუბი ნუ დაგველაპარაკება ჩვენ რაიმე ღირებულებაზე, რაიმე წესებზე, რაიმე კანონზე, ესენი არიან მიხეილ სააკაშვილის ფანკლუბი და ამით ყველაფერია ნათქვამი.","“As for the European Parliament, let Michael Saakashvili’s fan club not talk to us about any values, any rules, or any laws. They are Michael Saakashvili’s fan club, and that says it all.”"
10_ge_Shalva_Papuashvili.csv,"როდესაც ხარ დიქტატორის, მწამებლის, კორუმპირებული ადამიანის ფანკლუბის წევრი, ეს არის განაჩენი.","When you are a member of the fan club of a dictator, a torturer, a corrupt person, that is a verdict."
10_ge_Shalva_Papuashvili.csv,"გასაგებია, რომ მიხეილ სააკაშვილის ფანკლუბი დაემუქრება ქართველ ხალხს სხვადასხვა ინსტრუმენტებით. ამაში გასაკვირი არაფერია. როგორც სხვა დროს ცდილობდნენ, რომ დაგვაზიანონ, საბოლოო ჯამში ამას ვერ მიიღებენ. მთავარ რამეს ვერ მიიღებენ, ქართველმა ხალხმა იმოქმედოს მათი პოლიტიკური დღის წესრიგით.","It is understandable that Mikheil Saakashvili’s fan club will threaten the Georgian people with various instruments. There is nothing surprising in that. As they have tried before to harm us, in the end they will not achieve this. They will not achieve the main thing: for the Georgian people to act according to their political agenda."
10_ge_Shalva_Papuashvili.csv,"არც ქართული ჟურნალისტიკა აინტერესებთ, არც ქართველი ხალხის კარგად ყოფნა, ერთადერთი, რაც იუკნევიჩიანეს და მსგავს აკვიატებული აზრების მქონე ადამიანებს აინტერესებთ, არის რომ საქართველო გამოიყენონ იარაღად რუსეთის წინააღმდეგ. ჩვენ ვართ დანახული, როგორც იარაღი რუსეთის წინააღმდეგ, ისინი სხვა დანიშნულებას ჩვენ ხალხში ვერ ხედავენ“, -განაცხადა შალვა პაპუაშვილმა.","“Neither Georgian journalism interests them, nor the well-being of the Georgian people. The only thing that interests Yukenovichiane and people with similar fixations is to use Georgia as a weapon against Russia. We are seen as a weapon against Russia; they see no other purpose for our people,” said Shalva Papuashvili."
10_ge_Shalva_Papuashvili.csv,"შალვა პაპუაშვილი - დღევანდელი მოშლილი საერთაშორისო სისტემა გეოპოლიტიკური დაძაბულობით, ეკონომიკური გაურკვევლობითა და უსაფრთხოების დინამიკის ცვალებადობით ხასიათდება. (07.05.2026, 13:57)","Shalva Papuashvili - The current disordered international system is characterized by geopolitical tension, economic uncertainty, and shifting security dynamics. (07.05.2026, 13:57)"
10_ge_Shalva_Papuashvili.csv,"ჩემთვის დიდი პატივია, მონაწილეობა მივიღო საპარლამენტო დიპლომატიის შესახებ დისკუსიაში PAM-ის წევრი და პარტნიორი ქვეყნების პარლამენტების თავმჯდომარეებისა და პრეზიდენტების პირველი სამიტის ფარგლებში. საქართველოს ისტორიული კავშირები ხმელთაშუა ზღვის რეგიონთან ათასწლეულებს ითვლის და მოხარულები ვართ, რომ ვაგრძელებთ ამ ტრადიციას მას შემდეგ, რაც 35 წლის წინ ოფიციალურად მოვიპოვეთ დამოუკიდებლობა, - ამის შესახებ საქართველოს პარლამენტის თავმჯდომარემ შალვა პაპუაშვილმა, ხმელთაშუა ზღვის საპარლამენტო ასამბლეის (PAM) წევრი და პარტნიორი ქვეყნების პარლამენტების თავმჯდომარეების რიგით პირველ სამიტზე სიტყვით გამოსვლისას განაცხადა.","It is a great honor for me to take part in the discussion on parliamentary diplomacy within the framework of the First Summit of Speakers and Presidents of the Parliaments of PAM member and partner countries. Georgia’s historical ties with the Mediterranean region span millennia, and we are pleased to continue this tradition after officially gaining independence 35 years ago,” said the Speaker of the Parliament of Georgia, Shalva Papuashvili, in his address at the first-ever Summit of Speakers and Presidents of the Parliaments of PAM member and partner countries of the Parliamentary Assembly of the Mediterranean (PAM)."
10_ge_Shalva_Papuashvili.csv,"როგორც შალვა პაპუაშვილმა აღნიშნა, დღევანდელი მოშლილი საერთაშორისო სისტემა გეოპოლიტიკური დაძაბულობით, ეკონომიკური გაურკვევლობითა და უსაფრთხოების დინამიკის ცვალებადობით ხასიათდება.","As Shalva Papuashvili noted, today’s disrupted international system is characterized by geopolitical tension, economic uncertainty, and shifting security dynamics."
10_ge_Shalva_Papuashvili.csv,"მისი თქმით, საზოგადოება არის წესებზე დაფუძნებული საერთაშორისო წესრიგის ჩამოშლის მოწმენი, რაც საგანგაშო პროცესია და ეჭვქვეშ აყენებს სახელმწიფოებს შორის სტაბილურობის, თანამშრომლობისა და ნდობის საფუძვლებს.","According to him, society is witnessing the collapse of the rules-based international order, which is an alarming process and calls into question the foundations of stability, cooperation, and trust among states."
10_ge_Shalva_Papuashvili.csv,"„განსაკუთრებული პატივია თქვენ წინაშე გამოსვლა PABSEC-ის პრეზიდენტის პოზიციიდან, რაც მაძლევს შესაძლებლობას, გავაჟღერო შავი ზღვის რეგიონის ქვეყნების პარლამენტარების ხმა. დღესდღეობით ჩვენი რეგიონი მსოფლიო არასტაბილურობის ეპიცენტრშია - მიმდინარეობს რუსეთ-უკრაინის ომი, რომელიც უკვე ოთხ წელზე მეტ ხანს გრძელდება.","“It is a special honor to address you from the position of President of PABSEC, which gives me the opportunity to voice the concerns of the parliamentarians of the Black Sea region. Today, our region is at the epicenter of global instability — the Russia-Ukraine war is ongoing, and it has already lasted for more than four years."
10_ge_Shalva_Papuashvili.csv,"როგორ შეუძლია საპარლამენტო დიპლომატიას, ხელი შეუწყოს რეგიონულ მშვიდობასა და რეგიონთაშორის თანამშრომლობას? მაშინ, როდესაც გლობალური ორგანიზაციები ვერ ახერხებენ შედეგების მიღწევას, რეგიონულ ფორმატებს ეძლევათ უნიკალური შესაძლებლობა, უკეთესობისკენ შეცვალონ რეალობა: ჩვენ გვაერთიანებს საერთო პრაგმატული ინტერესები, რომლებიც უშუალოდ ჩვენი მოსახლეობის მიერ არის ჩვენზე დელეგირებული, რადგან პარლამენტები პირდაპირ გამოხატავენ ხალხის ნებას.","How can parliamentary diplomacy help promote regional peace and interregional cooperation? When global organizations fail to achieve results, regional formats are given a unique opportunity to change reality for the better: we are united by common pragmatic interests, which are directly delegated to us by our people, because parliaments directly express the will of the people."
10_ge_Shalva_Papuashvili.csv,"შესაბამისად, რეგიონული გაერთიანებები ქმნიან ჩარჩოს, რომლის საშუალებითაც მეზობელ ქვეყნებს შეუძლიათ აწარმოონ დიალოგი, განიხილონ საერთო გამოწვევები და პრაქტიკულ გადაწყვეტილებებს მიაღწიონ. ხმელთაშუა ზღვის, შავი ზღვისა და ყურის რეგიონები ერთმანეთთან დაკავშირებული სივრცეებია, სადაც გაძლიერებულ თანამშრომლობას შეუძლია ხელშესახები შედეგების მოტანა. გაძლიერებული საპარლამენტო გაცვლები შესაძლოა სტაბილურობის, ინოვაციებისა და მდგრადი განვითარების ხიდად იქცეს. ეს კავშირები მშვიდობას დამატებით შანსებს მისცემს.","Accordingly, regional groupings create a framework through which neighboring countries can engage in dialogue, discuss common challenges, and reach practical solutions. The Mediterranean, Black Sea, and Gulf regions are interconnected spaces where enhanced cooperation can deliver tangible results. Strengthened parliamentary exchanges may become a bridge to stability, innovation, and sustainable development. These connections will give peace additional chances."
10_ge_Shalva_Papuashvili.csv,რეგიონთაშორისი თანამშრომლობის რომელი მთავარი მიმართულებები შეგვიძლია გამოვყოთ მშვიდობისა და სტაბილურობის მისაღწევად?,What main directions of interregional cooperation can we identify in order to achieve peace and stability?
10_ge_Shalva_Papuashvili.csv,"დაკავშირებადობა ამ თანამშრომლობაში ცენტრალურ ადგილს იკავებს. სტრატეგიული სატრანზიტო მარშრუტების, მათ შორის შუა დერეფნის განვითარება, ევროპასა და აზიას შორის ვაჭრობასა და ეკონომიკურ ურთიერთობებს ახლებურად აყალიბებს. ეს დერეფნები თანამშრომლობის არხებია, რომლებიც ჩვენს რეგიონებს აახლოებს და გლობალური მიწოდების ჯაჭვების მოწყვლადობას ამცირებს. დაკავშირებადების საკითხი მჭიდროდ არის დაკავშირებული ენერგეტიკულ უსაფრთხოებასთან, რომელიც ჩვენი საერთო მომავლისთვის გადამწყვეტ თემად იქცა. ენერგიის წყაროებისა და მარშრუტების დივერსიფიკაცია აუცილებელია სტაბილურობისა და მედეგობის უზრუნველსაყოფად, განსაკუთრებით ევროპისთვის. ალტერნატიულ ენერგორესურსებსა და ინფრასტრუქტურაზე თანამშრომლობის გაძლიერებით, ჩვენ ხელს შევუწყობთ ეკონომიკურ ზრდას და უფრო უსაფრთხო და მდგრად ენერგეტიკულ გარემოს შევქმნით“, - განაცხადა შალვა პაპუაშვილმა.","Connectivity occupies a central place in this cooperation. The development of strategic transit routes, including the Middle Corridor, is reshaping trade and economic relations between Europe and Asia. These corridors are channels of cooperation that bring our regions closer together and reduce the vulnerability of global supply chains. The issue of connectivity is closely linked to energy security, which has become a crucial topic for our shared future. Diversifying energy sources and routes is essential to ensure stability and resilience, especially for Europe. By strengthening cooperation on alternative energy resources and infrastructure, we will contribute to economic growth and create a safer and more sustainable energy environment,” said Shalva Papuashvili."
10_ge_Shalva_Papuashvili.csv,"შალვა პაპუაშვილი პაველ ჰერჩინსკის წერილით მიმართავს (08.05.2026, 10:34)","Shalva Papuashvili addresses Pavel Herczyński with a letter (08.05.2026, 10:34)"
10_ge_Shalva_Papuashvili.csv,"საქართველოს პარლამენტის თავმჯდომარე შალვა პაპუაშვილი ევროკავშირის ელჩს, პაველ ჰერჩინსკის წერილით მიმართავს.","The Speaker of the Parliament of Georgia, Shalva Papuashvili, addresses the EU Ambassador, Pawel Herczynski, in a letter."
10_ge_Shalva_Papuashvili.csv,"პაპუაშვილი წერილს სოციალურ ქსელში ავრცელებს და წერს, რომ ჰერჩინსკის ევროპის დღესთან დაკავშირებით მიმართავს.",Papuaishvili is sharing the letter on social media and წერს that he is addressing Herczyński on the occasion of Europe Day.
10_ge_Shalva_Papuashvili.csv,"„გილოცავთ ევროპის დღეს. ამ მნიშვნელოვან დღეს, სიმბოლური აღნიშვნის გარდა, უნდა დავფიქრდეთ იმაზე, თუ რეალურად რა არის ევროპა, როგორ აისახება მისი მნიშვნელობა მოქალაქეთა ცხოვრებაზე და როგორ განაპირობებს ის საქართველოსა და ევროკავშირის მომავალს.","“Happy Europe Day. On this important day, beyond the symbolic celebration, we should reflect on what Europe actually is, how its significance is reflected in the lives of citizens, and how it shapes the future of Georgia and the European Union."
10_ge_Shalva_Papuashvili.csv,"რობერ შუმანმა, ევროკავშირის ერთ-ერთმა დამფუძნებელმა მამამ და დიდმა ფრანგმა სახელმწიფო მოღვაწემ, მისი ისტორიული განცხადება სწორედ ამ დღეს, მეორე მსოფლიო ომის დასრულების მეხუთე წლისთავზე, გააკეთა. „შუმანის დეკლარაციას“ საფუძვლად ედო ერთი უმთავრესი მიზანი: უზრუნველეყო, რომ ომს აღარასოდეს გაენადგურებინა ევროპა. დეკლარაციის სულისკვეთება მკაფიო იყო - მშვიდობა ერთიანობით, თანამშრომლობა ურთიერთპატივისცემით და სტაბილურობა პასუხისმგებლობის გაზიარებით. ევროკავშირის დღევანდელი პოლიტიკაც სწორედ ამ ხედვის ფონზე უნდა შეფასდეს.","Robert Schuman, one of the founding fathers of the European Union and a great French statesman, made his historic declaration on this very day, the fifth anniversary of the end of World War II. The “Schuman Declaration” was based on one primary goal: to ensure that war would never again devastate Europe. The spirit of the declaration was clear — peace through unity, cooperation through mutual respect, and stability through shared responsibility. The European Union’s current policy should also be assessed against the backdrop of this vision."
10_ge_Shalva_Papuashvili.csv,"რობერ შუმანისგან განსხვავებით, გასულ წელს, ევროპის დღეს, ქართველი ხალხისადმი თქვენს მიმართვაში, თქვენ არჩიეთ მეორე მსოფლიო ომის დასრულების წლისთავის უგულებელყოფა და, სანაცვლოდ, აქცენტი გააკეთეთ თქვენს პოლიტიკურ პრეტენზიებზე მასპინძელი ქვეყნის მიმართ. თუმცა, ალბათ ღირს შეხსენებად, რომ არა, სხვა ანტიფაშისტურ ერებთან ერთად, ქართველი ხალხის დღევანდელი თაობების მშობლები და პაპა-ბებიები, ვერც ფაშიზმი დამარცხდებოდა და არც ევროკავშირი და ევროპის დღე იარსებებდა. საქართველოში არ არსებობს ოჯახი, რომელმაც ამ ომში მსხვერპლი არ გაიღო. ევროპის დღის გამარჯვების დღისგან გამიჯვნა ჩვენთვის მიუღებელია. ამიტომ, იმედი მაქვს, რომ 9 მაისს, თქვენს შეკრებაზე, სათანადო პატივს მიაგებთ 300,000 ქართველს, რომელმაც სიცოცხლე დადო ფაშიზმისაგან თავისუფალი ევროპისათვის.","Unlike Robert Schuman, last year, on Europe Day, in your address to the Georgian people, you chose to ignore the anniversary of the end of World War II and, instead, focused on your political grievances against the host country. However, it is perhaps worth reminding you that without the parents and grandparents of today’s generations of the Georgian people, together with other anti-fascist nations, fascism could not have been defeated, nor would the European Union and Europe Day exist. There is no family in Georgia that did not make a sacrifice in that war. For us, separating Europe Day from Victory Day is unacceptable. Therefore, I hope that on May 9, at your gathering, you will pay due tribute to the 300,000 Georgians who gave their lives for a Europe free from fascism."
10_ge_Shalva_Papuashvili.csv,"„ევროპის ერთიანობა ვერ იქნა მიღწეული და ჩვენ მივიღეთ ომი“ - ევროკავშირის დღევანდელი ხელმძღვანელობის მოქმედებები აჩვენებს, რომ ის ვერ იაზრებს შუმანის დეკლარაციის ამ ფუძემდებლურ დასკვნას. ევროკავშირის მიმდინარე პოლიტიკა არ ტოვებს სხვაგვარი ახსნის სივრცეს, გარდა იმისა, რომ ის მიმართულია დაპირისპირების გაღრმავებისა და უთანხმოებების ზრდისკენ. ევროპარლამენტის უსამართლო და პოლიტიკურად მოტივირებული რეზოლუციები, პოლიტიკური და ეკონომიკური შურისძიების არაერთი მუქარა, საქართველოს შიდა საქმეებში მუდმივი ჩარევა - ეს მხოლოდ რამდენიმე მაგალითია იმ მიზანმიმართული მცდელობებისა, რომლებიც მიზნად ისახავს დაპირისპირების წაქეზებას როგორც საქართველოს შიგნით, ისე საქართველო-ევროკავშირის ურთიერთობაში. ნამდვილი ერთიანი ევროპა არის ის, რომელიც არა მხოლოდ მომავალ ომებს აღკვეთს, არამედ მიმდინარე კონფლიქტებსაც დაასრულებს. თუმცა, სამწუხაროდ, საქართველოს მიმართ ბრიუსელის პოლიტიკაში ქართველ ხალხსა და ევროკავშირს შორის ერთიანობის მიღწევის განზრახვა არსად იკვეთება.","“European unity could not be achieved, and we got war” — the actions of the EU’s current leadership show that it fails to grasp this foundational conclusion of the Schuman Declaration. The EU’s current policy leaves no room for any other explanation except that it is aimed at deepening confrontation and increasing discord. Unjust and politically motivated resolutions by the European Parliament, repeated threats of political and economic retaliation, and constant interference in Georgia’s internal affairs — these are just a few examples of deliberate attempts to incite confrontation both within Georgia and in Georgia-EU relations. A truly united Europe is one that not only prevents future wars, but also ends ongoing conflicts. However, unfortunately, in Brussels’ policy toward Georgia, there is no sign of any intention to achieve unity between the Georgian people and the European Union."
10_ge_Shalva_Papuashvili.csv,"„ევროპა ერთ მომენტში ან ერთი გეგმით ვერ შეიქმნება“ - განაცხადა რობერ შუმანმა თავის ცნობილ დეკლარაციაში. სამწუხაროდ, დღესდღეობით ვხედავთ, რომ შუმანის ეს ბრძნული სიტყვები უგულებელყოფილია, ხოლო ევროკავშირის პოლიტიკა ვიწრო პოლიტიკური ინტერესებითა და ცრუ და ხელოვნურად შექმნილი იდეოლოგიების საფუძველზე ხორციელდება, რომლებიც უგულებელყოფენ ევროპის მოსახლეობის კულტურულ სიმდიდრეს, იდეოლოგიურ მრავალფეროვნებასა და პოლიტიკურ პლურალიზმს. ევროპული ინტეგრაციის გზაზე საქართველოსთვის პოლიტიკური და იდეოლოგიური ჩარჩოების დაწესების მცდელობაც ამ ვიწრო, უშედეგო და ზედაპირული პოლიტიკის კარგი მაგალითია.","“Europe will not be built in a single moment, or according to a single plan,” said Robert Schuman in his famous declaration. Unfortunately, today we see that Schuman’s wise words are being ignored, while the policy of the European Union is being carried out on the basis of narrow political interests and false, artificially created ideologies that disregard the cultural richness, ideological diversity, and political pluralism of Europe’s population. The attempt to impose political and ideological frameworks on Georgia on its path toward European integration is also a good example of this narrow, futile, and superficial policy."
10_ge_Shalva_Papuashvili.csv,"ქართველი ხალხი არ საჭიროებს ევროპული გზისკენ მიმართულების ჩვენებას. საქართველო თავად არის ევროპული ცივილიზაციის თანაშემოქმედი და ამიტომ სადაც საქართველოა, იქ არის ევროპაც. ევროპული ინტეგრაცია არ უნდა ნიშნავდეს ბრიუსელის ერთპიროვნულ ბატონობას საქართველოზე, არამედ ის უნდა იყოს სხვა ევროპულ ერებთან ჩვენი ისტორიული კავშირების ჭეშმარიტი განმტკიცება, როგორც თანასწორი თანასწორთან.","The Georgian people do not need to be shown the way toward Europe. Georgia itself is a co-creator of European civilization, and therefore where Georgia is, there is Europe as well. European integration should not mean Brussels’ unilateral domination over Georgia; rather, it should be a true strengthening of our historical ties with other European nations, as equals with equals."
10_ge_Shalva_Papuashvili.csv,"ევროპის დღემ ისიც უნდა შეგვახსენოს, რომ ევროკავშირის ვერცერთი ხელმძღვანელობა ვერ გააუქმებს ისეთ ევროპულ იდეალებს, როგორებიცაა ეროვნული დამოუკიდებლობა, ქრისტიანული ღირებულებები და ცხოვრების ტრადიციული წესი, მხოლოდ იმიტომ, რომ მათ განსხვავებული იდეოლოგიური შეხედულებები აქვთ. სწორედ ევროკავშირის ამ დამფუძნებელ სულისკვეთებასთან შეუთავსებლობას ავლენენ ისინი, ვინც მეტისმეტად ერთობიან დემოკრატიულად არჩეული ხელისუფლებების წინააღმდეგ ე.წ. „რეჟიმის ცვლილების“ გეგმებით, აწესებენ ადამიანის ბუნებასთან შეუთავსებელ იდეოლოგიებს და ტრადიციებში არსებული განსხვავებების უგულებელყოფით, ცდილობენ ერთგვაროვანი ცხოვრების წესის დანერგვას.","Europe Day should also remind us that no leadership of the European Union can abolish such European ideals as national independence, Christian values, and the traditional way of life simply because they hold different ideological views. It is precisely this incompatibility with the founding spirit of the European Union that is demonstrated by those who are overly engaged in so-called “regime change” plans against democratically elected governments, impose ideologies incompatible with human nature, and, by ignoring differences rooted in traditions, seek to impose a uniform way of life."
10_ge_Shalva_Papuashvili.csv,"„ქვანახშირისა და ფოლადის თანამეგობრობის“ შექმნის იდეა, რომელიც რობერ შუმანმა 1950 წლის 9 მაისს წარადგინა, მიზნად ისახავდა „ცხოვრების დონის ამაღლებას და მიღწევების შენარჩუნებას“. მას კარგად ესმოდა, რომ მშვიდობა საჭიროებს მყარ ეკონომიკურ ფუნდამენტს. სწორედ ამ იდეაზე იყო დაფუძნებული მთელი ევროპული პროექტი. თუმცა, დღეს ევროკავშირის ხელმძღვანელობას, როგორც ჩანს, ეს საბაზისო პრინციპიც დავიწყებული აქვს. სხვა რით უნდა აიხსნას, ყოველგვარი უსაფრთხოების გარანტიებისა და ეკონომიკური მხარდაჭერის შეთავაზების გარეშე, რუსეთის წინააღმდეგ ეკონომიკურ დაპირისპირებაში ჩართვის დაჟინებული მოწოდებები, რომელზე დაყოლაც გამოიწვევდა არა მხოლოდ საქართველოს ეკონომიკურ ნგრევას, არამედ რეგიონულ არასტაბილურობასაც, რაც ევროპას მნიშვნელოვანი ენერგორესურსებისა და გეოეკონომიკური მარშრუტების გარეშე დატოვებდა.","The idea of creating the “Coal and Steel Community,” presented by Robert Schuman on May 9, 1950, aimed to “raise living standards and preserve achievements.” He understood well that peace requires a solid economic foundation. The entire European project was built on this very idea. However, today the leadership of the European Union, it seems, has forgotten even this basic principle. How else can one explain the persistent calls to engage in an economic confrontation with Russia without offering any security guarantees or economic support—compliance with which would lead not only to Georgia’s economic ruin, but also to regional instability, leaving Europe without significant energy resources and geoeconomic routes?"
10_ge_Shalva_Papuashvili.csv,"ევროპის დღის იდეაში ჩადებული საწყისი ევროპული მისწრაფებებიდან გადახვევამ ევროკავშირი მიიყვანა იმ მდგომარეობამდე, როდესაც საქართველოს მიმართ მისი პოლიტიკა დაყვანილია ძალადობის, სიძულვილის ენისა და რადიკალიზმის მხარდაჭერამდე. გასულ წელს, ორჯერ, წერილობით მოგმართეთ მოწოდებით, დაგეგმოთ სიძულვილის ენის და ძალადობის გახშირებული ფაქტები, თუმცა უშედეგოდ. ძალადობისა და რადიკალიზმის პოლიტიკურად მოტივირებული წაყრუების მძიმე შედეგები, ყველაზე კარგად, გასული წლის 4 ოქტომბერს გამოჩნდა, როდესაც ევროკავშირის პრესსპიკერის ცნობილი განცხადებით ძალადობისთვის რიტორიკული მწვანე შუქის ანთებამ, რადიკალური ჯგუფები, პრეზიდენტის სასახლის შტურმზე წაიყვანა. მას შემდეგ, უკვე შვიდ თვეზე მეტი ხნის განმავლობაში, არც ერთ ევროპელ მაღალჩინოსანს საჯაროდ არ დაუგმია გადატრიალების ეს მცდელობა, თითქოს, ძალადობრივი გადატრიალებები ევროპულ პოლიტიკაში ნორმალური პრაქტიკა იყოს.","The deviation from the original European aspirations embedded in the idea of Europe Day has brought the European Union to a point where its policy toward Georgia has been reduced to support for violence, hate speech, and radicalism. Last year, I addressed you twice in writing, urging you to address the increasing incidents of hate speech and violence, but to no avail. The grave consequences of the politically motivated overlooking of violence and radicalism were most clearly seen on October 4 of last year, when the well-known statement by the EU spokesperson gave a rhetorical green light to violence, leading radical groups to storm the presidential palace. Since then, for more than seven months, not a single European senior official has publicly condemned this attempted coup, as if violent coups were a normal practice in European politics."
10_ge_Shalva_Papuashvili.csv,"საქართველოსთან დაკავშირებით გაკეთებული უკანასკნელი მიუღებელი და ჩვენი ხალხის მიმართ მუქარის შემცველი განცხადებები, თითქოს ქვეყანა „ბნელ წარსულს“ უბრუნდება, კიდევ ერთხელ წარმოაჩენს, რამდენად არასწორია ევროკავშირის ამჟამინდელი პოლიტიკა. თუმცა რეალობას ქართველი ხალხის პერსპექტივიდან თუ შევხედავთ, შესაძლოა, თავად ევროპა მიდიოდეს იმ ბნელი წარსულისკენ, რომლის თავიდან აცილებასაც რობერ შუმანი და მისი თაობის სხვა დიდი მოღვაწეები ცდილობდნენ.","The latest unacceptable statements made regarding Georgia, which contain threats against our people and suggest that the country is returning to a “dark past,” once again demonstrate how misguided the European Union’s current policy is. However, if we look at reality from the perspective of the Georgian people, it may be that Europe itself is heading toward that dark past which Robert Schuman and other great figures of his generation sought to prevent."
10_ge_Shalva_Papuashvili.csv,"საქართველოს აქვს სამომავლო გზის მკაფიო შეთავაზება. აგრესიული რიტორიკის შეწყვეტა, მავნე პოლიტიკის გადახედვა და უსამართლო რეზოლუციების გაუქმება არის ის, რაც გახსნიდა გზას ნამდვილი დიალოგისთვის, გონივრულობისთვის და ერთიანობისთვის, რაც არის კიდეც ევროპის დღის თავდაპირველი სულისკვეთება.","Georgia has a clear proposal for the path ahead. Ending aggressive rhetoric, revising harmful policies, and repealing unjust resolutions are what would open the way for genuine dialogue, reasonableness, and unity, which is indeed the original spirit of Europe Day."
10_ge_Shalva_Papuashvili.csv,"თუ გვინდა, რომ ევროპის დღემ შეინარჩუნოს თავისი მნიშვნელობა, მაშინ ის კვლავ უნდა ნიშნავდეს იმას, რასაც თავდაპირველად წარმოადგენდა - მშვიდობას, თანამშრომლობას და ერთიანობას, დაფუძნებულს ერების და მათი იდენტობის პატივისცემაზე“, - ნათქვამია პაპუაშვილის წერილში.","“If we want Europe Day to retain its significance, then it must once again mean what it originally stood for — peace, cooperation, and unity, based on respect for nations and their identities,” Papuashvili’s letter states."
11_ge_Khatia_Dekanoidze.csv,"ხატია დეკანოიძე - თუ შევხედავთ, რა ხდება სომხეთში, ნახავთ, რომ ფუნქცია, რაც საქართველოს ჰქონდა, ყოფილიყო რეგიონის ლიდერი, აღარ არსებობს - ივანიშვილის დანაშაულის და „ანტი ქართული ოცნების“ გამო კარგავს საქართველო ამ ფუნქციას (06.05.2026, 12:00)","Khati Dekanoidze - If we look at what is happening in Armenia, you will see that the function Georgia had—to be the leader of the region—no longer exists - because of Ivanishvili’s crime and the “anti-Georgian Dream,” Georgia is losing this function (06.05.2026, 12:00)"
11_ge_Khatia_Dekanoidze.csv,"დღეს ივანიშვილმა და „ანტი ქართულმა ოცნებამ“ საქართველოს დააკარგვინა გრძელვადიანი მშვიდობის, განვითარების, პროგრესისა და ეკონომიკური კეთილდღეობის ფუნქცია. ქართველ ხალხს დააკარგვინა კეთილდღეობის და გამდიდრების შესაძლებლობა, ევროინტეგრაციის შესაძლებლობა. ეს არის ისტორიული დანაშაული,- ამის შესახებ „ნაციონალური მოძრაობის“ ერთ-ერთმა ლიდერმა ხატია დეკანოიძემ განაცხადა.","Today, Ivanishvili and the “anti-Georgian Dream” deprived Georgia of the function of long-term peace, development, progress, and economic prosperity. They deprived the Georgian people of the opportunity for prosperity and enrichment, and of the opportunity for European integration. This is a historical crime,” said Khatia Dekanoidze, one of the leaders of the “United National Movement.”"
11_ge_Khatia_Dekanoidze.csv,"მან საზოგადოებას 22 წლის წინ 6 მაისს აჭარის „რუსეთისა და დესპოტის მმართველობისგან გათავისუფლება“ მიულოცა და აღნიშნა, რომ სწორედ ამ დღეს დაიწყო ახალი ფურცელი საქართველოს ისტორიაში, რომელიც გულისხმობდა რეგიონის ლიდერობას.","He congratulated the public 22 years ago on May 6 on the “liberation of Adjara from Russian and despotic rule” and noted that it was on this day that a new chapter began in Georgia’s history, one that implied the region’s leadership."
11_ge_Khatia_Dekanoidze.csv,"„გილოცავთ საქართველოს უახლეს ისტორიაში ერთ-ერთ ყველაზე გამორჩეულ თარიღს- საქართველოში აჭარის დაბრუნებას. 22 წლის წინ საქართველოს უახლეს ისტორიაში ზუსტად 6 მაისს მოხდა ერთ-ერთი უმნიშვნელოვანესი მოვლენა, როდესაც საქართველოს გულში დაბრუნდა აჭარა, გათავისუფლდა რუსული მმართველობისგან, გათავისუფლდა დესპოტის მმართველობისგან და დაიწყო პრეზიდენტ მიხეილ სააკაშვილთან, მის გუნდთან ერთად, მრავალ გულმხურვალე პატრიოტთან ერთად ძალიან მნიშვნელოვანი აღმასვლა და დიახ, საქართველომ დაიწყო ახალი ფურცელი, რომელიც გულისხმობდა რეგიონის ლიდერობას, განვითარებას ტექნოლოგიებში, განათლებაში, აღმოსავლეთ ევროპის გაფართოების კონტექსტში, აშშ-ისთან სტრატეგიული პარტნიორობის კონტექსტში, რაც იყო ჩვენი ერის ნამდვილად ისტორიული მისია. ეს იყო დღე, როდესაც ჩვენ სრულიად სხვა სახელმწიფოებრივ განვითარებაზე გადავედით და ჩვენმა გუნდმა შეძლო ნამდვილად საქართველოს მოეპოვებინა რეგიონული ლიდერის ფუნქცია. დღეს ივანიშვილმა და „ანტი ქართულმა ოცნებამ“ საქართველოს დააკარგვინა გრძელვადიანი მშვიდობის, განვითარების, პროგრესისა და ეკონომიკური კეთილდღეობის ფუნქცია. ქართველ ხალხს დააკარგვინა კეთილდღეობის და გამდიდრების შესაძლებლობა, ევროინტეგრაციის შესაძლებლობა. ეს არის ისტორიული დანაშაული და თუ შევხედავთ, რა ხდება ჩვენს მეზობელ სომხეთში და მინდა მათ ვუსურვო ძალიან დიდი წარმატება, ნახავთ რომ ის ფუნქცია, რომელიც საქართველოს ჰქონდა, ყოფილიყო რეგიონის ლიდერი, ჰქონოდა ძალიან ბევრი მდგრადი მშვიდობის პროექტები, ეს ფუნქცია აღარ არსებობს. სომხეთში უკანასკნელ დღეებში განვითარებული მოვლენები არ არის მხოლოდ ევროკავშირის, აშშ-ის ან კანადის პოლიტიკური მხარდაჭერა ჩვენი მეზობლების მიმართ, ეს არის საინვესტიციო პროექტები, რომელიც ნამდვილად გულისხმობს გრძელვადიან მშვიდობას. ჩვენ ასეთი პროექტები მრავლად გვქონდა, მათ შორის, მიხეილ სააკაშვილი, რომელიც დღეს პოლიტიკური პატიმარია, იყო უშუალოდ ჩართული ბათუმის ტექნოლოგიური უნივერსიტეტის განვითარებაში, მშენებლობაში და მე თვითონ ძალიან ამაყი ვარ, რომ მონაწილეობას ვიღებდი ამ ტექნოლოგიური უნივერსიტეტის მშენებლობაში. ეს უნივერსიტეტი უნდა გამხდარიყო ნამდვილად საქართველოს ერთ-ერთი მნიშვნელოვანი ჰაბი განათლების, ტექნოლოგიების, ახალი საკომუნიკაციო სისტემების და ახალი განათლების ეტაპზე გადასვლის შესაძლებლობა. სომხეთში რაც ხდებოდა, ეს არ არის მხოლოდ პოლიტიკური მხარდაჭერა, ეს არის ეკონომიკური მხარდაჭერა, რომელიც უზრუნველყოფს გრძელვადიან მშვიდობას. ყველა ადამიანი, რომელიც ჩართული იყო საქართველოს განვითარების უმნიშვნელოვანეს ეტაპებზე, დღეს ადევნებს თვალყურს თუ როგორ კარგავს ქვეყანა ივანიშვილის დანაშაულის გამო, „ანტი ქართული ოცნების“ გამო ამ ფუნქციას. 400 მილიარდი ინვესტიცია, სამხედრო ტექნოლოგიური თანამშრომლობა საფრანგეთთან, ამერიკის შეერთებულ შტატებთან, ენერგეტიკული უსაფრთხოების პროექტები, ყველაზე მნიშვნელოვანი ახალი დერეფანი, რომელზეც საუბრობს ახლა ევროკომისია, ევროკავშირი, აშშ და კანადა, უდიდესი ინვესტიციები, რომლებიც არის მშვიდობის, მდგრადი განვითარების და პროგრესის ერთ-ერთი ყველაზე მნიშვნელოვანი სფერო, ამას კარგავს საქართველო“, - განაცხადა დეკანოიძემ.","“Congratulations on one of the most outstanding dates in Georgia’s modern history — the return of Adjara to Georgia. Twenty-two years ago, on exactly May 6, one of the most important events in Georgia’s modern history took place, when Adjara returned to the heart of Georgia, was freed from Russian rule, freed from the rule of a despot, and, together with President Mikheil Saakashvili, his team, and many ardent patriots, began a very important ascent. And yes, Georgia began a new chapter, which meant regional leadership, development in technology and education, in the context of Eastern Europe’s expansion, in the context of strategic partnership with the United States — which was truly our nation’s historic mission. It was a day when we moved to a completely different level of state development, and our team managed to ensure that Georgia truly acquired the function of a regional leader. Today, Ivanishvili and the ‘anti-Georgian Dream’ have deprived Georgia of the function of long-term peace, development, progress, and economic prosperity. They have deprived the Georgian people of the opportunity for prosperity and enrichment, and of the opportunity for European integration. This is a historic crime, and if we look at what is happening in our neighboring Armenia — and I want to wish them great success — you will see that the function Georgia had, to be a regional leader and to have many sustainable peace projects, no longer exists. What has been happening in Armenia in recent days is not only political support from the European Union, the United States, or Canada for our neighbors; these are investment projects that truly imply long-term peace. We had many such projects, including the Batumi Technological University, in the development and construction of which Mikheil Saakashvili, who is today a political prisoner, was directly involved, and I myself am very proud to have taken part in the construction of this technological university. This university was supposed to become truly one of Georgia’s important hubs for education, technology, new communication systems, and the transition to a new stage of education. What is happening in Armenia is not only political support; it is economic support that ensures long-term peace. Every person who was involved in the most important stages of Georgia’s development is now watching as the country loses this function because of Ivanishvili’s crime, because of the ‘anti-Georgian Dream.’ Georgia is losing 400 billion in investment, military-technological cooperation with France and the United States, energy security projects, the most important new corridor that the European Commission, the European Union, the United States, and Canada are now talking about, and the huge investments that are one of the most important areas of peace, sustainable development, and progress — Georgia is losing all of this,” Dekanoidze said."
12_ge_Irakli_Kupradze.csv,"ირაკლი კუპრაძე - ანტიქართული „ოცნების“ მიერ თავდაცვის მინისტრის ჩაყვანა ანაკლიის ცარიელ სანაპიროზე, სადაც არაფერი მიმდინარეობს, ფოტოსესია და მინისტრების წრეზე სიარული, არის სასაცილო პროპაგანდა, რომელსაც არ დავიჯერებთ! (07.05.2026, 13:56)","Irakli Kupradze - The anti-Georgian “Dream” bringing the Defense Minister to the empty beach of Anaklia, where nothing is happening, for a photo session and a ministerial walk in a circle, is ridiculous propaganda that we will not believe! (07.05.2026, 13:56)"
12_ge_Irakli_Kupradze.csv,"ანტიქართული „ოცნების“ მიერ, გუშინ, თავდაცვის მინისტრის ჩაყვანა ანაკლიის ცარიელ სანაპიროზე, სადაც არანაირი სამუშაოები არ მიმდინარეობს, ფოტოსესია და „ქართული ოცნების“ მინისტრის წრეზე სიარული, არის სასაცილო პროპაგანდა, რომელსაც საქართველოს მოქალაქეები არ დავიჯერებთ, - ამის შესახებ „ლელო-ძლიერი საქართველოს“ გენერალურმა მდივანმა, ირაკლი კუპრაძემ ბრიფინგზე განაცხადა.","The anti-Georgian “Dream” bringing the Defense Minister yesterday to the empty beach of Anaklia, where no work is underway, for a photo session and the “Georgian Dream” minister’s walk in circles is ridiculous propaganda that we, the citizens of Georgia, will not believe, - this was stated by the Secretary General of “Lelo-Strong Georgia,” Irakli Kupradze, at a briefing."
12_ge_Irakli_Kupradze.csv,"მისივე თქმით, 2020 წელს უნდა მიეღო ანაკლიის პორტს პირველი გემი, დღეს კი ვხედავთ არარსებულ პროექტს, ჩაშლილ მოლაპარაკებებს და ქვეყნიდან გაძევებულ დასავლელ ინვესტორებს.","According to him, the Anaklia port was supposed to receive its first ship in 2020, but today we see a nonexistent project, failed negotiations, and Western investors driven out of the country."
12_ge_Irakli_Kupradze.csv,"„ანტიქართული „ოცნება“ საკუთარ ტყუილებში ჩაიკარგა. ისინი იხრჩობიან იმ პროპაგანდასა და ტყუილებში, რასაც აწარმოებენ. გუშინ, ანტიქართული „ოცნების“ პროპაგანდისტული საშუალებებით გავრცელდა სიუჟეტები, რომლის მიხედვითაც, თითქოს ანაკლიის პორტის მშენებლობა დაიწყო. ეს არის კიდევ ერთი ბლეფი და ტრიუკი ბიძინა ივანიშვილის მხრიდან, რომელიც მიუთითებს, რომ აქამდე, 6 წლის განმავლობაში გაკეთებული განცხადებები „ქართული ოცნების“ მხრიდან ტყუილი იყო. მერამდენეჯერ, ალბათ, რამდენიმე ათეული შემთხვევაა, როდესაც დააანონსეს, რომ დღეს დაიწყო ანაკლიის პორტის მშენებლობა. სინამდვილეში, ყველაფერი არის ტყუილი, პროპაგანდა და ბლეფი ბიძინა ივანიშვილის მხრიდან.","“Anti-Georgian ‘Dream’ has sunk into its own lies. They are drowning in the propaganda and lies they themselves produce. Yesterday, through the propaganda outlets of the anti-Georgian ‘Dream,’ reports were spread claiming that construction of the Anaklia port had supposedly begun. This is yet another bluff and trick by Bidzina Ivanishvili, which shows that the statements made by ‘Georgian Dream’ over the past 6 years were lies. For the umpteenth time—probably several dozen times—they announced that construction of the Anaklia port had started today. In reality, everything is a lie, propaganda, and a bluff by Bidzina Ivanishvili.”"
12_ge_Irakli_Kupradze.csv,"2024 წელს, მორიგი მსგავსი ტრიუკის პირობებში, ბიძინა ივანიშვილი და მისი პროპაგანდისტული მანქანა გამოვიდა და თქვა, რომ სულ რამდენიმე დღეში, ხელშეკრულება გაფორმდებოდა ჩინურ კონსორციუმთან, რომელიც მშენებლობასაც დაიწყებდა. დღეს, კიდევ ერთხელ დასტურდება რომ აქამდე ნათქვამი ყველა დაპირება, ყველა თარიღი იყო ტყუილი. მხოლოდ მშრალი პროპაგანდა ივანიშვილის და ანტიქართული „ოცნების“ მხრიდან.","In 2024, under yet another similar stunt, Bidzina Ivanishvili and his propaganda machine came out and said that within just a few days, an agreement would be signed with a Chinese consortium, which would also begin construction. Today, it is once again confirmed that all the promises made so far, every date announced, were lies. Just dry propaganda from Ivanishvili and the anti-Georgian “Dream” party."
12_ge_Irakli_Kupradze.csv,"2026 წელს, დღეს, არ არსებობს არც ინვესტორი, არც დასრულებული და აშენებული ანაკლიის პორტი, აღარ არსებობს მასტერპლანი, გენერალური გეგმა, რომელიც უნდა ყოფილიყო შეთანხმებული მრავალგზის. ეს გენერალური გეგმაც და მასტერპლანიც ნაგავში მოისროლეს. შეუკვეთეს ეკონომიკის სამინისტროს მხრიდან ახალი ე.წ. მასტერპლანი, რომლის მიხედვითაც, საერთოდ მიზნობრიობას და შედეგობრიობას ეჭვქვეშ აყენებს ივანიშვილი და მისი ანტიქართული „ოცნება“.","In 2026, today, there is no investor, nor a completed and built Anaklia port; there is no master plan anymore, no general plan that was supposed to have been agreed upon many times over. This general plan and master plan were both thrown into the trash. The Ministry of Economy ordered a new so-called master plan, according to which Ivanishvili and his anti-Georgian “Dream” are calling into question its very purpose and effectiveness."
12_ge_Irakli_Kupradze.csv,"გუშინ, ანტიქართული „ოცნების“ მიერ, თავდაცვის მინისტრის ჩაყვანა ანაკლიის ცარიელ სანაპიროზე, სადაც არანაირი სამუშაოები არ მიმდინარეობს, ფოტოსესია და „ქართული ოცნების“ მინისტრის წრეზე სიარული არის სასაცილო პროპაგანდა, რომელსაც საქართველოს მოქალაქეები არ დავიჯერებთ. ფაქტი ერთია: მაშინ, როდესაც 2020 წელს უნდა მიეღო ანაკლიის პორტს პირველი გემი, დღეს ვხედავთ არარსებულ პროექტს, ჩაშლილ მოლაპარაკებებს, ქვეყნიდან გაძევებულ დასავლელ ინვესტორებს, ამერიკელ და ევროპელ ინვესტორებს. ამ პირობებში, შეუძლებელია ივანიშვილმა ააშენოს ანაკლიის პორტი. მას არ უნდა ანაკლიის პორტის აშენება, მას ინტერესი აქვს რომ საქართველომ ეს უმნიშვნელოვანესი სტრატეგიული ობიექტი დაკარგოს.","Yesterday, the anti-Georgian “Dream” brought the Defense Minister to the empty beach of Anaklia, where no work is underway, for a photo op, and the “Georgian Dream” minister walking around in circles is ridiculous propaganda that we, the citizens of Georgia, will not believe. One fact remains: at a time when Anaklia Port was supposed to receive its first ship in 2020, today we see a nonexistent project, failed negotiations, Western investors driven out of the country, American and European investors. Under these conditions, it is impossible for Ivanishvili to build Anaklia Port. He does not want to build Anaklia Port; he has an interest in Georgia losing this extremely important strategic asset."
12_ge_Irakli_Kupradze.csv,"ცხადად გახსნილია ახალი შესაძლებლობების ფანჯარა, რაც გამოხატულია ჩვენი პარტნიორების კიდევ ერთხელ ხმამაღლა გაჟღერებული დაინტერესებით, რომ შავი ზღვა არის ჩვენი პარტნიორების ინტერესი. ამ შესაძლებლობას ივანიშვილი აკარგვინებს ქვეყანას, პროპაგანდით ცდილობს ფონს გასვლას.","A window of new opportunities has clearly opened, as expressed by our partners once again loudly voicing their interest in the Black Sea, which is of interest to our partners. Ivanishvili is depriving the country of this opportunity, trying to get by through propaganda."
12_ge_Irakli_Kupradze.csv,"„ლელო ძლიერი საქართველო“ არის პოლიტიკური პარტია, რომელიც ამ ეროვნული და სტრატეგიული ობიექტის მთავარი მხარდამჭერია. პროექტის, რომელსაც ჰქვია „ანაკლია“. ჩვენ გვაქვს კონკრეტული გეგმა, როგორ უნდა აშენდეს ანაკლიის პროექტი. ხელისუფლებაში მოსვლის შემდეგ, აუცილებლად, პირველივე ნაბიჯად უნდა გადაიდგას ის, რომ ეროვნული და სტრატეგიული მნიშვნელობის პროექტად გამოცხადდეს ანაკლიის პორტი, ყველა ხელშეკრულება უნდა იყოს საჯარო, არა „შავი ფარდის“ მიღმა, როგორც ივანიშვილი აკეთებს, იქნება ეს „არაბული ქალაქები“, თუ სხვა. დაუშვებლად უნდა იქნეს ცნობილი ჩინური და რუსული ინვესტიციების არსებობა, რომელიც შესაძლებელია ეწინააღმდეგებოდეს საქართველოს ეროვნულ ინტერესებს. ანაკლიის პორტი უნდა აშენდეს სახელმწიფოს ჩართულობით, დასავლელ, ამერიკელ პარტნიორებთან თანამშრომლობის პრინციპით.","“Lelo – Strong Georgia” is a political party that is the main supporter of this national and strategic project, the project called “Anaklia.” We have a concrete plan for how the Anaklia project should be built. After coming to power, the very first step must be to declare the Anaklia port a project of national and strategic importance; all contracts must be public, not behind a “black curtain,” as Ivanishvili does, whether it is the “Arab cities” or anything else. The presence of Chinese and Russian investments that may contradict Georgia’s national interests must be deemed unacceptable. The Anaklia port must be built with the involvement of the state, on the principle of cooperation with Western, American partners."
12_ge_Irakli_Kupradze.csv,"რამდენმა მინისტრმაც არ უნდა ისეირნოს ანაკლიის სანაპიროზე, სადაც არანაირი სამუშაოები არ მიმდინარეობს, ჩვენ პორტს აუცილებლად ავაშენებთ“, - აღნიშნავს კუპრაძე.","“However many ministers may stroll along the Anaklia coast, where no work is underway, we will definitely build the port,” Kupradze notes."
12_ge_Irakli_Kupradze.csv,"შეგახსენებთ, გუშინ, ეკონომიკისა და მდგრადი განვითარების მინისტრი მარიამ ქვრივიშვილი გუშინ, ანაკლიის ნავსადგურის ტერიტორიაზე მიმდინარე სამუშაოებს ვიცე-პრემიერ, თავდაცვის მინისტრ ირაკლი ჩიქოვანთან ერთად გაეცნო. როგორც ეკონომიკის მინისტრმა აღნიშნა, „პროცესი უკვე საკმაოდ აქტიურ ფაზაშია შესული“.","We would like to remind you that yesterday, the Minister of Economy and Sustainable Development, Mariam Kvrivishvili, together with Deputy Prime Minister and Minister of Defense Irakli Chikovani, inspected the ongoing work at the Anaklia port area. As the Minister of Economy noted, “the process has already entered a fairly active phase.”"
13_ge_Levan_Makhashvili.csv,"ლევან მახაშვილი - ევროპარლამენტის დოკუმენტებმაც, ევროპარლამენტმაც, სამწუხაროდ ფასი დაკარგა - ერთადერთი სპორტული ინტერესიღაა დარჩენილი, აბა, წინაზე უარეს დოკუმენტს შეიმუშავებენ თუ რამე სიახლე გვექნება (05.05.2026, 14:29)","Levan Makhashvili - The European Parliament’s documents, and the European Parliament itself, have unfortunately lost their value - the only thing left is a sporting interest: will they draft a worse document than the previous one, or will we have some new development? (05.05.2026, 14:29)"
13_ge_Levan_Makhashvili.csv,"ეს დოკუმენტი თავის დამატებიანად, რომლებმაც კიდევ უფრო მკვეთრად გააუარესა საწყისი, სრულიად აცდენილია რეალობას - ჩვენთვის და საზოგადოებისთვის ევროპარლამენტის დოკუმენტებმაც, ევროპარლამენტმაც, სამწუხაროდ ფასი დაკარგა, რადგან ის არ ემსახურება თანამშრომლობის და დიალოგის დღის წესრიგს, - ამის შესახებ პარლამენტის ევროინტეგრაციის კომიტეტის თავმჯდომარემ, ლევან მახაშვილმა განაცხადა, რითაც ევროპარლამენტის საგარეო საქმეთა კომიტეტის მიერ საქართველოს შესახებ მიღებულ ანგარიშს გამოეხმაურა.","This document, along with its additions, which further worsened the original, is completely detached from reality — for us and for society, the documents of the European Parliament, and the European Parliament itself, have unfortunately lost their value, because it does not serve the agenda of cooperation and dialogue,” said Levan Makhashvili, Chair of the Parliament’s Committee on European Integration, in response to the report on Georgia adopted by the European Parliament’s Committee on Foreign Affairs."
13_ge_Levan_Makhashvili.csv,"მისი თქმით, დღეს ევროპარლამენტის დღის წესრიგი არ მოდის თანხვედრაში საქართველო-ევროკავშირის და ზოგადად საქართველოს უკეთესი, მშვიდობიანი მომავლის დღის წესრიგთან.","According to him, today the European Parliament’s agenda does not align with the agenda of Georgia-EU relations and, more broadly, with the agenda for a better, peaceful future for Georgia."
13_ge_Levan_Makhashvili.csv,"„რა გითხრათ, თქვენც იცით, რასაც გავუკეთებდით ამ რეზოლუციას [მაკულატურაში ჩავაბარებდი] - მარტივი მიზეზის გამო: ეს დოკუმენტი თავის დამატებიანად, რომლებმაც კიდევ უფრო მკვეთრად გააუარესა საწყისი დოკუმენტი, სრულიად აცდენილია რეალობას. განსაკუთრებით ამ დღეებში და ამ კვირებში კარგად ჩანს, რეალურად ვინ არის დიალოგის ხელის შემშლელი. ეს არის სწორედ ევროპარლამენტი, ამ კონკრეტული პოლიტიკური ჯგუფების სახით, რომლებიც საკუთარი ვიწრო პოლიტიკური დღის წესრიგიდან გამომდინარე, მაქსიმალურად ცდილობენ დიალოგის ხელშეშლას. თუ დავაკვირდებით წინა წლების განვითარებებს, სწორედ ასე ხდებოდა ხოლმე: როდესაც იყო ურთიერთობის გადატვირთვის, დიალოგის, თანამშრომლობის პერსპექტივა ამის სრულიად საპირისპირო დინებით ცურავდა ხოლმე ევროპარლამენტი და დღესაც იმავეს ვაკვირდებით.","“What can I tell you, you also know what we would do with this resolution [I would send it to the waste paper basket] — for a simple reason: this document, together with its additions, which have made the original document even more severely worse, is completely detached from reality. Especially in these days and weeks, it is very clear who is actually obstructing dialogue. It is precisely the European Parliament, in the form of these specific political groups, which, driven by their own narrow political agenda, are trying as much as possible to hinder dialogue. If we look at the developments of previous years, it was exactly like this: whenever there was a prospect of resetting relations, dialogue, and cooperation, the European Parliament would always drift in the completely opposite direction, and today we are observing the same thing.”"
13_ge_Levan_Makhashvili.csv,"ამიტომ ჩვენთვის და საზოგადოებისთვის ევროპარლამენტის დოკუმენტებმაც, ევროპარლამენტმაც, სამწუხაროდ ფასი დაკარგა, რადგან ის არ ემსახურება თანამშრომლობის და დიალოგის დღის წესრიგს. დღეს ევროპარლამენტის დღის წესრიგი არ მოდის თანხვედრაში საქართველო-ევროკავშირის და ზოგადად საქართველოს უკეთესი, მშვიდობიანი მომავლის დღის წესრიგთან“, - განაცხადა ლევან მახაშვილმა.","“Therefore, for us and for society, the documents of the European Parliament, and the European Parliament itself, unfortunately, have lost their value, because it does not serve the agenda of cooperation and dialogue. Today, the agenda of the European Parliament does not align with the agenda of a better, peaceful future for Georgia-EU relations and, in general, for Georgia,” said Levan Makashvili."
13_ge_Levan_Makhashvili.csv,"კითხვაზე, რომ ევროპარლამენტის საგარეო საქმეთა კომიტეტი მიღებული ანგარიშით რამდენიმე ქართული მედიის დასანქცირებას ითხოვს, მახაშვილმა უპასუხა, რომ ღიმილისმომგვრელია ეს განცხადებები და ჩანაწერები ამ კონკრეტულ დოკუმენტში.","Regarding the question that the European Parliament’s Foreign Affairs Committee is calling for sanctions against several Georgian media outlets in the adopted report, Makashvili replied that these statements and entries in this particular document are laughable."
13_ge_Levan_Makhashvili.csv,"ცნობისთვის, ევროპარლამენტის საგარეო საქმეთა კომიტეტმა საქართველოს შესახებ ანგარიში მიიღო. ევროპარლამენტის საგარეო საქმეთა კომიტეტში საქართველოს შესახებ ყოველწლიურ ანგარიშს მხარი 53-მა ევროპარლამენტარმა დაუჭირა, ხოლო მის წინააღმდეგ ხმა 14-მა მისცა.","For your information, the European Parliament’s Committee on Foreign Affairs has adopted a report on Georgia. In the European Parliament’s Committee on Foreign Affairs, 53 Members of the European Parliament voted in favor of the annual report on Georgia, while 14 voted against it."
