Source File,Content
01_deputy_economy_minister.csv,Deputy Economy Minister: ADB highlights Georgia's favourable business climate and infrastructure ambitions as growth forecast upgraded
01_deputy_economy_minister.csv,"“The Asian Development Bank (ADB) has published its Asian Economic Outlook report, highlighting Georgia’s strong economic growth of 7.5% in 2025. For 2026, against a backdrop of ongoing regional conflicts, the ADB projects growth of 5.5 per cent, an improvement of 0.5 percentage points on the previous forecast,” Vakhtang Tsintsadze, Deputy Minister of Economy and Sustainable Development, has stated."
01_deputy_economy_minister.csv,"The Deputy Minister noted that the report draws particular attention to Georgia’s current account deficit, having fallen to a record low, alongside international reserves reaching a record high."
01_deputy_economy_minister.csv,"For 2026, the ADB expects average inflation in Georgia to stand at 3.8 per cent, reducing the previous year’s figure."
01_deputy_economy_minister.csv,"“The Asian Development Bank also emphasises that Georgia is striving to establish itself as a trade, logistics, and transport hub. In this regard, the report highlights a series of reforms facilitating improvements to customs procedures and related processes. The Bank further underscores Georgia’s infrastructure achievements, both in port development and rail connectivity,” said Vakhtang Tsintsadze."
01_deputy_economy_minister.csv,"According to the Deputy Minister, the ADB report singles out Georgia’s attractive business environment for particular praise, drawing attention to the country’s free trade agreements, as well as the mechanisms in place to safeguard investors’ interests, all of which, taken together, serve to strengthen the confidence of both domestic and international investors and enhance Georgia’s appeal as an investment destination."
02_georgia_to_recognise.csv,Georgia to recognise pre-2010 diplomas under legislative reform
02_georgia_to_recognise.csv,"“The Georgian government will submit legislative amendments to parliament that will resolve longstanding diploma recognition issues, affecting thousands of citizens who graduated before 2010,” Givi Mikanadze, Georgia’s Minister of Education, Science and Youth, announced."
02_georgia_to_recognise.csv,"According to the Minister, the amendments will place four-year full-time and five-year part-time degrees on an equal footing."
02_georgia_to_recognise.csv,"The changes will affect students who enrolled under an accredited programme but completed their studies after the institution lost its accredited status, as well as citizens who were admitted to universities before those institutions had obtained the requisite licence."
02_georgia_to_recognise.csv,"“We had a situation where our citizens completed a four-year programme, studied exactly the same number of subjects, and received exactly the same qualification as those on a five-year part-time course. Under the previous legislation, a five-year degree was considered equivalent to a Master’s qualification, whereas a four-year degree was recognised solely as a Bachelor’s. Under the new amendments, those who complete a four-year programme will receive a diploma equivalent to a Master’s degree, significantly broadening their employment prospects in their chosen fields."
02_georgia_to_recognise.csv,"“Before 2010, before a unified system was established, there was no registry in the education sector to keep students properly informed. There have been instances where certain universities, not yet accredited, failed to disclose this information to prospective students and proceeded to enrol them regardless. When the time came to issue diplomas, graduates found themselves unable to have those documents recognised."
02_georgia_to_recognise.csv,"Furthermore, some higher education institutions held authorisation for a limited period, only to lose it mid-course, again, without informing their students, who subsequently faced the same difficulties."
02_georgia_to_recognise.csv,"These legislative amendments will finally end the long, difficult process our citizens have endured to get diploma recognition, eliminating court appearances, appeals, and the significant time and effort they have invested. All of that will be consigned to history, and the diplomas of thousands of our citizens will at last be recognised,” said Givi Mikanadze."
03_good_friday.csv,Good Friday at Holy Trinity Cathedral in pictures
03_good_friday.csv,"Today is Good Friday, the most solemn day of Holy Week. The Orthodox Church commemorates the crucifixion of Jesus Christ, His descent from the Cross, and His burial."
03_good_friday.csv,"The Locum Tenens of the Patriarchal Throne, Metropolitan Shio, is conducting the Royal Hours, Vespers, and the Rite of the Descent from the Cross at the Patriarchal Cathedral of the Holy Trinity."
03_good_friday.csv,"No Divine Liturgy is celebrated on Good Friday, for according to the Gospel, the Lord offered Himself as a sacrifice for the redemption of humanity from sin. In its place, the Royal Hours are observed, during which the Passion narrative is read from the Gospels."
04_metropolitan_shio.csv,"Metropolitan Shio: If our desire is true and sincere, the Lord will come in His grace and cleanse us"
04_metropolitan_shio.csv,"“The Lord awaits the moment when we compel our souls, burdened and wounded by sin, to turn towards Him and seek salvation and mercy. Our correction, our inner transformation, is possible only through God. It is not within our own power to achieve it,” declared the Locum Tenens of the Patriarchal Throne, Metropolitan Shio of Senaki and Chkhorotsku (Mujiri), in his homily at the Holy Trinity Cathedral, where the Vespers of the Descent from the Cross had been performed shortly before."
04_metropolitan_shio.csv,"In the words of Metropolitan Shio, “if our desire is genuine, strong, and earnest, the Lord will assuredly come in His grace, correct us, and cleanse us.”"
04_metropolitan_shio.csv,"“Through the glorious and ancient liturgy of our Church, composed by the great holy Fathers, celebrated hymnographers, the finest poets, thinkers, and wise men, we are granted not merely to learn of the events surrounding the Lord Jesus Christ from the Gospel, but to become participants in those events through the act of worship itself. And so today we have brought forth the holy Descent from the Cross, and each one of us is a participant in this mystery."
04_metropolitan_shio.csv,"Those gathered here, those who are gathered, are not those who, a short while ago, cried out: Crucify Him, crucify Him. We are those who say to the Lord: Forgive us, O Lord. The Church teaches us that through our sins we crucify the Lord again and again. He came to this earth, took on flesh, suffered, and died to free us from the bondage of sin, from the burden of sin."
04_metropolitan_shio.csv,"Who was the first person whom the Lord set free from that burden? One of the crucified thieves, the wise thief, who was so moved by the sufferings of the innocent Saviour that he confessed his own sins and, from the Cross, turned to the Saviour in repentance. And it is precisely this that the Lord awaits from us: that we should compel our souls, burdened and wounded by sin, to turn to God and seek salvation and mercy."
04_metropolitan_shio.csv,"Many of us, some for years on end, try independently to set something right within our souls, within our lives, without God, by our own strength alone. It is a futile endeavour. It is nothing but a proud and foolish attempt, for our correction, our inner transformation, is possible only through God. It is not within our own power. We may, perhaps, alter our outward behaviour in some small measure, but to change inwardly is beyond our reach, as the Lord Himself says: Without Me, ye can do nothing."
04_metropolitan_shio.csv,"Dear brothers and sisters, the Lord desires our correction and our cleansing. Let me remind you: a sick man once came to Him and said, Lord, if Thou wilt, Thou canst make me clean. And what did the Lord answer? I will. Be thou clean. This is the Lord’s desire. The will of man and the will of God met as one, and that man was healed."
04_metropolitan_shio.csv,"So it is that the Lord desires our correction and our cleansing even more than we desire it ourselves. If our desire is true, strong, and earnest, and we turn to the Lord and seek His help, He will assuredly come in His grace, correct us, and cleanse us. God bless you and give you strength. Let us pray to the Lord that He grant us the strength and the help to walk in the way of truth and light, and together with Christ. Amen,” said Metropolitan Shio."
05_people_power.csv,People's Power's Khundadze: Peace fosters economic development; Georgia is heading in right direction with improvisational policy
05_people_power.csv,"“Peace is the sole indispensable condition for economic development,” declared MP Dimitri Khundadze, Secretary-General of People’s Power."
05_people_power.csv,"Speaking about Georgia’s role as a key player along the Middle Corridor, Khundadze argued that the country’s continued economic growth is what will preserve its standing as a regional leader."
05_people_power.csv,"This, he maintained, is only achievable in conditions of peace, for war and development are simply incompatible."
05_people_power.csv,"“Peace is an absolute prerequisite for making full use of the country’s transit potential. Just a few days ago, when tensions in the Middle East escalated sharply, Georgian airspace was the only corridor on the transport and aviation map operating at full capacity. That is a small but telling illustration of the broader point I am making: peace is the foundation upon which our transit function rests."
05_people_power.csv,"How can a country join sanctions when doing so yields no result whatsoever, not even for those demanding them? Can anyone seriously envisage Georgian sanctions bringing the Russian economy to its knees? Our opponents advocate for active measures to improve living standards, including higher pensions, higher wages, more jobs, and a flourishing tourism sector, among others. They even put figures to it. Representatives of Gakharia’s party have tabled a proposal for a minimum wage of 1,050 lari. Lelo is calling for pensions to be raised to 1,000 lari. And all of this, supposedly, against a backdrop of sanctions? In wartime, such things are simply unthinkable."
05_people_power.csv,"These are cynically noble-sounding declarations. Some have even let slip that they would sooner see bombs raining down on Georgia than see peace endure here. Development and war are irreconcilable. Georgia, with its pragmatic, some might say improvised, policy, is heading in the right direction."
05_people_power.csv,"By way of comparison: in Ukraine today, nobody is thinking about raising pensions or building schools and nurseries. There is only one thought in Ukraine: how to keep this or that family member alive. More than ten million people have already been displaced. The economy is in ruins."
05_people_power.csv,"Meanwhile, in Georgia, tourism revenue has increased over the past year, rising from 4.4 billion in 2024 to 4.7 billion in 2025. Investment is growing. The national economy has expanded towards the 100 billion mark. This is precisely where the opportunity lies: to develop infrastructure, attract investment, and welcome ever greater numbers of visitors. From that foundation, it becomes possible to raise pensions more swiftly and create jobs at a greater pace; some 40,000 new positions have been added in recent times alone."
05_people_power.csv,"I am not claiming that everything is perfect. What I am saying is that in this extraordinarily difficult period, and through this policy, we have not merely preserved peace and averted war, we have managed, across every front, to be in a better position than we were yesterday. But that is not enough. We want better still,” said Dimitri Khundadze."
06_tbilisi_offers_free_metro.csv,Tbilisi offers free metro and bus travel over Easter
06_tbilisi_offers_free_metro.csv,"Tbilisi City Hall announced that Tbilisi Metro will run until 04:00 on April 12, with travel free of charge between 23:00 on April 11 and 04:00 on April 12 in celebration of Easter."
06_tbilisi_offers_free_metro.csv,"Furthermore, the city authorities have introduced nine temporary bus routes for April 12 and 13."
06_tbilisi_offers_free_metro.csv,"“Buses will run from 08:00 to 20:00, serving the cemeteries of Mukhатgverdi, Vashlijvari, Kukia, New Kukia, Makhata, Saburtalo, Ghrmаghele, Veli, and Varketili."
06_tbilisi_offers_free_metro.csv,"Services will depart from the following metro stations: Marjanishvili, Delisi, Sarajishvili, and the area adjacent to Varketili station, as well as from the upper exit of Didube station, Station Square (opposite Tbilisi Central), Besarion Chichinadze Street (opposite Building No. 25), and Varketili Third Massif, at the junction of Shuamta and Abashvili Streets."
06_tbilisi_offers_free_metro.csv,"Travel on all of these routes will be entirely free of charge for both days,” the City Hall statement confirmed."
07_trailers_and_semi-trailers.csv,Trailers and semi-trailers are banned on Nakerala Pass and Sachkhere-Uzunta-Shkmeri-Zudali road due to snow
07_trailers_and_semi-trailers.csv,"Due to snowfall, the movement of trailers and semi-trailers is temporarily prohibited on the section of the Kutaisi (Motsameta)-Tkibuli-Ambrolauri national road between kilometres 39 and 60 (Nakerala Pass), as well as on the Sachkhere (Sareki)-Uzunta-Shkmeri-Zudali road."
07_trailers_and_semi-trailers.csv,"According to the Roads Department of the Ministry of Infrastructure of Georgia, the movement of other types of vehicles remains unrestricted."
08_vehicle_movement.csv,Vehicle movement on Gudauri (Post)-Kobi section is prohibited amid high avalanche risk
08_vehicle_movement.csv,The Roads Department of Georgia’s Ministry of Infrastructure has announced a restriction on vehicle movement along the Gudauri (Post)-Kobi section of the Mtskheta-Stepantsminda-Larsi highway.
08_vehicle_movement.csv,"According to the Roads Department, the avalanche danger level is currently high on this stretch of the route."
08_vehicle_movement.csv,"“Based on information from the Roads Department of the Ministry of Infrastructure of Georgia and the National Environmental Agency (NEA), the avalanche risk on the Gudauri (Post)-Kobi section of the internationally significant Mtskheta-Stepantsminda-Larsi highway is deemed high, and all types of vehicle movement are therefore temporarily prohibited on this section."
08_vehicle_movement.csv,"The National Environmental Agency has confirmed that vehicle traffic on the Mleta-Gudauri section will continue to operate non-stop,” the statement reads."
09_vespers_of_the_descent.csv,Vespers of the Descent from the Cross observed at Holy Trinity Cathedral
09_vespers_of_the_descent.csv,The traditional Vespers of the Descent from the Cross have been performed at the Holy Trinity Patriarchal Cathedral. The service symbolically re-enacts the burial and lamentation of the crucified Jesus Christ.
09_vespers_of_the_descent.csv,"The Locum Tenens of the Patriarchal Throne, Metropolitan Shio of Senaki and Chkhorotsku (Mujiri), together with fellow bishops, conducted the vespers."
09_vespers_of_the_descent.csv,"Today is Good Friday, the most solemn day of Holy Week. The Orthodox Church commemorates the crucifixion of Jesus Christ, His descent from the Cross, and His burial."
09_vespers_of_the_descent.csv,"No Divine Liturgy is celebrated on Good Friday, for according to the Gospel, the Lord offered Himself as a sacrifice for the redemption of humanity from sin. In its place, the Royal Hours are observed, during which the Passion narrative is read from the Gospels."
09_vespers_of_the_descent.csv,"The faithful mark the day by dyeing eggs red and baking Easter breads, for according to the Gospel, the crucifixion of Jesus Christ took place during the Jewish Passover."
10_water_polo.csv,Water Polo: Georgia beats Turkey and takes stride towards World Cup #1TVSPORT
10_water_polo.csv,The Georgian national water polo team faced Turkey in the round of 16 of the World Cup qualifiers and won 19–12. It was a thoroughly deserved act of revenge for their defeat by the same side in the group stage.
10_water_polo.csv,"The victory sends Georgia through to the quarter-finals, where their opponents will be determined in due course, the winner of the Canada–Ukraine tie. To secure a place at the World Cup, Georgia must win two more matches: the quarter-final and the semi-final, with berths at the tournament awarded to both finalists."
10_water_polo.csv,The 2026 Water Polo World Cup takes place in Australia from July 22 to 26.
01_ge_Irakli_Kobakhidze.csv,"Irakli Kobakhidze: Just like the Prime Minister, the State Minister will also be fully supported by the Government Administration’s resources; there is nothing to mock here, although the opposition still speculates - this is their nature and it is not interesting (28.04.2026, 16:30)"
01_ge_Irakli_Kobakhidze.csv,"“Just like the Prime Minister and the Vice Prime Minister, the State Minister for Coordination of Law Enforcement Agencies will also be fully served by the resources of the Government Administration. As you can see, there is nothing to ridicule here, although the opposition still manages to spread speculation - this is their nature and it is not interesting,” Prime Minister Irakli Kobakhidze told journalists."
01_ge_Irakli_Kobakhidze.csv,"According to him, the purpose of creating the new structural unit is to further strgethen the law enforcement system."
01_ge_Irakli_Kobakhidze.csv,"“These changes were aimed at strgethening the law enforcement system even further. A new link has been created - a coordination link. Mamuka Mdinaradze had already been performing this function before, but from a specific agency. That was the factual situation. We decided to formalize what already existed, which was the correct approach. In reality, the structures will remain independent - namely, the Ministry of Internal Affairs, the State Security Service, and the Special State Protection Service - and overall coordination will be ensured. The position of State Minister is designed for this purpose and will further strgethen the fight against crime and the maintenance of public order. As you know, over the past year we have implemented fundamental changes in all directions,” Kobakhidze said."
01_ge_Irakli_Kobakhidze.csv,"He also responded to a question about comparisons between former head of the State Security Service, Grigol Liluashvili, who is currently in detention, and Mamuka Mdinaradze, stating that “the processes developed differently then, and will develop differently now.”"
01_ge_Irakli_Kobakhidze.csv,"“The situation is radically different, and the context is entirely different. Mamuka Mdinaradze is an exceptionally successful member of our team. His work in the State Security Service was particularly successful, including in combating corruption and terrorist crimes. He implemented very important systemic changes. This is a different background, and accordingly, future developments will also be different,” Kobakhidze said."
01_ge_Irakli_Kobakhidze.csv,"Parliament is considering, under an accelerated procedure, a draft law introducing the position of State Minister for Coordination of Law Enforcement Agencies within the Government of Georgia. According to the draft, the Government Administration will provide material, technical, and organizational support for the new State Minister."
01_ge_Irakli_Kobakhidze.csv,"According to Government Parliamentary Secretary Vakhtang Bachiashvili, the State Minister’s powers will be specified in a government decree, and the minister will be based in the Government Administration building."
02_ge_Giorgi_Sharashidze.csv,"Giorgi Sharashidze: What vice premiership or state minister position are we talking about, when he won’t even be given a proper office, won’t have an apparatus, and won’t even have a secretary? I would advise Mdinaradze not to obsess over the office and to work remotely instead (28.04.2026, 12:20)"
02_ge_Giorgi_Sharashidze.csv,"Speaking about the creation of the State Minister position for coordinating law enforcement bodies, “For Georgia” party MP Giorgi Sharashidze said: “What vice premiership or state minister role are we even talking about, when Mamuka Mdinaradze won’t be given a proper office, won’t have an apparatus, and won’t even have a secretary? I would advise him not to fixate too much on the office and to work remotely from home instead."
02_ge_Giorgi_Sharashidze.csv,"The planned changes have nothing to do with solving the problems of our citizens or addressing Georgia’s security challgees. This is yet another manifestation of informal governance. ‘Georgian Dream’ and the 89 MPs sitting in parliament have no role other than to justify decisions made by Ivanishvili, which are not even discussed with them."
02_ge_Giorgi_Sharashidze.csv,"If coordination is so important, then the head of the State Security Service would not be replaced within six months. The position is set for a six-year term for a reason - that provision in the law is not accidental. Yet we see that in the past year alone, two heads of the State Security Service have already been changed. This points to an unstable environment and informal governance. A person was granted a general’s rank in the morning and by the evening was reassigned as a coordinator - what kind of expectations can we have from such a situation?"
02_ge_Giorgi_Sharashidze.csv,"As for the term ‘coordinator,’ it was introduced by ‘Georgian Dream’ itself. Yesterday, when one of our leaders, Giga Parulava, mentioned during a Legal Committee session that this was essentially a coordinator role, it triggered irritation - his wording and tone were criticized. This term was introduced by them, and if they now find it offensive, they should explain where it came from. So when we say that appointing a ‘general coordinator’ will change nothing except temporarily satisfying him and moving him toward retirement, that is the reality,” Sharashidze said."
02_ge_Giorgi_Sharashidze.csv,"For context, parliament is considering an expedited draft law introducing the position of State Minister for the Coordination of Law Enforcement Bodies within the government structure."
02_ge_Giorgi_Sharashidze.csv,"According to the draft, the Government Administration will provide material, technical, and organizational support for the new State Minister."
02_ge_Giorgi_Sharashidze.csv,"Government parliamentary secretary Vakhtang Bachiashvili stated that the minister’s powers will be specified in a government resolution, outlining both routine and strategic responsibilities."
02_ge_Giorgi_Sharashidze.csv,Mamuka Mdinaradze is expected to be appointed to the position of State Minister for the Coordination of Law Enforcement Bodies.
03_ge_Mariam_Kvrivishvili.csv,"Mariam Kvrivishvili - We have signed an updated version of the Free Trade Agreement with China, which will further strgethen and consolidate trade and economic relations between the two countries (25.04.2026, 11:27)"
03_ge_Mariam_Kvrivishvili.csv,"The visit to the People's Republic of China ended with successful results, which will positively affect the further development of economic ties between Georgia and China, - said Mariam Kvrivishvili, Minister of Economy and Sustainable Development of Georgia."
03_ge_Mariam_Kvrivishvili.csv,"According to the Minister, high-level meetings were held with representatives of the Chinese state and private sectors within the framework of the visit. Mariam Kvrivishvili placed special emphasis on the meeting held at the National Reform and Development Commission of China, during which the parties agreed to establish a dialogue mechanism between Georgia and China to attract investments, which will facilitate the implementation of investments from China."
03_ge_Mariam_Kvrivishvili.csv,"""Together with the Minister of Commerce, I signed an updated version of the Free Trade Agreement, which will further strgethen and consolidate trade and economic relations between the two countries. In addition, we made a very important decision to create an intergovernmental format that will ensure the attraction of the largest investments, as well as support for the involvement of Chinese companies in strategic projects,"" - said Mariam Kvrivishvili."
03_ge_Mariam_Kvrivishvili.csv,"The Minister also drew attention to the meeting with the leaders of the China Eastern Airlines, at which a decision was made to launch direct flights from Shanghai to Tbilisi from July 15. As Mariam Kvrivishvili noted, the Shanghai direction, as well as the Chinese tourist market in general, is strategic for Georgia, and direct air traffic will contribute to both the growth of tourist flows and the arrival of visitors with purchasing power in the country."
03_ge_Mariam_Kvrivishvili.csv,"""This decision will strgethen people-to-people relations, economic ties and provide an incentive to strgethen our country's tourism industry, diversify it and generate additional income in our country directly from the tourism industry,"" said Mariam Kvrivishvili."
03_ge_Mariam_Kvrivishvili.csv,"Meetings were held with China's largest energy and automobile manufacturing companies within the framework of the visit. As Mariam Kvrivishvili noted, the meetings discussed Georgia's investment opportunities, which will contribute to attracting additional investments from China, developing local production and strgethening the energy sector."
04_ge_Maka_Botchorishvili.csv,"Maka Botchorishvili on Pawel Herczynski - We do not need to polarize society or incite a radical agenda, we do not need either a dark past or similar threats - the government feels best at what crossroads Georgia is (27.04.2026, 14:15)"
04_ge_Maka_Botchorishvili.csv,"No matter what explanation we hear, facts and actions remain facts and actions. The picture we see is unacceptable, - Foreign Minister Maka Botchorishvili told reporters after a meeting with EU Ambassador Pawel Herczyński."
04_ge_Maka_Botchorishvili.csv,"According to her, the government feels best at which crossroads Georgia is standing and how much we do not need either the dark past or similar threats."
04_ge_Maka_Botchorishvili.csv,"“No one can understand and comprehend better than us, the Georgians and the government elected by the Georgian people, the crossroads this country is at. The will of the Georgian people is expressed in the choice of the Georgian government. The government represents the will of the people they are so worried about. Accordingly, the government feels best the crossroads Georgia is at, how much Georgia’s security needs to be cared and how much we need stability. How much we do not need to polarize this society and incite a radical agenda. Also, we do not need either the dark past or similar threats,” said Botchorishvili."
04_ge_Maka_Botchorishvili.csv,"When asked what was threatening in Pawel Herczynski’s statement, Botchorishvili replied that everything that stirs up polarization in society is unacceptable."
04_ge_Maka_Botchorishvili.csv,"“The statements, actions, steps that are being taken by Brussels, the attitude that we see towards the Georgian government, are unacceptable and are aimed at polarization in this society. Everything that stirs up polarization in our society and incites a radical agenda is unacceptable,” the Foreign Minister noted."
04_ge_Maka_Botchorishvili.csv,"When asked whether she had heard an explanation from Pawel Herczyński about his statement, Botchorishvili replied that they expect that the attitude from Brussels will be what Georgia deserves."
04_ge_Maka_Botchorishvili.csv,"“No matter what explanation we hear, facts and actions remain facts and actions. The picture we see is unacceptable. Georgia is a bona fide partner! It has not done anything towards the European Union to damage any of the EU’s interests. Accordingly, we expect from the European Union that Brussels will have the attitude that Georgia deserves – in good faith relations. We do not see this at this stage and the steps we see are a reflection of this. If we want relations to return to normal, we must at least respect each other and at least these relations must be based on trust, which is shaken by such statements,” said Maka Botchorishvili."
04_ge_Maka_Botchorishvili.csv,"Maka Botchorishvili met with the EU Ambassador to Georgia, Pawel Herczyński, at the Palace of Ceremonies. The summoning of Pawel Herczyński to the meeting was related to a statement he made at the documentary photo exhibition “Georgia in Focus” in Brussels at the European External Action Service, where he noted that Georgia was no longer on the right trajectory. According to the ambassador, the government has chosen an alternative, authoritarian model and is distancing Georgia from the European Union."
04_ge_Maka_Botchorishvili.csv,"“Georgia is at a crossroads. Georgia’s future has not yet been written, but what will be decided in the coming weeks and months will determine whether Georgia belongs to the family of European countries, based on democracy, the rule of law and human rights, or, unfortunately, returns to its dark past. My main message to the Georgian people is “do not lose hope”. We must not allow Georgia and the wonderful, warm, hospitable Georgian people to return to the dark times of violence, civil war, poverty, hardship, corruption. This is not the future they deserve. As soon as the government expresses a desire to cooperate with us, we will do everything to help Georgia become a member of the European Union,” Herczyński was quoted as saying by Negtazeti."
05_ge_Archpriest_Andria.csv,"Archpriest Andria Jagmaidze: A candidate must not be older than 70; as for education, can someone apply for a job and say: ""I don’t have a diploma, but I’m educated""? The Synod must strictly follow the regulations (28.04.2026, 12:00)"
05_ge_Archpriest_Andria.csv,"According to the head of the Patriarchate’s Public Relations Service, Archpriest Andria Jagmaidze, the Holy Synod must strictly adhere to the Church’s governing statute when selecting candidates. “In the criteria, we read that the candidate must be Georgian, must be a monk, must be a member of the Synod, must have an education, and regarding age, it is specified that the person must be at least 40 years old and no more than 70. This Synod does not have the authority to change the statute and must strictly follow it,” Jagmaidze stated."
05_ge_Archpriest_Andria.csv,He emphasized that adherence to established rules is essential for the life of the Church.
05_ge_Archpriest_Andria.csv,"“Today, the Synod will select three candidates for the Patriarchate, and afterward, an enlarged session will be held to elect the Patriarch."
05_ge_Archpriest_Andria.csv,"The criteria clearly state that the candidate must be Georgian, must be a monk, must be a member of the Synod, must have an education, and must be at least 40 years old but not older than 70."
05_ge_Archpriest_Andria.csv,"I am a mathematician - the phrase ‘not older than 70’ means that once a person exceeds 70 by even a day, they are no longer within that limit. Seventy plus any additional days or months is already over 70. From a mathematical perspective, this is completely clear. However, we will see what decision the Synod makes."
05_ge_Archpriest_Andria.csv,"Another point is that this Synod does not have the authority to amend the governing statute and must strictly follow it. As for education, how can someone without a diploma apply for a job vacancy and say, ‘I don’t have a diploma, but I am educated’? That would not work in any job."
05_ge_Archpriest_Andria.csv,"Any issue can be subject to interpretation. For example, what does it mean to be ‘Georgian’? I had a friend who was Yezidi but was deeply Georgian in spirit. If we reason like that, everything can be questioned. There is also the concept of ‘hidden monks’ - someone who is not formally tonsured but lives a monastic life. So everything can be open to interpretation. That is why I believe it is very important for the Church that the established rules are followed."
05_ge_Archpriest_Andria.csv,"We have already received information about delegates from most dioceses,” Jagmaidze said."
06_ge_Armaz_Akhvlediani.csv,"Armaz Akhvlediani: The authorities supported Metropolitan Shio, that is clearer than clear - he was and is involved - we saw it, and I suspect we will see it even before the historical Synod begins where the Patriarch is to be elected (28.04.2026, 19:50)"
06_ge_Armaz_Akhvlediani.csv,"“It is possible that by the final session, where the Patriarch is to be selected by the Synod, the configuration may change to some extent. Metropolitan Shio has advanced, but I would not rush and would not make final conclusions,” said politician Armaz Akhvlediani in the program “Resume” on PalitraNews."
06_ge_Armaz_Akhvlediani.csv,"According to Akhvlediani, everything will depend on where the votes of the other two candidates go."
06_ge_Armaz_Akhvlediani.csv,"“The main decision is ahead. Today, the Synod session only selected the candidates; we already know the results of how many votes each received. Let us also not forget that by the final session, where the Patriarch is to be elected, it is not excluded that the configuration may change. However, today it is visible who is ahead – Metropolitan Shio has advanced, but I would not rush or make final conclusions, unlike others."
06_ge_Armaz_Akhvlediani.csv,"Today the Patriarch was not being elected; today only three candidates were selected. When one is to be chosen, it is possible that the other two may agree on where their votes, as well as others’ votes, will go,” Akhvlediani said."
06_ge_Armaz_Akhvlediani.csv,"According to him, it is “clear as day” that the authorities are interfering in the Patriarchal election and supporting Metropolitan Shio."
06_ge_Armaz_Akhvlediani.csv,"“The authorities supported Metropolitan Shio; that is clearer than clear. He was and is involved. Let us say it directly – all pro-government media, from morning to evening, actively, in every context, regardless of the topic, directly or indirectly supported this one candidate. If this is not interference, then what is interference? As for other forms of interference, I cannot speak about that – I have no facts; if I had, I would say it. But I have a reasonable suspicion and assumption that any ill-intentioned government in any era has mechanisms of influence, pressure, and leverage – especially a government whose authority is already destroyed and which seeks to cling to something, in this case the inherited authority of the Church, to use it for its own benefit. We have seen this over time, and I suspect we will see it even before the historical Synod begins, where the final Patriarch is to be selected,” Akhvlediani said."
06_ge_Armaz_Akhvlediani.csv,"For context, the Holy Synod selected three patriarchal candidates: Locum Tenens of the Patriarchal Throne, Metropolitan Shio (Mujiri) of Senaki and Chkhorotsku; Metropolitan Iobi of Urbnisi and Ruisi; and Metropolitan Grigol of Poti and Khobi."
06_ge_Armaz_Akhvlediani.csv,"According to Archpriest Andria Jaghmaidze, head of the Patriarchate’s Public Relations Service, Metropolitan Shio received 20 votes, while the other two candidates received 7 votes each. Other candidates included Metropolitan Grigol Katia, Metropolitan Dositheos, and Metropolitan Melkisedek."
07_ge_Giorgi_Sharashidze.csv,"Giorgi Sharashidze: What vice premiership or state minister position are we talking about, when he won’t even be given a proper office, won’t have an apparatus, and won’t even have a secretary? I would advise Mdinaradze not to obsess over the office and to work remotely instead (28.04.2026, 12:20)"
07_ge_Giorgi_Sharashidze.csv,"Speaking about the creation of the State Minister position for coordinating law enforcement bodies, “For Georgia” party MP Giorgi Sharashidze said: “What vice premiership or state minister role are we even talking about, when Mamuka Mdinaradze won’t be given a proper office, won’t have an apparatus, and won’t even have a secretary? I would advise him not to fixate too much on the office and to work remotely from home instead."
07_ge_Giorgi_Sharashidze.csv,"The planned changes have nothing to do with solving the problems of our citizens or addressing Georgia’s security challgees. This is yet another manifestation of informal governance. ‘Georgian Dream’ and the 89 MPs sitting in parliament have no role other than to justify decisions made by Ivanishvili, which are not even discussed with them."
07_ge_Giorgi_Sharashidze.csv,"If coordination is so important, then the head of the State Security Service would not be replaced within six months. The position is set for a six-year term for a reason - that provision in the law is not accidental. Yet we see that in the past year alone, two heads of the State Security Service have already been changed. This points to an unstable environment and informal governance. A person was granted a general’s rank in the morning and by the evening was reassigned as a coordinator - what kind of expectations can we have from such a situation?"
07_ge_Giorgi_Sharashidze.csv,"As for the term ‘coordinator,’ it was introduced by ‘Georgian Dream’ itself. Yesterday, when one of our leaders, Giga Parulava, mentioned during a Legal Committee session that this was essentially a coordinator role, it triggered irritation - his wording and tone were criticized. This term was introduced by them, and if they now find it offensive, they should explain where it came from. So when we say that appointing a ‘general coordinator’ will change nothing except temporarily satisfying him and moving him toward retirement, that is the reality,” Sharashidze said."
07_ge_Giorgi_Sharashidze.csv,"For context, parliament is considering an expedited draft law introducing the position of State Minister for the Coordination of Law Enforcement Bodies within the government structure."
07_ge_Giorgi_Sharashidze.csv,"According to the draft, the Government Administration will provide material, technical, and organizational support for the new State Minister."
07_ge_Giorgi_Sharashidze.csv,"Government parliamentary secretary Vakhtang Bachiashvili stated that the minister’s powers will be specified in a government resolution, outlining both routine and strategic responsibilities."
07_ge_Giorgi_Sharashidze.csv,Mamuka Mdinaradze is expected to be appointed to the position of State Minister for the Coordination of Law Enforcement Bodies.
08_ge_Classification_wine.csv,"Classification of so-called small wineries is changing: a small winery will be defined as a wine-producing enterprise whose annual output does not exceed 25,000 liters of wine (16.04.2026, 16:39)"
08_ge_Classification_wine.csv,"The classification of so-called small wineries is being changed — a small winery will now be defined as a wine-producing enterprise whose annual production does not exceed 25,000 liters of wine."
08_ge_Classification_wine.csv,"In addition, organoleptic inspection (sensory evaluation) will become mandatory for all categories of wine produced in Georgia with a protected designation of origin and intended for export or the domestic consumer market. This requirement will not apply to wine produced in small wineries."
08_ge_Classification_wine.csv,"The relevant amendments are being introduced to the Law “On Vine and Wine,” prepared by the Ministry of Environmental Protection and Agriculture. The draft law has been submitted to Parliament by the government."
08_ge_Classification_wine.csv,"According to the draft, labeling of certified alcoholic beverages intended for sale will become mandatory. The labeling will be carried out by the Wine Agency under a procedure established by the Minister of Environmental Protection and Agriculture."
08_ge_Classification_wine.csv,"Under the current Law “On Vine and Wine,” a small winery was defined as a traditional family wine cellar with annual production not exceeding 40,000 liters. Under the changes, this threshold is reduced from 40,000 to 25,000 liters."
08_ge_Classification_wine.csv,"The explanatory note attached to the draft law states: “Since the concept of a small winery and excessive production volume has effectively lost its meaning, there is a need to amend this term and reduce the production threshold for small wineries."
08_ge_Classification_wine.csv,"It should be taken into account that such wine, through its organoleptic characteristics and taste qualities, has an overall impact on the reputation of Georgian wine both in domestic and international markets. In order to regulate this issue, it is important to introduce a new category — ‘natural wine’ instead of ‘home wine’ — which will not be subject to mandatory organoleptic testing only if it is produced in a small winery and if the label includes a specific mark designated for natural wine, ensuring that consumers are properly informed about the product."
08_ge_Classification_wine.csv,"At the same time, it is important to maintain the quality and reputation of Georgian wine on both domestic and international markets. Accordingly, to ensure the supply of high-quality products to consumers, it becomes necessary for all categories of wine — both for export and for the local market — to be subject to organoleptic inspection."
08_ge_Classification_wine.csv,"Based on the above, in order to regulate the issue and introduce appropriate mechanisms, it is considered advisable to introduce labeling for alcoholic beverages and to expand the scope of organoleptic inspection,” the Ministry of Environmental Protection and Agriculture explains in the explanatory note attached to the draft law."
09_ge_Grigol_Gegelia.csv,"Grigol Gegelia – The summoning of Herczyński is another clear proof that this government always serves anti-Georgian goals and aspirations (27.04.2026, 12:20)"
09_ge_Grigol_Gegelia.csv,"The summoning of Herczyński is another clear proof that this government always serves anti-Georgian goals and aspirations, Grigol Gegelia, Foreign Secretary of the Lelo-Strong Georgia, stated regarding the summoning of EU Ambassador Pawel Herczyński."
09_ge_Grigol_Gegelia.csv,"According to Gegelia, at a time when the ambassadors of Iran and Hungary have not been summoned by the Foreign Ministry, the summoning of representatives of Georgia’s strategic partners shows that the Georgian Dream government serves to harm the country’s strategic interests."
09_ge_Grigol_Gegelia.csv,"""At a time when the Iranian ambassador has not been summoned and has not been questioned about why he threatened the Georgian people with such language, at a time when the Hungarian ambassador has not been summoned and has not been asked about the Russian spy who worked in Georgia for 4 years, what we were dealing with, whether Hungary was informed and how we should perceive it, that under Hungarian diplomatic cover he was working in this city, most likely, a Russian spy, and in such a situation, Botchorishvili gives herself the right to attack all the ambassadors who are representatives of this country's strategic partner state. Whether it is because of the statement made at Ilia State University or because of elementary pro-democracy statements, she summons the ambassadors of those states that are the most important strategic partners of our country to resolve the case. This clearly proves that the so-called government is a hostile government of Georgia, which does everything to undermine the national interests of our country, to harm domestic and foreign political interests,"" Grigol Gegelia said."
09_ge_Grigol_Gegelia.csv,"The EU Ambassador to Georgia, who opened a documentary photo exhibition “Georgia in Focus” in Brussels at the European External Action Service, noted that Georgia is no longer on the right trajectory. According to the ambassador, the government has chosen an alternative, authoritarian model and is distancing Georgia from the European Union. “Georgia is at a crossroads. Georgia’s future has not yet been written, but what will be decided in the coming weeks and months will determine whether Georgia belongs to the family of European countries, based on democracy, the rule of law and human rights, or, unfortunately, returns to its dark past. My main message to the Georgian people is “do not lose hope”. We must not allow Georgia and the wonderful, warm, hospitable Georgian people to return to the dark times of violence, civil war, poverty, hardship, corruption. This is not the future they deserve. As soon as the government expresses a desire to cooperate with us, we will do everything to help Georgia become a member of the European Union,” Herczyński was quoted as saying by Negtazeti."
09_ge_Grigol_Gegelia.csv,"Following this statement, the EU Ambassador has been summoned to the Ministry of Foreign Affairs of Georgia."
10_ge_Shalva_Papuashvili.csv,"Shalva Papuashvili - Some European bureaucrats don't understand geography, they think that you can jump over Georgia and connect Europe with Asia - no one has ever won a fight with geography (06.05.2026,  17:46)"
10_ge_Shalva_Papuashvili.csv,"Some European bureaucrats think that they can jump over Georgia and connect Europe to Asia like that - no one has ever won a fight with geography! - this was stated today by the Chairman of the Parliament, Shalva Papuashvili."
10_ge_Shalva_Papuashvili.csv,"According to Papuashvili, “those bureaucrats who think that they can achieve something by bypassing Georgia and not seeing Georgia will once again lose to geography.”"
10_ge_Shalva_Papuashvili.csv,"“Centuries have been like this - the Silk Road did not pass through here in vain... It passed because then, as now, it was the shortest and safest connecting route between Europe and Asia. Some bureaucrats do not understand geography. As we saw in one of the stories before, among them, the French Minister of European Affairs could not find Iran on the map. They also cannot find where Georgia is. Some European bureaucrats think that they can jump over Georgia and connect Europe to Asia like that - no one has ever won a fight with geography,” said Shalva Papuashvili."
10_ge_Shalva_Papuashvili.csv,"Shalva Papuashvili - In the form of the European Parliament, we have the reincarnation of the Congress of People's Deputies of the Soviet Union, while we think in a European way, as a democratic country, and there is a value gap between us (06.05.2026, 18:08)"
10_ge_Shalva_Papuashvili.csv,"In the form of the European Parliament, we have the reincarnation of the Congress of People's Deputies of the Soviet Union. There is a value gap between us. The Georgian people have nothing in common with people with a Soviet mentality, Gorbachev's comrades-in-arms and people distinguished by fascist statements, - the Chairman of the Parliament, Shalva Papuashvili, told journalists in response to a question on the report on Georgia adopted by the European Parliament's Committee on Foreign Affairs."
10_ge_Shalva_Papuashvili.csv,"As Papuashvili noted, the Georgian side has less and less to talk about with the European Parliament."
10_ge_Shalva_Papuashvili.csv,"“We see that we have less and less to talk to these people. We are at two different poles in terms of values. In the form of the European Parliament, we have the reincarnation of the Congress of People’s Deputies of the Soviet Union, in the full sense of the word, with everything - aesthetics, with the Russian accent of Rasa Juknevičienė, absolutely everything - it is already a complete reincarnation of the Congress of People’s Deputies, while we think in a European way, we think as a democratic country, so there is a value gap between us."
10_ge_Shalva_Papuashvili.csv,"This institution of the European Union must be qualitatively changed so that the Georgian Parliament and Georgia can have any kind of relationship with it. Georgians have nothing in common with people with a Soviet mentality, Gorbachev’s comrades and people distinguished by fascist statements,"" Papuashvili said."
10_ge_Shalva_Papuashvili.csv,"Shalva Papuashvili - Zelensky has included the Georgian Prime Minister in the sanctions list and now he had to go and talk to him - this shows how wrong the Ukrainian government's policy towards the Georgian people was (05.05.2026, 15:20)"
10_ge_Shalva_Papuashvili.csv,"""I think the initiative taken by President Zelensky to meet with the Georgian Prime Minister shows that any policy that is inherently unjust is doomed to failure,"" said Shalva Papuashvili, the Speaker of the Georgian Parliament.­"
10_ge_Shalva_Papuashvili.csv,"According to him, the Ukrainian President has put Georgian Prime Minister Kobakhidze on the sanctions list and now he had to go and meet with him."
10_ge_Shalva_Papuashvili.csv,"“I think this itself speaks to how wrong the policy of the Ukrainian government was towards the Georgian people and gives me hope that this is a sign of rethinking, that acting against the Georgian people does not yield results and betting on the forces that are fed by the betrayal of the Georgian people will not bring good results. Once again, we have always said, and not only in relation to Ukraine, but also in relation to all those countries and governments that are geaged in various unfair policies towards the population of Georgia, that we remain in the format of unilateral friendship, which means that we are right in these relations. Whoever took the wrong step towards Georgia will ultimately, hopefully, realize the error of their step. We are always ready to reconsider all these relations."
10_ge_Shalva_Papuashvili.csv,"For more than 4 years, unfortunately, we have seen a policy from the Ukrainian government that is not only directed against the Georgian people, but does not serve the interests of the Ukrainian people either. We have always emphasized that Georgia and the Georgian government have always supported the Ukrainian people and Ukraine, there is no resolution that we have not supported. If anyone has a step to take and to correct, it is the Ukrainian government."
10_ge_Shalva_Papuashvili.csv,"When you impose sanctions on government representatives who stand by your country and people, this is anything but an expression of gratitude. As for other behaviors, all of us were witnesses to all this, we saw it with our own eyes and heard it with our own ears when President Zelensky directly demanded that the Georgian government organize fighters and send them to fight in Ukraine, thus openly geaging, as a party, in the Russian-Ukrainian war. This is called “drag into war” in Georgian, I don’t know what they call it in Ukrainian,” Papuashvili said."
10_ge_Shalva_Papuashvili.csv,"Shalva Papuashvili - It is symbolic that a few days before May 9, Juknevičienė, who is distinguished by her fascist statements, is the author of the resolution - the European Parliament presents itself as the successor to the People's Congress of the Soviet Union (05.05.2026, 15:15)"
10_ge_Shalva_Papuashvili.csv,"In a few days we will have another celebration of the Victory over Fascism Day and it is symbolic that a few days before May 9, Juknevičienė, who is distinguished by her fascist statements towards the Georgian people, is the author of this resolution, - said the Chairman of the Parliament of Georgia, Shalva Papuashvili."
10_ge_Shalva_Papuashvili.csv,"As Papuashvili noted in response to a question on the report on Georgia adopted by the European Parliament's Committee on Foreign Affairs, the European Parliament once again confirms that day by day it is establishing itself as the ""successor of the All-Union Congress of People's Deputies of the Soviet Union""."
10_ge_Shalva_Papuashvili.csv,"“As for the next hostile report or resolution against the Georgian people that is being prepared, there is nothing new in this. The European Parliament once again confirms that it is establishing itself day by day as the successor of the All-Union Congress of People's Deputies of the Soviet Union. It is presenting itself as the successor of the All-Union Congress of People's Deputies of the Soviet Union. Which is not surprising considering that we see Soviet citizens in the ranks of the European Parliament, representatives of the Soviet nomenclature or elite who are ensconced in the European Parliament. I mean representatives of the Baltic states and some countries of Eastern Europe. Just as the All-Union Congress in Moscow made hostile decisions regarding Georgia, the Brussels All-Union Parliament is making such hostile decisions today."
10_ge_Shalva_Papuashvili.csv,"The author of this resolution report is Juknevičienė, who is distinguished by her fascist statements against the Georgian people, which is noteworthy. In a few days we will have another celebration of Victory Day over Fascism and it is symbolic that a few days before May 9, a person, Juknevičienė, who is distinguished by her fascist statements towards the Georgian people, is the author of this resolution”, said Papuashvili."
10_ge_Shalva_Papuashvili.csv,"In addition, according to Papuashvili, “Brussels and foreign funding are the ones who are killing free media in Georgia, subjugating the media for their own propaganda.”"
10_ge_Shalva_Papuashvili.csv,"As for the question related to the revision of visa-free travel, does the “Georgian Dream” feel responsible for this? According to the Speaker of the Parliament, “Mikheil Saakashvili’s fan club will threaten the Georgian people with various tools.”"
10_ge_Shalva_Papuashvili.csv,"“As for the European Parliament, Mikheil Saakashvili’s fan club should not talk to us about any values, any rules, any laws, these are Mikheil Saakashvili’s fan club and that says it all."
10_ge_Shalva_Papuashvili.csv,"When you are a member of the fan club of a dictator, a torturer, a corrupt person, this is a verdict."
10_ge_Shalva_Papuashvili.csv,"It is understandable that Mikheil Saakashvili’s fan club will threaten the Georgian people with various tools. There is nothing surprising in this. They will not succeed. They will not accept the main thing, that the Georgian people act according to their political agenda."
10_ge_Shalva_Papuashvili.csv,"They are not interested in Georgian journalism, nor in the well-being of the Georgian people, the only thing that Juknevičienė and people with similar obsessive thoughts are interested in is to use Georgia as a weapon against Russia. We are seen as a weapon against Russia, they cannot serve any other purpose in our people”, said Shalva Papuashvili."
10_ge_Shalva_Papuashvili.csv,"Shalva Papuashvili - Today's fractured international system is characterized by geopolitical tension, economic uncertainty, and changing security dynamics (07.05.2026, 14:08)"
10_ge_Shalva_Papuashvili.csv,"It is a great honor for me to participate in the discussion on parliamentary diplomacy within the framework of the first Summit of Presidents and Speakers of Parliaments of the members and partner countries of the Parliamentary Assembly of the Mediterranean. Georgia’s historical ties with the Mediterranean region go back thousands of years, and we are pleased to continue this tradition since we officially gained independence 35 years ago, - the Speaker of the Parliament of Georgia, Shalva Papuashvili, said in his speech at the first Summit of Presidents and Speakers of Parliaments of the members and partner countries of the Parliamentary Assembly of the Mediterranean (PAM)."
10_ge_Shalva_Papuashvili.csv,"As Shalva Papuashvili noted, today’s fractured international system is characterized by geopolitical tensions, economic uncertainty, and changing security dynamics."
10_ge_Shalva_Papuashvili.csv,"He said that society is witnessing the breakdown of the rules-based international order, which is an alarming process and calls into question the foundations of stability, cooperation and trust between states."
10_ge_Shalva_Papuashvili.csv,"“It is a special honor to address you from the position of President of PABSEC, which gives me the opportunity to voice the voice of parliamentarians from the countries of the Black Sea region. Today, our region is at the epicenter of global instability - the ongoing Russia-Ukraine war, which has been going on for more than four years."
10_ge_Shalva_Papuashvili.csv,"How can parliamentary diplomacy contribute to regional peace and interregional cooperation? While global organizations fail to achieve results, regional formats have a unique opportunity to change reality for the better: we are united by common pragmatic interests, which are directly delegated to us by our populations, because parliaments directly express the will of the people."
10_ge_Shalva_Papuashvili.csv,"Accordingly, regional associations create a framework through which neighboring countries can geage in dialogue, discuss common challgees and reach practical solutions. The Mediterranean, Black Sea and Gulf regions are interconnected spaces, where enhanced cooperation can bring tangible results. Enhanced parliamentary exchanges can become a bridge for stability, innovation and sustainable development. These links will give peace additional chances."
10_ge_Shalva_Papuashvili.csv,What are the main directions of interregional cooperation that we can identify to achieve peace and stability?
10_ge_Shalva_Papuashvili.csv,"Connectivity is central to this cooperation. The development of strategic transit routes, including the Middle Corridor, is reshaping trade and economic relations between Europe and Asia. These corridors are channels of cooperation that bring our regions closer together and reduce the vulnerability of global supply chains. The issue of connectivity is closely linked to energy security, which has become a crucial issue for our common future. Diversification of energy sources and routes is essential to ensure stability and resilience, especially for Europe. By strgethening cooperation on alternative energy sources and infrastructure, we will promote economic growth and create a more secure and sustainable energy environment,"" said Shalva Papuashvili."
10_ge_Shalva_Papuashvili.csv,"Shalva Papuashvili addresses Pawel Herczynski with a letter (08.05.2026,  10:51)"
10_ge_Shalva_Papuashvili.csv,"The Speaker of the Parliament of Georgia, Shalva Papuashvili, is writing a letter to the European Union Ambassador, Pawel Herczynski."
10_ge_Shalva_Papuashvili.csv,"Papuashvili has posted the letter on social media, saying that he is writing to Herczynski on the occasion of Europe Day."
10_ge_Shalva_Papuashvili.csv,"“I congratulate you with Europe Day. On this remarkable date, besides symbolic celebrations, we should pause and reflect on what Europe truly represents, how its meaning is lived by citizens, and how it shapes the future of Georgia and the European Union."
10_ge_Shalva_Papuashvili.csv,"Robert Schuman, a founding father of the European Union and the great French statesman, made a historic declaration on this day, on the fifth anniversary of the end of the devastating world war. Schuman Declaration was rooted in one overriding purpose: to ensure that war would never again devastate Europe. The Declaration’s spirit was clear – peace through unity, cooperation through respect, and stability through shared responsibility. It is precisely against this vision that today’s policies must be measured."
10_ge_Shalva_Papuashvili.csv,"Unlike Robert Schuman, in your Europe Day message to the Georgian people last year, you chose to ignore the anniversary of the end of the WWII, and instead, concentrate on your political grievances towards your host nation. However, it is worth remembering that, if not the parents and grandparents of the current generations of Georgians, along with other anti-Fascist nations, Fascism would not be defeated and there would be neither European Union, nor Europe Day. There is not a single family in Georgia that did not sacrifice someone in that war. So, setting apart Europe Day from Victory Day does not work for us. Hence, I hope, at your gathering on 9th of May, you will honor the 300,000 Georgians who sacrificed their lives for Europe free of Fascim."
10_ge_Shalva_Papuashvili.csv,"“A united Europe was not achieved and we had war”. EU leadership’s current actions demonstrate that they refuse to become aware of this important inference from Schuman declaration. Current EU policies leave no space for any interpretation other than that they are aimed at deepening the divisions and widening the disagreements. The unfair and politically motivated resolutions from the European Parliament, incessant threats of political and economic retribution, permanent interference in Georgia’s domestic affairs are only few of the deliberate attempts to push for conflict within Georgia and in Georgia’s relationship with the EU. A genuinely united Europe is what can prevent not only wars of future but also end the current wars. However, unfortunately, none of Brussels’ policies to Georgia indicates any serious intention to reach unity between Georgian people and the European Union."
10_ge_Shalva_Papuashvili.csv,"“Europe will not be made all at once, or according to a single plan”, said Robert Schuman in his seminal Declaration. Unfortunately, we see now that Schuman’s wise words are being sidelined, and the policies of the European Union are carried out with narrow political interests in mind, based on false and invented ideologies that neglect cultural richness, ideological diversity, and political pluralism of the population of Europe. The attempt to impose a political and ideological straitjacket on Georgia, on its European integration path, is a good illustration of these narrow, barren, and simplistic policies."
10_ge_Shalva_Papuashvili.csv,"Georgian people do not need to be directed towards the European path. Georgia is the co-creator of the European civilization, and, therefore, wherever Georgia is, there is Europe too. The process of European integration should not mean Brussels’ unilateral assumption of suzerainty over Georgia but a genuine re-consolidation of our historic ties with the other European nations, as between the equals."
10_ge_Shalva_Papuashvili.csv,"Europe Day should also remind us that no ruler of the European Union can simply banish such European ideals as national independence, Christian values, and traditional ways of life only because they have different ideological inclinations. Those who are entertaining the ‘regime change’ ideas with respect to Georgia’s democratically elected government, display complete contradiction with the founding spirit of the European Union. They posit ideologies that are incompatible with the human nature, and, while ignoring the differences in traditions, establish the uniformity of ethos."
10_ge_Shalva_Papuashvili.csv,"The idea of the Coal and Steel Community that Robert Schuman proposed on May 9, 1950, had an aim of “contributing to raising living standards and to promoting living achievements”. He understood very well that peace requires solid economic foundation. The entire European project started from this assumption, after all. However, European leadership seems to have forgotten this very important cornerstone of the foundation of the European Union too. How else can be explained the attempts to persuade the Georgian government to enter into economic warfare with Russia, without offering any security guarantees or economic solidarity? Had Georgian government been persuaded, those attempts would have caused not only economic devastation in Georgia, but would have also caused a regional turmoil and, thus, left Europe without important energy supplies and geoeconomic access routes."
10_ge_Shalva_Papuashvili.csv,"Deviation from the original European aspirations, enshrined in the very idea of Europe Day, brought the European Union to the point where its policies towards Georgia have narrowed down to supporting violence, hate speech, and radicalism. Last year, I addressed you twice with a call to condemn hate speech and violence, but in vain. The grave consequences of the politically biased policy of turning a blind eye on violence and radicalism, most notoriously evident in EU press-speaker giving a rhetorical carte blanche to violence, led to a radical group’s attack on the Presidential Palace on October 4 last year. Since then, for already more than seven long months, not a single European official has publicly condemned the coup, as if violent coups were normal practice of European politics."
10_ge_Shalva_Papuashvili.csv,"Unacceptable recent remarks about Georgia going to its ‘dark past’, with an implicit menace against our people, epitomize the wrongness of EU’s current policies. However, as seen from the perspective of Georgian people, Europe itself may be heading towards its dark past indeed, which Robert Schuman and other great women and men of his generation tried to never repeat."
10_ge_Shalva_Papuashvili.csv,"Georgia offers a very clear path forward. Halting current offensive rhetoric, rectifying damaging policies, and retracting unfair resolutions can pave the way to a genuine dialogue, prudence, and unity, which reflect indeed the original spirit of Europe Day."
10_ge_Shalva_Papuashvili.csv,"If Europe Day is to retain its meaning, it must once again stand for what it originally embodied: peace, cooperation, and unity grounded in respect for nations and their identities”, reads the letter."
11_ge_Khatia_Dekanoidze.csv,"Khatia Dekanoidze - If we look at what is happening in Armenia, we will see that the function that Georgia had, to be the leader of the region, no longer exists - due to Ivanishvili's crimes and the ""anti-Georgian Dream"", Georgia is losing this function (06.05.2026, 12:09)"
11_ge_Khatia_Dekanoidze.csv,"Today, Ivanishvili and the “Anti-Georgian Dream” have deprived Georgia of the function of long-term peace, development, progress and economic prosperity. They have deprived the Georgian people of the opportunity for prosperity and enrichment, the opportunity for European integration. This is a historical crime, - said Khatia Dekanoidze, one of the leaders of the National Movement."
11_ge_Khatia_Dekanoidze.csv,"She congratulated the public on the “liberation of Adjara from Russian and despotic rule” 22 years ago on May 6 and noted that on this day a new page began in the history of Georgia, which meant the leadership of the region."
11_ge_Khatia_Dekanoidze.csv,"""Congratulations on one of the most significant dates in the recent history of Georgia - the return of Adjara to Georgia. 22 years ago, on May 6, one of the most important events took place in the recent history of Georgia, when Adjara returned to the heart of Georgia, was freed from Russian rule, was freed from the rule of a despot, and began a very significant rise together with President Mikheil Saakashvili, his team, and many patriots. And yes, Georgia began a new page, which meant regional leadership, development in technologies, education, in the context of Eastern European expansion, in the context of a strategic partnership with the United States, which was a truly historic mission of our nation. This was the day when we moved to a completely different state development and our team was able to truly establish Georgia as a regional leader. Today, Ivanishvili and the ""Anti-Georgian Dream"" have made Georgia lose the function of long-term peace, development, progress, and economic prosperity. The Georgian people have been deprived of the opportunity for prosperity and enrichment, the opportunity for European integration. This is a historical crime, and if we look at what is happening in our neighboring Armenia, and I want to wish them great success, you will see that the function that Georgia had, to be a leader in the region, to have many sustainable peace projects, this function no longer exists. The events that have developed in Armenia in recent days are not just political support from the European Union, the USA or Canada towards our neighbors, these are investment projects that really mean long-term peace. We had many such projects, including Mikheil Saakashvili, who is now a political prisoner, was directly involved in the development and construction of the Batumi Technological University, and I myself am very proud to have participated in the construction of this technological university. This university should have become one of the most important hubs of Georgia in education, technologies, new communication systems and the possibility of moving to a new stage of education. What was happening in Armenia is not just political support, it is economic support that ensures long-term peace. Everyone who was involved in the most important stages of Georgia’s development is now watching how the country is losing this function due to Ivanishvili’s crimes, due to the “anti-Georgian Dream”. 400 billion investments, military-technological cooperation with France, the United States, energy security projects, the most important new corridor that the European Commission, the European Union, the United States and Canada are now talking about, huge investments that are one of the most important areas of peace, sustainable development and progress, Georgia is losing this,” Dekanoidze said."
12_ge_Irakli_Kupradze.csv,"Irakli Kupradze - Yesterday’s photoshoot by the anti-Georgian Dream, taking the Defense Minister to the empty Anaklia coast, where no work is being done, and the Georgian Dream minister walking around in a circle is ridiculous propaganda that Georgian citizens will not believe (07.05.2026, 14:14)"
12_ge_Irakli_Kupradze.csv,"Yesterday’s photoshoot by the anti-Georgian Dream, taking the Defense Minister to the empty Anaklia coast, where no work is being done, and the Georgian Dream minister walking around in a circle is ridiculous propaganda that Georgian citizens will not believe, - the Secretary General of Lelo-Strong Georgia, Irakli Kupradze, stated at the briefing."
12_ge_Irakli_Kupradze.csv,"According to him, the Anaklia port was supposed to receive its first ship in 2020, but today we see a non-existent project, failed negotiations and Western investors expelled from the country."
12_ge_Irakli_Kupradze.csv,"“The anti-Georgian Dream has lost itself in its own lies. They are drowning in the propaganda and lies that they are producing. Yesterday, the anti-Georgian Dream propaganda media spread stories according to which the construction of the Anaklia port has allegedly begun. This is another bluff and trick from Bidzina Ivanishvili, which indicates that the statements made so far, over the past 6 years, by the Georgian Dream were lies. There have been dozens of times, probably, when they announced that the construction of the Anaklia port had begun. In reality, everything is a lie, propaganda and bluff from Bidzina Ivanishvili."
12_ge_Irakli_Kupradze.csv,"In 2024, in the context of another similar trick, Bidzina Ivanishvili and his propaganda machine came out and said that in just a few days, an agreement would be signed with a Chinese consortium, which would begin construction. Today, it is once again confirmed that all the promises made so far, all the dates were lies. Just dry propaganda from Ivanishvili and the anti-Georgian Dream."
12_ge_Irakli_Kupradze.csv,"In 2026, today, there is neither an investor, nor a completed Anaklia port, there is no longer a master plan, a general plan, which should have been agreed upon many times. Both this general plan and the master plan were thrown in the trash. A new so-called master plan was ordered from the Ministry of Economy, according to which Ivanishvili and his anti-Georgian Dream generally question the purposefulness and effectiveness."
12_ge_Irakli_Kupradze.csv,"Yesterday’s photoshoot by the anti-Georgian Dream, taking the Defense Minister to the empty Anaklia coast, where no work is being done, and the Georgian Dream minister walking around in a circle is ridiculous propaganda that Georgian citizens will not believe. The fact is one: while the Anaklia port was supposed to receive its first ship in 2020, today we see a non-existent project, failed negotiations, Western investors, American and European investors expelled from the country. Under these conditions, it is impossible for Ivanishvili to build the Anaklia port. He does not want to build the Anaklia port, he has an interest in Georgia losing this most important strategic object."
12_ge_Irakli_Kupradze.csv,"A window of new opportunities has clearly opened, which is expressed by the once again loudly voiced interest of our partners that the Black Sea is the interest of our partners. Ivanishvili is making the country lose this opportunity, trying to fade into the background with propaganda."
12_ge_Irakli_Kupradze.csv,"Lelo Strong Georgia is a political party that is the main supporter of this national and strategic object. The project, which is called Anaklia. We have a specific plan for how the Anaklia project should be built. After coming to power, the first step must be to declare the Anaklia port a project of national and strategic importance. All agreements must be public, not behind a “black curtain,” as Ivanishvili does, whether it be “Arab cities” or something else. The existence of Chinese and Russian investments, which may contradict Georgia’s national interests, must be made public. The Anaklia port must be built with the involvement of the state, on the principle of cooperation with Western, American partners."
12_ge_Irakli_Kupradze.csv,"No matter how many ministers walk along the Anaklia coast, where no work is underway, we will definitely build the port,” Kupradze notes."
12_ge_Irakli_Kupradze.csv,"Yesterday, Minister of Economy and Sustainable Development Mariam Kvrivishvili, together with Vice Prime Minister and Minister of Defense Irakli Chikovani, inspected the ongoing works on the territory of the Anaklia port. As the Minister of Economy noted, “the process has already entered a fairly active phase.”"
13_ge_Levan_Makhashvili.csv,"Levan Makhashvili - The documents of the European Parliament, the European Parliament itself, have unfortunately lost their value (05.05.2026 ,14:44)"
13_ge_Levan_Makhashvili.csv,"This document, with its additions, which have further worsened the initial situation, is completely out of touch with reality - for us and the public, the documents of the European Parliament, as well as the European Parliament itself, have unfortunately lost their value, because they do not serve the agenda of cooperation and dialogue, - the Chairman of the European Integration Committee of the Parliament, Levan Makhashvili, said in response to the report adopted by the European Parliament Committee on Foreign Affairs on Georgia."
13_ge_Levan_Makhashvili.csv,"According to him, today the agenda of the European Parliament does not coincide with the agenda of a better, peaceful future for Georgia-the European Union or Georgia in general."
13_ge_Levan_Makhashvili.csv,"""What can I say, you know what we would do to this resolution [I would have sent it to waste paper] - for a simple reason: this document, with its additions, which have even more sharply worsened the initial document, is completely out of touch with reality. Especially in these days and weeks, it is clear who is actually hindering the dialogue. It is precisely the European Parliament, in the form of these specific political groups, which, based on their own narrow political agenda, are trying their best to hinder the dialogue. If we observe the developments of previous years, this is exactly what happened: when there was a prospect of resetting relations, dialogue, cooperation, the European Parliament swam in the completely opposite direction, and we are still observing the same thing today."
13_ge_Levan_Makhashvili.csv,"That is why, for us and the society, the documents of the European Parliament, the European Parliament, have unfortunately lost their value, because they do not serve the agenda of cooperation and dialogue. Today, the agenda of the European Parliament does not coincide with the agenda of a better, peaceful future for Georgia-the European Union or Georgia in general,"" said Levan Makhashvili."
13_ge_Levan_Makhashvili.csv,"When asked about the fact that the Foreign Affairs Committee is demanding the closure of several Georgian media outlets in its adopted report, Makhashvili replied that these statements and notes in this particular document are laughable."
13_ge_Levan_Makhashvili.csv,"For information, the European Parliament’s Committee on Foreign Affairs adopted a report on Georgia. The annual report on Georgia was supported by 53 MEPs, while 14 voted against it."
01_aluda_ketelauri_ge.csv,"I. A messenger came to Shatili: ""The Chechens have struck a blow against us, these evil men of evil ways have sent our shepherds scattering""."
01_aluda_ketelauri_ge.csv,"Aluda Ketelauri is a man smiled on by fate, in village assemblies he sits at the head, his words when he speaks are to the point; he has proven his sharp-edged sabre and hacked many Chechen right hands off. The bad man has no need to fight, the good man can always meet the foe!"
01_aluda_ketelauri_ge.csv,"The Chechens had driven off, he heard, Aluda's own fleet-footed horses; he has an inkling that they would cross the mountainous head of the Arkhoti, their horses' shoes trampling down the dewy fescues of the mountains."
01_aluda_ketelauri_ge.csv,"As soon as Aluda heard all this, he put an edge on his rifle's flint, put on his armour, sharpened his sword, testing carefully the crosspiece, lest the sword should break its hilt."
01_aluda_ketelauri_ge.csv,"Dawn. The peregrine falcon of the rocks swiftly pursues the enemy; as day breaks over the rocky screes the snow pheasant's bell-like call rings out. But the dogs still sleep in their pens, the sheep have not yet left their folds."
01_aluda_ketelauri_ge.csv,"Aluda's eyes soon fell upon the Chechen's tracks. Moments later he caught them up. His gun went off. One thieving Ingush tribesman met the evil instant of his end. His body toppled from his horse, hanging over upside down, pierced by a ball in the shoulder blade. He feels fire spreading from the wound. Another Ingush, the dead man's comrade, squeezes the trigger with his finger. Mutsali's rifle fired a shot, splintering the bare rock-face. Shattered pieces of bullet fall into Aluda's tunic hem."
01_aluda_ketelauri_ge.csv,"""Haven't I hit you, heathen dog?"" Mutsali called out to his foe. ""Don't you believe it, heathen dog, I am a vassal of Gudani shrine"". The bang that came from Aluda's gun was thunder striking from the sky."
01_aluda_ketelauri_ge.csv,"""Haven't I hit you, heathen dog?"" he shouts out to the other man."
01_aluda_ketelauri_ge.csv,"""Mutsali's unharmed, heathen dog; I was only struck by broken rock."""
01_aluda_ketelauri_ge.csv,"""Aha, that must have pierced his hat, the bullet's singed the ends of his hairs."""
01_aluda_ketelauri_ge.csv,"""You aimed too high, miserable wretch, it didn't touch the bones of my skull."" Mutsali's rifle returned the fire: the bullet makes a horrid noise. It had broken Aluda Ketelauri's powder-horn."
01_aluda_ketelauri_ge.csv,"""Aren't you hit now, heathen dog?"" Mutsali asks him threateningly."
01_aluda_ketelauri_ge.csv,"""No, I am not, you heathen dog; the vassal of Gudani shrine is followed by victory-bringing forces that invoke the powers of God. His heart's unhurt, don't be misled. Just my gunpowder pouch was smashed. Now that I must kill or be killed, I'll venge myself on my enemy."""
01_aluda_ketelauri_ge.csv,"The man from Shatili fired a shot which broke the Chechen's breastbone up. ""Now, I've got you, heathen dog!"" loudly he shrieks at his Chechen foe."
01_aluda_ketelauri_ge.csv,"""My heart is hit, my heart, heathen dog, woe to Mutsali's prowess. You killed my brother, you've killed me too: what can I say of the grace of God?"""
01_aluda_ketelauri_ge.csv,"Mutsali does not wish to die, he does not lose his wolfish colour, he tears at the green mountain grasses, spreading the herbs all over his wound. He fired once more at Aluda, losing no chance of fighting on. Then he flung his gun to Aluda, speaking to him one more time: ""Now let it be yours, you heathen dog, lest it fall in another man's hands."""
01_aluda_ketelauri_ge.csv,"The very words dried on his lips, he lay low, sprawling on the earth. Aluda doesn't want the rifle. He burst like a woman into tears. His eyes do not covet his enemy's weapons, he does not strip the armour off. He placed the dagger by Mutsali's head (it had a handle of ivory), he put the flint gun on his chest and on his arm he laid his sabre. Aluda does not cut off Mutsali's right hand. Instead he says, ""It's wrong. Man, whom I have killed, God let your body rest in peace. The least that I can do for you is leave your arm and right hand joined. Let your hand on your heart go back to dust; the stone wall's door shall not have your hand hanging up to gladden it. Good people must have brought you up. God prolong the days of your kin."" He covered him from head to toe with his cloak, and the shield on top."
01_aluda_ketelauri_ge.csv,"II. The sun had risen in the sky, the mists dispersed and left the gorges, the demons of the Caucasus crowd against the heavens' edge. Hawks and predators get up to hunt, vultures follow the eagles' path, always close when the food is free."
01_aluda_ketelauri_ge.csv,"The wild goats kept to the snowy peaks, the grace of God upon their horns; the evilly cawing ravens croak, calling each other from gorge to gorge: ""The Chechen Mutsali has died, I must eat the young man's eyes, then scrape out his heart and liver to warm the surface of my wings."""
01_aluda_ketelauri_ge.csv,"The midday sun had not yet sent its rays of light to Shatili, they do not light a man's descent, a sky of rock stands over him. Over the peaks a young man came, uneasy with himself; his face is clouded, heavy and dark his heart. On his saddle-bow he has hung the right arm hacked off Mutsali's brother, his silver-chased Basal rifle; here too his Khorasani sword. Now he comes to the rocky outcrop where Imeda's stone walls stand. Summer brings them the sound of gunfire, winter the crashing avalanche. Many a raincloud has burst upon them, their stones have heard black ravens croak and felt the insatiable vultures flap. No-one has undermined their fortune, no-one was able to do them evil. The burning rays of the sun above melt the infidel's very hands. The walls live today: for no snake has burrowed under their foundations. Come rain or shine, fair or foul weather, what harm could befall them; many a corpse of downy-bearded young men have they seen. Often have the slain sent a torrent of blood down to the river grove, dyeing red the evil waters of the Ardoti."
01_aluda_ketelauri_ge.csv,"Whoever thirsts for enmity, let his house-door open wide, let his heart be a dam of blood, let his feet stand in the pool, let him drink not wine but blood, let him have it for his bread, let the sign of the cross be made as though he stood in the house of God, let him have a wedding in blood, let his vows be made in blood, let him invite the wedding guests, let him gather round a crowd, let his bed be made in blood, let him lay his wife by his side, may he have children in plenty, many boys and many girls, here too let him dig a grave, let him bury the corpses here."
01_aluda_ketelauri_ge.csv,"You who have killed will be killed in turn, the kinfolk will not spare the killer."
01_aluda_ketelauri_ge.csv,"All the women of Shatili were standing on their flat roofs watching. Aluda is greeted by his brother's three children and his brother. Many want to hear the news, telling Aluda their wish, ""May you be renowned for your deeds."" The elderly Ushisha asks Aluda how the battle went. Ketelauri relates the story of the wolf-like Inguish. ""When I left here, Ushisha, I cut across his tracks in the sand, They were two, I fired my gun, I couldn't get close enough for swords. That Mutsali, God rest his heart, must have had iron for a heart."""
01_aluda_ketelauri_ge.csv,"""What are you saying?"" 'God rest a Chechen' are words forbidden by our faith."" ""I use them to praise his bravery, bravery can't be bought for money ... I fired thrice and he fired thrice, with the third I did for him: a bullet struck him in the chest and smashed his heart to smithereens; he covered up the wound with small-reed and thereupon gave up the ghost. He fought to keep body and soul together, once more he cursed me for my faith."
01_aluda_ketelauri_ge.csv,"Should we say that we are men, that only we are raised by mothers, that our souls find rest, while infidels must gasp eternally in pitch. If that's what we say, we're talking drivel. The gods of the shrine know better than that. Do all speak truth who swear an oath?"
01_aluda_ketelauri_ge.csv,"I couldn't bear to take the knife to cut Mutsali's right hand off, my heart revolted and wouldn't do a deed too difficult. It said, 'So be it, let your fame diminish, you prefer me to wield command.'"
01_aluda_ketelauri_ge.csv,"At this the young Khevsuri men became sour as sloes. They looked angrily at Aluda. Sullenly they chided him, ""Die, you would be better dead, why do you speak such lies to us? Unbuckle your sharp-edged sword, throw it to the women to use as a shuttle; your shield can be their weaver's comb, give them your flint gun for spinning yarn, throw your pistol to the women, they can twirl it as a spindle. A Chechen has made you forswear your faith, A Chechen has made a woman of you. You killed him but left his right hand on, why then did you track him down?"""
01_aluda_ketelauri_ge.csv,"They turned their backs on Aluda, with angry faces, they all went home, going straight to the upper storey. With embittered hearts they left Ketelauri alone. They called the name of Aluda lamentable, misbegotten."
01_aluda_ketelauri_ge.csv,"Mindia came to Shatili, his dun horse armour-clad with bronze, a sabre buckled to his waist. He, whose hilted lance had killed a dozen Chechens, had his shield hung from his shoulder. His horse, Tsitla, is like an antlered stag, his white brow-spot is like the moon."
01_aluda_ketelauri_ge.csv,"Mindia is told of Aluda's shame, the words are laced with poisonous venom. Mindia was pained, he furrowed his brow with wrinkles awesome to behold. ""Do not let your frivolous tongues call a brave young man disgraced. I'd like the truth to be as easy as I'd wish your enemies' death. We have no need of much affliction, one day's supplies suffice for me, my paths and tracks are not mixed up, I know the way through anywhere; Mindia will be with you today until the stars of the Bear have set."""
01_aluda_ketelauri_ge.csv,"He struck with his heel, Tsitla started, surged and moved off like the breeze."
01_aluda_ketelauri_ge.csv,"III. Dark has fallen. The waters weep, the lap of night is hidden from us, now is the time of the twinkling stars, the dewdrops clustering on the grass, the souls of the dead rising up from the graves to sing their soft song."
01_aluda_ketelauri_ge.csv,"Out of the rocks the demons emerge, wandering from gorge to gorge. Supper is over, everyone now prepares to sleep. ""Have some food,"" Aluda's mother and sister beg him. ""Mother, I do not want to eat, my heart is somehow strangely cramped, last night I dreamt some loathsome dreams: I was standing somewhere in a line, a dead man's body lay before us, Khevsuri sat there deep in mourning, some stood at the door ready to fight. I too was there, I was crying, as is customary for a man; I sensed that war was in the offing, that the time to leave had come."
01_aluda_ketelauri_ge.csv,"In a flash my hand was grabbed and in it was placed my dagger-handle. I looked to find it was Mutsali. He wore his tunic of bronze chain-mail, over his heart you could see the wound, the sign of the moment we had fought. Over his bullet-wound was dabbed a greyish poultice of mountain small-reed. He stood like a rock, an unbreakable rock, not a tear falls from his eyes."
01_aluda_ketelauri_ge.csv,"'I want death, I cannot die, you killed me,' he said, beseeching me. 'You have kept this fleeting life, while I am parted from this earth. Sate yourselves, Khevsuri sons, with waving and swinging your swords about.'"
01_aluda_ketelauri_ge.csv,"I sat down, I was served a bowl: a juicy piece of human flesh. I ate it, but a bony piece of human hand or foot appalled me. 'What am I doing?' I raged, 'horrible outcast that I am ... '"
01_aluda_ketelauri_ge.csv,"'Eat'. Something called across to me, don't behave like a man insane ... Please, offer Aluda some more meat and juice and heat it up.' They gave me more; they'd seasoned it; with hairs that came from a human beard."
01_aluda_ketelauri_ge.csv,"Dreams have tortured me, that is why my mind and spirit are upset."""
01_aluda_ketelauri_ge.csv,"IV. Day is breaking. The peaks have reddened, the mists have furled up on the hills, the village rises and awakens, the paths are trod by travellers. The vultures too have started their travels, scanning the mountains and the valleys: but however hard they flap, they cannot leave their trail in the sky."
01_aluda_ketelauri_ge.csv,"Who is riding here on Tsitla and has crossed the running waters? The Khevsuri men call to Mindia, ""Come in peace."" They shout from afar, ""What is the news that you have brought?"""
01_aluda_ketelauri_ge.csv,"""Young men, your blood is in a ferment, you let your hearts do the cutting and stitching, you let your heads be ruled by your hearts and let the axe cut off your heads, you cannot easily know a man just by his manly faith and customs. Don't let one oppress the other: heart and mind should be like brothers. Aluda's right, may the sky not crush me! If you still doubt it, here then, look, is the Chechen's right arm which I've cut off. You ought to keep your tongues in their sheaths, don't be too ready to open your mouths, don't be too ready to say of a man, 'he's no good!' - let alone to his face."" He proffered the hand to Aluda, ""Take it and nail it to the wall."""
01_aluda_ketelauri_ge.csv,"""It was up to me to cut it off, would I not then have done it myself? What you did, Mindia, cannot be right; such an action ill befits you. Why should I want it? It's no use to me, it won't come in handy for a shield; it won't mow for me in the mountain meadows; it's no use to me for baling hay. Take it away, if you've faith in the Lord, from now on keep it out of my sight. It's the right hand of a brave young warrior, my heart is burning with remorse. Why are the Khevsuri so enraged, why are they bursting themselves with wrath? When I next kill a foe, I shall refuse – out of spite - to cut off his hand. 'It isn't right to kill the foe, unless his right is hacked off with a knife!' Woe to your idea of justice, it is a sin for a man baptized."""
01_aluda_ketelauri_ge.csv,"V. The feast days of the Lord had come, the people were flocking to the shrine, they want to let the spirit know what ailed them, who was suffering. Men and women crowded in with sheep and oxen; they beseech and offer the spirit sacrifice through the offertory doors."
01_aluda_ketelauri_ge.csv,"Who then is standing there like a mist, with his sword that is chased with brass? He hands a bullock to the priest and stands still with his head bent down."
01_aluda_ketelauri_ge.csv,"""Whose soul do you pray for, Aluda, to whom do you consecrate this black calf?"" the chieftain-priest asks Aluda; holding his arm outstretched he says, ""Mighty is the spirit of our shrine, Gudani shrine especially. The vassals who serve it are powerful through God's strength and God himself; a good young man will please the shrine and grace is added unto him. Young men on whom we can rely bring good fortune to our shrine. Name me the man to whom you sacrifice and to him it shall be done."" He raises the dagger and prepares to speak the glorifying prayer."
01_aluda_ketelauri_ge.csv,"""This beast, Berdia, I sacrifice to the Chechen I killed the other day. The name he bore was Mutsali, he was a son of the unbaptized. Sacrifice my offering well, I don't grudge it for his soul, do it as though for a handsome brother whom unwittingly I had killed."""
01_aluda_ketelauri_ge.csv,"""Are you sanctifying an infidel? This is quite unworthy of you, no good can come to you from killing an animal for a Chechen's soul. This is no part of our fathers' law, the testament of our forefathers. You are Christian, come to your senses, doing this will make you a heathen. Cast off the devil. How could such words escape your lips? You have killed so many others that on your stone wall there hangs a plaited rope of hands; some from Lezghi, some from Chechens, the right hands hang there like a bridge. You never slew a goat-kid for anyone, let alone a great black bullock. How can I implore rest from the Lord for the soul of a dog, born of dogs? Better it were that the heavens should fall or the back of the earth break open beneath me or the bottomless ocean swallow me up and I should eat a meal of sand!"" Berdia's face takes on a new colour, the hue of otherworldly fear."
01_aluda_ketelauri_ge.csv,"""Do not weaken the strength of my offering, if you believe in the grace of God. I am a vassal of Gudani shrine, a Khevsuri of your waters. We're as good as equal, Berdia, dwellers in the same high valleys."""
01_aluda_ketelauri_ge.csv,"""You're wasting your time in vain, Aluda, you wear out your lips to no good end."""
01_aluda_ketelauri_ge.csv,"Ketelauri was enraged, his face took on a wolfish hue. He struck his sabre with his hand, a beam of sunlight glanced from it, he swung it over the bullock's neck; the head rolls off onto the ground, as Aluda entreats the spirit: ""Hold this not to be a sin from me, thy child. The unbaptized hero, Mutsali, have this from my heart."""
01_aluda_ketelauri_ge.csv,"Berdia, his hackles rising, turns around to face the crowd: ""Have you ever heard,"" he called out loud, ""such a mockery of our faith? Aluda kills the beast himself in memory of a Chechen's soul. People, give me your hearts' response. Gather together, Khevsuri sons, everyone of you, great and small, let us do justice, let's smash down the foundation stones of Aluda's house. Feel no pity, let yourselves be the cause of his wife's and children's tears. Proscribe, expel him; let him gaze on other lands and skies and clouds. Off you go, smash down the doors of the wretch's house and fort. Set alight, burn down his hayrick, let the flames reach to the sky. Drive out his sheep, his cows, his oxen for the villages' common wealth. Make his family in Shatili weep, his girls and mistresses at Gudani. Do not pity him. Let him feel the wrath of the spirit of our shrine."""
01_aluda_ketelauri_ge.csv,"When he heard this, Mindia's eyes filled with tears. Nothing now could he do for Aluda. He folded his arms across his heart. The Khevsuri, a little drunk, lift their shields in readiness, they are to strike at Ketelauri, with sullen malice their bronze armour clangs. Then some children came to the fore of the assembled Khevsuri. One of them held out in his hand the gnawed-at bones of a man's right hand."
01_aluda_ketelauri_ge.csv,"""Men, I invoke on you the grace shown by the spirit of the shrine. Give me the warrior's prize cup to drink, for I have brought you an enemy's hand. A raven bore it in his talons, heading for a crag of rock. I drew my bow and shot an arrow. Boldly it flew across the sky. My shot was true, it pierced its wing, the raven let its booty drop from its claw and fall to earth."""
01_aluda_ketelauri_ge.csv,"""This is the hand of Mutsali, which brought about the sentenced passed and the curse of the Khevsuri,"" Mindia said with an angry voice. ""I was the man who brought it to Aluda, I made him flush by vexing him. As Aluda refused to have it, I flung it to the gorge's depths."""
01_aluda_ketelauri_ge.csv,"""Take it away,"" says Berdia, ""If it's not the limb of a heathen dog, then we're not sons of the Khevsuri but the devil's vassals or the nymphs'."" The hand that came from Mutsali's arm was thrown away for a dog to eat. The cur disdained to open its jaws, uttering just a piteous howl."
01_aluda_ketelauri_ge.csv,"Berdia the chieftain says: ""Khevsuri, see for yourselves. 'Dog doesn't eat dog', men have said since time began."" The Chechen's right hand was fixed by the children to a crooked stick and dragged along across the ground."
01_aluda_ketelauri_ge.csv,"VI. Falling snow and raging winds have covered up the mountain passes, landslides sweep down through the gorge, slipping and toppling from the rocks. The waters' breast and rivers' arms are bound by ice in bonds of blue. Ice has piled up with the wind on the footpaths' narrow trails."
01_aluda_ketelauri_ge.csv,"Who finds it irksome to be alive, who is this traveller setting off? Someone sweeps the snow in front, five more follow in his wake. Suffering from the pangs of hunger, a pack of wolves howls at the peaks."
01_aluda_ketelauri_ge.csv,"""Khevsuri, may you behold naught but evil,"" one woman curses. ""Woe is me, our house and home: not a stone is still left standing. On the upper storey pillars and the fort the crows now squat."""
01_aluda_ketelauri_ge.csv,"Aluda's mother says to him, ""Son, slow down. I can't keep up, neither can Lela your wife walk fast. The children have started whimpering, our hands and feet are frozen stiff. Alas what pathless wastes we tramp, woe is me, how dark it is. I wonder, won't the Khevsuri one day perhaps require your help? Whose country is going to take us in, where will we drop when we succumb? We have no refuge and no home, everywhere else we will be cursed. Never again will we go down to our home across Shatili gorge. It has been more that I can bear to part for ever from my country. I have turned the colour of a dying man. My mind is crazed, my knees are folding, the dark is a pillar in my heart. Woe to you, our forefathers' graves, woe to you rocks, that stand so sharp!"""
01_aluda_ketelauri_ge.csv,"Aluda says to them angrily, ""Women, stop your idle chatter. Come, follow me, let's move on. God has appointed this as our lot. Don't curse the village, lest the shrine be roused to wrath. Have some sense"""
01_aluda_ketelauri_ge.csv,"Only once did Aluda want to turn his head, only once. ""Farewell, mountains, joy of my eyes, peaks where only the wild goats live. Farewell, my home, peace be with you, you stir such pity in my breast. Farewell, spirit of our shrine, who gives such power to the men who serve you."""
01_aluda_ketelauri_ge.csv,"Now the travellers had left forever the land and waters of their birth. The mountain peaks seem blank bystanders, only the wind's hoarse howl resounds. They crossed the ridge to the other side, the tracks that they gouge in the snow have vanished, the only sound that still is heard is the sound of a woman's bitter sobbing."
02_host_and_guest_ge.csv,"I. Buried in the gloom of night, cold and pallid to behold, the Chechen country seems to be the bare rocks' throne. Below in the dark gorge the river roars, seething inwardly with wrath. The mountains had bent down to wash their hands and faces in the flood; many a man had died on their slopes, they couldn't bear the feel of blood. They thirst for fratricidal blood and a man is approaching on the track. Track, I said, but hardly that; a narrow trail along the rocks. Hard to walk, it barely leaves room for foot to follow foot. Yonder appears the Chechen village, an eagle's nest, as beautiful to look at as a woman's breasts. Over the village a black mist sleeps, deeply sunken in its thoughts, listening to the land around, rejoicing in the things it sees."
02_host_and_guest_ge.csv,"But tomorrow this passing guest moves on from here to other scenes; it will depart and cross the hills and the ridges gripped in ice, darkening the land as it conceals what was visible from the eyes. Or it will make the hunter weep when he finds he is lost in the rocks, and it will gladden wolves and thieves prowling and roaming in the dark."
02_host_and_guest_ge.csv,"II. Someone unknown to him has sent a boulder tumbling from above. The traveller gave an upward glance, before him rose a mighty hill. He listens... and a little later he hears the crunch of trodden sand; the traveller makes his flint gun ready, lest this be a foe at large. Harder he stares, all eyes and ears, propping his rifle on the ground. He sees a man come striding down, a cleft-handled stick is in his hand. Something black he dragged downhill and ploughed a furrow in the sand. The stranger said nothing, not a sound came from his lips. The metal band that bound the barrel of his gun shone like a drop of morning rain."
02_host_and_guest_ge.csv,"""Who, what sort of creature are you, why are you abroad at this hour?"""
02_host_and_guest_ge.csv,"""What do you think? I am a hunter. I can't see why I should trust in you."""
02_host_and_guest_ge.csv,"""Why should I seem unworthy of trust? Why say things that are untrue? I am wandering, am I not, just like you in these rocky parts? I too am a hunter if you please; today I have roamed about in vain."""
02_host_and_guest_ge.csv,"""Is it usual for a hunter to be as empty-handed as you are?"""
02_host_and_guest_ge.csv,"""I've plenty, brother, on my hands, it's all I can do to keep on my feet, I've walked every yard of the rocky screes and not left the gorges for a moment. A black mist hung over the higher slopes, a mighty wind sprung up and howled through the ravines like a starving wolf. I couldn't see the path in front, I felt like falling onto the rocks. I'm foxed, I don't know where to turn, that is what has troubled me."
02_host_and_guest_ge.csv,"I startled game in many places, I clearly heard the sound of their hooves or of horns when a wild goat touched against the rocks as it leapt across. This was enough to break my heart, I couldn't make anything out with my eyes. Never mind firing or killing now, I hardly dared to move a step."""
02_host_and_guest_ge.csv,"The stranger approached him somewhat nearer, standing just a little way off. ""Greetings, then"", he called out to him, ""don't complain, do not be angry."""
02_host_and_guest_ge.csv,"""Greetings to you, brother, in return: long may you kill the leaping game."""
02_host_and_guest_ge.csv,"""There's game right here, why complain?"" he pointed to a horned wild goat, lying dead, its horns curved back, the cunning beast now silenced for good. ""If you like, let's now divide it as between comrades, the two of us. All I want is a tiny bit, let's carve it up the proper way. Tonight you'll come and stay with me, I have my house not far from here. Brother, where are you from? Say your name. Do not be sad: today the Lord has, it seems, provided for you. Part of the wild goat that I've killed is allotted for you to take. What astounds you? I am not mocking or deceiving you. Well, if things are not what they seem, how have we stumbled on one another? Shame on him, I say, who lets you go off without your share. What's your name? Tell me your name. You have the look of a Khevsuri."""
02_host_and_guest_ge.csv,"""Brother, my name is Nunua, I came from Chieli not long ago."" Zviadauri was lying, he had concealed his proper name. He had no choice, his name was known, much Chechen blood cried out for vengeance. Many Chechen right hands he had severed. many Chechens he had despatched to untimely graves."
02_host_and_guest_ge.csv,"""Tell me your name, since I have told you my real name."""
02_host_and_guest_ge.csv,"""Brother, my name is Joqola, my clan Alkhasta. We shan't have to tell each other any lies. My house is here at Jarega, behind its fortified stone wall. This night you'll come and stay with me, I myself shall lead the way. Though I might not be the best, I shan't be the worst of hosts. Tomorrow, brother, you'll do what seems best, go where you want. I shall tell you of my worries and you can tell me some of yours."""
02_host_and_guest_ge.csv,"""Brother, where I haven't ploughed, how can I reap? That's never done. I see you've cut the wild goat's throat and skinned its feet. I shan't refuse to stay with you. I shall help to lug the goat. But I'll not ask, I'd have you know, for any bit. I should not venture to do that."""
02_host_and_guest_ge.csv,"They skinned the beast, left for Jarega, told many stories as they went and got to know each other well."
02_host_and_guest_ge.csv,"III. Thick stone towers came into sight, dogs started yapping here and there; they had come. From the doorways curious children gazed at them. Now it was clear that what seemed boulders were indeed houses of polished stone."
02_host_and_guest_ge.csv,"""Here you are, this is my fort, my house, my home and family. Please come in like a man to his brother or to the father of his godchild."""
02_host_and_guest_ge.csv,"Joqola called his wife, ""Come out to the door and look"". The host's words showed his pleasure with himself. On the veranda they stand and wait... the fire was dying on the hearth, by the fire a man of some age sat and played the panduri. He sang of heroes and their deeds, of battles fought by his forefathers: how they pillaged Pshavi and Khevsuri and left no brother's blood unavenged. The brave young warrior's right hand is blessed and revered in every land."
02_host_and_guest_ge.csv,"A beautiful woman then appeared dressed in black. Her body was as slender as a silken thread, she was a star torn down from heaven."
02_host_and_guest_ge.csv,"""Here now, I have brought a guest - this is the grace of God upon us - now it is up to you to show how you will receive us, wife."""
02_host_and_guest_ge.csv,"The woman offered her guest a greeting, Guest, come in peace."" ""Peace be with you, long life to you, to your husband and your offspring."""
02_host_and_guest_ge.csv,"She took away her guest's chainmail, they asked him in. The woman was the last to enter - Joqola first, then Zviadauri: he had found himself a brother."
02_host_and_guest_ge.csv,"IV. The man they saw in the house, his hair streaked grey, showing his age, rose up straightway to his feet, a mighty leopard of the rocks. Come as a guest to another man's house, a stranger respects any other guest. It is the custom to rise to one's feet; he cannot break the mountain customs. But when he saw the outsider come, his face took on a wolfish tint. It was easy to see what this man thought. The elder Chechen did not find the alien youth a pleasant sight. Stirred with rage, his heart was racing, his feelings showed clearly in his face. His hand is groping for his dagger and silently it tests the blade. But he, a guest in another's house can't unleash a bloody brawl. He rose and silently went out, he bit his finger bitterly, thrice he struck his heart with his hand when he found himself outside."
02_host_and_guest_ge.csv,"Off he went from door to door, putting a venomous edge on his tongue; ""Chechen men, our blood-feud foe has crept this night into our midst. Joqola, it seems, has no idea who he is, as though his eyes had never seen the annihilator, this man who preys on us tooth and nail, who is never sated, always hungry for our blood and for our bones. Today we have him, let us try to give him a taste of bitter gall. We have many dead who are unavenged and who were killed by him this summer. Speak if I am telling lies, if what I say is not the truth. Let our enemy discover that we are not of mongrel stock. Joqola's witlessness astounds me: why did he open his door to the foe, to whom is the idiot playing host, what has driven him out of his mind? We must make vinegar flow out of Zviadauri's nose; if we don't then let us yield the womenfolk our sword and shield."""
02_host_and_guest_ge.csv,"The sons of the Chechens were aroused, each one buckled on his sword, the whole of the village was set astir, every man and woman and child. They must sacrifice the head of Zviadauri to their dead. His throat must be cut on the grave of his foe as was the custom and the rule."
02_host_and_guest_ge.csv,"They sent off a man to act as a spy, quietly they trust him with his task. He was to visit Joqola as a neighbour or a brother, not to alert him in any way to the village's intent. He was to sup, to have a chat, to find out where the guest would sleep: at night they'd storm and tie him up, they didn't want to wait for long. With honeyed words the spy arrived, greeting Joqola by name, at his ease as though unvexed. He makes himself at home, tells tales: his tongue is flashing like flint and steel. Who would know he had a heart poisoned with a serpent's venom?"
02_host_and_guest_ge.csv,"They supped. The host was taking a heartfelt liking to his guest. ""He's a good man, that's only too clear,"" he swears repeatedly by his faith. ""Today we are friends, tomorrow brothers: our two souls are linked together..."" He asked him if he would like to sleep and offered him his wicker bed. ""No,"" his guest said in reply, ""I don't need blankets or a mattress. I shall sleep on the veranda floor, I'm not accustomed to sleep indoors."""
02_host_and_guest_ge.csv,"His desire, his inner wish, the wish of his heart was now fulfilled: this is what the spy was after, for this the village had charged him to come. Overjoyed, he took his leave and alerted all the people. The fox has no more need to search if he knows the cockerel's perch."
02_host_and_guest_ge.csv,"V. ""What's up, woman? Get my sword and my dagger, this is no joke. The enemy's soldiers are storming us, they mean to wreak real havoc on us, it is our guest who's played us false; under the cloak of friend and brother he has smuggled his army in. Right then, wait... I am wrong, these men here are Chechens like us. Why have they come at this hour of night, what is this argument, what do they want? Listen closely, I hear someone croak. What a horrible row this is. They must be putting my guest to death, daggers are flashing all around. Take a look at these shameless men, trampling my family underfoot. They have cast a slur on my manly honour, crushing it into the dirt like pulp; am I supposed to run away? What on earth are they raging for?"""
02_host_and_guest_ge.csv,"Joqola spoke and rose to his feet, clutching a dagger he left the room. He flung the house-door open wide, proudly, angrily stepped outside. ""What are you up to,"" he called out loud, ""whose guest are you binding up with rope? Why are you breaking our God-given rules, why foul yourself with a pitcher of dirt? I swear by my faith, I'll shed your blood, I'll make you rue your savage deeds, I'll make you rue, though you be my brothers, the day you trampled on my manhood..."""
02_host_and_guest_ge.csv,"""Madman, what do you mean, what have you said? Can't you come back to your senses? Who would sever his mother's breast so as to please a blood-enemy guest?"" The Chechens shouted out at him loud as thunder, as one man. ""You and your guest, the two of you we'll throw over a precipice. The village will do as it desires by its communal laws and rules. Why is this man in your house as a guest, this scourge of all the Chechen lands? In the mountains even a child knows Zviadauri by name. You brainless fool, he always has tried his utmost to destroy us, falling on us like a wolf, sitting in wait for us on the road."""
02_host_and_guest_ge.csv,"A fleeting thought held Joqola back, a twinge of remorse suffused his face as if an arrow had been fired and struck the middle of his heart."
02_host_and_guest_ge.csv,"""It was he who shot your brother in the birch woods. We know his face when it is like a rabid mask. Zviadauri if you please', he shrieked at us from the upper slopes. We know him clearly to this day, our eyes have tracked him from afar. Pshavia and Khevsuria are full of cattle he's rustled from here. Quick-footed, in his blue-black tunic, he used to hang behind the army. You ill-starred wretch, why foul yourself with this never-sated pig? How can it not make you retch to sit there in his company?"""
02_host_and_guest_ge.csv,"""All this may very well be true... Whatever you may say about him, no thread on earth will bind my heart to go along with your desires. Today, you see, he is my guest, though seas of blood be on his hand, I am unable to betray him, I, God's creature, swear by God. I ask you, Musa, let him go, don't torture him so savagely. Once he has left my family, then do him harm. Who'd sell a guest? What Chechen have you known do that? What great wrong can I have done that you should batter down my door? You forgot your laws and faith to act in such a wrongful way. How will you answer my family? This is no highway, this is my house. Woe upon you, sons of the Chechens, Woe to this army at my door. You put an unarmed man to torture, even your hearts must feel for him."""
02_host_and_guest_ge.csv,"Musa (to Joqola): ""You headstrong fool, we'll tie you too, if you defy the common voice. How dare you mutiny against that which we decree is right? You have been yapping like a cur, you have been talking a madman's drivel; and for the sake of this infidel you treat your brothers like enemies. Don't you know that from this day your affairs have gone awry?"""
02_host_and_guest_ge.csv,"Joqola (to Musa): ""What was that? Cur? Did you say that? So now you've made a dog of me?"" He drew his dagger, thrust it hard to the hilt in Musa's heart. ""Hark at this dog, listen to him, you saw the liberties he took with me. You who trample on my honour, do you still abuse and curse me? I swear by Allah, I'll wipe you out unless your swords dismember me first. May earth's and heaven's grace abhor you, what you are doing is unjust."""
02_host_and_guest_ge.csv,"""The man is godless, what's he done, he's off his head, he's gone insane..."" The whole armed gathering of Chechens swooped on Joqola, bound his arms, too fast for him to use his sword. They threw him down, bound hand and foot, on the veranda like a corpse. The people's curse is a thunderbolt, its spittle is a fall of rain. They lead a wounded man away, it was Zviadauri."
02_host_and_guest_ge.csv,"What says Zviadauri? Why is his face so chill and pale? Bile is eating the young man's life because he cannot hold a sword: ""Should you ever fall in my hands, you dogs, I'd give you something to remember."" He said the words with nonchalance, but nothing more came from his lips. They were taking him to the graveyard to sacrifice him to their dead, so that he might in the other world be the dead hero's obedient slave, plait him bark sandals and draw him water."
02_host_and_guest_ge.csv,"VI. Beyond the village stands a hill, sunburnt, sandy. Many men, lion-hearted, thoroughbred, lie here. Below, the rock-face crumbles to a silent dry clay river-bed. These men once held cold steel and firearms: their rugged hearts have ceased to beat. Relentless and insatiable, the tongueless earth devours them; the human form of everyone is obliterated in it... no earthly power or cunning words undo for us the claws of death. This is the wrong that nature does us, the cause of our eternal grief: evil and good, it kills them all, no-one has it ever spared. All the voyagers' goods are sunk when their ship is swallowed up..."
02_host_and_guest_ge.csv,"The sun's first rays had not yet shone, the dew still slumbered on the grass, the breeze had not begun to blow or fan itself low on the ground. Already countless men and women had gathered on the wooded banks. Zviadauri, arms bound, was being dragged here by the mob.- All look forward to seeing him killed, for who would think to mourn for him? Though death may frighten all of us, we long to watch when someone else is put to death. Men cannot feel too often great wrongs that they do. How many evil men I know who walk about without a frown. And is there a man who would not want to see his tormentor annihilated?"
02_host_and_guest_ge.csv,"VII. Here now is the Chechen's grave, the people gather in a circle, the mullah reads aloud the prayer which invokes their dead man's soul:"
02_host_and_guest_ge.csv,"""Darla, let your suffering stoр, put away your worries now, we your fellows have come to stand by the grave where you are buried with a sacrifice; rejoice in it, we will not leave you unavenged."""
02_host_and_guest_ge.csv,"""A dog is all your corpse deserves,"" the young man raises up his voice, fury makes his hair prick up like the hackles of a panther. Fire like a lime-kiln's seizes hold of the victim's inner feelings. What can bend his clouded brows, his sun- and wind-tanned mountain neck?"
02_host_and_guest_ge.csv,"They turn round Zviadauri, they press a swordpoint in his throat:"
02_host_and_guest_ge.csv,"""Be sacrificed as Darla's slave,"" everybody shouts at him."
02_host_and_guest_ge.csv,"""A dog is all your corpse deserves,"" came his answer to the people."
02_host_and_guest_ge.csv,"The brave man did not bend an inch, his eyebrows did not even twitch."
02_host_and_guest_ge.csv,"The sons of the Chechen were aghast, the people reared like a maddened horse. ""He's trying to spoil the sacrifice, just listen to the damnable dog,"" they bawl, while slowly, inch by inch they thrust the sword into his throat. ""A dog... ""the words came through the throat, until his head and neck were severed. ""Just take a look at him, have a look, he hasn't even blinked an eye."" Life was ebbing, blood was gushing, Zviadauri was dying. But no foe's hand could kill his heart, his heart stayed a heart right to the end... And as she watched this spectacle, a woman felt her senses faint, the beautiful creature hid her tears as she stood behind the throng. ""Do not kill him,"" her heart cries out. She thought, as anger overcame her, ""If only a woman had the right to wield an axe, or was entitled to spare this man from being killed, I'd make the rest fear for their souls. I can't imagine that the woman who used to lie down by his side, whose breasts, from now on cursed, used to touch against his chest, could ever feel, I can't believe it, her passion for her husband waning."""
02_host_and_guest_ge.csv,"The Chechens were hurt and deeply angered: their desires were unfulfilled, they had failed to make an offering that befitted their hero's soul. The man they killed had killed their hearts and given the lie to their boastful oaths. Enraged, aggrieved, these men now wished to draw their daggers all together to inflict on their victim's corpse open windows stained with blood. But they were ashamed and did not dare; each man thought, ""It is a sin."" The violence of the crowd's intent had drifted off into regret. Making their way back downhill, once they were home, they started saying: ""We would not have killed him as a foe, surely, had foes not done us harm."" ""He must have been a brave man indeed,"" everybody swore by Allah, ""That's why he fought us like a panther, he stood'up for his motherland. But 'show the enemy no mercу' the Lord himself commanded us. Better to do what we shall now try: to stick a knife blade in his heart."""
02_host_and_guest_ge.csv,"They went. Zviadauri was left high up on a desert spot, for the dogs to pull at the carcase and flocks of birds to rip it up. ""He wouldn't submit to sacrifice, let him lie there, that's harm enough,"" loudly the Chechens shouted out, pleased and satisfied with themselves. And the dark gorges caught the sound and echoed their voices through the peaks."
02_host_and_guest_ge.csv,"Evening came and down the mountains the last rays of sunlight edged their way, light gives up the ghost, dark steals in. The suns rays froze and ceased to move, the glimmering sand no longer shone. No-one could see, for it had dimmed, the white hair that covered the mountain's blackness, the grief-embroidered, woven face of that black rock which always mourns and drops down many a limpid tear. Death calls for mourning and laments, a dead man for his sister's weeping the forest for the leaping stag or sometimes for the howling wolves, a brave man calls for death in war, a broken sword-stump in his hand, war calls for the victorious feast and for the enemy's defeat."
02_host_and_guest_ge.csv,"Zviadauri was mourned by the lashing, tossing waters, by the sighs of the mountain tops wafting down as a gentle breeze, by the tears of a host of mists, all these the things God had commanded. By the edge of a spring a woman kneels, the lovely, beautiful wife of a Chechen, pouring water on her brow and chest. From time to time her heart feels faint. Many a silent tear has she shed, though she still shuddered from time to time. Zviadauri's death was like a ghostly vision in her eyes. But this was no full-blooded weeping, for though she wept she held it back. She feared the opinion of the village and also felt the fear of God whose anger would be wreaked on those who mourned the Chechen people's foes. Such was her mind's thought, but her heart went its own way. It would not put aside this man's brave death. The spectacle had struck the woman like an arrow in the heart, it obliged the lovely woman to mourn the slain man as a duty. She waits for the dark, so she may go to weep at night for the deceased. She thought no more of Joqola, nor whose wife now wept for which man, nor of her demented actions. Joqola might be being killed, the door of his house might be broken down."
02_host_and_guest_ge.csv,"She rose to her feet, looked around like a startled, hunted beast; peering all round, at length she came to the gorge's rocky bank. The frightening trumpet of the waters resounded in the chilling gloom. Shy, overawed, she approached where he lay, falls on her knees, leans over the corpse, sobbing, catching her breath with grief; her tears would have melted a polished stone. She took out her knife, brought it close towards the body of Zviadauri; from his beard she cut three hairs as a keepsake and a token, wrapped them up in her silk scarf's hem with her crystal slender fingers..."
02_host_and_guest_ge.csv,"What is this rumbling sound she hears? A ringing swells up in her ears... She catches, coming from the graves, the angry protests of the dead. A shriek of bitterness builds up like a burst of children's crying. Universal wrath rings out, universal heartfelt pain: ""Have you no conscience, what have you done?"" they cry outraged. ""May God almighty turn his anger on your head,"" from their graves they shout at her. The clouds rushed faster across the sky."
02_host_and_guest_ge.csv,"She turned and ran, she looked behind: the dead pursued her, as she thought. ""Though you may escape us here, you won't elude us once you're home."" The sound of the chase rings after her, and is echoed by the hills. Hardly anyone at this hour still is lingering outside. ""You have no conscience"" the slander forms of rhododendrons call to her, as do the herbs, the rocks, the sands all round. Ebari, her brother, rose from his grave. He was a man among his peers beyond compare. He joined the harrowing of his sister, thunderous words burs from his lips. ""Woe to you, sister, how have you treated me? Why let such dreadful furies loose on me? I lie already in the grave, but you have buried me yet again. Is this how you show your sisterly love, is what you've done a womanly deed?"""
02_host_and_guest_ge.csv,A baying dog was trotting off along the track towards the graves.
02_host_and_guest_ge.csv,"VIII. ""Where are you off to, cursed dog, where do you think you're making haste? Who'd let you eat a brave warrior's corpse? Dog, may your eyes be glazed with death. Have Zviadauri's bones become something fit for you to rip at?"" After she said this, Aghaza threw stones at the dog as fast as she could. Then she ran off, blindly following the very edge of the rock-strewn gorge. Still she can hear the voice of the dead, the mountains sing a bass in reproach, shaming Aghaza's jet-black hair."
02_host_and_guest_ge.csv,"As she got nearer to her house, she saw a light still burnt inside; she tried to cry out loud, ""Oh help,"" to make her voice pass through the walls. But she cannot say a word, sweat pours like water from her brow... Gasping for breath, at last she reached the threshold and collapsed, worn out."
02_host_and_guest_ge.csv,"Cross-legged, sitting by the hearth was Joqola. ""Alas,"" she called, the very word dried on her tongue. Her husband put his arm around her and pulled her over to the hearth. ""What's wrong, woman?"" worriedly he questioned her. ""Must I add your lamentations to my troubles? What's wrong then, tell me what. Open your mouth. Has anyone tried to grab you and roll you in his arms? Tell me. You shall be avenged. This instant I shall make him rue it, I'll quickly bring back to his senses anyone who's besmirched my honour, just as I made Musa rue the night he broke down another man's door."" He paused to let his wife reply, he loomed above her while he clutched his dagger. All the time he kept his hand around the handle, yet not a word came from the woman, and her face was drained of colour."
02_host_and_guest_ge.csv,"Joqola fusses over her, waiting for his wife to speak. By midnight, slowly, Aghaza had regained her former self. She said to Joqola, ""What's that you say? Why make yourself so miserable? Why do you imagine things that never should be even thought? That's all nonsense, I have not seen any man at any place. Who'd dare try anything on me, what are my veil and dresses for?"
02_host_and_guest_ge.csv,"I have come back from the cemetery, I have been looking in the gorges for your horse. I am unlucky, I could not find the horse, but fell among a company of demons. One that wore a black felt coat over his monstrous body came for me. (The stench of his hide is still there flashing in my eyes). Big ears he had, with teeth like tusks, horrid to see, coloured black; he stretched his great big hands at me, he wore a hat as big as a hill, blackish, leather, on his head. And he said, Come live with me, woman, I've got gold and silver, lots of it, you'll see it all.' I ran for it, I'd taken fright, the demon chased me, bawling loud. The rumbling from his pounding feet made the whole earth move. The sound terrified me. Mountains and valleys twisted and shook in all directions. I only just made it. Shuddering, I let you know of my piteous state."""
02_host_and_guest_ge.csv,"Joqola says to her, ""Something else, not the demon, is the matter. Your words do not convince my mind, my thoughts are muddled. Why have you been crying? Your cheeks are wet with tears; tell me quickly, tell me properly, do you think I can't endure it? Some feeling, sorrowful, innermost, has lodged in your heart. My eyes cannot help seeing the trace it's left; what you have drunk, what you have tasted needs must leave behind its mark."""
02_host_and_guest_ge.csv,"""What can I hide from you, Joqola, or why should you turn angry with me for what I've said?"""" his wife replied, her voice took on a tender tremor. ""I have offered up my tears for the man who was your friend. I felt so sorry for the wretch, meeting his death in foreign parts with neither relative nor comrade nor anyone to pity him. But when they killed him with the knife he wasn't flinching in the least. I may have sinned against you and God, but I burst into tears, what could I do?.."
02_host_and_guest_ge.csv,"""How could I chide you because of that? Speaking the truth is better than lies. You wept? You did a gracious thing. How can I be the judge of this? It always has been fitting that a woman mourns a good brave man."""
02_host_and_guest_ge.csv,"IX. Morning came and Aghaza drove the cows out of the mountains. The birds flew down, for they were flocking towards the corpse. But Aghaza creeps to a rock above the graveyard. From here she scares the crows away, and the black slow-flapping vultures and the white insatiable griffons that squawk around the dead man's body. She waves her arms about, she shades her eyes that sparkle like the sunlight. She plays at knitting a woollen sock, while hurling pebbles from the rock. She does her utmost to conceal what she is up to from the people."
02_host_and_guest_ge.csv,"X. The news struck like a thunderbolt when it came to Biso village. ""They have killed our Zviadauri who was our pillar sent from heaven, Pshavia's and Khevsuria's shield and sword, the best of men."" When they heard this dismal news, the mothers set up a wail of lament."
02_host_and_guest_ge.csv,"One old Biso woman wept, crying out loud in bitter sobs: ""Why am I, cursed wretch, alive? Entrust my body to the earth. Show my son's strong arms to me, bring them and put them in my hands. Take my son's right hand and fling the earth of the grave upon my heart. Woe is me, why do I live, why do my legs still walk the earth? Souls of the dead, why have you not called me over to your side? How can I bear to think of my son lying in unbelievers' land?"""
02_host_and_guest_ge.csv,"The fighting men had beard the news And knew that it portended trouble, they talked it over with each other, their faces marked with misery. ""Why should it astound you that we weep hot tears for our protector?"" They went away and fetched their lances, the blades were dipped in mutton-fat; they fitted out their swords and shields, preparing the army for the morning. This is not the first time that men's blood should gush like water from a pipe. Apareka calls to the men, ""You will need a week's provisions."" Babarauli shouts out, ""All men who wear a hat must go."" The uproar of excited men is louder than the sound of pipes."
02_host_and_guest_ge.csv,"XI. ""Get up, Joqola, come outside, don't lie peacefully by the hearth, look: what a crowd has gathered round the white beards of our mountain peaks! They intend to visit us, they have invited themselves to stay. They will make our mothers rue the days they rocked us in the cradle. Now they are driving the cattle away, what a turmoil, what confusion! Look over there, the army has massed on Jarega's heights, the Triple Peaks. They've loosened rocks and rolled them down on the terrified cattle-herdsmen. Off you go and help your fellows, they are running to meet the foe, You too, Joqola, must go like the others."""
02_host_and_guest_ge.csv,"""Me follow them? What are you saying, bird-brained woman? They wouldn't have me next to them. I must fight my war alone, for all Jarega to watch me act: let my country see for itself who has broken with his faith; they believe that Joqola has sold his soul for money, that I have betrayed the Chechen lands and washed my hands of my immortal soul. They bring and lay a heavy stone over my heart to bury it alive."""
02_host_and_guest_ge.csv,"These were the words of Joqola as he put his armour on; he buckled his sabre round his waist, over his shoulder he slung his gun, following the Chechen custom, he put no helmet on his head. Alone, he went off on his own, dedicated to the fray... The others, ready to engage the foe, had spread out on the hill."
02_host_and_guest_ge.csv,"XII. Down the Khevsuri army comes, its banner proudly borne before it; they headed for the cemetery, the Chechens' silent dwelling-place they meant to find their hero's corpse, to gather up his valiant bones, to gouge the eyes out by the roots from Zviadauri's torturers."
02_host_and_guest_ge.csv,"Hidden on every gorge's edge, the Chechen army fought them back. They fired their banded Magyar guns. These hefty, well-built lads don't yield the path to the Khevsuri men. Both sides raise their guns and fire, yelling out their battle-cries, both sides find the going hard, both fight to the bitter end. The bullets were drinking copiously of blood and grazed the fescue-grasses. But the Chechen did not break, standing like a buttressed fort. Baburauli told the Khevsuri to turn to fighting with cold steel. The battle became a clash of swords, shields cleared paths for swords to hack, the Khevsuri are out to win a precious treasure and a booty. Shield, don't let the sabre down, you and it are boon companions! The Khevsuri tore down the hill, before them rose a tall sheer crag."
02_host_and_guest_ge.csv,"A Chechen with his sword raised high suddenly leapt down from the crag; he astounds the Chechen army by beating-back the enemy hosts. Some think it a spectre or a feint, or speak of ghostly apparitions. ""Who is that engaging the Khevsuri? He's one of ours, who can it be?"""
02_host_and_guest_ge.csv,"""It must be Joqola, indeed it's him all right,"" one man said; others concurred and watched, amazed: he is not frightened by the mob, though swords and daggers are thrust at him; now he's struck down and spins around, the point of a dagger stabs his chest."
02_host_and_guest_ge.csv,"The Chechens were utterly overjoyed: ""Let them kill him, if they have, he asked for it; he's shown us up. He often used to give us trouble, he set himself above the village and rubbed our faces in the dirt. He went alone to meet the foe and thus has brought bad luck upon us."""
02_host_and_guest_ge.csv,"The Khevsuri left Joqola dead, on a lofty, jutting rock; they then fell upon the Chechens and spread out over the mountainside. Now swords and daggers whirled about, blows reached chests, swords and shields set up a clanging and a crash that rose to God in the skies above."
02_host_and_guest_ge.csv,"The Chechen army turned and fled, they headed, clattering, for their towers. The Khevsuri follow close behind, their helmets shining on their heads; at the graveyard they gathered up Zviadauri's scattered bones; one lay here, another there, strewn and torn at by the birds."
02_host_and_guest_ge.csv,"The bones collected in a knapsack, they turned for home. They had fulfilled their heart's desire, their first intent. They drove the sheep and cattle home, taking them back across the peaks; they'd had their vengeance on the foe, what cause had they for sadness now? Home they brought their hero's corpse, the fort, the iron gate, the hope of Pshavia and Khevsuria had not been left in foreign parts. Comrades would weep as was their custom for their departed, they'd bury him by the graves where his forefathers lay. Costly are the tears indeed shed on the breast of a man we've loved."
02_host_and_guest_ge.csv,"XIII. ""You who mourned for a foreigner, the Khevsuri have killed your husband. Go off, Aghaza, weep for him, lay him in his grave. The wind ruffles his whiskers and his beard, the crows are croaking at his head."""
02_host_and_guest_ge.csv,"""May your enemies endure a life as bitter as mine has turned. No-one now approaches me, no-one offers a helping hand. I have buried him there above the rocks, there I dug a grave for him. Everyone turns their back on me, everyone stands aside when I pass. They fenced the graveyard off from me, to stop me from burying the body there. 'Joqola', they say, 'was a traitor to us. His place is where he fought alone, he smeared us with pus, he is a man who disobeyed the village's will, a two-faced and a wanton man'. Fire, oh brother, is burning me, a flameless fire that doesn't catch; it deadens my heart, it clouds my mind with thoughts I cannot understand."""
02_host_and_guest_ge.csv,"Joqola's wife shed tears for him, harder and faster the tears poured down. She was a gazelle with its head arched back, her thick-flowing hair and moon-shaped face made her an adorment to her husband, like a pearl button on his chest."
02_host_and_guest_ge.csv,"XIV. The night is dark, the rain pelts down, all around the earth is trembling. God, look after the suffering, give them help and show them mercy. The good are well-off anywaу, show the ill-starred wretch Your love. Strew like roses the prayers and entreaties of the tormented in Your heart. If You can't help them, then redeem these unfortunate creatures' souls... Enough of your threatening: scatter, clouds!"
02_host_and_guest_ge.csv,"The river thunders and it rages, breaks off boulders and sweeps them away. Today the river is wreaking evil, it does not know for what it howls. It fears no pain, it knows no death: only one thing does it know - gushing of tears, howling out loud, and endless and unsmiling scowl, weeping alone, weeping alone..."
02_host_and_guest_ge.csv,"Down in the gorges a wind strikes up, yelling its battle-cry through the peaks. A woman stands and stares at the river from a rock; her hair hangs loose. The pallid quiver of her cheeks reminds me of a star extinguished. She makes no sound... seized with fright, she shudders looking at the river: what a horrible roar it makes, how horribly it rushes on! The cruel blackness of the abyss rages with its jaws agape. Now if only a single person had told her. “Do not kill yourself!"" The woman closed her eyes and quickly she fell away into the chasm."
02_host_and_guest_ge.csv,"""Why on earth should I stay alive?"" were the woman's final thoughts. ""Nowhere in the Chechen lands does even a pebble share what I feel. The Chechens condemned me on two accounts. They have anathematized my husband... My other sin is greater still: I have shed tears for an alien man."""
02_host_and_guest_ge.csv,The water bore away Aghaza and mixed her with the slime and sand.
02_host_and_guest_ge.csv,"XV. Above the rock where Joqola died fighting off the Khevsuri, at nights, a vision can be seen, on that landslide-battered hill. High on the rock Joqola rises and calls to where the graveyard lies: ""Zviadauri, my brother, why don't you show your face to me?"" From the cemetery comes out a phantom bearing sword and shield; his arms, with armour on the elbows, are folded crosswide on his heart. He goes across and gives a silent greeting to his bosom-frien. There too Aghaza arises, sad-faced, full of melancholy. By their side a fire is lit, it flickers palely on the mountain. Aghaza is doing the honours, she spit-roasts goat-meat over the flames. They talk of brave and manly deeds, they talk of their trust in one another, about the laws of hospitality, friendly acquaintance and brotherhood."
02_host_and_guest_ge.csv,"When he sees them there together, no man can satisfy his gaze; but an impenetrable fog looms up, like a mist that is dyed with black. It seals the spectacle from the light as though it were a writ of Fate and draws a magic curtain over: no flail on earth can break it down, no sorceress undo its spell, no human hand can make it rise."
02_host_and_guest_ge.csv,"Only the river's voice is heard, down below it coughs and swirls; and, stalk erect, the heliotrope gazes into the bottomless pit."
03_the_snake_eater_ge.csv,"I. The Khevsuri had come as guests, Tsika, their host, had brewed the beer. They sat on the flat earth roof and drank, downing the beer, cup by cup. Some played the three-stringed panduri, and sang loud songs as they plucked the strings, putting their listeners in the mood for tales of herces and their deeds. Ablaze with worship, the verses spoke heroic names; the old men smoked, the smoke hung over them like fog. They puffed their pipes and told their tales, invoked and blessed the heroes' souls, recalled and praised them, to arouse the young: ""It's up to you now - who can be a greater man!"""
03_the_snake_eater_ge.csv,"One man stands among the throng, quiet, pale-faced. Like insects to honey round him hover big and small. This gloomy man is girt with a sword, from his shoulder hangs a shield. Two men, their heads uncovered, kneel on one knee in front of him. They pass the cups and fill them up with deep black beer from a giant trough. ""Drink up, Mindia,"" they say. ""It's good strong beer, with plenty of hops. Give us a story, for heaven's sake, something artful and good to hear."""
03_the_snake_eater_ge.csv,"""I'm too drunk to tell you tales, the drink has overcome my wits. Let it keep for another time, if death is not to call me yet."" He raised the last drink to his mouth, poured it down and drained the bowl."
03_the_snake_eater_ge.csv,"He had escaped captivity and found it sweet to be again drinking beer, like many others, getting drunk with his fellow men."
03_the_snake_eater_ge.csv,His name was Mindia: the tales were unbelievable - it was said that wizards had captured him and held him prisoner for twelve years.
03_the_snake_eater_ge.csv,"Being a captive, far from home, broke his spirit. Time ran on, Easter, Christmas passed many times, Mindia's captivity had no end. Slavery sapped his will to live, he longed to be released from life. His mind recalled his snow-capped peaks, deep-shaded gorges, winding tracks, his mother, father and his brothers - all of them mourning his ill-starred fate. His austere house seemed paradise lost. Many a time he heatedly begged God and his shrine to come to their aid."
03_the_snake_eater_ge.csv,"At last he said: ""I'll kill myself rather than live a life like this."" He saw the cauldron the wizards put over the fire to cook their meal. He knew that they were cooking snake: this was a food they often ate. By sorcery the wizards could eat snake flesh and stay alive. Mindia thought, if he ate snake he would be free of his troubled life."
03_the_snake_eater_ge.csv,"With stealth and loathing he took a slice, ate it, and then the heavens looked down with merciful eyes on Mindia. His spirit flooded back renewed, his bones were clothed in flesh made new. Sight was given his heart and eyes, as though hitherto he were blind and deaf. From that day on he understood what birds sang, plants and animals spoke when they were glad or suffering. Everything that the Lord had made had language: all was within the law."
03_the_snake_eater_ge.csv,"The prisoner felt his nature changed. Stunned, he grasped that snake flesh was the ploy and secret of the wizards. Though they had said, ""Eat some, Mindia,"" they kept their wisdom in the flesh of snakes, knowing that Mindia loathed its taste."
03_the_snake_eater_ge.csv,"The captive had the wizards' wisdom, Sky, earth and forests spoke to him. His heart was closed to evil alone: every other wizard's trick he learnt. What can he fear, though he be struck by thunderbolts? The wizards raged when they discovered a simple peasant had grown wise. Captivity holds no more terrors, nor do the tricks the wizards play. Sooner or later Mindia hopes to give them the slip and get away."
03_the_snake_eater_ge.csv,"Quick as a bullet, wise as a snake, Mindia is worshipped: he comforts all Pshavia and Khevsuria. Queen Tamara often says, ""As long as Mindia stays with me and the mountain tribes remain with him, my enemies cannot weaken me, however fiercely they attack."" Mindia has stratagems to crush, utterly defeat the enemy: if he reaches the wounded in time, they forgo the sorrow of death. His incomparable healing herbs cure a warrior hacked in two. Wars cannot lessen Mindia's troops: his army's numbers never fall. Far and wide the stories spread of his adventures and his powers."
03_the_snake_eater_ge.csv,"II. But when spring is in the air, the land wakes up; freedom and joy waft everywhere, young buds appear, the green grass hugs the flowers close. Then Mindia, all eyes and ears, roams the mountains and the fields. Every creature, plant he meets, he greets. Nature calls out, ""Hail,"" decked out in flags. The flowers throw their proud and painted heads up high. As one they clamour, ""Long live Mindia."" The trees begin to rustle their leaves, the grass and herbs sway in the breeze, each herb sets up a murmur, a din, ""I am the cure for this disease."" The next calls, ""I am that ill's best cure."" Mindia plucks them, takes them off before the morning dew has gone."
03_the_snake_eater_ge.csv,"It is as though the flowers think nothing of their scething life, so long as they may heal disease. They yearn to be of use to man, to flesh and bone beset by ills. Thus act the flowers, but the trees weep and Mindia alone understands their moans and cries."
03_the_snake_eater_ge.csv,"Their weeping made his life upset: he took his axe up to a tree said, ""This is the one that I must fell,"" swung the axe and in mid-swing heard the tree beseech him, ""No,"" don't kill me, Mindia, I beg, don't blot out my life, don't stun a helpless and defenceless tree."" His arms went limp, he blankly gazed up at the sky and turned towards another tree: it moaned still more. Empty-handed, he made for home, he could not cut up wood to burn and, not to have a cold, chill hearth, he gathers hay or withered stubble or straw or dung. He now makes do with any fallen twigs he finds, nevertheless gives thanks to God, when the day begins and when it ends."
03_the_snake_eater_ge.csv,"He urges others: ""Men, don't do a sinful thing; don't fell trees, make do with stubble or dry twigs."" No-one listens: his advice seems to them a madman's speech. ""God made trees to meet our needs."" And to this day, who thinks twice to spare the aspen or the beech."
03_the_snake_eater_ge.csv,"III. When he starts to reap the corn, his mind is utterly deranged, his shirt hangs open as he cuts one stem here, another there. He tramples down the field of corn, crushes the stalks and lays them waste; while his arms have strength to swing he whirls around, a human awl; at last, tired out, he folds up, falls and prostrate sprawls down on the earth."
03_the_snake_eater_ge.csv,"Should you ask him why he behaves like this, the answer comes: ""You cannot grasp what you have said, that's why you think my actions mad. If only you knew, how they themselves plead with me to mow them down. You should see ten thousand stems offer themselves of their own accord, seț up an uproar on seeing me approach like a God, sickle in hand: ""I'm the one to cut down, Mindia, I beg you, do not pass me by."" ""No, me,"" another calls out,"" for I am more frightened by the sky. When I see a patch of mist my body crumples, limp with fear. Woe should the hail slash at my throat."" Still louder, yet another flower cries out: ""Do not abandon me, I pray God give you strength and joy."" They drive me mad with furious sounds, I am bewildered with compassion. Two hands, two eyes are not enough to take them all; and I myself am on the brink of breaking down. Hailstones make the corn afraid, as men fear being left to starve, and yet the sickle cuts a swathe far more deadly than the hail! The ripe and golden ears of grain save themselves for men to use, they do not wish to rot and waste for crows and kites to peck at them. That is why they urge us on, in one loud roar, to reap them down. They yearn to be our food and bread, to sate the hungry so that we can pray for rest for the deceased and call upon the heavenly powers."""
03_the_snake_eater_ge.csv,"IV. The sacred shrine of Gudani draws in pilgrims by the score. To mark the day, the Khevsuri celebrate by drinking beer. A host of people gathers round, their elders argue many things. Some tell the story of others' lives, some their own adventures tell, of manly deeds, of guns and swords. Praised is the man whose sword will cut chain-mail. Deference to him who talks of battle and of war. Meanwhile a quarrel is flaring up about the snake-eater and his powers, whether men committed a sin if trees were felled or grass was scythed."
03_the_snake_eater_ge.csv,"Chalkhia speaks to the gathering: ""Your thoughts amaze me, I've said before many a time, I say it again: if trees and rocks have language too, why don't they speak to us as well? Mindia, I say, has cooked up a lie to lead us astray. We're men as good as he. We've ears to hear. I've nothing to hide; he can listen too and think in his heart whether I'm right. Let's say that it is good to feel pity for trees, stones, herbs and beasts... But killing a man outweighs all these, though he be everyone's enemy: then we ought never to kill a man. Listen now to what I say: I have seen Mindia pile up a heap of enemy bodies hacked with his sword. What is he up to, if his faith forbids the taking of others' lives? But we kill anyone who breaks our peace, takes our wives, steals our patrimony or offends against the laws that we hold dear. Not even God can then condemn us for striking back at an enemy, or for felling, in order to live, the forest beeches and the elms."""
03_the_snake_eater_ge.csv,"""No, Chalkhia's right, he's not mistaken, Mindia is lying, that is clear. He has built up a thousand falsehoods like a stone wall before our eyes,"" said some of the crowd, hesitantly."
03_the_snake_eater_ge.csv,"""If, God forbid, we followed your teaching, what would become of us, how would we live? Why should these things be sinful, when the Lord did not tell us they were a sin? Mindia does wrong if this is how he wants to order our villages' life. Help and profit, not ruin and harm, are what we hope for from our betters..."" Such, in the end, were the common thoughts uttered by the Khevsuri gathering..."
03_the_snake_eater_ge.csv,"Mindia was sitting there, tears were flowing from his eyes. No-one knew what made him suffer, his eyes seemed fixed on something apart; deaf to the arguments, he awoke only when Berdia broke his thoughts: ""Mindia, why don't you lend us an ear? Tell me why you are crying. Not that weeping — yours or anyone's - surprises me, though you should change nine times in the blinking of an eye from merriment to bitter tears."" Then the whole Khevsuri mob turned towards the snake-eater..."
03_the_snake_eater_ge.csv,"""Speak then"", once more Berdia says. ""What grief grieves you?"" ""Over there two birds are sitting. I have listened."" He pointed his finger and showed them where two birds, with wings drooped down sat on the smooth stones under an ash. ""One is telling the other the news how its children came to die; the mother bird is on the left, the bringer of bad news on the right. God protect us, how it rends the heart when a parent weeps for her children's death!"""
03_the_snake_eater_ge.csv,"All the assembled Khevsuri stare at the birds. Then one of them, as though overcome by a drowsy sleep, toppled off the polished stone, its soul departed. To see it die made them abandon their disbelief. Khevsuri stared at one another, their eyes wide open and aghast: ""Can such knowledge have been gained by human forces?"" They were convinced of Mindia's powers, for the bird had died in front of everyone. But their minds have not the strength to follow up what their hearts have sensed: they still scythe grass and plants, kill game and stoke their fires with living wood. Well, what would turn a fox's heart against the taste of chicken meat, and who would sit down by the hearth with no log burning on the grate?"
03_the_snake_eater_ge.csv,"V. Again and again the Khevsuri clash with Lezghi, Persians, Chechens, Turks. Each time, victorious, their troops return strengthening the walls of Georgia, sewing a shroud for her enemies; a people wants but little, if it sees its enemies subdued. While Mindia leads their hosts in battle, no harm comes to the Khevsuri, no-one dares now to attack, peace and quiet reign everywhere... Blest is he, whose land gives him thanks."
03_the_snake_eater_ge.csv,"VI. A house is perched on a rugged crag, its flat roof pressed against the sky, gigantic mountains all around thrust their massive bodies up, their sharpened edges iced with snow. Their might and strength can never tire. Once you have seen them, then your eyes must gaze for ever on their beauty, a beauty even greater now than when they seethe with greenery. Though the sun should light their breasts, the avalanche comes thundering down and the gorges begin to cough like a man sick with consumption. But the heavens bless them for their loveliness. The cool breeze swirls, moaning often round their peaks. In summer thunderous clouds light up their candles with their flint and steel. Here no-one ploughs or tills the soil, nor does the sower scatter seed; only the wild goats leap about, sharpening their horns against the rocks. And the bare and sullen rocks, arising from a bottomless pit, neither fatten on the corpses nor think of any living spirit - indifferent, surly and unfeeling, they scowl as they survey the world."
03_the_snake_eater_ge.csv,"A tower is built onto the house, blackened with smoke, shattered by muskets. What can give that tower peace, so long as enemies surround it, so long as human beings thirst for vengeance? Many enemy bullets have spent their force on the tower's breast!"
03_the_snake_eater_ge.csv,"Sounds of angry quarrelling, of fury, curses, come from the house: this is no brawl - only two voices. Inside, a fire burns on the hearth, the flames are fuelled with forest wood. A woman, her children next to her, stands on one side. On the other, a Khevsuri man talks alone, bitterly bewailing many things."
03_the_snake_eater_ge.csv,"(Husband) ""I curse the day I married you! Before that day, not a man alive upon the earth could equal me. All thanks to you, I have become, damned woman, a stinking clumsy thing. What am I now? Am I a man worthy to walk beneath the heavens? What herb exists to turn me back into the man I was beforе? My life is useless; I am less than black rocks broken from a crag. You have given me an incurable ill, because of you I have sinned against God, I look on my children as a plague, they have made me betray my faith, now I cry by day and night for the flesh and spirit I have lost."""
03_the_snake_eater_ge.csv,"(Wife) ""Why do you put your blame on me, did I ask to be your wife? You wouldn't let me move a foot, made me sorry: ""Mzia, I love you."" You let the tears run from your eyes, and for my sake, you burst in, confronted my brothers with a sword. You found me sweeter than sugar; why do I taste so bitter now? Why lament begetting children, why speak reproachfully to God? Who ever cast out wife and children on others' mercy? Why hold us to blame for the changes in your mood?"""
03_the_snake_eater_ge.csv,"(Husband) ""Because, you feeble-minded woman, you kept on whining, you complained. 'My children suffer from the cold', you shrieked as if they lay there dead. 'Look at Berdia's stack of wood, the fire he's lit.' You showed me fools and wanted me to live like them. In simple language you led me on, you longed for the good life and you baked a poisoned cake for me to eat. And little by little, with each day I slowly drifted away from my faith, sly as a fox, I have felled a plane tree, though they pleaded, ""Why do you do this, Mindia, you whom we thought to be our friend?"" The next day I cut down two, and so I've placed a stone heart in my breast, I have asked God to give me strength not to feel anything any more. Wild goat meat you wanted. If you heard one had been killed, how you pained my heart with your incessant whines: 'How can children grow to be brave if they don't get meat to eat? I've never heard of anyone's child brought up like this'. ""Oh I wish you had dropped dead before those words were said. I yielded, slaughtered game, fattened and pleased you with carcasses. You rejoiced in your children, whereas I was left distraught. Better for me to be struck by thunder than suffer this change; I can't retrieve what I have lost, not by any stratagem."""
03_the_snake_eater_ge.csv,"(Wife) ""Why should such a thing distress you, why do you torment yourself, why don't others think it wrong to fell the trees or slaughter game?"""
03_the_snake_eater_ge.csv,"(Husband) ""No, you don't know, you bird-brained woman, shallow, unfeeling chatterbox; of life on earth you understand only things that give you pleasure! You don't see why I should mourn the powers and knowledge I've forfeited, when not a single one remains in my possession. Idiot! You don't see how a dead man knows that he has died, since he is dead; nor how a corpse might mourn itself, or the horror if its state. Show me an existence that compares with the bitterness of mine. Now I am like that same dead man, what pain do others feel from death? They rest, their senses sleep unfeeling. How can I be of help to my land now that I am empty of knowledge? The flowers speak no more to me, nor do I understand their being; could any man bring on himself catastrophes as bad as mine? I cannot understand the birds, I cannot understand the corn, nor have I heard in recent times the greenery's sweet voice of greeting. But this apart, in every way I have lost my former worth. Whether I stay among the mountains, whether I go down to the valleys, nobody will give a straw for something as useless as I am now. No more can I help my country and its army hurl back invaders, for the skills that once I had have left my head. If only my star had died in heaven long ago! Hitherto, fear has stopped the enemy breaking through our gates, but if they hear of this, they'll come to turn our land to earth and dust and they will make a wilderness where once our homes and towers stood. I cannot live to see all this; your days, too, have reached their end. I've lost my insight thanks to you and I have sold my sacred faith... Must I let my country perish so that you can stay alive? Why should I live or keep you living if all my soul is mortally sick, how can I have the face to live or justify myself to God? I have been humbled before the world, before the living and the dead. What do I need my armour for, what use is my sword to me, if I lack the strength to kill an enemy that I've struck down? The goodness that springs up from the earth is to me a loan and debt. How am I to swallow bread how am I to drink its water?"""
03_the_snake_eater_ge.csv,"He rose, his arms clasped to his breast, he rushed out to the open air and when he looked at the lofty peaks, bitterly began to sob. The mountains dry out, and the torrents come rushing downhill with a roar, falling rocks crash down like dragons, petering out as they reach the gorge. The limpid dropping of the rain splatters on the alpine daisies. The flowers glitter in the fields, Queen Tamara's very eyes. How lovely is the heliotrope growing from the crumbling rock-edge. Travellers from the other side cross the mountains safe and sound. Sheep and cattle dot the slopes like a lovely woman's beauty spots. Mountains and valleys after the pains of winter have come to life again. Many a pitiful sorrow besets our land; we see one at best, our eyes must overlook the rest."
03_the_snake_eater_ge.csv,"The villages are in uproar; men loudly call out to each other, ""Go and tell him, where is he, Mindia, the snake-eater? A Chechen army's invading us, they've broken down Arguni bridge, a clash with the enemy is at hand."" They were ready, eager to fight, as restless as the swelling sea. Everywhere the sunlight flashed on sword-blades and on rifle barrels. Much time had passed since the Khevsuri had mown down troops of enemies, trampled over ruthlessly, laid waste their camps. Thirsting for war they could barely wait for day to break. Everyone's heart was full of thoughts: whoever was first to kill a chief, cut off his head and then his right hand would come home to fame and a bowl of wine encircled with candles at the shrine – a brave warrior, whose family name would everlastingly be praised. The women take their children off to fortified towers. They have left for their husbands and their sons leather bags with food and drink."
03_the_snake_eater_ge.csv,"VIII. Twilight comes. The gorges darken into blackness, and they seem as though they were sick to the human eye. The lofty mountains and the rocks, the river Aragvi's proud free source, everywhere is disconsolate. I can see them quietly weep. Only the couriers boldly run from village to village, calling out: ""Anyone missing from the army, may he perish with all his kin."""
03_the_snake_eater_ge.csv,"No light, no fire can now be seen, the shepherd's whistling dies away, not even a needle is left outside. The villages shelter everyone behind the walls of fortress-towers, their treasures and their sheep and cows are gathered into secret places."
03_the_snake_eater_ge.csv,"In the shrine of Khakhmati a pale fire solitarily flickers; lit candles stand on the dry stone wall, the flames reach up to the tall ash trees, sometimes flaring like the dawn, sometimes waning, sinking down like a man sick unto death, dying away in anguish and grief."
03_the_snake_eater_ge.csv,"Two men alone in the open air stand at the shrine. One is clasping a blood-stained dagger in a bloody hand; before him lies a slaughtered calf, collapsed and sprawling on its side."
03_the_snake_eater_ge.csv,"Berdia (the chieftain-priest) ""God show you mercy, Mindia, for your heart and ritual, may you hope to have from God the thought behind your offering. May your name remain unblemished while your loins are girt with a sword! You are the hope of Khevsuria, I pray the shrine give you its blessing. Lead your army out and back, always victorious! Isn't this the tenth calf that you've sacrificed this year; you've killed all your cattle; for what do you implore so much, what sinful things can you have done? One, perhaps two, suffice for the rite, your imprecations go too far... May my foolish words not offend God!"""
03_the_snake_eater_ge.csv,"(Mindia) ""Two pairs of oxen, three or four cows I still have; I'll offer them if only I can heal my wounds."""
03_the_snake_eater_ge.csv,"(Berdia) ""What wounds, man? None of us has heard of them. Others' wounds you heal by the thousand, I believe."""
03_the_snake_eater_ge.csv,"(Mindia) ""Berdia, this is something else. I cannot talk of it easily. Easier for men to talk of others' than about their own defeats. A man with a bulging purse, you know, cannot open it everywhere. In a day or two you'll understand when the messenger comes over the pass."""
03_the_snake_eater_ge.csv,"(Berdia) ""Khevsuria's fate depends on you. You are our hope, our trust, because you can speak with God himself! The shrine's victorious spirit goes with you, everyone everywhere knows. May your destiny not be doomed, by the powers of Saint George. And if the Lord will not protect you, then may he leave us all to perish."" Lifting the chalice in his hand, Berdia begins again: ""O shrine of St. George, whom we magnify, show this man mercy. We pray to you, which God created for our aid, not to let one single man of your enemies be left alive. In a day or so we have to meet the enemy in deadly combat. While you still live and stay with us, what evil can befall our men?"" When he had finished, hot tears welled from Mindia's eyes. He stopped his prayer, said, ""Pay no heed,"" and turned away, to wipe the tears away with his hand. He fell before the inner sanctum, like a straw or wand scythed down for wicker work. Bitter tears fill his eyes as he prays. The sense is hard to catch; never had Berdia seen a man so ardently pray at any time - he is aghast. It is the agony of mourning, anything but a request for grace from a heart that is at peace. Tears pour down; chain-mail creaks, and the sound is mingled with voiceless sobs. He sinks to his knees, praying still. Time runs on. Berdia adds, ""Hear him, shrine of Khakhmati, let his pleas be not in vain, order everything for the best."""
03_the_snake_eater_ge.csv,"IX. The clouds burst at midnight, the rain swelled the streams, they smashed the gates of boulders leading to the gorges. Now no messages could pass from the mountains to the valley. The green grass felt again and again the teardrops falling from the clouds. The candles are out, flicker no more on the rocks of Khakhmati. Nowhere can the chieftain be seen, nor the man who prayed and wept; just the dry stone sanctuary walls survey the world with sullen wrath while the Aragvi batters the rocks, disconsolate and plaintively."
03_the_snake_eater_ge.csv,"X. Night made them weep, but the morning saw the mists fall asleep on the mountain tops, with folded wings and shrouded heads. The mists which sometimes enliven us with life-giving moisture are the same that sometimes make us curse our fate for the evils that pour down on us. The groves by the river, the gorges too yesterday strewn with fallen stones, are now overflowing with greenery, and the tower, plunged deep in thought, gazes down on the valley sides."
03_the_snake_eater_ge.csv,"Women appear in the tower, like flowers that dot the high slopes; they talk of one thing only: can the Khevsuri win the fight? Restlessly keeping watch on the groves through the loopholes, the women beg the might of God and the shrine to come to the help of their men. From here they can see all around, the mountains and each mountain ridge. Not the tiniest creature or insect can escape the keen human gaze. Some women are talking, sitting on planks and knitting stockings; they too are uttering a prayer, a holy prayer for their homeland."
03_the_snake_eater_ge.csv,"(Sandua) ""You, Mzia, are far more distressed than anyone else. Fair-eyed beauty, do you miss your husband, can't you bear to think of his being killed? you must know that only in war can Mindia find fortune: and the man who can kill him has yet to be born! What of me? Of my menfolk so many have gone off to fight: my husband, all three of my brothers would not leave their friends in the lurch. But nobody can outfight your husband; he'll do what he has done of old, striking a blow at his enemy as always, for he who has killed the proud antlered stag, will do so again."
03_the_snake_eater_ge.csv,"(Mzia) ""But woe, if his prowess is gone; he has dreamt such frightening dreams, a whole year now he's been a sick man, picking and tearing at his flesh. ""I'll wipe you all out"", he would yell though somehow these words remained threats. He has clung to the shrine and has killed all the cattle we owned as an offering. He'd come home and spurn all food, no matter how frequently I asked him. How many times have I seen him crying quietly alone, like a child. ""I have lost a treasure without price"", he kept on saying to himself. He spent whole nights up on the roof. blankly staring at the sky. Arriving or leaving, not a soul got a word from him any more. He didn't want guests; as for us, he hated the sight of his family. Could worry have turned in that short time his beard and hair grey? Many times stealthily, silently, in the dark l've listened, but could not penetrate the inner loneliness of his mind. I fully sensed that he was crying for himself and for his people. ""I'm no more use"", he secretly wept, ""to my homeland."" Lately, however, he has treated us like his enemy."
03_the_snake_eater_ge.csv,"(Sandua) ""Your words are the first that we have heard of this. The very same Mindia is in my eyes a shining sun. If you repeat it a thousand times, the country still won't give you credit. I am astonished you have not told other people what you've just said. What sort of knowledge was he mourning, what knowledge was he grieving for and, as for you, what have you done to pain his heart in such a way that he should reach out for his sword to put to death his wife and children?"""
03_the_snake_eater_ge.csv,"(Mzia) ""Simply, these were his very words, may my children die if I tell a lie.' (She laid her hands on her children who were both of them standing by her side.) 'I am caught up in sin thanks to you, I've done what I should not have done, I've slaughtered game and cut up wood, as though these things were ordinary, right. The flowers no longer speak to me, nor the stars in the sky at night. Both the great knowledge and the powers, which the Lord conferred on me, I have lost by heeding you. Why do I wear a sword at my waist?"" He said a thousand things like this, raging, scolding me to my face. Two or three times I was lucky to live, he raised his gun to fire at me. Perhaps he still felt a glimmer of hope, he implored the shrines, he tried to work... And as he felt sorry for us as well, in the end he spared our lives."""
03_the_snake_eater_ge.csv,"(Sandua) ""If indeed what you've said is true, you are the reason he fell into sin; let your tongue be cut out and you be hanged from a hook high up, underneath let a fire be lit to lick you with flames. You have sinned against our land and brought us also into sin."
03_the_snake_eater_ge.csv,"(Mzia) ""If I've done wrong, then I deserve punishment; but was it a sin for me to suggest that he should work? A man who wants a family should have the grace to provide for them. We women know what our duties are - what do we know of war or armour? He shouldn't have needed to be told, that's what makes a man a man. Why should the guilt be laid on a woman who's committed no sin, done no harm and never stolen anything? Where, by what grace, when was it said that one should atone for another's sin? Nevertheless, he had premonitions which saddened him, unlucky wretch. Sensing what was about to come, he let loose his anger on us in the end. Last night I dreamt a dream that bodes ill, I wish I knew what is to pass!"""
03_the_snake_eater_ge.csv,"(Sandua) ""Tell me, Mzia, what you dreamt, it may come true but happily and we shan't be abandoned by God to perish."""
03_the_snake_eater_ge.csv,"(Mzia) ""I dreamt something bad, horrible, heart-rending, Sandua, that shook my body and my spirit and filled my mind with dread and loathing. The streams, I dreamt, came tearing down, like snorting demons, smashing up the mountains and valleys as they went, an upheaval started, a roaring noise then a thundering like the end of the world, the collapse of the heavens and the earth. The peaks of the mountains crumbled down and tumbled to the gorges below, mountains and rocks crashed like guns, the sky turned black as blackest pitch, the dark air swirled, a squall began, pitch rained down onto the earth, hot droplets poured down, while the streams ran so horribly and violently, people shouted from thousands of places, 'Help us, we are perishing'."
03_the_snake_eater_ge.csv,"And indeed I watch the water carry down people, a shield, a sword, the fort disintegrates all over, the houses, great stone walls all fall; all that is missing in this sad sight is a woman to stand there and lament. We seemed ourselves to be out of trouble, as though we had escaped unharmed... Then I saw us too cast out, swept away from house and home. The streams burst into us from above, tore out the fort's foundation stones; the fort toppled down to the Aragvi's bed, the waters took our upper storey and our house pursued us into the flood. I try to call, 'Help'; my tongue won't move, I clasp my children to my heart, I call on the shrine of God for help, I tried to get away from the water. I struck out for a bank of dry land. I covered up the children's faces with a corner of my black veil. Every time I came near the bank, foul and fearful faces of men as black as tar would meet my eyes. They grabbed me, flung me back in the water and, as they threw me, shouted out, 'Where are you going? Off, with the water! that is God's command to you.'"
03_the_snake_eater_ge.csv,"And then I saw in front of us the water sweeping my husband along. He turned to face me and he spoke (he had a sweet voice, a tender voice): 'I beg you, Mzia, to forgive me for cursing you, for angering you. I have deserved the trouble I'm in, do not let my children suffer, I beg you, look after them well for me'. I wish my enemies could undergo what I went through in last night's dream."""
03_the_snake_eater_ge.csv,"(Sandua) ""So you couldn't escape, you were rushed away?"""
03_the_snake_eater_ge.csv,"(Mzia) ""No, Sandua, we were swept away, mothers, children, all of us."""
03_the_snake_eater_ge.csv,"(Sandua) ""May no evil ever befall you, God protect you and leave you unharmed."""
03_the_snake_eater_ge.csv,"(All the women) ""They are coming, the army is coming. Mark them, God, with the sign of the cross. Mzia, get up, there is your man, following the standard-bearers, shoulder to shoulder, like the rising moon."""
03_the_snake_eater_ge.csv,"(One woman) ""Over there I see my boys, a mother's love give them strength... Oh what fine good-looking lads they are, who can think of them among the dead? God, may I never have to search for news of them as long as I live!"""
03_the_snake_eater_ge.csv,"(Second woman) ""Look, there is Untsrua, my boy, following them, by their side. How handsome they are, walking along; a mother's love give them strength."""
03_the_snake_eater_ge.csv,"(Unmarried girl) ""A sister's love be with Totia, I can't spot him anywhere in the throng. I've seen him... I barely knew him but for his figure and his gait. His stallion is chafing at the bit, Totia's straining with his arms."""
03_the_snake_eater_ge.csv,"(Second girl) ""Our fearless Ushisha is close to him, look how he's spurring Lurja on. If it comes to a hand-to-hand fight he won't cower or hang back. If only I could watch him when he raises up his shield in battle!"""
03_the_snake_eater_ge.csv,"(First girl) ""I couldn't bear to look at my brother, I'd find it suddenly hard to breathe, I'd turn my face the other way, I'd close my eyes too tight to see!"""
03_the_snake_eater_ge.csv,"(Second girl) ""Not me! I wish my brother nobility, wellbeing, fame, as much as I should want, Zekua, a candle in the hours of darkness or as the tired and hungry want rest and food. It's good when all are talking of one's brother's merits."""
03_the_snake_eater_ge.csv,"(First girl) ""Shvena, who would not want that, who would be so feeble-minded? But a sister's eyes burn with pain at seeing her brother facing death."""
03_the_snake_eater_ge.csv,"(Second girl) ""Who will concede him fame without risk, if he doesn't do what must be done?"""
03_the_snake_eater_ge.csv,"(All the women) ""God, come to their aid. O shrines, go on ahead, protect the horsemen, let us see them again, as whole, untouched and safe as we see them now."""
03_the_snake_eater_ge.csv,"Many felt, stirring their hearts, fears of a thousand diffferent sorts. Let no-one however be amazed: we are but human; in times of fear it's human that we should be afraid for those we love and hold most dear..."
03_the_snake_eater_ge.csv,"XI. The army lined up on the mountainside, it gathered together on the field. The flash and glitter of guns and swords outdoes the very rays of the sun. Boulders broken by horses' hooves roll downhill. Here they began to argue where best to meet the foe: should they descend onto the plain, should they join battle on the ridge? All dismount, then hands on swords, they fix their eyes on Mindia, waiting for his answer, but when he refused to utter a word the Khevsuri spoke as with one voice."
03_the_snake_eater_ge.csv,"(The army) ""We have always taken your course and never have we come to harm. Tell us briefly how we must act."""
03_the_snake_eater_ge.csv,"(Mindia) ""Khevsuri, I can't give you advice, I'm no more use as counsellor, those times are gone, as have my wits. Now good advice is difficult. You are many, weigh up, decide, gather your thoughts together as one. I, however, must fight alone; that is why I've come to the field; when the people made me their leader they did not choose me to lead for ever."""
03_the_snake_eater_ge.csv,"(The army) ""The wrath of God and his shrine fall on anyone moving a foot in battle, save as you command. Though the enemy's fists should strike him, let him die and his mouth be filled with the sticky clay of a chilly grave!"""
03_the_snake_eater_ge.csv,"(Mindia) ""Very well. What choice have I? I did not want to help advise. I shall speak, since you have bound me by such an oath and such a curse. This is my counsel: go and meet the Chechens in the Poisoned Gorge."""
03_the_snake_eater_ge.csv,"The warriors whispered to one another in dismay. Downcast by the place chosen to attack the Chechens, what could they do? Nothing now for the words they spoke, the oath they swore bound them to listen and obey. They had to go and fight in the gorge which Mindia's choice had rested on, though not one man be left alive, though all should die there in the field."
03_the_snake_eater_ge.csv,"No more could be said. Setting off they lifted their banners up ahead. Their step was light, as easy as the flight of the peregrine falcon's wings, and their spear tops' gleaming bore along a ray of sunlight."
03_the_snake_eater_ge.csv,"XII. War has raged for two whole days over the mountains: awful torments, harsh struggles, a clash of tigers and lions. A rope of blood runs from the mountains to the river banks. The God of the shrine cannot leave the outcome unsettled, one side must win."
03_the_snake_eater_ge.csv,"Five or six Khevsuri men, Their faces blackened from the fight, carried in their arms a man, bound up with a kabalak hood. They brought him around the mountain-side, flung him down where the ground was flat and showered him with angry words."
03_the_snake_eater_ge.csv,"(The khevsuri) ""Man, why try so hard to kill yourself, do you want death before it's time? When you press into the enemy host, can you not see what they are about? So far we have trampled them down, now they are turning on us, perhaps we may devise another plan, Mindia. We'll try, for darkness has overtaken us, to do what we have to by tonight."""
03_the_snake_eater_ge.csv,"They spoke and straight away turned back, they fled like thieves. Their swords were raised, lances clasped ready in their hands. Difficult, if we think of them, are the moments of life and death. What could they do? Shame would be hard: they'd have been put in women's clothes, been given kerchiefs instead of hats, had they done less than ought to do, had they been cowardly, underhand."
03_the_snake_eater_ge.csv,"The prisoner gnashes his teeth and tries to free his tight-bound hands. For hours he struggles, rolls over the ground, hot with effort and misery. He wants to die with his brothers now. They have suffered losses, are short of men and cannot hope for reinforcement."
03_the_snake_eater_ge.csv,"Twilight thickened into night, the captive, exhausted, has his wish: both arms freed, he rises up. And then he saw in the villages fires - a bad omen. He understood what must have happened, for no more did he have need of second sight. He withered, pale as mistletoe, but not a tear welled in his eyes. The tears were pooling in his heart and overflowing into his arms. Saying no more, he took off his hat, put his thumb on the hilt of his sword, drew it and pressed the point to his heart. Blood, like a spurting spring, splashed out, gushing from the wound in his chest. The moon shed its light upon the ridge, where alone the wild goats live, and fixed in its beams the suicide with the hue of a mourning girl."
03_the_snake_eater_ge.csv,"And the soft breeze wafted to and frо, carefree, singing a peaceful song. It brushed its wings on the sword's sharp point, which jutted out, a bright red tongue stained by the juice of the human chest. It began to frolic over the green, whistling cheerfully, proud and free."
00_bai_ganyo_starts_out_for_europe_bul.csv,"They helped Bai Ganyo slough off his heavy, felt Turkish cloak, he donned a nice Belgian frock coat, and everyone said that Bai Ganyo had become a real European."
00_bai_ganyo_starts_out_for_europe_bul.csv,"“C’mon, why don’t we each tell a story about Bai Ganyo.”"
00_bai_ganyo_starts_out_for_europe_bul.csv,"“Yeah, let’s!” everyone exclaimed."
00_bai_ganyo_starts_out_for_europe_bul.csv,“I’ll tell one.”
00_bai_ganyo_starts_out_for_europe_bul.csv,"“Hang on, I know more.”"
00_bai_ganyo_starts_out_for_europe_bul.csv,"“No, me, you don’t know anything!”"
00_bai_ganyo_starts_out_for_europe_bul.csv,An uproar ensued. Finally we agreed that Stati would begin. And so he began.
01_bai_ganyo_sets_off_bul.csv,"Our train pulled into the huge vault of the station on the Pest side of Budapest. Bai Ganyo and I went into the station restaurant. Since I knew we had a whole hour to kill, I made myself comfortable at a table and ordered some snacks and beer. The crowd swarmed around me, and it was a good-looking crowd at that. You know, I’m not crazy about Hungarians, but I’ve got nothing against Hungarian girls. Distracted by the noise, I didn’t notice Bai Ganyo slipping out of the restaurant taking his disagi, his woven cloth saddlebags, with him. Where did Bai Ganyo go? His glass was empty. I looked all over, peered into every corner of the restaurant, but he was nowhere to be found. I went outside onto the platform, I looked in all directions; not a sign of Bai Ganyo, nothing at all. What a strange business! I thought that maybe he’d gone into the train car to make sure someone didn’t swipe his small traveling rug, his kilim."
01_bai_ganyo_sets_off_bul.csv,"I went back to the restaurant. There was still more than half an hour till the train’s departure. I sat there drinking my beer and staring around. The stationmaster would strike a bell every ﬁve minutes and announce the directions of the trains in a listless, lazy voice,“Hö-gösh-fö-kö-tö-he-gi, Kish-kö-rösh, Se-ge-din, Uy-ve-dek.” A few English tourists gaped at him, and he, apparently used to the attention he attracted with his peculiar language, grinned from ear to ear and with an even louder and huskier voice kept on going,“Uy-ve-dek, Kish-kö-rösh, Hö-gösh-fö-kö-tö-he-gi,” emphasizing each individual syllable."
01_bai_ganyo_sets_off_bul.csv,"We still had about ten minutes before the train was supposed to leave. I paid my bill, and I paid for Bai Ganyo’s beer as well, and then I went out onto the platform to look for him. At that moment a train came slowly into the station, and just picture it, in one of the cars, hanging halfway out the window, Bai Ganyo came into view. He caught sight of me and began to wave to me with his lamb’s-wool cap, his kalpak, from far away, saying some-thing I couldn’t hear over the locomotive whistle, but I understood what had happened. When the train stopped, he jumped down and came running up to me and told me—with a healthy dose of energetic swearing, which, with your permission, I won’t repeat—the following story:"
01_bai_ganyo_sets_off_bul.csv,"“Don’t even ask, pal; I’m worn out from running.”"
01_bai_ganyo_sets_off_bul.csv,"“What running, Bai Ganyo?”"
01_bai_ganyo_sets_off_bul.csv,"“What do you mean, what running? Weren’t you just hanging out at the restaurant staring all around?”"
01_bai_ganyo_sets_off_bul.csv,“So?” I responded.
01_bai_ganyo_sets_off_bul.csv,"“So! At that moment, ’yknow, that guy by the door rang the bell and I heard the engine whistle and I went out—I couldn’t catch your eye—and I see our train pulling out. Hey, my kilim! I make a mad dash for it, running as fast as my legs could carry me—but never mind. Finally, at one point I see that the train has stopped and so, upsy-daisy, I jump on and go inside. I startled some guy and he shouted something at me in Hungarian—heke meke—and me, you know, I don’t put up with any nonsense. I opened my eyes wide and stared right back at him and showed him my kilim. No big deal, the guy was sensible and went away. He even laughed a little. How could anyone know that we would be coming back? These Magyars!”"
01_bai_ganyo_sets_off_bul.csv,"Sinner that I am, I had a good laugh at Bai Ganyo’s adventure. Poor guy. The train was maneuvering to come in on another track, and Bai Ganyo, poor fellow, ran three whole kilometers to catch up to it—after all, his kilim was inside."
01_bai_ganyo_sets_off_bul.csv,"“But in your haste you forgot to pay for your beer, Bai Ganyo.”"
01_bai_ganyo_sets_off_bul.csv,"“Big deal. As if they don’t fleece us enough,” answered Bai Ganyo in a tone that did not brook contradiction."
01_bai_ganyo_sets_off_bul.csv,“I paid for it.”
01_bai_ganyo_sets_off_bul.csv,"“You had plenty of money, apparently, so you paid for it. Come on, get in, get in quickly so we don’t go running around after the engine again,” Bai Ganyo admonished."
01_bai_ganyo_sets_off_bul.csv,"We entered the car. Bai Ganyo bent over his disagi with his back to me, pulled out half a wheel of hard cheese, cut himself a dainty little slice, cut himself a huge hunk of bread as well, and began to chomp away with a prodigious appetite, filling first one cheek and then the other with his mouthfuls, and stretching his neck from time to time in order to swallow the dry bread. Bai Ganyo ate his fill, belched once or twice, shook the crumbs into his palm, swallowed them, too, and muttered under his breath,“Eh, if only there were someone to treat me to a nice little glass of wine.” He sat down across from me, smiled good-naturedly, and, after gazing at me kindly for an entire minute, said,"
01_bai_ganyo_sets_off_bul.csv,"“Has Your Grace traveled, have you seen something of the world?”"
01_bai_ganyo_sets_off_bul.csv,"“I’ve traveled quite a bit, Bai Ganyo.”"
01_bai_ganyo_sets_off_bul.csv,"“Really now, well, as for me, ’Ive been all over the place. Tsk! Tsk! Tsk! Never mind Edirne, Constantinople, but even Romania! Would you believe it? Giurgevo, Turnu Magureli, Ploeşti, Piteşti, Brăila, Bucharest, Galaţi—hang on, I don’t want to exaggerate; I can’t remember if I’ve been to Galaţi or not—I’ve been to all of them.”"
01_bai_ganyo_sets_off_bul.csv,"The trip to Vienna passed monotonously. I offered one of my books to Bai Ganyo to make the time pass more quickly, but he politely refused my offer, because, he said, he’d read enough in his time and considered it more practical to take a nap. Why stay awake for nothing; after all, he had paid good money for a place on the train, so he might as well get some sleep. And he fell asleep. He fell asleep and began to snore so loudly that, once you’d heard him, there was no need to hear a Barbary lion."
01_bai_ganyo_sets_off_bul.csv,"We arrived in Vienna and went to the traditional Hotel London. The hotel porters took my bag down from the cab, and they wanted to take Bai Ganyo’s disagi, but whether out of thoughtfulness, or who knows what, he wouldn’t give them up:"
01_bai_ganyo_sets_off_bul.csv,"“How can you give these to them, pal? This is rose oil—it’s no joke, it’s a real strong fragrance; he’ll reach in, palm a bottle—just try to chase him down later! I know what these guys are like. You don’t see it because they’re so slick”—Bai Ganyo meant to say “polite,” but that word is still new in our lexicon, so it gets forgotten—”You don’t see how they hover around you. Why are they hovering? You think they want to do you a favor? Ein, zwei, gut morgin, but all the time they’re trying to swipe something from you. And if not that, then a tip. Why do you think I’m so careful to slip quietly out of the hotel. Beggars! This one gets a kreutzer, that one gets a kreutzer—there’s no end to it.”"
01_bai_ganyo_sets_off_bul.csv,"Since the rose oil that Bai Ganyo was carrying really was a rather valuable commodity, I suggested that he leave it with the cashier at the hotel desk for safekeeping."
01_bai_ganyo_sets_off_bul.csv,"“With the cashier?” he exclaimed, in a tone that pitied my naïveté. “You students are really strange. I mean, how do you know what kind of people those are at the desk? He takes your rose oil, sticks it somewhere. Well, and then? What are you going to do? Forget it! Do you see this sash?” And Bai Ganyo raised his vest. “I’ll stuff all the muskali in here. True, it’s a little heavy, but it’s safe.”"
01_bai_ganyo_sets_off_bul.csv,And Bai Ganyo turned his back to me (“The world is full of all kinds of people; who knows what this kid is really like?”) and began to stuff muskali into his sash. I asked him if he wanted to have dinner.
01_bai_ganyo_sets_off_bul.csv,“Where would we eat?”
01_bai_ganyo_sets_off_bul.csv,"“Downstairs, in the restaurant.”"
01_bai_ganyo_sets_off_bul.csv,"“No, thank you, I’m not hungry. You go and have a bite, Your Grace. ’Ill wait for you here.”"
01_bai_ganyo_sets_off_bul.csv,"I’m sure that as soon as I left the room, Bai Ganyo opened his disagi. If a fellow has his own snacks, why should he spend money on a hot meal? He’s not going to starve to death, after all!"
01_bai_ganyo_sets_off_bul.csv,"I took Bai Ganyo to the office of a Bulgarian merchant and left him there, then hopped on a tram and went to Schönbrunn. I went up the arch, looked out over Vienna and its suburbs, strolled along the promenades and the zoological gardens, spent a whole hour staring at the monkeys, and in the evening I returned to the hotel. Bai Ganyo was in the room. He tried to hide what he was doing from me, but he couldn’t, and I noticed that he was sewing a new pocket onto the inside of his old-fashioned quilted jacket. Being a man of experience, he wore a quilted jacket under his Western clothes even in the summertime: “In the wintertime keep bread on you, in the summertime keep clothes on you,” say the old folks, and that’s what Bai Ganyo did."
01_bai_ganyo_sets_off_bul.csv,"“I just sat down to do a bit of mending,” he said in embarrassment."
01_bai_ganyo_sets_off_bul.csv,"“You’re sewing on some sort of pocket; you must have gotten something for your rose oil,” I insisted jokingly."
01_bai_ganyo_sets_off_bul.csv,"“Who, me? You’re wrong! Why would I need a pocket there? There are ple-e-e-nty of pockets, just let there be money for them. There’s no pocket, there’s nothing there; my clothes had gotten a little worn out, so I was just patching them up. So where were you? Did you go sightseeing? You did the right thing.”"
01_bai_ganyo_sets_off_bul.csv,"“Didn’t you go out, Bai Ganyo, to see something of Vienna?”"
01_bai_ganyo_sets_off_bul.csv,"“What’s to see in Vienna? A city is a city: people, houses, fancy stuff. And wherever you go, everybody goes gut morgin and everybody wants money. Why should we give our money to the Germans? We’ve got people at home to take it from us.”"
02_bai_ganyo_at_the_opera_bul.csv,"I persuaded Bai Ganyo to go with me to the opera house to get tickets for the evening. They were presenting the ballet Puppenfee and something else that I can’t recall. We passed by the Greek coffeehouse, turned at the Bulgarian hangout, the café Mendel, and then headed off toward St. Stephen’s Cathedral. In St. Stephen’s Square I invited Bai Ganyo to stop in at a pastry shop. It never occurred to me that this small detour would bring out the Don Juan in him. But then, what wonders civilization can produce! I must tell you that at the time, I was studying in Vienna. I had been away for the holidays and had just returned. In fact, it was on my way back to Vienna that I became acquainted with Bai Ganyo. I often went to this pastry shop and had gotten to know the cashier quite well. She was a cute, cheerful girl, lively but proper, and she didn’t allow people to take liberties. So just picture this, gentlemen: Bai Ganyo and I enter the shop, we approach the pastry counter, the young lady greets me cheerfully and welcomes me back, I respond with some playful pleasantries and turn to pick out a sweet, and at that moment an indignant shriek deafens the entire establishment."
02_bai_ganyo_at_the_opera_bul.csv,"“What happened? Bai Ganyo, did you do something to her?” I cried out upset and angry."
02_bai_ganyo_at_the_opera_bul.csv,"“Who? Me? Of course I didn’t. What would I do to her?” mumbled Bai Ganyo in confusion, and his voice shook."
02_bai_ganyo_at_the_opera_bul.csv,"The young woman, flushed with anger, told me in a loud voice that Bai Ganyo had done something extremely insulting: he had made a grab for her and, grinning with delight, had given her a pinch. She wanted to call the police. What a scandal!"
02_bai_ganyo_at_the_opera_bul.csv,"“Just get the hell out of here, Bai Ganyo. If the police catch you, you’re a goner. Quick, get out. I’ll catch up with you later,” I shouted at him, pretending to be angry but barely able to contain my laughter at the tragi-comic ﬁgure he cut."
02_bai_ganyo_at_the_opera_bul.csv,"“What’s she so high and mighty about?” Bai Ganyo seemed to pluck up his courage as he walked out the door. “What is she, respectable or something? I know these women around here. Just open your wallet, and it’s all ‘Gut morgin.’ After all, your Bai Ganyo wasn’t born yesterday.”"
02_bai_ganyo_at_the_opera_bul.csv,"As luck would have it, I was to ﬁnish off the day with yet another adventure in which once again the hero was our Bai Ganyo. As I said, the opera was putting on the ballet Puppenfee. We took our seats in the stalls. The theater was full. Bai Ganyo’s rustic attire of drab homespun cloth stuck out like a sore thumb against the dark background of formal suits. The curtain rose. Dead silence. Everyone gazed at the dreamlike stage setting. I sensed Bai Ganyo fidgeting, huffing and puffing in the seat to my right, but I just couldn’t take my eyes off the stage. The ﬁgures of the ballet changed constantly at the wave of a magic wand: groups of dancers appeared and disappeared; the stage would go completely dark, then be flooded with light, now one color, now another, then a rainbow of colors—a fairyland! One ballerina stepped out of the corps de ballet, took a few quick steps forward, leapt up gracefully, and then stood as though suspended in air, touching the ground with only the tip of one toe. Just then, behind my back, hysterical laughter split the air. I turned to my left and saw that everyone in the rows behind me was giggling and pointing to something on my right. I was seized by a terrible foreboding. I turned toward Bai Ganyo . . . Oh my God! What do I see? Bai Ganyo has stripped to his shirtsleeves and unbuttoned his vest, which was constricting the wide sash wound tight around his waist, where he had stuffed—for safekeeping—all the muskali. One of the ushers had him by the sleeve with two ﬁngers, gesturing unambiguously with his head for him to leave. Bai Ganyo stared back at him and answered with gestures of his own: “What? Who are you trying to scare?” It was his blustering bravado that had made a young girl sitting behind us burst into hysterical laughter, and her laughter infected the entire theater. What a picture! And then, just imagine, gentlemen, there I am dying of shame, and I look toward the box seats, as if someone were drawing my gaze there, and my eyes meet the fixed stares of an entire German family at whose home I had always been welcome. And in their eyes I read sincere pity for my desperate plight. At that moment, Bai Ganyo was tugging energetically at my sleeve:"
02_bai_ganyo_at_the_opera_bul.csv,"“C’mon, c’mon, let’s get out of here. To hell with these Chifuti. I’ll show them. Just you wait!”"
03_bai_ganyo_at_the_baths_bul.csv,"”Let me tell you about my meeting with Bai Ganyo,” put in Stoycho."
03_bai_ganyo_at_the_baths_bul.csv,"“Go ahead!” we all exclaimed, because we knew that Stoycho was good at telling funny stories."
03_bai_ganyo_at_the_baths_bul.csv,"It also happened in Vienna. I was sitting in the café one morning, at Mendel’s. I had ordered a cup of tea and had just started looking through some Bulgarian newspapers. I was deeply engrossed in an extremely interesting article in which the author was discussing ways the constitution could be tinkered with—well, actually dismantled—and yet somehow remain intact. So I was reading along, really caught up in it, when someone shouted, “Gooood morning!” right in my ear, and a sweaty palm grabbed my right hand. I looked up. There before me stood a broad-shouldered, dark-eyed, dark-haired, swarthy man with prominent cheekbones, a turned-up mustache, and a ﬁve o’clock shadow. He was dressed (you’ll never guess how) in an unbuttoned frock coat with a broad red sash peeking out from under his vest, a white (by our standards) collarless shirt, a black kalpak, which was perched on his head, and a pair of boots, and he had a walking stick tucked under his arm. He was a young man; I’d say he couldn’t have been more than thirty at most."
03_bai_ganyo_at_the_baths_bul.csv,"“Excuse me, sir,” I said to him, suppressing my surprise. “I don’t have the pleasure of your acquaintance.”"
03_bai_ganyo_at_the_baths_bul.csv,"“Is that so? You don’t know me, you say? Aren’t you Bulgarian?”"
03_bai_ganyo_at_the_baths_bul.csv,"“Yes, I’m Bulgarian.”"
03_bai_ganyo_at_the_baths_bul.csv,“Well?”
03_bai_ganyo_at_the_baths_bul.csv,“Well what?”
03_bai_ganyo_at_the_baths_bul.csv,"“Well, get up so we can get going. What are you doing wasting your time just hanging out here? They call me Ganyo. Now, get up.”"
03_bai_ganyo_at_the_baths_bul.csv,There was no need to tell me that he was a Ganyo.
03_bai_ganyo_at_the_baths_bul.csv,"“Excuse me, Mr. Ganyo, but I’m busy right now.”"
03_bai_ganyo_at_the_baths_bul.csv,“What do you mean you’re busy? You’re just sitting here in the café.”
03_bai_ganyo_at_the_baths_bul.csv,"I didn’t consider it necessary to provide an explanation. He, however, showed no intention of leaving me in peace and all of a sudden burst out,"
03_bai_ganyo_at_the_baths_bul.csv,“Get up and take me to the baths! Where are the public baths around here?”
03_bai_ganyo_at_the_baths_bul.csv,"So that’s it! The gentleman wants to be taken to the baths. I felt like telling him to go to hell, but I restrained myself. Not only did I restrain myself, but I was even a bit amused. It was evident that Bai Ganyo was indeed in need of a bath. He smelled acrid even from far away. What could I do? A fellow countryman must be helped, after all. Besides, I ﬁgured that I could make use of the occasion to have a shower myself. It was quite hot out. We headed off toward a summer public bath that had a large pool. As we walked along I felt compelled to draw Bai Ganyo’s attention to the interesting sights we passed, but I noticed that he barely listened to me. Every once in a while he’d say, in a bored tone, “Is that so” or “I know,” just to show me that he was no country bumpkin. Or he’d interrupt me with some question or other that had no bearing on what I was telling him. For example, I was explaining to him something about the monument to Maria Theresa, the one in the square between the museums, when he suddenly tugged at my sleeve:"
03_bai_ganyo_at_the_baths_bul.csv,"“See that woman over there, the one in the blue dress? What do you think? How do you people know which ones are that kind of girl and which ones aren’t? I’ve headed down the wrong alley many a time, y’know what I mean?” Bai Ganyo punctuated his question with a devilish wink."
03_bai_ganyo_at_the_baths_bul.csv,"We arrived at the baths. My heart was in my throat, as if I sensed what was going to happen. We got our tickets at the cashier’s window. Bai Ganyo demanded his change by pushing his hand through the opening under the window and rubbing his ﬁngers together. The young woman behind the glass smiled and gave him the change. Bai Ganyo fixed his lustful eyes on her, scooped up the money, and, with a peculiar cough, revealed his feelings. She burst out laughing. Bai Ganyo, enchanted, twirled the left side of his mustache and bobbed his head."
03_bai_ganyo_at_the_baths_bul.csv,"“Che fromoza esh domneta. Stoycho, ask her if she knows Romanian.” “Shtii rumuneshti?” Bai Ganyo posed the question himself."
03_bai_ganyo_at_the_baths_bul.csv,"Just then another customer came in, so we moved on into the general hall. It was a big round hall. All around the sides were dressing stalls, each one concealed behind a curtain. In the middle was the pool, separated from the walkway by a low wooden balustrade. There were several small ladders for climbing down into the pool. Bai Ganyo and I occupied two neighboring stalls. I undressed quickly and entered the cold pool. Several Germans stood there quietly, dutifully stretching their muscles, huffing and puffing. Bai Ganyo busied himself for quite a while behind the curtain of his stall. You could hear his grunting and the tinkling sound of some sort of glass objects. Finally he drew the curtain aside, and there he stood in his birthday suit. His chest was hairy, and his legs were dappled with coloring from his embroidered, woolen, country-style socks. In his hand he held a knotted cloth: these were his precious muskali, bound up in a not-so-clean kerchief, which he had been loath to leave in the dressing stall. “How do you know that the walls are sturdy? Somebody might rip out a plank from the back, and then just try to catch him.” He looked along the walls down the corridor, hoping to ﬁnd a nail that he could hang his bundle on. He ﬁgured that if it was a wall, it ought to have nails in it, and he turned to me:"
03_bai_ganyo_at_the_baths_bul.csv,“What idiots these Germans are! It doesn’t occur to them to pound in a nail. And they say we’re stupid.”
03_bai_ganyo_at_the_baths_bul.csv,"Having decisively convinced himself of the Germans’ incompetence, Bai Ganyo, with some misgivings, left his bundle of muskali on the floor in front of his dressing stall so that he could keep an eye on it while he bathed."
03_bai_ganyo_at_the_baths_bul.csv,"“Listen here, young man,” he said, turning to me. “While you bathe, keep an eye on these muskali. And pay attention to me, too—don’t miss the show.” And with these words, Bai Ganyo put one foot on the railing. “You just watch.”"
03_bai_ganyo_at_the_baths_bul.csv,"He hoisted himself up, put the other foot on the railing, stood up straight, crossed himself, and shouted, “Watch . . . Lord help me . . . Here I go!” And he leapt into the air, tucked his legs up, and splash! Right into the pool. Sheaves of water rose up and then showered down on the heads of the Germans, who were struck dumb in amazement. Waves spread out in circles from the center of the pool toward the edges, splashed up out of the pool and back again, and after a few seconds, when the water had settled back down, everyone in the bath could see Bai Ganyo’s exhausting antics under the water. He shot up above the water, then stretched his legs down and touched the bottom, rose up again with his eyes closed and his ears plugged up. Then he shook the water off—pfff!—and sprayed water through his drooping mustache—pfff!—wiped the water from his hair and face, opened his eyes, looked directly at me, and burst out laughing:"
03_bai_ganyo_at_the_baths_bul.csv,"“Ha, ha, ha! Eh? What do you say to that?”"
03_bai_ganyo_at_the_baths_bul.csv,"I didn’t get a chance to respond, because he did a belly flop and began slapping the surface of the water with his hands, swimming “sailor style.” Splash! with one hand, then two kicks behind him, splash! with the other hand and two more kicks. The water in the entire pool was seething, as if we were under a waterfall. Waves splashed against the sides of the pool, and cascades of droplets sprayed as far as the opposite wall."
03_bai_ganyo_at_the_baths_bul.csv,"“That’s called ‘sailor style,’” Bai Ganyo exclaimed triumphantly through the waves. “In a second we’ll show ’em the one called the ‘steamboat.’”"
03_bai_ganyo_at_the_baths_bul.csv,"He flipped over onto his back and began to kick the surface of the foamy water so mercilessly that the spray reached all the way to the ceiling. He churned his arms quickly, in imitation of a paddle wheel, and then Bai Ganyo gave a whistle: “Tupalupa tupalupa toot toot.”"
03_bai_ganyo_at_the_baths_bul.csv,"The Germans stood stock-still. In all likelihood they assumed my companion to be some newcomer from the east who had not yet been committed to an insane asylum, and I observed in their faces not so much indignation as pity. But Bai Ganyo, of course, read in their faces endless wonder at his talents. He clambered up the ladder, stood with his legs slightly apart, and with a lofty glance at the Germans, he grandiosely thumped his hairy chest, shouting triumphantly,“Bulgar! Bulga-a-a-ar!” And then he struck his chest with even greater vigor."
03_bai_ganyo_at_the_baths_bul.csv,"The proud tone in which he expressed this self-recommendation spoke volumes. It said, “Here before you stands a prime Bulgarian specimen; look upon him! This is what he is; this is the stuff he’s made of. You’ve only heard of that genius of the Balkans, the hero of the battle of Slivnitsa. And now he stands before you, the whole package, from head to toe, in all his natural splendor. Do you see what wonders he can accomplish? But that’s not all! Oho! He can do so much more! So, the Bulgarians are uncouth, are they? You miserable Chifuti!”"
03_bai_ganyo_at_the_baths_bul.csv,"“Hey there, ask them if they have any soap!” Bai Ganyo called to me after his little display of patriotic euphoria had cooled somewhat. “Look at my legs; what a state they’re in!”"
03_bai_ganyo_at_the_baths_bul.csv,"Indeed, his legs wouldn’t exactly serve as the most suitable model for Apollo Belvedere. The colored designs from his embroidered woolen socks were still imprinted on his skin, which in any case was filthy and shaggy. But still, you can’t surprise Bulgarians with dirt: not even the most active imagination can come up with anything more sullied than reality itself."
03_bai_ganyo_at_the_baths_bul.csv,"With these words, Stoycho ﬁnished his tale."
04_bai_ganyo_in_dresden_bul.csv,"”I, too, had an encounter with Bai Ganyo,” piped up Kolyo, “in Dresden. Do you want me to tell you about it?”"
04_bai_ganyo_in_dresden_bul.csv,“Do you need to ask? Tell it!” cried out the entire group.
04_bai_ganyo_in_dresden_bul.csv,"I don’t know if you’ve heard, but a few years ago Dresden society was shaken by a tragic accident. One victim was a Bulgarian girl, a student, the other a young American. Let me remind you of this sad event in a few words. The Bulgarian girl was studying in Dresden. As you know, there are entire neighborhoods in this city consisting of Englishmen, Americans, Russians, and other foreigners, whose children attend the local schools. A young girl, an American student, became friends with our Bulgarian girl. English and American students have this quirk: they take under their wing one of the most vulnerable of their fellow students. Our Bulgarian girl must have seemed like that type: shyer, gentler, more demure. They became friends, and the American girl started to invite her over to her house on holidays. The Bulgarian girl met the entire family, including, among them, the brother, a young man of twenty who was studying painting. Who knows whether it was because of the inherent proclivity of young artists to be attracted to any live model who differs from the usual type of model around them, or whether it was because of the American penchant for originality, but, anyway, after a few meetings with our modest and demure Bulgarian girl, the young man apparently took a shine to her. He’d take every opportunity to meet with her, to share his artistic impressions, to make himself pleasant. In a word, they fell in love. And it was this love that cut short their days."
04_bai_ganyo_in_dresden_bul.csv,"On a holiday, during summer vacation, the entire family and the Bulgarian girl set out on a hike through the nearby mountains, the “Saxon Switzerland.” At a particularly rugged and picturesque spot, the young artist and the Bulgarian girl, absorbed in conversation, became separated from the group. A towering cliff caught the young man’s attention, and he started to climb, his companion following after him. But they hadn’t managed to get even halfway up the dangerous cliff when the American lost his footing, and in his fall he dragged the Bulgarian girl down with him into the abyss. Apparently, their lives were fated to end at that point."
04_bai_ganyo_in_dresden_bul.csv,"The dead couple was taken to Dresden, to the clinic. The entire city was shocked by this tragic event. Everybody poured in from all over to see them laid out alongside one another on a large marble slab. A telegram was sent at once to the Bulgarian girl’s brother, summoning him to Dresden; she didn’t have any other close relatives. The bodies were embalmed in order to preserve them until his arrival. Masses of wreaths adorned their bier. Two days later, a telegram arrived from Vienna saying that the brother of the deceased had set out for Dresden. The bodies were transferred to the home of the American family. While they waited impatiently for the brother’s arrival, hordes of Herren and Damen, flocks of ladies and gentlemen, had gathered at this house. The family belonged to Dresden’s high society. I had gone there with several Bulgarian students. Since we were Bulgarians, we had been invited because the dear departed was a Bulgarian. Other young Bulgarians had gone to the station to meet the brother of the deceased. We waited. Such a sad occasion. The rooms were all filled with visitors. People spoke quietly, in whispers. The silence was disturbed only from time to time by the bitter sobbing and despairing sighs of the late boy’s mother, who was overwhelmed with grief. During an interval of dead silence, an awful ruckus burst out in the hallway. You could hear the rude stamping of boots as if someone were leading in a shod horse, and voices rang out. “Where is she? Hey, is she here?” “Shhhh! Quiet!” And making his way into the room of the dear departed was none other than Bai Ganyo—with a kalpak on his head."
04_bai_ganyo_in_dresden_bul.csv,“Good afternoon!” he cried out with a look on his face and a tone of voice that suggested not so much mourning as indignation. It was as if the surrounding people were responsible for the death of his sister.
04_bai_ganyo_in_dresden_bul.csv,"Bai Ganyo approached the bier and accidentally brushed the shroud oﬀ the boy’s face. “Who is this? What’s this guy doing here?” he asked, scrutinizing almost savagely the entire gathering, and he waited with an intense stare for an answer."
04_bai_ganyo_in_dresden_bul.csv,"One student, a Bulgarian, dying of shame, went up to Bai Ganyo, took him lightly by the sleeve, and pulled the shroud off the face of the deceased girl. Bai Ganyo took off his cap, crossed himself, and kissed her on the forehead."
04_bai_ganyo_in_dresden_bul.csv,"“Ah-h-h, poor thing! What a terrible fate. Marika, Marika!” Bai Ganyo shook his head. Say what you will, but that shaking of his head looked more like a threat directed at the visitors than an expression of grief."
04_bai_ganyo_in_dresden_bul.csv,"He looked suspiciously at the corpse lying next to his sister, and, after tilting his head inquisitively while gesturing with the fingers of his left hand in the Balkan manner, he turned to the student. “And just what is going on here? Why have they put that guy here? What’s a man doing in this pension?”"
04_bai_ganyo_in_dresden_bul.csv,"“Shh! Please, please, Mr. Ganyo, speak more quietly.”"
04_bai_ganyo_in_dresden_bul.csv,"“What do you mean, more quietly? I’m spending money here! Where is the directress?”"
04_bai_ganyo_in_dresden_bul.csv,"“This isn’t a pension; it’s a private home,” responded the astonished student."
04_bai_ganyo_in_dresden_bul.csv,"“What do you mean, ‘a private home’?”"
04_bai_ganyo_in_dresden_bul.csv,"“Shh! For God’s sake, speak more softly,” begged the miserable student, deafened by the roar of blood rushing to his head and on the verge of tears."
04_bai_ganyo_in_dresden_bul.csv,"Even if you ignored the blustering behavior and manners of Bai Ganyo, which had already begun to seem like sacrilege, like a mockery of the tender feelings of all present, his very outward appearance failed to elicit a favorable reaction from the Americans and the English, particularly those of the gentler sex."
04_bai_ganyo_in_dresden_bul.csv,"Bai Ganyo was dressed in drab homespun clothes and wearing dirty dust-encrusted boots; a large black cloth was tied around his neck as a sign of mourning. A rather grimy shirt, unbuttoned to the waist, could be seen under this. A walking stick was in his hand, and a package wrapped in yellow paper was under his arm. His mustache was neatly twisted up at the ends, yet his chin was unshaven and stubbly."
04_bai_ganyo_in_dresden_bul.csv,“Is this gentleman the brother of mademoiselle Marie?” a member of the household asked me.
04_bai_ganyo_in_dresden_bul.csv,"I answered him in the affirmative, adding a quickly constructed lie in justification of Bai Ganyo’s behavior and appearance. I told him that the telegram with the sorrowful news had found Bai Ganyo on his estate, where he was overseeing the work in his fields, and that without returning to his villa (Bai Ganyo and a villa!), he had set off for the train, supplying himself with money from friends at the station, and that he had arrived in Dresden without stopping anywhere along the way. And his present behavior, odd as it might seem, should be forgiven him in view of the profound impact that the irrevocable loss of his sister had had on him and the substantial losses that he had suffered owing to his precipitous departure from his agricultural affairs."
04_bai_ganyo_in_dresden_bul.csv,"“Oh, the poor man!” my interlocutor uttered sympathetically and then left to share his feelings about Bai Ganyo with the other members of the household and friends."
04_bai_ganyo_in_dresden_bul.csv,"I felt relieved, gentlemen, but my relief did not last long. The American, a relative, had already managed to pass on the information obtained from me to a large number of those present; their high-minded indignation, provoked by Bai Ganyo’s manners, had been assuaged, and everyone now regarded Bai Ganyo not only benevolently but even sympathetically. The unexpected arrival of a terrible telegram, the unplanned departure on a long trip, huge losses—such surprises could overwhelm anyone. And because of such surprises they condescended to make excuses for Bai Ganyo. But gentlemen, please tell me, I beg you, how could we, the Bulgarian students, come up with an excuse for what Bai Ganyo did next? The student who was hovering next to him in order to stem any sudden bursts of emotion was quietly relating to him how the accident had taken place in the cliffs of Saxon Switzerland. In the course of this story, Bai Ganyo betrayed through various movements of his head and hands the emotions that were disturbing him: he’d cluck his tongue and sigh,“What a damned shame!” He would look at his sister and shake his head. “Oh, you poor thing!” Then he’d glare at the dead boy, shake his head menacingly, his eyes flashing lightning, as if he wanted to say, “At least this idiot got what he deserved!” The foreigners interpreted these facial gestures in their own way and could hardly have guessed their true significance, for otherwise, they wouldn’t have looked quite so sympathetically upon Bai Ganyo, whom they regarded as deranged with grief. At one point, Bai Ganyo, deeply affected by the story, clucked his tongue so loudly that everyone stared at him. At that very moment he placed the thumb of his right hand on his right nostril, screwed his eyes and mouth slightly to the right, tilted his head down, and blew as hard as he could out his left nostril. Then he put his left thumb to the other nostril, and he gave it all he had again. We were completely done for."
04_bai_ganyo_in_dresden_bul.csv,"It would have been possible to excuse even that, you might say, owing to the haste of his departure; in his haste and confusion the unfortunate man must have forgotten to take even a handkerchief, you might say. But no! No, because immediately after this procedure Bai Ganyo unwrapped the yellow paper package and pulled out—what do you think?—a whole dozen handkerchiefs and began passing them out to those present, mainly to the Bulgarians, for the blessing, all the while repeating each time he handed one out, “Here, take it and say, ‘God rest her soul,’” or he gestured with his hand for someone to draw near and exclaimed, “Hey, you, young man, c’mere, you take one, too; come on and say, ‘God rest Marika’s soul!’”"
04_bai_ganyo_in_dresden_bul.csv,"“I don’t want to tell you any more, gentlemen,” exclaimed Kolyo in despair. “You yourselves must try to imagine the expression on the faces of the English and Americans standing around Bai Ganyo. I’ll only tell you that after the funeral service was over, which was Orthodox and took place in the Russian church, after we buried her, Bai Ganyo was invited to stay until his departure from Dresden in the house of the Americans. He spent only one night there. How he behaved in that house I have no idea. But upon leaving he said to the Bulgarian student who saw him off at the station, “Y’know, pal, I almost made a mess of things there. I don’t know the ways of these Americans. There was lots of free food, so I ate and ate till I almost burst; and as for that night—don’t ask! But never mind that, something even worse happened. In the morning, this woman comes, y’know what I mean, and she knocks on the door. I go, ‘Come in.’ She comes in, brings me coffee with milk and all kinds of pastries. She puts down the tray, y’know, on the table, and starts sniffng the air. What the hell’s going on? I dunno whether she got wind of the rose oil or something else. I wasn’t born yesterday, y’know, so I get up right away, grab a muskal, and stick it under her nose. She smiles a bit. I look her over—not bad at all. She was dressed so simply, I said to myself that she must be a servant. I give her the eye—she gives a smile. So there I go—hands around her waist. But then she turns around, damn her, and slaps my face. Oh dear, now I’ve gone and done it. She turns out to be the boy’s aunt. Never mind, thank God; one slap, and that was the end of it. Nice people!”"
05_bai_ganyo_at_the_prague_exhibition_bul.csv,"“Hey, wait a minute, let me tell you about how we went with Bai Ganyo to the Prague Exhibition,” said Tsvyatko with a grin."
05_bai_ganyo_at_the_prague_exhibition_bul.csv,"“Bravo, Tsvyatko,” we all exclaimed. “Just what we’ve been waiting for!”"
05_bai_ganyo_at_the_prague_exhibition_bul.csv,And Tsvyatko began.
05_bai_ganyo_at_the_prague_exhibition_bul.csv,"If you recall, we set off from Sofia with a train made up entirely of our own train cars, even our own locomotive. There were only first- and second-class cars, no third class. They were brand-spanking new, just imported from Europe, impeccably clean and comfortable. Each of the cars had both ﬁrst- and second-class compartments. There were lots of people, I’d guess around 160; I don’t remember exactly. There were old people and young people; men, women, and children; even babies (oh, those babies!)."
05_bai_ganyo_at_the_prague_exhibition_bul.csv,"Who could equal us? We were filled with such pride traveling to the exhibition in our very own Bulgarian train. Let the Europeans see that Bulgaria isn’t some sleepy backwater, we told ourselves. Most of all, we were bursting with pride at our new, modern, and immaculately clean train cars. But do you think that our patriotic delight in the supremacy of our train cars or the thought that we would amaze Europe with our progress was destined to last long? As we left the station following a convivial send-off, and then as we crossed the Slivnitsa and Dragoman positions, the battlefields of our glorious victories during the Serbo-Bulgarian war, our enthusiasm grew in direct proportion to the emptying of the abundant wine bottles and food baskets that our practical travelers had packed. “Of course we’ve packed a few snacks. Why should we fork over our money to the Serbs?” cried out Bai Ganyo, warmed by both patriotism and domestic Pleven wine. But as we approached Tsaribrod, the last station before the Serbian–Bulgarian border, it began to grow dark outside, and as the passengers attempted to illuminate the cars, it became clear that the railroad management had forgotten to put the lamps in working order. As it grew quite dark, the children became frightened and began to bawl. Alas, then did our patriotic enthusiasm begin little by little to slip away, along with the last miles of Bulgarian territory. Some smiled sadly, others smirked with malicious amusement (we Bulgarians weren’t the only ones on board), still others grumbled, and even Bai Ganyo whispered in my ear, “A pig can’t tell the difference between mud and well water.” Some passengers even went so far as to spout unambiguous profanities in the direction of a certain foreigner, an employee in the management of our railways. Emboldened by this, Bai Ganyo shouted, “I just know that it’s not our fault. It’s those foreigners again, damn them! They’ve done this on purpose to make fools of us! That’s because they’re jealous! They’re all like that!”"
05_bai_ganyo_at_the_prague_exhibition_bul.csv,"With these words, he glared so ominously at one of the foreigners traveling with us that the man got up and left for another compartment in a fit of coughing. When we stopped at the station in Tsaribrod, it was pitch dark in the rail cars. We couldn’t even see one another. At first, we were upset. Then we got angry. And finally, we got silly. Many jokes and sarcastic jibes were made at the expense of our railroad directors. People started shouting, “Hey there, you guys, give us some candles; the children are frightened.” “Hey, Mister, go buy us a bunch of candles and keep the change.” “How about giving each of us a wax candle, at least?” Bai Ganyo alone wouldn’t concede that Bulgarians could possibly be responsible for this mess."
05_bai_ganyo_at_the_prague_exhibition_bul.csv,"“See that one over there?” he said, pointing at one of our foreign fellow travelers after someone brought in a few candles. “He should be tarred and feathered and set on ﬁre. This is intolerable. Never mind the darkness; who cares about that, but we’ve lost face in front of the Serbs. See that one over there, that Serbian clerk? The guy’s laughing. Of course he’s laughing.” And Bai Ganyo’s patriotism, once aroused, wouldn’t permit him to put up with a Serb laughing at him. He scowled at the fellow."
05_bai_ganyo_at_the_prague_exhibition_bul.csv,"“You there! What’s so funny, huh?” And he wanted to jump out of the car and have it out with the Serb. What a hero!"
05_bai_ganyo_at_the_prague_exhibition_bul.csv,"“Shh! Bai Ganyo, take it easy,” begged the passengers. “Don’t cause a scandal. Keep in mind that you’re entering Serbia.”"
05_bai_ganyo_at_the_prague_exhibition_bul.csv,"“Yeah? So what if I am entering Serbia? What’re they going to do, scare me? What about Slivnitsa? Have they forgotten how they cried, ‘Retreat, brothers!’ at the battle of Slivnitsa?” Then an obscenity burst forth from Bai Ganyo’s mouth like a bomb."
05_bai_ganyo_at_the_prague_exhibition_bul.csv,"“What fault is it of that Serb over there that our cars are dark?” the others said, trying to calm him down."
05_bai_ganyo_at_the_prague_exhibition_bul.csv,"“Who? Him? I know his type,” answered Bai Ganyo, shaking his head."
05_bai_ganyo_at_the_prague_exhibition_bul.csv,"They distributed one candle to each compartment and even, I think, managed to set up a few lanterns and get them lit. The train started up again. The passengers dripped hot wax onto the window sills and stuck on the candles. This was the first Bulgarization of the new train cars. The second Bulgarization also took place that first night: all of the lavatories (if you’ll pardon the expression) were turned into cesspools."
05_bai_ganyo_at_the_prague_exhibition_bul.csv,"Somehow or other we managed to cross Serbia. But don’t think we managed it in peace and quiet. Oh no! Bulgarians are no fools! Bai Ganyo never missed a chance to take a jab at the Serbs, to remind them of Slivnitsa. In Nish and even in Belgrade he asked all the clerks and porters, “You’re really a Bulgarian, aren’t you? C’mon, admit it. You’re all Bulgarians, but you’re trying to turn yourselves into Serbs!”"
05_bai_ganyo_at_the_prague_exhibition_bul.csv,"As we set off through Hungary, the wheels of one of the rail cars caught fire. May those railway technicians burn in hell! We were stopped for a long time. The railway workers ran back and forth, sprayed water all over the place, and I don’t know what all else. Were they fighting the flames or fanning them? Well, finally we got going again. As for the Hungarians, they just laughed. They’d seen it all before. Bulgarian travelers! Then the same car caught fire somewhere else. They left the damned thing behind to be repaired."
05_bai_ganyo_at_the_prague_exhibition_bul.csv,"Bai Ganyo had traveled before, experienced man that he was. So he explained to his less sophisticated fellow travelers, “Now we’re heading for Pest. After we pass Pest, we’ll reach Vienna. Prague’s after Vienna. I’ve been to all those places; I know ’em like the back of my hand.”"
05_bai_ganyo_at_the_prague_exhibition_bul.csv,"We didn’t stop at the small stations, and at the larger ones we paused only long enough for them to give us clearance. The riches of Moravia caught everybody’s attention. The beautifully cultivated valleys, the exquisite gardens, the countless factories caused even Bai Ganyo to admit that Moravia had outdone our fatherland. “Well, we work, too, but these folks aren’t kidding around! They get on a job, and they get it done!” But then he realized that he had slipped into complimenting them, so he added, “Of course, it’s all for nothing. They do the work, and the Germans eat up all the proﬁts.”"
05_bai_ganyo_at_the_prague_exhibition_bul.csv,"The trip didn’t pass without some comic relief. The four of us—me, Vancho, Filyo, and Ivanitsa’s son (I don’t believe you know him)—took a first-class compartment. Bai Ganyo settled into the neighboring second-class one, along with some traveling companions well stocked with provisions. Bai Ganyo had, in his haste, evidently forgotten to pack any food for the trip in his disagi. “Oh well, after all, we’re all Bulgarians; we’ll look after each other. From this one a little bread, from that one a bit of cheese—and a fellow can get by! You bet!” And in fact, Bai Ganyo did get by quite well. His companions treated him to food and drink; he treated them to his most fervent patriotism, seasoned with appetite and thirst. But all good things must come to an end. Finally, his companions’ provisions ran out; the wine jugs were emptied. (In order to avoid an egregious error I must correct myself: the wine jugs were emptied back while we were rushing past the battlefields of Slivnitsa and Dragoman, with cries of “Long live Bulgaria! Hurraaaaaah! Here, let me just wet my whistle! Hurraaaaaah!”)"
05_bai_ganyo_at_the_prague_exhibition_bul.csv,"Bai Ganyo began to insinuate himself into our compartment. At first he cooked up various pretexts—either he needed some matches or a glass of cognac because his stomach was upset—and so, little by little, he made himself at home, settled in, and didn’t budge from our compartment. He just forgot about his friends, and why not? What good were they to him? They didn’t have a morsel left; everything had been eaten and drunk up. But, thank God, we always had something to nibble on; we bought food at the stations. Bai Ganyo didn’t want to let the opportunity to try various foreign goods slip by—just out of curiosity, of course."
05_bai_ganyo_at_the_prague_exhibition_bul.csv,"“What’s that there; is it grapes? Bravo! Lookit, give a teensy little bunch over here! Mmmmm! Tasty! Bravo!” His curiosity drove him to acquaint himself in asimilar fashion with our food, our cognac, and our tobacco."
05_bai_ganyo_at_the_prague_exhibition_bul.csv,"“That tobacco case there, is it made of silver from the Caucasus?” Bai Ganyo inquired as soon as he saw one of us preparing to light a cigarette."
05_bai_ganyo_at_the_prague_exhibition_bul.csv,"“No, it isn’t; it’s made in Vienna,” answered the owner of the tobacco case."
05_bai_ganyo_at_the_prague_exhibition_bul.csv,"“Is that so? Let me see it. Goodness me! And look, it has tobacco in it, too! It’s Bulgarian, isn’t it? Bravo! Hang on; just let me roll myself a cigarette. I’ve got cigarette papers. If anyone needs any, just ask—I’m here!”"
05_bai_ganyo_at_the_prague_exhibition_bul.csv,"We were very much aware that he was here: by the smell of his boots, by the distinct odor of his sweaty body, and by his strategic advance toward total occupation of an entire row of seats. At first, he sat on the very edge of the seat; then he started getting a little more comfortable. Later, three of us had to sit on one row of seats, and Ivanitsa’s son had to scrunch up in one corner of the other, so that Bai Ganyo could stretch out horizontally. And he didn’t miss a trick. We conspired to ascertain how far Bai Ganyo’s need for comfort would take him, and he, candidly, began to feed our curiosity."
05_bai_ganyo_at_the_prague_exhibition_bul.csv,"“Listen, move over a bit so I can put up my other leg too. Ahh! That’s it! Good! Ahhh! Eh, goddamn! What a pleasure! Just listen to the locomotive: chugga-chugga, chugga-chugga. It’s ﬂying! I really like to stretch out like this. The other compartment is too crowded. And those fellows over there, they’re such simple folk. How can you have a conversation with them? What are you eating over there; is that a pear? Bravo! Let’s see if I can eat a whole pear lying down. Thanks. Where do you guys get this stuff?”"
05_bai_ganyo_at_the_prague_exhibition_bul.csv,"“We buy it,” one of us answered, barely containing himself."
05_bai_ganyo_at_the_prague_exhibition_bul.csv,"“Is that so? Bravo!” said Bai Ganyo approvingly, his mouth full of succulent pear.“I love pears.”"
05_bai_ganyo_at_the_prague_exhibition_bul.csv,"Soon Bai Ganyo began to doze, lulled by the monotonous chugging of the engine. Meanwhile, I sat there thinking. How do we get rid of this guy? Suddenly, a brilliant idea popped into my head. I winked to my friends and said, “What do you say, gentlemen? Shall I make us each a cup of coﬀee? Pass me the Primus stove and the fuel.”"
05_bai_ganyo_at_the_prague_exhibition_bul.csv,"“Coﬀee?” exclaimed Bai Ganyo, and he jumped up from the bench as if he had been stung. “What a great idea!”"
05_bai_ganyo_at_the_prague_exhibition_bul.csv,"“How can we make coffee? There’s no water,” piped up Ivanitsa’s son, artfully feigning disappointment."
05_bai_ganyo_at_the_prague_exhibition_bul.csv,"“Water, is it?” rejoined Bai Ganyo with the same enthusiasm. “If it’s water you need, just ask me! I’ll be back in a second!” And he dashed out of the compartment."
05_bai_ganyo_at_the_prague_exhibition_bul.csv,We were dying of laughter. Ivanitsa’s son stretched out and took up the whole row of seats. Bai Ganyo came back huffing and puffing more than he needed to. He had to show us what trial and tribulation he had endured for our benefit. In his hand he held a small jug.
05_bai_ganyo_at_the_prague_exhibition_bul.csv,"“Here, I found some, just like I told you I would! I scrounged around all the cars! Finally, I saw a jug and grabbed it. When I got it in my hand some woman started shouting after me, ‘Hey, bring back that water; it’s for my child!’ So I’m thinking, what excuse can I dream up, what can I tell her, and then it came to me. ‘Excuse me, madam, but someone back there has fainted.’ ‘Is that so?’ she says. ‘Yes.’ ‘Well, in that case, take the water to him quickly, but bring back the jug.’ What a sucker! Phew. I’m all sweaty. Come then, let’s have that coﬀee.”"
05_bai_ganyo_at_the_prague_exhibition_bul.csv,"One of my friends, who could no longer contain his indignation, rebuked him. “Aren’t you ashamed of yourself, sir?”"
05_bai_ganyo_at_the_prague_exhibition_bul.csv,"Bai Ganyo looked at him, his face drawn as if attempting to express his astonishment as clearly as possible, and then he said quite unexpectedly, “It occurred to me that you might be setting me up, but what the hell, I told myself. Well then, at least give me a cigarette and a spot of cognac.”"
05_bai_ganyo_at_the_prague_exhibition_bul.csv,"We gave him a cigarette and a glass of cognac, and he went back to his own compartment, back to his “simple folk.” Soon we heard his voice through the compartment wall. “Those educated fellows are a sorry lot. I don’t know how their bosses put up with them. Just wait till your Bai Ganyo returns to Bulgaria. Then we’ll see who’s who.”"
05_bai_ganyo_at_the_prague_exhibition_bul.csv,"We approached the Czech border. Traveling with us were some commissioners, sent by the government to learn how to set up such an exhibition so they could hold one in Plovdiv. One of them had pinned the Bulgarian tri-color on each passenger’s lapel. During our trip a rumor had gone around that we were to receive a formal welcome both at the border and in Prague (consequently, we were prepared for the reception). But in fact, what we saw surpassed all our expectations."
05_bai_ganyo_at_the_prague_exhibition_bul.csv,"So here we are, coming to the border station, the locomotive is already whistling. To the left and to the right of the tracks we see a tide of people flowing toward the station. A light rain was falling, so the men, women, and children hurrying toward the station were all carrying open umbrellas. We stopped. The platform was crowded with people. Immediately a band struck up our national anthem, “Shumi Maritsa,” followed, to our boundless pleasure, by a choir singing their anthem, “Hde domov můj,” in Czech. Bai Ganyo, in particular, praised the Czech people for learning the melody of the “Bulgarian” folk song “Where Is My Homeland?” so well. Except, he noted, that they didn’t pronounce the words clearly enough, so they were a little hard to understand."
05_bai_ganyo_at_the_prague_exhibition_bul.csv,"My face flushes with embarrassment when I recall the comportment we displayed at that first meeting. Just imagine, gentlemen. The city has assembled, people from the villages have come to meet their Bulgarian brothers, they have brought a band and a choir, and a bunch of young girls are lined up with bouquets in their hands. They all stand there waiting for their brother Slavs to get off the train so that they can welcome them with words, with songs, with music, with bouquets; but these “brothers” simply stick their heads out of the windows and gape! Believe you me, gentlemen. The windows of the train cars are narrow, as you know. One guy puts his head out, another squishes in over his shoulder, a third manages to peek out from underneath his arm with one eye, and they just stare! It makes you want to sink into the earth! Oh, if only there had been a photograph! The people meeting us were taken aback; they didn’t know what to do, where to put the bouquets! The band stopped, the choir stopped too, and everyone fell silent as we stared at one another."
05_bai_ganyo_at_the_prague_exhibition_bul.csv,"After a while, Bai Ganyo stepped off the train. All of the Czechs strained their eyes toward him. They cleared a path for him to pass by, and pass by he did. Oh, Lord! How majestically did Bai Ganyo pass by those hundreds of eyes and hands offering him bouquets! He pulled at his mustache with his whole hand and twirled its left side upward, thrust out his elbows, coughed with authority, and glanced with one eye at a young miss who held out her bouquet right under his nose. He looked at her and wiggled the upturned ﬁngers of his left hand, as if to say, “You’re welcoming, Missy, are you? You’re doing a nice job; welcome away! I love it!” And he passed by, without bestowing on her the honor of receiving her bouquet. The young lady pulled her hand back in confusion. A little while later, Bai Ganyo re-appeared, not very graciously buttoning up a certain part of his attire. Once again, they cleared a path for him, once again he twirled his left mustache, and once again he coughed and blew his nose, and then he climbed back on board. The locomotive whistled, and we set off."
05_bai_ganyo_at_the_prague_exhibition_bul.csv,"Lest any of you think that I’m exaggerating, that I’m embroidering my story to make fun of Bai Ganyo, let me tell you that on the contrary, I’m leaving some things out, because even now I cringe when I recall them. For example, I neglected to tell you at the beginning what a sight our train was by the second day of the journey. I did tell you, didn’t I, that our travelers had brought their infants along? As a result, apart from the constant crying and shrieking, the lavatories were soon turned into laundries where soiled diapers and baby clothes were washed, and the corridors in the cars became drying areas for this laundry. The mothers stretched out clothes lines and hung those less-than-perfectly-washed diapers out to dry. They replaced the banners that were supposed to decorate our train. And so, instead of the white, green, and red tricolor of the national ﬂag, a host of bicolors glistened in the sun: white dappled with yellow! These charming banners adorned our train when we stopped at the Czech rail stations and when the crowd met us with bands, with songs, with bouquets, when mayors and other dignitaries greeted us with ceremonial addresses. The yellow and white banners fluttered on the lines while our leader, Mr. Vasilaki, deafened the Czech audience with his resounding, sentimental speeches, and when, at each station, Mr. Petko stoked the national pride of the fraternal Czech nation with his lofty orations from which the assembly could hear clearly only the words “Brothers! Ivan Hus . . O. h! Ivan Hus, brothers!” Bai Ganyo, indignant that these speeches made no mention of our own national giants, kept poking one of the teachers in the ribs, saying, “Hey, Teach, come on, you say something; let’s show them who we are. Now’s the time. Say something about Philip Totyo, about Khan Krum the Terrible, or sing a song . .” And all the while the bicolor banners flapped away!"
05_bai_ganyo_at_the_prague_exhibition_bul.csv,"Our entire journey from the Czech border to Prague was one triumphant procession. Wherever our train passed—whether through towns, villages, or fields—hats were flung in the air, and endless cries of “Nazdar!” rent the air."
05_bai_ganyo_at_the_prague_exhibition_bul.csv,"I caught sight of a woman working in a field, who, seeing how the men were waving and throwing their caps in the air, began to wave her hands madly and then untied the kerchief from her head, whirled it in the air, and shouted out, “Nazdaaaar! ” And another time, we were passing through a town (I don’t recall its name—we were quite overwhelmed by then, you know), there were people in the street, at the windows, in the trees, on the fences, even up on the rooftops. And in this town, I remember, I noticed a new house being built. It was nearly finished, and the beams for the roof had been raised. At the top of the roof they had set up a long pole decorated with vegetables, topped off with a flag ( just as people do in our country when we build houses). There were several workmen up there, and when they saw that all along the street people were waving kerchiefs from every window and calling out “Nazdar,” they ran along the beams to the top of the roof, took hold of the pole with the ﬂag, and tried to pull it out so they could salute us. Evidently, it was stuck solid—they couldn’t get it out—but they loosened it up at the base enough so that it could be waved with a slight swing from left to right. These two events—the woman working in the fields and the carpenters on the roof—touched me deeply. They were nothing like our pompous journalistic rhetoric: “The entire intelligentsia rent the air with a frenetic hurrah”; “Today, the entire nation rejoices.”"
05_bai_ganyo_at_the_prague_exhibition_bul.csv,"We arrived at the station in Prague. There weren’t that many people on the platform, we noted, just the official delegation: the deputy-mayor, if I’m not mistaken, and members of the exhibition committee. This reception seemed too low key; we had become accustomed to triumphal welcomes. But this was clearly by design. These were people who knew what they were doing, and they realized that if there were a crowd on the platform, and then 160 people got off the train, they would all mingle together and there would be a mishmash of guests, hosts, and baggage. So they had left the arrival area empty, with only the official commission there to greet us. Once again, the welcoming words and speeches began. From the Czech side, in Czech, came, “Brother Bulgarians! The Great Slavic . . Cyril and Methodius.”From our side, also in Czech, we heard, “Brothers, we have come to learn from the great Czech nation,” and then from our side again, in Bulgarian, “Brothers! The great Ivan Hus . . Y. es, brothers, Ivan Hus is great!” Meanwhile, Bai Ganyo, not at all pleased that only Cyril and Methodius were being mentioned, jabbed the teacher again: “Hey you, say something, Teach. We have a few great people, too! Say something about Khan Asparukh, or take out the shepherd’s pipe and play us a tune or something—now’s the time!”"
05_bai_ganyo_at_the_prague_exhibition_bul.csv,"They told us that we would go to Meščanska Beseda, the city club, and from there they would send us out to various lodgings. They had arranged for our baggage to be brought there, and so we started off. We entered the train station from the platform, and what a sight it was! The station was swarming with people. Literally, if you had dropped an egg, it wouldn’t have hit the ground. Down the center was a pathway just wide enough for us to walk through, and along both sides were elegant ladies with bouquets. They were all in their Sunday best. No sooner had the first “Nazdar” thundered out than they began to hand us bouquets and shower us with flowers, and then, when we got out on the street and looked around—good God!—as far as the eye could see there was only a narrow strip clear for us; every other spot was taken up with people. And again, rows of ladies with ﬂowers; and again, welcoming cries of “Nazdaar! Nazdaar! Hurrah!” and again, a hail of bouquets. A royal welcome! Amid all this shouting and showering with flowers, we climbed into carriages and set off. I leave to your imagination the grace and dignity with which we clambered in, what with families and babies and all. We were thunderstruck by this unexpectedly grandiose reception. We tipped our hats left and right, and eventually it occurred to us to take them off all together. (When it comes to getting things right, we’re naturals, no doubt about it. We know all those damned picayune details; we know etiquette and all that stuff!) A smile was frozen on my convulsively trembling lips, and I wanted to laugh and to cry and to sink into the earth all at the same time."
05_bai_ganyo_at_the_prague_exhibition_bul.csv,"We reached the Meščanska Beseda and sat at tables out in the courtyard. We waited for our baggage to arrive and for them to assign us lodgings. Several carriage drivers waited a whole hour by the doors to be paid, poor fellows, but many of our group didn’t see the need of paying. “Big deal!” said Bai Ganyo. “What would it have cost them to pay for the carriages? After all, we’re Slavs. That’s where they should show us their Slavic solidarity, you betcha! And how! Everything for free. Any fool can put on a show if you pay him. All that ‘nazdar’ stuff is just a bunch of hot air.”"
05_bai_ganyo_at_the_prague_exhibition_bul.csv,"The luggage arrived, and they began to direct us to our quarters. Our gracious hosts had taken pains to secure us housing. I’ll spare you the arguments with the cabbies, with the waiters at the club, with the organizers about the late arrival and the accidental mix-up of luggage, people’s dissatisfaction with their housing arrangements, the haggling, and other stuff like that. Let me just take you up to our room for a moment. (Don’t be alarmed, madam.) The four of us were staying in one large room with all the conveniences. It looked out onto a courtyard. Right across from us rose a building with the same number of floors. At one point, while moving the flower pots on the windowsill so she could close the windows, Anushka, the maid who looked after our room, suddenly turned to me and, glancing over at the facing windows, asked me in Czech, with evident embarrassment, “Excuse me, sir, is that man over there also Bulgarian? Look what he’s doing! He’s as dark and hairy as a savage! Ha-ha-ha ha!”"
05_bai_ganyo_at_the_prague_exhibition_bul.csv,"I looked in the direction she was pointing, and what do you think I saw? Bai Ganyo, standing at the open window, without having drawn the curtains or shut the blinds, had liberated himself from his clothes above the waist, and when I caught sight of him, he was leering at our housekeeper and stroking his hairy chest, evidently trying to ensnare her with his charms."
05_bai_ganyo_at_the_prague_exhibition_bul.csv,"The local papers that day reported the news of the imposing (they got that right!) arrival of the dear guests, their Bulgarian brothers. They also carried the schedule for our visits to the exhibition and the sights of Prague. They reported where we had been, how we had been met, how the Czechs had greeted us, and how we had responded. The name of our leader, Mr. Vasilaki, resounded. He got the attention owing to his countless speeches, and to tell you the truth, say what you will, if it hadn’t been for Mr. Vasilaki’s pulling the wool over their eyes, the whole thing would have been a disaster."
05_bai_ganyo_at_the_prague_exhibition_bul.csv,"Members of the committee met us by the entrance of the exhibit. Once again, there were speeches about the Czech nation and the Bulgarian nation. Here, you see, they didn’t make the mistake of welcoming us as Serbs! Apparently, that kind of mistake had been made at the entrance to the Plovdiv Exhibition, when they mixed up the delegations from two rival Bulgarian towns. The people in Sliven and Yambol are constantly at odds with each other—whether out of envy or out of spite, who knows! So the delegation from Sliven presented itself at the entrance of the Plovdiv Exhibition, and a member of the committee gave them a welcoming address, taking them for the representatives from Yambol, and started praising their rivals to the hilt. “Brave citizens of Yambol! Glorious citizens of Yambol!” The Sliven delegates, meanwhile, broke into a sweat and started coughing behind their hands and giving each other looks. What a picture!"
05_bai_ganyo_at_the_prague_exhibition_bul.csv,"We entered the exhibition grounds. One of the committee members took us on a quick tour of the major displays. Who did he think he was leading around? Our tourists are just like the English! As soon as our folks entered the botanical pavilion, there was no getting them out."
05_bai_ganyo_at_the_prague_exhibition_bul.csv,"“Ivancho, Ivancho! C’mere, c’mere, see that tulip? Look how big it is! Remember? Your auntie has a tulip like that,” someone calls out from one side."
05_bai_ganyo_at_the_prague_exhibition_bul.csv,"“Marika, Marika! Come over here! Look at the mimosa! That’s a mimosa, see? Do you remember it from the children’s illustrated encyclopedia I bought you for Easter?” another voice chimes in from another side."
05_bai_ganyo_at_the_prague_exhibition_bul.csv,"“Will you look at that! Basil! Tsk tsk tsk! Look! Basil! So the Czechs have basil, too. Good for them!” puts in a third, and they all rush to look at the basil."
05_bai_ganyo_at_the_prague_exhibition_bul.csv,"“Yeah, so what? I don’t see any of our wonderful wild geraniums here,” pipes up Bai Ganyo with a dissatisﬁed air. “What’s the good of all this stuff if they don’t have wild geraniums? Ahhh, but back home in our mountains! Damn!”"
05_bai_ganyo_at_the_prague_exhibition_bul.csv,"The committee member, meanwhile, stands there fidgeting, waiting for the “dear guests” to finish chattering!"
05_bai_ganyo_at_the_prague_exhibition_bul.csv,"I couldn’t take it any more, so I left the botanical exhibit and went off to look around the other pavilions. In my absence, a photograph was taken of the dear guests, and the next day the entire group appeared in a newspaper photo."
05_bai_ganyo_at_the_prague_exhibition_bul.csv,"They took us to Hradčany, to see the castles of the Czech kings. They showed us various historical nooks and crannies: the small chamber where the council had sat and decided to begin the Thirty Years’ War, the window through which Czech patriots had been thrown to their doom. They took us to the old city hall and to both the old and new museums. In our honor they performed an opera in the national theater, and they held a party for us at Meščanska Beseda. We went to Mr. Naprstek’s house. He is a very well-respected citizen. At some point or other he got in trouble with the Austrian government and fled to America, where he amassed a fortune. He returned to Prague, where now, surrounded by honors and respect, he occupies himself with philanthropy. He has his own museum and library. The master of the house met us with true Slavic warmth and hospitality. Here we heard the most sincere and heartwarming speeches. In one of the rooms was a thick guest book in which visitors signed their names. At one point, when a bunch of our people were crowding around the book, and everyone was chafing at the bit to grab the pen and immortalize their names, Bai Ganyo tugged at my sleeve and asked impatiently, “What are they signing up for over there?”"
05_bai_ganyo_at_the_prague_exhibition_bul.csv,"Knowing that Bai Ganyo wouldn’t be induced to sign if there was nothing in it for him, I told him jokingly that anyone who didn’t want to do any more sightseeing could sign up in that book to dine at Mr. Naprstek’s."
05_bai_ganyo_at_the_prague_exhibition_bul.csv,"“Is that so?” exclaimed Bai Ganyo.“To hell with their antiquities, gimme the pen! Come on, give it here! Gimme the pen, quick! Can I sign in pencil? Gimme, gimme, I’m in a hurry!” And he began to elbow his way to the table on which the large book was lying. He stepped on someone’s foot, and people were pushing and shoving. They began to fight over the pen and spilled ink on the book, but finally, the trembling, hairy, sweaty hand of Bai Ganyo decorated one of the pages of the large book with two sonorous words: Ganyo Balkanski"
05_bai_ganyo_at_the_prague_exhibition_bul.csv,Tsvyatko announced that he didn’t wish to continue his story.
05_bai_ganyo_at_the_prague_exhibition_bul.csv,“Tell us something about the party. Didn’t you say that they gave a party in honor of the Bulgarians?” called out one of our group.
05_bai_ganyo_at_the_prague_exhibition_bul.csv,"I didn’t go to that party. Bai Ganyo was there. Apropos, I went with Bai Ganyo to the barber that day. He intended to charm the Czech ladies that evening, so beforehand he took every possible measure to ensure he would appear in all his glory. He bought a necktie, he polished his medal (“You didn’t think your Bai Ganyo had such things, did you?”), and we went to the barber, since his beard and hair had gotten rather scruffy. He sat in the chair. The barber carefully tied a cloth around his neck and began his work. We must have spent almost a whole hour there. It wasn’t so easy to please Bai Ganyo."
05_bai_ganyo_at_the_prague_exhibition_bul.csv,"“Here, here; tell him to take off a bit here,” Bai Ganyo would say, pointing to his neck. “He should smooth it here; have him shave it a bit with a razor. But tell him to keep a sharp eye out so he doesn’t nick a pimple, or the devil take him!”"
05_bai_ganyo_at_the_prague_exhibition_bul.csv,"The barber sees the angry expression on Bai Ganyo’s sweaty face in the mirror and he looks at me quizzically. “What is the gentleman saying?” he asks me meekly in Czech, thinking that he has committed some affront to Bai Ganyo’s taste."
05_bai_ganyo_at_the_prague_exhibition_bul.csv,"“You just tell him to stop babbling!” says Bai Ganyo, turning to me, using a tone that suggested he had hired me as a translator. “Just tell him to leave me a small beard, but to make it a little more pointed, like Napoleon’s; got that? And tell him to comb my mustache so it turns up like this. Like the mustache of that Italian king, heh-heh-heh! Have you seen his photo? Tell him to make my mustache like that. Go on, tell him.”"
05_bai_ganyo_at_the_prague_exhibition_bul.csv,"I didn’t have the courage to translate Bai Ganyo’s humble desire literally. It would have made a lot of trouble for the barber. After all, is it an easy task to transform someone into Napoleon III and Umberto, aided only by a razor and a comb? And look who we’re talking about!"
05_bai_ganyo_at_the_prague_exhibition_bul.csv,"The coiffure was completed. Bai Ganyo took out his money bag, twirled it around on its string, opened it, reached down to the bottom, shoveled up a handful of coins, turned his back to us, rummaged around in the coins, selected one, and handed it to the barber, but he handed it to him in such a fashion as if to say, “Here you go, take it. What the heck, let it be on me.” The coin was a twenty-kreutzer piece. But then it occurred to him that he was, perhaps, being too generous, and so as not to be taken for a fool, he stretched out his hand toward the barber and rubbed his fingers as if to say, “Give me change.” The barber opened the drawer in a flash, threw the coin inside, picked up two ten-kreutzer pieces, slammed them angrily down on the marble counter top, and disappeared through an inner door. The coins rolled onto the ground. For a fleeting instant Bai Ganyo seemed taken aback, but before I could take stock of his expression, he bent down and gathered up the money, saying, “Let him cut off his nose to spite his face! Let’s get out of here, to hell with them. Everyone just wants to fleece you. But I know them all. Slavs! Bullshit!”"
06_bai_ganyo_at_jirecheks_bul.csv,"“What Tsvyatko just told you happened later,” said our shy Ilcho, “but I know that Bai Ganyo was in Prague on a previous occasion. He was there for a long time and sold quite a bit of rose oil. Would you like me to tell you about it?”"
06_bai_ganyo_at_jirecheks_bul.csv,"“If it’s about Bai Ganyo, don’t ask; tell!” we all replied."
06_bai_ganyo_at_jirecheks_bul.csv,"OK, then listen. Bai Ganyo arrives in Prague from Vienna. He gets off the train at the station, shoulders his disagi, and walks out into the street. The cabbies descend on him to offer their services, and he dips his chin down, Bulgarian style, to signal no. They interpret his gesture as an affirmative nod, and a cab pulls up right in front of him. Bai Ganyo gets mad, stares wide eyed, and makes angry gestures. A policeman sees him and makes the cabbies back off. Bai Ganyo is wondering how he can ﬁnd out where our famous historian Jirechek lives. Jirechek has lived in Bulgaria; he loves the Bulgarians; Bai Ganyo will go to his place. “Good day.” “Good day to you.” And maybe he’ll invite him to stay at his place. Why spend money on a hotel? While he was thinking along those lines, a porter in a red cap came and stood in front of him and offered to carry his disagi. Bai Ganyo asked him if he knew where Jirechek lived. The porter answered in the negative but expressed the hope that he’d be able to ﬁnd him and held out his hand to take the disagi. Bai Ganyo didn’t give them up, in part because his muskali were inside and “might get swiped,” and in part because he saw that the guy was nicely dressed, and who knew how much he’d try to fleece him for."
06_bai_ganyo_at_jirecheks_bul.csv,"“Your Grace, you go in front and I’ll follow behind,” said Bai Ganyo politely. “Don’t worry about the disagi; I’ll carry them.” This politeness on Bai Ganyo’s part was calculated. He figured it would make the porter well disposed toward him and at the same time show that he, Bai Ganyo, was not some rich important man, so the guy wouldn’t try to fleece him."
06_bai_ganyo_at_jirecheks_bul.csv,"They walk along and ask at each cross street where Jirechek lives. Finally, someone realizes that they’re looking for Professor Jirechek and tells them where to go to ask, and they keep asking till they find him. Bai Ganyo gives the porter a hearty “Thank you very much” and enters Jirechek’s apartment."
06_bai_ganyo_at_jirecheks_bul.csv,"“Oho! Good day. Bai Jirechek, how’s it goin’? You doin’ OK?” exclaims Bai Ganyo in his most friendly manner as he enters the master of the house’s study. The latter shakes hands with him in surprise, invites him to sit, and curses his memory, which can’t recall who this kind friend is."
06_bai_ganyo_at_jirecheks_bul.csv,"“Don’t you recognize me?” Bai Ganyo adds helpfully, mixing formal and informal modes of address. “Were you not a minister in Sofia?” “Yes.” “Well, I’m from there, too!” Bai Ganyo concludes triumphantly. “So we’re fellow townsmen, so to speak, heh, heh, heh, and how! Do you remember the article in the newspaper Slavyanin?”"
06_bai_ganyo_at_jirecheks_bul.csv,"“Yes, yes, I remember,” answers Jirechek in a reserved and condescending tone of voice."
06_bai_ganyo_at_jirecheks_bul.csv,"“Oh boy, did they ever smear you! But don’t you worry about a thing; don’t pay them no never mind. I really stuck up for you. They said ‘Jirechek this’ and ‘Jirechek that.’ But I said, ‘Excuse me,’ I said, ‘it’s not like that.’”"
06_bai_ganyo_at_jirecheks_bul.csv,"Jirechek knows Bulgarians well, and so he’s not at all surprised at Bai Ganyo’s familiarity. The conversation continues for several minutes in this vein and then passes to more practical matters. Bai Ganyo praises the apartment of his host, hints broadly that “after all, there’s even room for a guest to stay here.” He speaks of Bulgarian hospitality and expresses sorrow that “you see, others aren’t like us Bulgarians; if a foreigner enters a Bulgarian home, they’ll give him food and drink as well as a place to sleep.”"
06_bai_ganyo_at_jirecheks_bul.csv,"Jirechek attempts to persuade him that the apartment is too small even for its occupants. Bai Ganyo turns a deaf ear and expands on the theme of Bulgarian hospitality. From this theme, the conversation veers to Bai Ganyo’s little business. He informs his host that he has brought rose oil to sell and announces, “Tomorrow, if you like, take me to all the factories. It’s fine with me. You’ll take me around, since I don’t know the language, OK?”"
06_bai_ganyo_at_jirecheks_bul.csv,"Jirechek hastens to reply that he’s not acquainted with the producers of essential oils, because his occupation is of a completely different nature, and moreover, he has no free time. But he will tell him where Bulgarian students gather, and one of them will be able to help him."
06_bai_ganyo_at_jirecheks_bul.csv,"“If you like, I mean,” adds Bai Ganyo.“I won’t force you. I’ll also give the wife—is she here?—a muskal. I know her, too, of course.” ( Jirechek couldn’t for the life of him figure out what wife he was talking about.) “And if you have friends and relatives here, tell ’em that I’ve brought rose oil—there’s no shame in that. I’ll hang around your place more; we’ll chat about Bulgaria. And if you like, I’ll even stay here at your place while I’m in Prague. What do you say?”"
06_bai_ganyo_at_jirecheks_bul.csv,"“I’m sorry, but . . .”"
06_bai_ganyo_at_jirecheks_bul.csv,"“That is to say, I mean, if you would be so kind,” Bai Ganyo explains in confusion. “I’d prefer a hotel, but I said to myself, hey, I said, Jirechek, he’s one of us.”"
06_bai_ganyo_at_jirecheks_bul.csv,"“Thank you very much for your consideration; I would happily give you a place to stay here, but I don’t have any extra room. Today, however, you are our guest and will dine with us.”"
06_bai_ganyo_at_jirecheks_bul.csv,"“Let’s dine, of course; why should we not dine?” agrees Bai Ganyo. “After all, Your Grace has certainly eaten his fill at Bulgarian tables, even if not at mine.”"
06_bai_ganyo_at_jirecheks_bul.csv,"Jirechek was occupied with a very urgent matter, which had been interrupted by the arrival of Bai Ganyo. The master of the house was sitting on pins and needles and couldn’t figure out a polite way to expedite the time that would be taken up by his eloquent guest. He rang, and a servant appeared, whom he instructed to tell the household that a guest had arrived from Bulgaria. After a while, Jirechek’s mother entered. Bai Ganyo rose from his seat with great difficulty, moved his hand twice toward his forehead in an Oriental sign of respect, and condescendingly exclaimed, “Oh, hello, hello, howdy-do; c’mon, let’s have a hug, Bulgarian style. How are you doing these days? I’m so glad.”"
06_bai_ganyo_at_jirecheks_bul.csv,The lady of the house greeted him kindly and by means of a series of questions displayed a lively interest in the fatherland of their guest.
06_bai_ganyo_at_jirecheks_bul.csv,"“Well, now, tell me truly,” said Bai Ganyo, “where is it better, in Prague or in Sofia?”"
06_bai_ganyo_at_jirecheks_bul.csv,"The lady was confused, since she had never been to Sofia, and Bai Ganyo, as he asked the question, looked at Jirechek with a devilish smirk, as if to imply his opinion about women. “After all, she’s only a woman; what kind of a conversation can you have with her?”"
06_bai_ganyo_at_jirecheks_bul.csv,"“His Grace will dine with us at home today,” Jirechek informed his mother, and then, in order to get on with his work, he asked her in German to take Bai Ganyo into another room. The lady of the house proposed to Bai Ganyo that they go into the next room. Bai Ganyo looked searchingly at Jirechek, looked at his disagi with the muskali, and made a calculation with his eyebrows. “They said something in German; who knows what they’re up to. But I don’t think so. After all, he was a minister in our country. But then ministers are no good either! But this one doesn’t seem like that type to me.” And then he got up hesitantly and headed in the direction of the neighboring room indicated by the lady. When he got to the door, however, he turned and tried to guess from their faces his hosts’ intentions, and he observed some mute signals that his hosts were in fact exchanging. Actually, these signals meant “try to keep him busy for a long time, because I have a lot of urgent business,” but Bai Ganyo interpreted them otherwise."
06_bai_ganyo_at_jirecheks_bul.csv,"“These things here could get in your way,” he said, looking at the disagi."
06_bai_ganyo_at_jirecheks_bul.csv,"“Oh no, not at all. Please, don’t worry about them,” answered Jirechek."
06_bai_ganyo_at_jirecheks_bul.csv,"“Look, I know they’ll get in your way, for sure. Let me just take them into the other room.” He reaches out to take them, but his hosts protest graciously. “Not that I’m afraid or anything, it’s just that I thought . .”"
06_bai_ganyo_at_jirecheks_bul.csv,"They pass into the living room, and the hostess closes the door behind her so as not to disturb Jirechek in the study. She does her best to ﬁnd something to interest Bai Ganyo. She offers him various albums, she shows him pictures, she sets before him a whole stack of illustrations, but Bai Ganyo’s mind is elsewhere, and he responds to his hostess’s kindness with feigned indifference. “I’ll pass, thank you; why don’t you look at them yourself. I’ve seen many pictures and portraits! I may be young, but I’ve been around.”"
06_bai_ganyo_at_jirecheks_bul.csv,"Bai Ganyo glances impatiently at his large silver watch and then introduces a rather interesting and opportune topic. “I’m very curious to know more about Europe. Take this, for example. In our country, when noon arrives, we sit down to dinner. In your country things are different. When you do eat dinner, for example?”"
06_bai_ganyo_at_jirecheks_bul.csv,"“We normally dine at ﬁve, but today we could eat earlier. Excuse me while I leave you for a moment,” says the hostess and exits through the other door."
06_bai_ganyo_at_jirecheks_bul.csv,"Bai Ganyo sits alone in the room and stares absent-mindedly at the pictures. From time to time he spits on the carpet—not because he’s hungry, but who knows?—and rubs it in with his boot. His ears prick up at the slightest noise from the study. At one point he hears Jirechek get up from his desk, take a few steps, and stop. “What a fool I am! Why didn’t I bring my disagi into this room?” Bai Ganyo sits on tenterhooks until he can contain himself no longer. He tiptoes quietly along the carpet toward the door to the study, leans down, and puts his ear to the keyhole. All he hears is his own quickened breathing and the blood pounding in his ears. But even this doesn’t calm Bai Ganyo. He doesn’t see anything through the keyhole, and pressing the door handle hesitantly, he opens it and furtively pokes his head into the study. He sees Jirechek squatting near the disagi in front of a bookshelf."
06_bai_ganyo_at_jirecheks_bul.csv,"Bai Ganyo titters awkwardly at him“. Tee, hee, hee, you’re working, are you? Tee, hee, hee! I thought I’d just take a look. Don’t you worry; work away, I’ll just close the door again.” Jirechek looks at him in amazement. The reason for Bai Ganyo’s peculiar curiosity never crosses his mind."
06_bai_ganyo_at_jirecheks_bul.csv,"Dinner is ready. They all go into the dining room and sit around the table. Jirechek’s parents, his sister, Bai Ganyo, and Jirechek himself. Before beginning the meal, Bai Ganyo starts to cross himself, but with a knowing smile. In this manner he wants to show his hosts that he’s not one of those simple folk, and that he’s not much of a believer, but it’s not bad to be on the right side of God, too (we’re on good terms with the devil, so why not burn a little incense for the Lord, just in case)."
06_bai_ganyo_at_jirecheks_bul.csv,"“I’m a Liveral, from the Liveral Party,” he explains, “but every now and then I just up and cross myself. There’s no harm in it, we’re people after all . . . What’s this; is it soup? I love soup. Soup is a European dish, but chorba is Turkish. Nowadays, we eat more soup than chorba. Oh, pardonne, excuse me, I’ve soiled your tablecloth, tsk, tsk, tsk. Good grief!”"
06_bai_ganyo_at_jirecheks_bul.csv,"Carried away with his desire to prove himself a man of impeccable manners, Bai Ganyo had failed to get a good grip on the bowl of soup that his hostess handed him, and he spilled a good bit of it onto the table. Before they could stop him, he gathered some of it up with his spoon and poured it back into his dish. The hostess didn’t want to allow him to eat that soup, but he, out of delicacy of feeling, cupped his hands around the bowl and wouldn’t let them exchange it."
06_bai_ganyo_at_jirecheks_bul.csv,"“I’ve got peppers in my disagi,” announced Bai Ganyo suddenly. He was burning with the desire to crush one of the small peppers into his soup, which seemed rather bland for his palate, but he was hesitant to take out the peppers, lest they think him a boor, and so he wanted to sound out his hosts beforehand."
06_bai_ganyo_at_jirecheks_bul.csv,“Oh? Do you have peppers?” replied Jirechek.
06_bai_ganyo_at_jirecheks_bul.csv,"“Of course I’ve got peppers; what do you think? After all, as you know, ‘dear Mother Bulgaria’ can’t manage without the hot stuff,” replied Bai Ganyo ironically, and without waiting another second, he jumped up from the table, dashed into the study, hauled out the disagi, squatted over them, with his back to his hosts, and then brought two peppers to the table."
06_bai_ganyo_at_jirecheks_bul.csv,"“Two will do for the five of us; these are really hot,” he announced as he crushed half of a pepper, seeds and all, into his bowl, and then politely offered the rest to his hosts: “Here, go ahead, crumble some in, heh, heh, Bulgarian style! No, really, do crush some in; listen to me and you’ll see what a treat it is. Well, as they say, you can lead a horse to water, and all that. Just a minute, I’ll crush some up and I’ll show you what real soup is!”"
06_bai_ganyo_at_jirecheks_bul.csv,"And indeed, Bai Ganyo spiced up the soup so much that a person unaccustomed to it would have been poisoned. He began to slurp it up. And when a Bulgarian slurps, it’s no joke. Three hundred dogs at each other’s throats can’t drown him out. Big beads of sweat broke out on Bai Ganyo’s forehead and were ready to gush down into his bowl. He’d slurp once from the tip of the spoon, then he’d set the spoon down and quench the spicy liquid with two or three mouthfuls of bread; again he’d take up the spoon, slurp the soup, sniffle, and again, two or three mouthfuls of bread."
06_bai_ganyo_at_jirecheks_bul.csv,"“Hey, pass me another piece of bread, will ya? You people eat with no bread at all,” marveled Bai Ganyo. “As for us Bulgarians—we eat a lot of bread; I don’t want to brag, but with a chorba like this, pardonne, with a soup like this, I can eat up a whole loaf. You betcha.”"
06_bai_ganyo_at_jirecheks_bul.csv,"They didn’t bet on it, but even without the wager Bai Ganyo devoured copious amounts of bread."
06_bai_ganyo_at_jirecheks_bul.csv,"“Where do you get this wine?” asked Bai Ganyo inquisitively, not that he cared about the answer but just to have a pretext for getting another glass."
06_bai_ganyo_at_jirecheks_bul.csv,"“We buy it,” answered his host. “Do you like it?”"
06_bai_ganyo_at_jirecheks_bul.csv,"“Ah, it’s the real thing! You buy it, do you? Pass the bottle over here. My stomach is burning like red-hot iron from that pepper. If I drank up the whole bottle it would boil inside me. Well now, we have good wine, too; a few nickels would buy you a quart, and if you polish off a quart by yourself, you’re all set! Upf, I belched, excuse me, that was a bit rude, pardonne, but what can you do? It’s human nature; you can’t hold it in.”"
06_bai_ganyo_at_jirecheks_bul.csv,"Thanks to Bai Ganyo, dinner at Jirechek’s turned out to be quite lively. Coffee was brought to the parlor. Bai Ganyo, thanks to the tasty, and above all, filling, meal, wanted to treat his host to a hand-rolled cigarette, and his tobacco just happened to be in his disagi again. To tell the truth, his cigarette case was in his pocket, but he needed an excuse to check on his disagi; he couldn’t just leave the muskali like that among strangers. Anything is possible in this world."
06_bai_ganyo_at_jirecheks_bul.csv,"Bai Ganyo wouldn’t hear of his host’s refusal to smoke some of his tobacco: “No, no, my good friend! How can ya not light up when it’s Bulgarian tobacco?”"
06_bai_ganyo_at_jirecheks_bul.csv,"Bai Ganyo lit up and started slurping his coffee with gusto. Now that’s what I call slurping! Should you find yourself in such good spirits, able to spend whole hours at a time talking with a companion, sitting in a room where no one can overhear what you’re saying, much less understand it—under such propitious circumstances, could you restrain yourself from talking politics? It was too much for Bai Ganyo. He couldn’t resist; he poured out his heart. “Well now, Bai Jirechek, so tell me, Your Grace, are you a Liveral or a Conserve? I bet you’re a Conserve. And as for me, if you wanna know, I can’t understand either of ’em, but come on, let ’em do what they want. It’s all horse trading, y’know, it’s no joke. But, do you wanna know the truth? (No one’s eavesdropping are they?) Do you wanna know the truth? They’re all scoundrels on both sides! You just listen to me; don’t you worry! They’re all scoundrels, every last one of ’em! But what’re you gonna do? It’s no use beating your head against a wall. A little wheeling, a little dealing, I’ve got some lawsuits going—it’s impossible not to. If you’re not on their side, your goose is cooked. Even I feel like being elected a deputy or a mayor. There’s some gravy to be skimmed off of those things. People are making a bundle, y’know? That’s all well and good, but you’ve got to go along to get along. Otherwise, the devil himself couldn’t get you elected. That’s the way it is. I’ve been in the very thick of it, so I really know the ropes.” Jirechek could scarcely doubt that his guest knew “the ropes.”"
07_bai_ganyo_goes_visiting_bul.csv,"When Bai Ganyo was ﬁnally convinced that there was no chance of installing himself in Jirechek’s apartment, he picked up his disagi and, refusing to listen to the urging of his host to leave them until he found a place, set out, escorted by the servant, for Národny Kavárna—the café where Bulgarian students congregated. It was already seven o’clock when he entered the café with his disagi in his hands and his kalpak on his head. How could anyone not know who he was or where he was from? To the left of the entrance several Bulgarian students sat around a table."
07_bai_ganyo_goes_visiting_bul.csv,"One of them saw their compatriot enter and nudged the others. “A Bulgarian, a Bulgarian!” Everyone turned to look at exactly the moment Bai Ganyo stopped a waiter carrying a tray with cups of coffee and asked in a loud voice, trying as hard as he could to twist Bulgarian words into something comprehensible to a foreigner, “Where be Bulgar boys hereabouts?” accompanying the question with movements of his head and his free hand. A friendly burst of laughter from the left side put an end to the waiter’s mystiﬁcation. Bai Ganyo turned and recognized his own dark-eyed, dark-haired compatriots clustered together."
07_bai_ganyo_goes_visiting_bul.csv,"“Oh! Good day! So this is where you’ve been?” he cried out heartily, putting down his disagi and beginning to grasp the hands of the students. “What are you looking at me like that for? Don’t be afraid; I’m a Bulgarian. Come on and make room for me to sit down.”"
07_bai_ganyo_goes_visiting_bul.csv,"“What’s your name, sir?” inquired one of the students."
07_bai_ganyo_goes_visiting_bul.csv,“Me? Why do you ask? Ganyo Balkanski. I brought a little rose oil to your Prague. It’s here in my disagi.”
07_bai_ganyo_goes_visiting_bul.csv,"“Really?” exclaimed one of the younger students in patriotic ecstasy. “Come on, let’s see it.”"
07_bai_ganyo_goes_visiting_bul.csv,"He had, in fact, only heard about rose oil."
07_bai_ganyo_goes_visiting_bul.csv,"“What’s there to see? It’s just an oil like any other,” answered Bai Ganyo. “It’s got nothing to do with you. Forget about the oil, and tell me something. Where can I stay? I was just now at Bai Jirechek’s.”"
07_bai_ganyo_goes_visiting_bul.csv,“Really?” the ecstatic student exclaimed again.
07_bai_ganyo_goes_visiting_bul.csv,"“What do you mean, ‘really’? Why shouldn’t I go see him? I did. I was thinking that he’d show me some kindness, invite me to be his guest. But damn it all, ‘My apartment’s crowded,’ he says, and so on and so forth. He says he loves Bulgarians. Him? If there’s something for nothing in it, even your Bai Ganyo can love you. Is that how you treat a Bulgarian? A Bulgarian! To tell the truth, the fellow did feed me. But as for the food, never mind, forget it. Bulgarians are much more hospitable. Even if a Bulgarian has only one room, he’ll still invite you to stay.”"
07_bai_ganyo_goes_visiting_bul.csv,"Some of the students figured out where Bai Ganyo was going with all this, and they waited from one moment to the next for him to show his cards. Only the ecstatic student reacted sympathetically to his words and clearly shared his outrage at the lack of hospitality of foreigners."
07_bai_ganyo_goes_visiting_bul.csv,"“Really, we Bulgarians are very hospitable,” he affirmed with the greatest of certainty. “People here don’t want to give you the time of day. Here we have to hang out in cafés.”"
07_bai_ganyo_goes_visiting_bul.csv,"The student who uttered these words was quite advanced in terms of being civilized, but for some reason, he didn’t have a particularly good reputation among his comrades. Apparently, several sins lay upon his soul. Among other things, they said that he really liked to get something for nothing. No wonder. That cursed sin—stinginess—infects a young person in his home environment and takes root early in childhood; it shrivels his soul, turning him into the coldest of egotists. Nothing tender, nothing noble, is left in him. Material interest governs all the actions of a miser and defines his relationships with those around him; no moral incentive precedes and no repentance follows his actions, all of which are directed uncritically toward obtaining some kind of gain. Even when these actions lead to disaster or disgrace for someone else, even then, instead of remorse, the egotist and miser feels satisfaction, as ifothers’ losseswere his gain, others’ unhappiness his happiness. The only thing that could embarrass our young egotist would be someone’s outwitting him. While for other nations the word “sly” is a synonym for “crafty” and “perfidious,” and if applied to a person would lower him in the opinion of society, in our country we bestow the epithet “sly” as if it were the most honored decoration. “Wow! He turned out to be a sly fellow. What a chip off the old block. He put one over on all of us. We couldn’t fool him. Well done. Bravo!”"
07_bai_ganyo_goes_visiting_bul.csv,"No actions or relationships made sense for Bodkov—that was his name—unless they resulted in some unearned profit, something for nothing, what we call in Bulgarian kyoravo or kelepir. (Are there any expressions in the European languages that can express the true meaning of these words?) If he paid a visit to local families, he did it not out of sociability, nor out of a desire to become acquainted with the life of more civilized circles; the intellectual and moral interests of this society not merely were of no concern to him but were even a burden to him. They were like boring intervals, unbearable pauses, which stood between him and the goal of his visit: the windfall, be it some kind of meal or some outing at their expense. He couldn’t imagine relations with women without some ulterior motive. He kept a whole list of girls, of who had how big a dowry; nothing else interested him in that quarter. In the same way, self-interest deﬁned his relations toward his friends. Flattery, slander, intrigues, and betrayal were the tools of his trade. Even such things as national and tribal sympathies and antipathies served him only as a means of extracting personal benefit. More than once he had had his hand in the purses of different Slavic committees: now he’s a“refugee from Batak,” now he’s an“emigrant.” But then, in such matters Aslanov is the greater master."
07_bai_ganyo_goes_visiting_bul.csv,"Such was the ecstatic student who supported Bai Ganyo’s view regarding foreigners’ lack of hospitality. “Yes, we hang out here in cafés; no one invites us over,” he repeated, to please Bai Ganyo."
07_bai_ganyo_goes_visiting_bul.csv,"A student with a jaundiced air, smiling scornfully, spoke up. “But where do you want them to let you hang out?” It seems he had long harbored a dislike for this young egotist. “Do you want them to carry you around on their shoulders? Why should they? Is it because even before you’ve managed to cross their threshold, you’ll make a pass at the servant girl who meets you in the hallway? Is it because in their society you’re either as silent as a stump or you open your mouth only to jabber banalities and stupidities? Is it because to their faces you praise them to the skies but behind their backs you slander them? Is it because you pull the wool over their eyes and pass yourself off as the son of a millionaire industrialist or shipowner, when your father has two looms for making carpet fringe or two leaky boats, just so that you can charm the parents and sweep their daughter off her feet? Why should they accept you with open arms? Who are you? What are you to them? Just whose nose are you rubbing in your hospitality? And what is this vaunted hospitality of yours? Is it that a Bulgarian will lay out greasy bedding for you and then wrap you up in a dubious blanket? Oh, for God’s sake, lay off the wild boasting! Isn’t it time for us to open our eyes?”"
07_bai_ganyo_goes_visiting_bul.csv,"“What’s got you all hot and bothered?” asked one of the students. “Is now the time to pick a quarrel with him, when we have a guest?”"
07_bai_ganyo_goes_visiting_bul.csv,"“Let the man talk. After all, he’s not asking for money, is he?” Bai Ganyo soothed him with this typical argument: after all, he’s not asking for money. He can say whatever he wants, he can do whatever he wants, as long as he isn’t asking for money, as long as he isn’t digging into our pockets, going after our interests. He can even lie, as long as he isn’t asking for money."
07_bai_ganyo_goes_visiting_bul.csv,"But after this chance incident, a conversation among them could no longer be maintained. The company fell silent, and one by one they began to drift away. Finally, the only Bulgarians left were Bai Ganyo and the ecstatic student, who didn’t want to let slip this opportunity to extract some profit from his chance meeting with a Bulgarian merchant of rose oil. Birds of a feather flock together."
07_bai_ganyo_goes_visiting_bul.csv,"Not an hour had passed, and the student had been so successful in tearing down his friends in front of Bai Ganyo that Bai Ganyo was driven to exclaim with all his heart, “How awful! What sons of bitches!” One more hour and Bai Ganyo was already in the room of the student, who was able to exploit quite masterfully and for his own benefit the arrival of the guest, whom he recommended to his landlords as his fellow countryman, a millionaire, who “had loads of factories for rose oil.” He managed to borrow from the landlady—to whom he had not paid his rent for some time now—ten gold pieces. While in one room the student was singing the praises of Bai Ganyo’s riches, in the neighboring room Bai Ganyo had already taken off his padded jacket and was rooting around very carefully in it for something, mumbling under his breath, “Those damned lice have shown up again.” Bai Ganyo’s concept of hygiene was not very highly developed. “Is there anyone alive who doesn’t have lice?” say our old folks back home. And reassured by that adage, they don’t interfere too zealously with the proliferation of the little creatures. And why should they deny themselves a pleasure such as this: The sun is beaming down, and what’s the point of that sun if you can’t go out onto the veranda, stretch out on a straw mat, and sneeze two or three times from its dust? And then your granny comes out, and you lay your head on her knee, and she thrusts her bony fingers with their dirty nails into your hair, and just like cleaning rice, she starts in. Pop! from here, pop! from there, and then those little creatures really get scared and they start swarming all around your head, and it’s quite a pleasant tickling sensation, and then old granny starts up singing, and you’re basking in that beaming Balkan sun. How idyllic!"
07_bai_ganyo_goes_visiting_bul.csv,"After he had completed his entomological excavations, Bai Ganyo repaired his toilette and without knocking entered the neighboring room but immediately cried out, “Pardonne! ”—and with good reason: he had barged in on a pretty tender vis-à-vis between the student and the daughter of the proprietress. They were wrapped around each other as befits two young hearts in love. The girl, embarrassed, ran out into the next room."
07_bai_ganyo_goes_visiting_bul.csv,"“What did you come in like that for? You embarrassed the girl,” said the student with an ironic wink."
07_bai_ganyo_goes_visiting_bul.csv,"“You’ve hit the jackpot!” Bai Ganyo whispered conspiratorially, eyes aglitter, as if to a tomcat in a convent. “Nice looking, the devil take her. Is she a maid?”"
07_bai_ganyo_goes_visiting_bul.csv,"“What do you mean, ‘a maid’? She’s the landlady’s daughter.”"
07_bai_ganyo_goes_visiting_bul.csv,"“Is that so? You can’t figure out who’s a maid and who’s a mistress here; they’re all so shiny, all dressed in clean clothes. One will plant herself in front of you, simper at you sweet as pie; you think she’s a maid, you catch hold of her, and you’ve gotten yourself in trouble; another one turns up, pretty, modest; you think, huh, this must be the lady of the house; you stand up, invite her to sit down; she gets embarrassed—why sure—you talk to her about politics, and then you see that she’s cleaning your boots.”"
07_bai_ganyo_goes_visiting_bul.csv,"From the student’s stories, accompanied by a variety of gestures with which he embellished and gave more emphasis and significance to his words, Bai Ganyo discovered that the young man had been, for several months, under the guise of pure love, laying siege to the daughter of his widowed landlady with an irresistible doggedness."
07_bai_ganyo_goes_visiting_bul.csv,"“And she, the silly fool,” explained the student, “is hoping that I’ll marry her. Let her go on hoping, and let her feed me well; let her mend my shirts. If she were some rich girl, I could understand why a man would take her, but she’s a pauper like me. She’s hanging around me because she thinks I’ve got money to burn. If she knew what I was, do you think she’d be lusting after me? The local girls are awful con artists. But, of course, I know how to handle them!” And he explained at great length and in great detail how he handled them."
07_bai_ganyo_goes_visiting_bul.csv,"“Good for you!” exclaimed Bai Ganyo with gleaming eyes, delighted by his young companion."
07_bai_ganyo_goes_visiting_bul.csv,"“But wait a minute. That’s not all. If that were all there was to it, it wouldn’t be worth anything. There’s another girl, too, and I’ve got my eye on her, but who knows? Now, if I could turn her head, there’d really be something in it for me. She’s rich. I’m invited to be their guest tomorrow. They’re taking me on an outing to some village.”"
07_bai_ganyo_goes_visiting_bul.csv,“So when will you take me to the factories?” asked the ever-practical Bai Ganyo.
07_bai_ganyo_goes_visiting_bul.csv,"“No problem; the next day. Tomorrow, you stay here, hang out with them. As soon as they see that you don’t know the language, they won’t let you go to a hotel; they’ll invite you to stay, and you’ll eat your fill for free.”"
07_bai_ganyo_goes_visiting_bul.csv,"And in fact, the next day early in the morning, the student went visiting, and Bai Ganyo was left alone in the apartment with the proprietors. As was his habit, he got up very early that day. He woke up and saw his friend off and waited another hour until the ladies of the house woke up. This waiting was very hard for him. He kept feeling that certain pressing need, just like anyone else, but he had forgotten to ask the student where that place was. And like it or not, he had to wait for the members of the household to get up—no matter how awkward it was—before he could ask them. It’s very bad when a person abroad doesn’t know the language; they can’t understand you even regarding the most basic things. You have to explain to them using your hands, point with your fingers. And it’s not like everything can be acted out. Bai Ganyo knew several languages. He could speak Turkish like a real Turk; he understood Romanian; he had a smattering of Serbian and Russian, but the Germans and the Czechs didn’t understand a single one of these languages. You couldn’t say that Bai Ganyo didn’t know any German at all; he did know a word or two."
07_bai_ganyo_goes_visiting_bul.csv,"In the neighboring room the family members had gotten up and were moving about. Bai Ganyo took a peek through the keyhole, not out of some inappropriate curiosity but simply to see whether they were dressed yet, and then carefully, holding his breath as he familiarized himself with their toilette, he mentally composed aphrase in German that would correspond to our “Where is the you-know-what for number two?” and ﬁnally cobbled together as a translation the phrase “Wo ist diese für gross Arbeit?” Knock! knock! knock!"
07_bai_ganyo_goes_visiting_bul.csv,"“Enter, please!” answered two female voices from the neighboring room."
07_bai_ganyo_goes_visiting_bul.csv,"Bai Ganyo opened the door, uttered a single “pardonne,” and rather shyly got out in German, “Where is for big job?” and he waggled his fingers about to emphasize the question."
07_bai_ganyo_goes_visiting_bul.csv,"“What, sir?” the bewildered girl asked in Czech, as she tried to see through the outward appearance of the man presented to her by her lover as a millionaire."
07_bai_ganyo_goes_visiting_bul.csv,"“For a big job,” the even more embarrassed Bai Ganyo repeated in German, and again he motioned with his fingers and head but could see that they didn’t understand him."
07_bai_ganyo_goes_visiting_bul.csv,"They understood him all right, but not the way he needed; the women thought that he was informing them that he had come to complete a big job, a major sale of rose oil."
07_bai_ganyo_goes_visiting_bul.csv,"“The devil take it!” Bai Ganyo thought to himself. “What do I do now?” And so that at least the daughter wouldn’t be a witness to his difficult position, he motioned with his hand for the mother to come into his room. He shut the door and then repeated his question again in German, this time supplementing it with a desperate pantomime that forced the woman to make her escape into the next room, choking with suppressed laughter. The maid appeared and relieved Bai Ganyo’s curiosity. An uninterrupted trio of female laughter shook the walls."
07_bai_ganyo_goes_visiting_bul.csv,"The aroma emanating from the open doors of the kitchen into the hallway whetted Bai Ganyo’s appetite, and out of curiosity he went to see what they were preparing. The landlady and the maid were in there."
07_bai_ganyo_goes_visiting_bul.csv,"“Was ist das?” Bai Ganyo asked in a condescending tone not so much out of a desire to familiarize himself with the culinary arts of the Czechs as to show that he’d been around Europe and knew about such things, and that he knew German to boot. “Is that soup? Are you preparing soup? I know. Ich fersten supa! ”"
07_bai_ganyo_goes_visiting_bul.csv,"And Bai Ganyo, with a mixture of German, Bulgarian, and fractured Bulgarian, assisted by impressive gesticulations, gave the lady of the house to understand that he wouldn’t refuse a sampling of their cuisine. When he saw that the women were more inclined to express themselves in Czech, Bai Ganyo also switched to “Czech” and reinforced his condescending request with the words “I wants let’s eat” while translating these words by repeatedly touching his ﬁngers to his open mouth, and finally, showing three fingers, he poked his chest with his index finger, poked the same finger at the chest of the proprietress, and then pointed it into space, as if indicating the invisible daughter of the proprietress; in other words,“Let’s all eat together, the three of us!” It was also important for Bai Ganyo to know what time dinner would be, since he was planning to take a stroll and didn’t want miss the meal and wind up “throwing money away on food when it could be had for nothing, a free lunch,” and so he pulled out his huge pocket watch and holding it under the nose of the lady of the house made her point with her finger at the hands in order to show him when they would “let’s eat.” As soon as he was persuaded that everything was in good order, Bai Ganyo went into his room, stuffed the muskali into his sash, and went out onto the street, both to take a stroll and maybe to come upon a customer for his rose oil."
07_bai_ganyo_goes_visiting_bul.csv,"Bai Ganyo looked about. There were streets intersecting each other all over the place; one could get them mixed up and get lost. Being a practical person, he took a look around to find some landmark by which he could recognize the house. On a rear wall that was across from him, he saw a sign with big letters; he took out his notebook, and wetting the tip of his pencil with spit, he wrote down an exact copy of the sign, and absolutely sure that he had in his hands the exact address of his apartment, he embarked along the narrow streets of Old Prague. Hmm, let’s have a look at this; hmm, let’s have a look at that; hmm, here’s a customer; hmm, there’s a customer. He was completely carried away. And not only did he get carried away, but he got lost as well. So now what? The harder he tried to retrace his steps, the more entangled he became in the streets of the Jewish quarter; first an hour passed, then two; he dead-ended at some house. No way out there. He set off in another direction, walked and walked, and found himself on the banks of the Vltava River. “What the devil, what now?” To make things worse, dinnertime came and went. Our Bai Ganyo really got down to business now; he walked for all he was worth, drenched in sweat, out of breath. This simply wouldn’t do! The people he met, especially the police, regarded him suspiciously; this flustered him even more. “What the devil do I do now?” Moreover, he was hungry, his stomach was in revolt, but why the hell should he throw money to the wind when he was invited to dinner?"
07_bai_ganyo_goes_visiting_bul.csv,"But, you will ask, why is Bai Ganyo wandering the streets when the address is in his pocket? Eh, that’s just the problem. You don’t really think that Bai Ganyo is a dope, do you, that he didn’t remember to pull out his notebook, stop one person after another on the street, and, showing them the address written down there, ask each one with his ﬁngers, “Where?” He knows about these things. He stopped both men and women, but no matter whom he stopped and asked, it was the strangest thing. As soon as he showed them what was written, they would either look at him in amazement and burst into laughter, or they would turn away from him in disgust. One lady, probably some hysterical old spinster, as soon as he showed her the address, lit into him so that even Bai Ganyo lost heart. “The devil take it, either I’m nuts or all Prague has gone crazy,” he thought to himself, and he couldn’t stop wondering about the effect produced by the address he had written down. He thought and he thought. He looked all around, and suddenly, as luck would have it, coming up before him he saw Národny Kavárna, the café where the Bulgarian students hung out. Bai Ganyo went inside and found the splenetic student."
07_bai_ganyo_goes_visiting_bul.csv,"“Good day! C’mon and tell me, Your Grace, am I crazy or are the people here crazy?” asked Bai Ganyo out of breath, with wet hair plastered to his forehead."
07_bai_ganyo_goes_visiting_bul.csv,"The student looked at him quizzically, and Bai Ganyo told him how he had lost his way, how he had asked for his house by the address, and the answers he had received."
07_bai_ganyo_goes_visiting_bul.csv,"Knowing that the Czechs were rude and fanatical only when it came to Germans and were otherwise fairly polite, the student couldn’t understand how it was that they didn’t help Bai Ganyo."
07_bai_ganyo_goes_visiting_bul.csv,"“Here, please read what it says here!” Bai Ganyo proffered his notebook."
07_bai_ganyo_goes_visiting_bul.csv,"The student read it. At first he frowned, and then he simply exploded with laughter."
07_bai_ganyo_goes_visiting_bul.csv,“Did you show this address to any lady?” he asked through his laughter.
07_bai_ganyo_goes_visiting_bul.csv,"“Why? Sure, I showed it. What of it?”"
07_bai_ganyo_goes_visiting_bul.csv,“What of it? Do you know what’s written here?”
07_bai_ganyo_goes_visiting_bul.csv,“What?”
07_bai_ganyo_goes_visiting_bul.csv,“It says: ‘Zde zapovědeno . . . Here it is forbidden to . . .‘ You must have copied this off of some wall.”
07_bai_ganyo_goes_visiting_bul.csv,"“I don’t believe it! Lookit. Tsk tsk tsk! Are you telling me the truth? Imagine that,” said Bai Ganyo, clucking his tongue, and even he began to laugh."
07_bai_ganyo_goes_visiting_bul.csv,"The student didn’t know where Bodkov’s apartment was—they didn’t visit each other—and so he advised Bai Ganyo to wait for a bit, as some Bulgarian would come along who could show him the house. It’s easy enough to say “wait a little,” but let’s see, was Bai Ganyo’s stomach of the same opinion? It was not only not of the same opinion but demonstrated this overtly with continual rumbling."
07_bai_ganyo_goes_visiting_bul.csv,"“You aren’t hungry, are you?” the student asked him when he heard these signs of revolution."
07_bai_ganyo_goes_visiting_bul.csv,"“Who me? Not in the least!” Bai Ganyo prevaricated, because if he were to tell the truth, this guy would show him to the hotel, and it would simply not do for him to admit (“After all, how could I tell such a pigheaded kid!”) that a free lunch was waiting for him at the landlady’s."
07_bai_ganyo_goes_visiting_bul.csv,"Bai Ganyo and the “pigheaded kid” just couldn’t strike up a conversation. From their very first meeting they had somehow instinctively known that they wouldn’t get along, because according to the Bulgarian proverb (eh, and what exquisite proverbs Bulgarian genius has created), mangy donkeys can smell each other from across nine hills. The one came from Bulgaria; the other had been living in Europe. Surely there ought to be something for them to talk about, since after all there must be some sort of difference between the West and our homeland. Bai Ganyo, however, didn’t perceive this difference, and how could he? Wherever he goes, he brings with him his own atmosphere, his own manners and customs; he looks for lodging according to his own tastes, he meets with his own kind of people, those he’s accustomed to and in whom, of course, he sees nothing new. If he goes to Vienna, he’ll stay at the Hotel London. It’s just as stuffy there, it has the same smells of cooking and hydrogen sulfide, as at home; he meets with the same Turks, Greeks, Armenians, Serbs, and Albanians that he’s used to meeting every day; he won’t go to the Café Hapsburg, since he’s afraid that they’ll fleece him. Instead, he’ll go to the Greek coffeehouse, where it’s just as dirty and stuffy from eternal smoke as in our own coffeehouses. If he’s traveling on business, he’ll go to Bulgarian merchants, and because they are his intermediaries, he doesn’t even realize that he’s coming into contact with Europeans. And that it is precisely outside of this circumscribed sphere that European life begins is something he neither knows nor even cares to know. The upbringing, the moral world of the European, his domestic situation, the fruits of centuries of tradition and the gradual refinement of intellectual movements, social struggles, and manners and customs, the museums, the libraries, the philanthropic institutions, the fine arts, the thousands of displays of progress do not burden Bai Ganyo’s attention."
07_bai_ganyo_goes_visiting_bul.csv,"“It’s not as if my father was always listening to opera,” says Bai Ganyo, and bewitched by this principle of fossilization and ultraconservatism, he isn’t terribly impressed by the “new fashion,” that is, by civilization. But for all that, Bai Ganyo doesn’t have the fortitude of the Chinese, who surrounded themselves with a wall against the forces of civilization, and although he is inspired by the principle “My father didn’t do it and I won’t do it,” before you know it, he has put on a clean shirt and donned gloves, and when they force him, he even wears a frock coat; he’s angry, he laughs, but he wears a frock coat. You can hear him say “pardonne,” talk about the “costentution,” boast wherever he goes that he loves “soup,” when in fact he’d prefer a spicy chorba over any European specialty."
07_bai_ganyo_goes_visiting_bul.csv,"“Here comes a young Bulgarian. He knows where Bodkov’s apartment is,” announced the “pigheaded kid.”"
07_bai_ganyo_goes_visiting_bul.csv,"“Come on, take me home.” Bai Ganyo addressed the Bulgarian, in a tone that shouldn’t even be used with lazy servants; but the words “politeness” and “courtesy” in Bulgarian are newly stolen from the Russian language, “tact” has been borrowed from the French, and the closest thing we have to a term for such concepts is the word “fawning.” Those gentle, tender, cordial forms of address that characterize relations between civilized people and make life more kind and more pleasant are incomprehensible to Bai Ganyo; he says, as the Lord intended, “Hey there, you, listen here, take me home.” And why should he say something like “Please, be good enough to, be so kind as to”—what kind of fawning behavior is that?"
07_bai_ganyo_goes_visiting_bul.csv,"The Bulgarian youth took Bai Ganyo to the entrance of his building and left. Bai Ganyo looked at the unfortunate sign on the opposite wall, shook his head at it menacingly, clucked his tongue, and entered the house. He didn’t run into anyone in the hallway. He poked his head into the kitchen: the fire had already been put out, the dishes washed and put away. “Pfui, what a shame, I missed a free lunch,” grumbled Bai Ganyo as he went back to his room, crouched over his disagi, pulled the muskali out of his sash, thrust them inside the disagi, pulled out a greasy piece of hard cheese, cut himself a chunk of dry bread, and began to put down the revolution, all the while chomping away so voraciously that even the most indolent Swiss cow would have envied him. In order to stimulate his salivary glands, which were exhausted from fruitless labor, he sent down his esophagus one thoroughly chewed hot chili pepper, which brought tears to his eyes, and loud sniffles joined in with the smacking sounds. The maid, who was doing her housework in the neighboring room, when she heard the strange sounds accompanying Bai Ganyo’s snack, opened the door and popped into the room. Embarrassed, Bai Ganyo hid his disagi behind his back, turned his tear-streaked and sweat-soaked face aside, said “Pardonne! ” and snorted energetically, and dismissed the maid. That is to say, he didn’t tell her to leave, but she hurried away, since she thought that the millionaire must have received some sad news."
07_bai_ganyo_goes_visiting_bul.csv,"Bodkov didn’t return that evening. Toward nightfall, the ladies returned home; once again, the fire was lit in the kitchen, and they began to prepare supper. Bai Ganyo already felt at home. “After all, what’s the point of standing on ceremony with women,” he thought, and without any warning, he entered the kitchen and related more with gestures than with words that he had gotten lost in the streets and missed dinner, but nonetheless, they still owed him a dinner and he should be compensated with a supper. Bai Ganyo was a devotee of the culinary arts, and not only was he an expert but any malpractice in that craft upset him. He saw, for example, that the landlady was preparing to place a fresh fish in boiling water, and he reared up with all his might, grabbed the landlady’s hand, and with his other hand pulled the fish out and made a sign with his hand and head by which he meant to say, “Stop, don’t make a move, just watch how fish is prepared!” “Salt!” commanded Bai Ganyo. They gave him the salt, he rolled his sleeves up to his elbows, exposing his hairy arms, thrust his far from delicate fingers into the salt cellar, and began to massage salt thoroughly into the (already salted) fish, both inside and out.“Red pepper!” As if these silly fools would have red pepper! “Black pepper!” commanded Bai Ganyo. He grabbed the pepper and rubbed it over the fish. “Grill!” proclaimed the triumphant chef, but at this point they couldn’t understand him, for all his gestures. Why, even he himself had a look around and couldn’t spot a grill; but was this going to stop Bai Ganyo? He’s an old hand at it. Taking up a pair of tongs, he raked all the coals to the opening of the stove, left the other dishes to rest (it was a good thing that they were already done), spread the tongs apart, placed the fish between them, and tried to put it into the stove, but the doors were too narrow; the fish got caught, slipped out, and plop! onto the coals. “Oh no!” cried out the landlady. “Never mind, it’s nothing!” Bai Ganyo calmed her, grabbed the fish, blew off the ashes and embers that were stuck to it, and put it back to grill. Smoke and the smell of fish filled the entire kitchen. The proprietors were in despair. Bai Ganyo was beaming. He was in his element. He was both grilling the fish—inhaling, sniffing, inspired by the appetizing smoke—and issuing commands with his free hand, which was filthy—as a result of the fish’s somersault—that the table be set, so that his dish would not get cold. “If fresh fish isn’t hot, you have to throw it out!” The baked fish, with its head and tail coated in ashes, was placed on a plate under Bai Ganyo’s magnanimous supervision. “Quickly! Quickly! While it’s still hot, give me some lemon and wine; without wine it’s not worth a plugged nickel.” They all sat down around the table, while they sent the maid running out for some lemon and wine. What else could they do? The millionaire wasn’t going to change his habits to suit them, after all! The landlady reached out to cut the fish. “Please, please, please! Don’t!” yelled Bai Ganyo and grabbed her hand, then turned the fish on its back, pressed down on it here and there with two of his fingers, and it split into two halves. Eh, how could you not celebrate! The maid brought lemon; Bai Ganyo cut it, took one half in the cup of his hand, and squeezed it over the plate with such diligence that even the pulp of the lemon fell on the fish. So what do you think; did Bai Ganyo have an appetite? It was a close call as to whether there was as much lemon juice on the plate as there was saliva in Bai Ganyo’s mouth. They brought the wine, too. The supper commenced."
07_bai_ganyo_goes_visiting_bul.csv,"The Aesculapiuses recommend Carlsbad, and I don’t know what other “-bad,” for those suffering from digestive disorders. Let them take those patients by the ear and set them down at the table in front of Bai Ganyo, and even if their stomachs are in worse shape than the streets of Uchbunar, you’ll see what effect this spectacle has on them! Bai Ganyo ate, Lord I’m not kidding. The way he ate, even his ears were flapping. Every organ in his body was in motion, but his teeth, tongue, and nose were in first place. This is when a fellow realizes the lack of color and the poverty of language. With what words, with what interjections, with what punctuation marks, or even with what musical notes is it possible to describe the chomping, the grunting, the snorting, smacking, tongue clucking, and sucking that came raining down like hail out of Bai Ganyo? What lucky hostesses! It’s not every Czech housewife who has the good fortune to take pleasure in such a sight."
07_bai_ganyo_goes_visiting_bul.csv,"They ﬁnally ate their fill. They moved to the parlor. Bai Ganyo, as red as a lobster, was alternately twirling his mustache and burping into his cupped hand, then mumbling “pardonne.” They settled themselves into chairs. Bai Ganyo rolled himself a cigarette, smeared with grease from his ﬁngers, and began to draw on it and blow clouds of smoke through his mustache. Wouldn’t this be the most appropriate time for a treat? For some music, for songs, for love? The young lady guessed the mood of the millionaire and asked him whether he liked music. Who? Bai Ganyo? Well now, if Bai Ganyo doesn’t love music, who does? Who else could inspire such respect in the Gypsies, that is to say, the musicians, as Bai Ganyo? All he has to do is wink at them, and then just you watch what happens. They’re on fire. Let that fiddle twang! Let that clarinet squeal:"
07_bai_ganyo_goes_visiting_bul.csv,"Your body’s like a slender tree,"
07_bai_ganyo_goes_visiting_bul.csv,A sharpened stake that pierces me.
07_bai_ganyo_goes_visiting_bul.csv,Your sweet skirt’s hem is my desire
07_bai_ganyo_goes_visiting_bul.csv,It has my insides all on fire!
07_bai_ganyo_goes_visiting_bul.csv,"“Shut up now, you Chingene! I don’t want any love songs. Play me some drinking songs!” exclaims Bai Ganyo and raps on the table with his glass. They start to play “Car-carnation,” but Bai Ganyo raps his glass. They stop. They begin “We don’t want riches”—again he raps his glass. They switch to “Green Leaves.” “Aaah, that’s more like it. Hey, hey, c’mon, let’s have some fun, c’mon,” and crash! the bottle smashes on the floor or through the window. So, who is the master of such things? And did they happen only once, or even twice? Well now, how were these women supposed to know what kind of man your Bai Ganyo was? Even if you explain to them just how much glass you’ve broken to music, they can’t understand you!"
07_bai_ganyo_goes_visiting_bul.csv,"“I love music!” Bai Ganyo announced patronizingly. “I love music!” he repeated and shook his head, which in his opinion expressed the sad necessity of listening, for the sake of women, to the pitiful jangling of a piano. “What do you understand about playing, about good times?” Bai Ganyo thought to himself."
07_bai_ganyo_goes_visiting_bul.csv,"The young girl opened the piano and began to play some of those endless songs from The Bartered Bride, by Smetana. From her ﬁngers poured forth the sounds that transport every Czech soul into ecstasy. Her mother, who was undoubtedly hearing these songs for the thousand and first time, was basking in bliss, and her gaze, which was turned toward Bai Ganyo, sparkled with national pride and self-satisfaction; she moved her head in time to the tempo of the piece, now adagio, now allegro, as if marking the grace notes with her nose. From time to time she’d give Bai Ganyo a sign with her eyes, alerting him to the approach of some favorite moment in the song, but the millionaire answered with his eyes, “Take care, Your Grace, don’t look at me; I’ve heard my fair share of these things!” And in order to turn his signals into deeds, he rose from his chair at precisely that moment when his hostess was expecting to enjoy the effect that Smetana would have on Bai Ganyo and quickly, with a plan in mind, went into his room, took the muskal open for sampling from his disagi, and returned to the parlor. He winked at the mother, thinking, “Look who is going to make an impression,” tiptoed up to the young girl engrossed in the music, and—what a devil that Bai Ganyo is!—uncapped the muskal of rose oil and very slowly slipped it under the young girl’s nose. As soon as she caught the scent of Bai Ganyo’s sweaty hand, stinking of fish, she turned away in revulsion, and distracted by the music, she at first frowned at him but then instantly realized that before her was standing the millionaire, and so she simpered, and he asked her, “Which is better, your Smetana or what you’re smelling, eh?” and he tucked the muskal into his sash. The girl stopped her playing. Bai Ganyo began. (What’s that, you say? I couldn’t understand you.) He started to play carelessly, with one finger, without sitting down. “Just enough to get them to understand that we also know thing or two about this kinda crap.” An accordion had fallen into the hands of one of Bai Ganyo’s relatives, and every once in a while, when he found himself in the mood, Bai Ganyo would pound his fingers on it trying to bang out some song. Now he began a startling pizzicato, which in his opinion corresponded to the song “Granny’s favorite, sla-slanin-kaa, slaninka, kidnapped-oh-my-pet-slaninka,” which was “Slaninka” lifted in its entirety from the Czech song “Slaninka.”"
07_bai_ganyo_goes_visiting_bul.csv,"“The gentleman is playing ‘Slaninka,’ Mommy!” the young girl said, coming out with her discovery."
07_bai_ganyo_goes_visiting_bul.csv,“‘Slaninka’ it is indeed!”answered Bai Ganyo. “Where do you know it from?”
07_bai_ganyo_goes_visiting_bul.csv,"Delighted with his success, Bai Ganyo sat down at the piano in order to play, now with some justification, something more serious. And what could be more serious than “Terrible Is the Night”? Bai Ganyo began to play but stopped, dissatisfied with his performance. And with good reason! “Terrible Is the Night” was not composed for the piano; the sounds get cut short. Hit a key on “Terrr-” and the sound doesn’t last. The accordion is a completely different matter! As soon as you push your finger down on “ ... ble ...”—squeeze, by God, let it drone for half an hour, squeeze, let it throb in waves as long as your heart desires! But with a piano—tinkle, tinkle, nothing. Nothing! Bai Ganyo saw that the effect of “Slaninka” was weakening—he thought and thought, then decided, “Well, just wait until I start singing ‘Terrible Is the Night’ to those petticoats!” He stopped and grew thoughtful; he wanted to get in a sorrowful mood, in keeping with the spirit of the sad song, so he sighed once very deeply, and placed his right hand over his ear. His eyes grew drowsy, and how he gaped!"
07_bai_ganyo_goes_visiting_bul.csv,"Grandissimo maestro Verdi! You don’t have, you can’t have, enemies! But if, God forbid, such a monster were to appear, he would be Satan himself. God is great, Esimio Maestro, and all the arrows of the Evil Spirit are powerless against you! One means alone, just one, can the Tempter use and . . . and the entire musical world will be covered in mourning. We will pray, you pray, too, Divin Maestro, to the Almighty Creator, lest Satan be allowed to lead you into the salon where Bai Ganyo is singing “Terrible Is the Night.” And when your delicate hearing has been touched by these wild, inhuman sounds, which you can’t understand, the Evil Spirit will reveal to you the horrible truth with his satanic laugh: Ha ha ha! Verdi! This is a song from your divine La Traviata! Ha ha ha ha-a!!"
07_bai_ganyo_goes_visiting_bul.csv,"“It’s late now, gentlemen,” said shy Ilcho, as he looked at his watch. “Midnight! Come on, let’s go home; God willing there’ll be another time for us to tell some stories about Bai Ganyo.”"
07_bai_ganyo_goes_visiting_bul.csv,"“Hey, Ilcho, tell me now, why do you detest Bulgarian songs so much?” asked Dravichka as they left. “Who, me? You think I detest them? I’m sorry, my dear friend, that you misunderstood me. I’m capable of taking delight, of losing myself, of being transported into ecstasy by our beautiful, melancholy folk songs, by true Bulgarian songs, and not by those disgusting parodies of foreign popular songs that the Bai Ganyos of this world pass off on us distorted beyond recognition by those Gypsy grace notes and vocal contortions of drunken trills and embellishments . . We have songs, but we don’t have singers. I’m ready to embrace my enemy if he sings to me, as it should be sung, the song ‘O Bogdan, May God Strike You Dead’ or ‘Hey, Vela, My Girl, Roll Up Your White Sleeves’ and to look askance at my friend when I see that he’s taking delight in ‘Green Leaves,’ ‘Little Carnation,’ and other such Gypsy treats.”"
08_bai_ganyo_in_switzerland_bul.csv,"”So, what about you, Dravichka; why are so quiet? Don’t you know anything about Bai Ganyo?” one of our company asked our merry friend Dravichka."
08_bai_ganyo_in_switzerland_bul.csv,"“Sure I do, pal; I know lots of things, but how can I tell them?” answered Dravichka with false modesty."
08_bai_ganyo_in_switzerland_bul.csv,"“What do you mean, ‘how can I tell them’? If only I had your way with words!”"
08_bai_ganyo_in_switzerland_bul.csv,"“Well, all right, listen.”"
08_bai_ganyo_in_switzerland_bul.csv,"One summer I was taking a stroll in Genlaus, you know the place, in Switzerland. I had gotten myself a room in a hotel and had gone out to walk around the city. The city is beautiful; the surroundings are picturesque and magnificent. I’m just walking about, no particular place in mind, staring left and right, wandering from street to street, and I come out onto the square where the opera theater is. Right across from me I see an elegant café. Wait a minute, I say to myself, why don’t I stop in and take a break. To the right of the entrance I see a glass partition with a clear view of the square, and I go inside both to drink a coffee and to watch the passersby. And what do I stumble upon in there? Three entire tables occupied by Bulgarian students! Now just try to tell me that Bulgarians don’t have a taste for luxury. In such a beautiful city, in the prettiest part of town, in the most elegant café, they have taken the best seats. Noise, smoke, matches and smoldering cigarettes on the floor; clatter, shouts, quarrels . . . Here they’re playing backgammon, there preference, across the way twenty-one. And from all sides I hear, “Six and a five! Hearts! Hand over the money! Four and a one! Quit looking at my cards! Garçon! Hit me! Double fives! Liar, you don’t have double fives! Thirty-one! Spades! Garçon! You don’t know anything about preference! I don’t take advice from socialists! Double twos! And I don’t want advice from the bourgeoisie! Trump! Bastard! Garçon! Proud of your medals now, are you? Clubs! So are you with those Russian Chifuti, then? Gentlemen, here comes the ‘sucker’! Garçon! A beer! Hey, lend me one more franc! You’re a deadbeat! Get a loan from the waiter! Double fours!”"
08_bai_ganyo_in_switzerland_bul.csv,"The personage who had been branded with the less-than-affectionate epithet “sucker” entered the café and greeted the students, who met him, as they say, with open arms, and he couldn’t decide which group to join, since each table was trying to lure him in. Such fondness for a sucker seemed to me, at first, inexplicable, but it wasn’t long before my perplexity was dispelled by the words that traveled from table to table at that person’s expense. Then I realized that the sucker was the son of a landowner from Argentina, in South America, a rich young man. His father was apparently sending him ﬁve hundred francs a month, half of which, with the help of twenty-one, was being regularly distributed into the pockets of our “young scholars.” And because he good-naturedly let himself be fleeced—since it gave him the pleasure of observing the curious (to him) greed with which our boys tried to coax his pocket money from him—he had been awarded the title of “sucker.”"
08_bai_ganyo_in_switzerland_bul.csv,"No matter what hour of the day I visited that café, starting from nine in the morning until late in the evening, I always found the same faces at the same pursuits: backgammon, preference, twenty-one. When these youths did their reading, by what means they acquired European culture remained a mystery to me. The one thing that was clear was that almost none of them spoke French even passably well. As soon as one of them so much as opened his mouth in that language, the crudeness of his intonation, his diction, and the construction of his sentences gave him away as Oriental."
08_bai_ganyo_in_switzerland_bul.csv,"After another day or so, the group was joined by several bitter, nihilistic young Jews who snarled at the capitalist tyrant from the dark corners of the taverns. I don’t understand the sympathy for these dark heroes, who were capable of being simultaneously nihilists and agents for the secret police, at the same time anarchists and the lowest sort of abusers of social funds, libraries, and other institutions. Instead of making friends with the French, the Germans, and the English, always exemplary models both in their diversions and their studies, instead of being imbued with their spirit of decency, work ethic, honesty, and chivalry, these boys of ours found their ideal either among the Jews, the Greeks, or some Armenians, who exploited their resources and energies in the most despicable manner, drawing them into the suffocating atmosphere of their malevolent, crude, and sterile verbiage. Later, I discovered that there were other young Bulgarians in that city who didn’t visit that café and who dedicated themselves most seriously to their studies."
08_bai_ganyo_in_switzerland_bul.csv,"One day, at the peak of a heated game of twenty-one, when the Argentinean had lost about one hundred francs, a person with a kalpak cocked on his head, a walking stick under his arm, and disagi in his hand entered the café."
08_bai_ganyo_in_switzerland_bul.csv,“Oho! Bai Ganyo! Welcome!” cried out the entire group.
08_bai_ganyo_in_switzerland_bul.csv,"“Good to be here. How are you?” answered the newcomer, who, benevolently refusing polite offers to make room for him at their tables, came and sat at mine, overturning my cup of coffee as he sat down. A natural bully."
08_bai_ganyo_in_switzerland_bul.csv,“Pardonne! ”
08_bai_ganyo_in_switzerland_bul.csv,"“Never mind; don’t worry about it,” I hurried to say, although I observed he didn’t appear overly worried."
08_bai_ganyo_in_switzerland_bul.csv,"“Aha! Are you a Bulgarian? Eh, in that case, good day. I’m Ganyo Balkanski. Where might Your Grace be from?”"
08_bai_ganyo_in_switzerland_bul.csv,I told him. We got acquainted.
08_bai_ganyo_in_switzerland_bul.csv,"“I’m going around the world with this damned rose oil,” Bai Ganyo announced to me in a discouraged voice."
08_bai_ganyo_in_switzerland_bul.csv,"“What, isn’t business going well?”"
08_bai_ganyo_in_switzerland_bul.csv,"“Eh, to tell you the truth, sir, it isn’t.”"
08_bai_ganyo_in_switzerland_bul.csv,“Why not?”
08_bai_ganyo_in_switzerland_bul.csv,"“Why not? We’ve outsmarted ourselves. There was a time when if you said Bulgarian rose oil, they’d fly like bees to honey, but now, damn it all! You go into some soap maker’s shop and as soon as you open your mouth and say you’re Bulgarian, the moment you say ‘bondjour,’ he asks right away, ‘essence de rose?’ and even while he’s asking he’s smirking. Now, who cares about the smirking as long as you can make a deal, but they don’t want to! ‘Give me a gram as a sample,’ he says. He’s toying with you! How can you give him a gram? If you pour out one gram, you’ll spill two.‘But my friend,’I tell him,‘ this rose oil isn’t the kind you think. This is pure essence.’‘Eh,’ he says, ‘you all say that; you all sing the same song.’ He says it just like that, right to your face. He doesn’t even want to get to know you. It’s all that geranium oil, damn it to hell! The Anatolian mafia has chewed us up and spit us out! And you see, pal, it’s not just one or two of them. They came swarming through Europe in hordes: Anatolians, Armenians, Turks, Greeks, and they lie, they cheat people, and they’ve burned someone here, put the touch on someone there, and people are sick of them. If you smell of roses, they run for cover.”"
08_bai_ganyo_in_switzerland_bul.csv,"The innocent Orient appeared before me with all its charms. To complete the picture, on all the tables around us backgammon pieces clattered, cards were slapped down—noise and smoke to high heaven!"
08_bai_ganyo_in_switzerland_bul.csv,"“I’m very pleased with our boys,” Bai Ganyo told me, watching the game players. “Good for them! Some of them are so bold they give the professors down payments. Take, for example, let’s say, that guy there, the older one; see him? The one playing blackjack. Do you know, he has three medals! For the Serbian war, for merit, and for I don’t know what else. He was an examining magistrate; he knows the law by heart. So why did he need to study further? Well of course—he has money to burn. He got here only three months ago, but if you could hear him—he speaks French like nobody’s business. His mind is so sharp (knock on wood). He should’ve been a doctor by now, but people here are stubborn. The rector, he says, won’t let him. It’s not possible, he told him, to earn a doctorate in three months. Well, how can it not be possible when the lad knows everything? Stand him up right now, he’ll tell you all the laws; he has them down pat. The rector told him, he says, you can’t read it all in three months, he says, so how can you learn it? Bold as brass, he says, ‘Nope, I’ll be a doctor in three months.’ That guy says, ‘Nope, can’t be done.’ ‘Can’t?’ ‘Can’t!’ So then one day our fellow flies off the handle, shoots his mouth off, and mops the floor with them. It’s true; go ask him if you like.” I took Bai Ganyo’s word for it and didn’t go ask the holder of the three medals."
08_bai_ganyo_in_switzerland_bul.csv,"He continued: “And do you know how that business ended up? It wasn’t enough that the rector dug in his heels and wouldn’t let the kid become a doctor, but the dean, he says, took the same line. Your Grace knows what a ‘dean’ is—that whatsit that they have here, whatever, you know. Our boy showed them a pile of certificates from the municipal council, from the prosecutor, and a service record, you name it. But the man is stubborn, do you understand? And he’s not just some regular Joe but an examining magistrate! And with three medals on his chest on top of it! The rector began to harp at him that in order to be of use to himself and his people—what business was it of his!—he needed to go through the whole course in the normal way, that living abroad a little more would also be good for him— nonsense!—and other such old wives’ tales. And not just the rector—monkey see, monkey do—the dean also weighed in. ‘Yes,’ he says, ‘I also recommend that you follow the advice of the rector!’ Eeh! And then our boy blew his top and opened his mouth. ‘But,’ he says, ‘why are you interfering in this; what are you, the rector’s lawyer or something?’ So he ticked off the dean. Those people tucked their tails between their legs; they couldn’t even say boo! Hey, gerçon! Yun kavé. No, say what you like, Your Grace, but we’ve got some fine boys. Good for them!”"
08_bai_ganyo_in_switzerland_bul.csv,"“Hey, you, gerçon! Yun kavé! ” called Bai Ganyo."
08_bai_ganyo_in_switzerland_bul.csv,“Monsieur!” responded the bustling waiter.
08_bai_ganyo_in_switzerland_bul.csv,"“Yun kavé e aport gazet bulgar,” ordered Bai Ganyo and then, turning toward me, he added, “I haven’t forgotten that damned French stuff.”"
08_bai_ganyo_in_switzerland_bul.csv,The waiter brought him coffee and a stained folio in which were fastened several dog-eared Bulgarian newspapers.
08_bai_ganyo_in_switzerland_bul.csv,"“Let’s see what news there is, what’s happening in the world,” said Bai Ganyo, opening the folio and immersing himself in politics. I observed from the side how he thirstily, eagerly devoured the news articles, smiled, and now and then, his eyes shining, let out a ‘Bravo!’ At one point, bursting, it seemed, with delight, he turned toward me."
08_bai_ganyo_in_switzerland_bul.csv,"“Eh, they really got them. Listen, let me read it to you.”"
08_bai_ganyo_in_switzerland_bul.csv,"“Excuse me, Mr. Balkanski. At least here I’d like to give my ears a rest from such politics,” I said, getting up from my chair. “Good-bye.”"
08_bai_ganyo_in_switzerland_bul.csv,"“But just listen to this. ‘That piratical mob of pimps, thieves, and scoundrels who poke their snouts into the filth . . . ‘ Wait, it gets even better further on!”"
08_bai_ganyo_in_switzerland_bul.csv,"“No, no! Good-bye, Mr. Balkanski,” I called out resolutely, and left."
09_bai_ganyo_in_russia_bul.csv,"“Dravichka tells a story so well, gentlemen, that it will be difficult to satisfy you with any kind of tale after his. But still, to tell the truth, I know some things about Bai Ganyo, too,” Vasil announced. “From Moscow and St. Petersburg!”"
09_bai_ganyo_in_russia_bul.csv,"“C’mon, get started. Don’t beat around the bush,” replied Dravichka."
09_bai_ganyo_in_russia_bul.csv,"“The expression ‘beat around the bush’ doesn’t seem very poetic to me,” Mato said jokingly."
09_bai_ganyo_in_russia_bul.csv,"“Be quiet, gentlemen. Vasil, c’mon, my friend, get started!”"
09_bai_ganyo_in_russia_bul.csv,"On the way to St. Petersburg we stopped at the station in Vilna. We were traveling together, the two of us, Bai Ganyo and I. We went into the station restaurant. Bai Ganyo wanted me to treat, since on the way I had supposedly smoked some of his tobacco. I ordered beer and snacks. The restaurant manager listened in on our conversation, apparently recognized that we were Bulgarians, and asked us in Russian, “Excuse me, gentlemen, are you by any chance Bulgarians?”"
09_bai_ganyo_in_russia_bul.csv,We answered in the affirmative.
09_bai_ganyo_in_russia_bul.csv,"“Do you happen to know a Mr. Dimitrov, a student?”"
09_bai_ganyo_in_russia_bul.csv,"“I don’t know him. Do you know him, Bai Ganyo?”"
09_bai_ganyo_in_russia_bul.csv,"“Dimitrov? Hang on. Aha! I remember Dimitrov; yes, I know him. A bright lad; I know him, of course.”"
09_bai_ganyo_in_russia_bul.csv,“Might you be able to tell me where he is now?” asked the restaurant manager.
09_bai_ganyo_in_russia_bul.csv,"“He’s in Constantinople now,” answered Bai Ganyo. “In a week he’ll get married there. He found himself a sweetheart deal.”"
09_bai_ganyo_in_russia_bul.csv,"“What the . . . ?” exclaimed the thunderstruck manager. “He’s getting ma-a-a-rried? But he’s married here, gentlemen!”"
09_bai_ganyo_in_russia_bul.csv,"“You don’t say! Well, whadaya know about that, heh-heh-heh,” Bai Ganyo snickered heartily. The manager stared at him in amazement."
09_bai_ganyo_in_russia_bul.csv,"“You don’t know him,” continued Bai Ganyo, turning to me. “He’s a real bright kid, that Dimitrov.”"
09_bai_ganyo_in_russia_bul.csv,"The manager told us the following story: “One day, gentlemen, Mr. Dimitrov arrived by train with a deaf-mute boy who was about thirteen or fourteen years old. I had known Dimitrov from the year before. He lived in our city, he fell in love with a girl, they got married, and they left either for Moscow or Petersburg, I don’t know which. When he showed up this year with the deaf-mute, he told me that the kid had a brother in your country, in Bulgaria, an official or an army officer—I don’t remember—who was supposedly going to send him one hundred francs a month so that he could live in one of the Petersburg institutions for deaf-mutes. Since Mr. Dimitrov was going to some other city, or so he said, he asked me to take the boy in, feed him, and look after him in the meantime. He assured me that he’d come back in ten days. I agreed and took in the unfortunate child and cared for him as if he were my own. Ten days passed, then a month, then another, and there was no word from Dimitrov. I try to find something out from the child, but the poor thing was deaf and dumb; he couldn’t explain anything. And I could tell that the child was depressed. I wrote to Petersburg and to Moscow. No one answered. During the third month, gentlemen, the child disappeared. We made inquiries, we tried searching, we went to the police, we sent telegrams out in several directions—nothing. The unfortunate child had dropped off the face of the earth. To this day, I don’t know what happened to that child. Let Mr. Dimitrov bear the sin; I’ll bear the one hundred rubles it cost me. And you say that he’s going to get married next week? Dear God, how is such a thing possible? For God’s sake, gentlemen, inform your authorities, warn that unfortunate girl he is going to marry.”"
09_bai_ganyo_in_russia_bul.csv,"I promised the manager that as soon as I arrived in St. Petersburg, I’d inform a certain gentleman, who, I was certain, would immediately send a telegram to the Exarch of the Bulgarian Church. I paid up. We got on the train and set off for Petersburg."
09_bai_ganyo_in_russia_bul.csv,“Why did you have to stick your nose in?” said Bai Ganyo with reproach. “How do you know what kind of woman his wife here is?”
09_bai_ganyo_in_russia_bul.csv,"We were traveling in third class. Bai Ganyo took up two seats and lay down to doze. At the next station, several more travelers came into our car, and the extra places had to be given up to them, but Bai Ganyo is no simple-minded fellow. He pretended to have fallen asleep, and boy, how he snored. A huge German, a peasant, came up to Bai Ganyo with his bag in his hand and tried to wake him up, tapping him lightly on his boots. Bai Ganyo rolled over and just kept on going hrrr pffff hrrr pfff, and hiding his face from the German, he winked at me as if to say, “See what a devil I am!” “Come on, get up!” shouted the German in Russian and began to prod my traveling companion quite roughly. “Hrrr pfff.” “Come on, stop pretending, damn you!” growled the German, and with one swipe he knocked Bai Ganyo’s legs off the seat then shoved him onto his disagi and sat down next to us.Bai Ganyo pretended that he had been startled awake, rubbed his eyes, and, as if nothing had happened, immediately pulled out his tobacco tin, opened it, and offered it to the German. “Bulgarian tobacco!” he said in Russian."
09_bai_ganyo_in_russia_bul.csv,"“Aha! So you’re Bulgarians! Pleased to meet you,” the German said amiably and began to roll himself a cigarette. “You’re going to St. Pete. Me too. So we’ll be traveling together.”"
09_bai_ganyo_in_russia_bul.csv,"As soon as we arrived in St. Petersburg, I hastened to keep the promise I had made to the restaurant manager in Vilna. I met my acquaintance and described Dimitrov’s exploits. He sent a telegram to Constantinople at once and succeeded in stopping the wedding. In turn, he told me the rest of the story of the deaf-mute boy. When and how he was put up to running away from Vilna is unknown, but one day, he turned up in St. Petersburg and for a long time was the victim of the most base exploitation on the part of Dimitrov, who not only kept for himself the money sent by the unhappy boy’s brother but even forced the poor child to go from door to door begging money from the most influential people and best-known philanthropists of St. Petersburg. And not only in St. Petersburg but also in Kronstadt, where he forced him to go to John of Kronstadt, the famous saint of the common people."
09_bai_ganyo_in_russia_bul.csv,"Since I had practically nothing to live on, I was forced to live in the Deshovka, a cheap hostel that was the refuge of the poorest of students.  Bai Ganyo insisted most energetically that he come with me to the Deshovka."
09_bai_ganyo_in_russia_bul.csv,"“But that’s impossible, Bai Ganyo. This establishment is only for students.”"
09_bai_ganyo_in_russia_bul.csv,"“So what if it’s for students?” Bai Ganyo said, attempting to convince me.  “Aren’t students people, just like me? After all, what’s the big deal if they take in a Bulgarian?”"
09_bai_ganyo_in_russia_bul.csv,"“But you’re a rich man, Bai Ganyo. You can afford a hotel.”"
09_bai_ganyo_in_russia_bul.csv,"“Don’t be a jerk,” Bai Ganyo scolded. “I thought you were smarter than that. C’mon, my fellow Bulgarian, why should we give money to the Muscovites? If you stumble on a cheap deal, grab it with both hands. How are they going to know what kind of guy I am?”"
09_bai_ganyo_in_russia_bul.csv,"“It’s impossible, Bai Ganyo. The poor students will protest. They’ll get mad at me and might even kick me out of the dorm.”"
09_bai_ganyo_in_russia_bul.csv,"“You pig-headed Bulgarian,” continued Bai Ganyo. “Don’t you have a mouth? Doesn’t your little brain work well enough to think to tell ’em that I’m your brother, fallen upon hard times? Heck, it would be enough just to say I’m a Bulgarian; you know what suckers the Russians are!”"
09_bai_ganyo_in_russia_bul.csv,"“No, no, I can’t,” I exclaimed decisively, and set out for the Deshovka."
09_bai_ganyo_in_russia_bul.csv,"“Oho! You think that you’ll get rid of me so easily? Just you wait. You ain’t seen nuthin’ yet,” growled Bai Ganyo as he set off after me.“Bulgarian! Some Bulgarian he is. He doesn’t have a nickel’s worth of patriotism. Hang on, man, don’t rush off like that. I can’t catch up with you; my disagi are heavy. Hang on, my Bulgarian friend!”"
09_bai_ganyo_in_russia_bul.csv,"At that moment, we must have presented a strange sight, since people passing by on the sidewalk stopped and stared at us. Bai Ganyo was ten paces behind me, his disagi slung over his walking stick on his shoulder; his kilim draped over the other arm, which he raised from time to time to wipe his sweaty forehead. His kalpak barely stayed on top of his head. Bai Ganyo stumbled along after me and growled, “Hang on, for God’s sake, man, at least take the kilim; it’s tearing my arm off. You think you’ll get rid of me. You don’t know what kind of a guy your Bai Ganyo is!” I lunged on in a panic, wondering how I was going to show up with Bai Ganyo at the Deshovka and how I was going to excuse such an unjustifiable act. I’d have to lie. I saw that it would be impossible to get rid of him. After all, it was only a matter of a few days, and like it or not, I had better resign myself to the situation. And Bai Ganyo kept following me; he grumbled all the way but left off his bullying talk and began in a minor key. “Listen, Bai Vasil, wait a little, can’t you, please, Bai Vasil? After all, we’re Bulgarians.”"
09_bai_ganyo_in_russia_bul.csv,"And imagine, gentlemen. At that instant, I felt sorry for Bai Ganyo! Believe it or not. I acknowledged that his actions were reprehensible, that he was a disgusting miser, an egotist, a sneak, a hypocritical exploiter, coarse and vulgar to the marrow of his bones, but I pitied him; in the delicate vibrations of the tone of voice in which he said those last words, my ear caught a tender note that was hidden and still hides in Bai Ganyo’s heart but rarely—Oh, God, how rarely—makes itself manifest. I don’t know, maybe it will seem funny or weird, but I’m telling you, gentlemen, that at that moment I saw Bai Ganyo differently, as if someone had whispered to me,‘Don’t despise this crude, sneaky, miserly wretch. He’s the product of coarse circumstances. He’s the victim of crude tutors; the evil does not reside in him but in the influence of his environment. Bai Ganyo is energetic, level-headed, observant—especially observant. Put him under the guidance of a good leader and you will see what deeds he can do. Until now, Bai Ganyo has shown only his animal energy, but hidden within him is a tremendous supply of potential spiritual strength that only awaits a moral impulse to be transformed into a living force.’”"
09_bai_ganyo_in_russia_bul.csv,"We arrived at the Deshovka. Most of the students had not yet returned from their vacations, and so there were plenty of free places. My bed had been kept by my faithful friend Kocho, an Albanian, an utter pauper, who received a stipend of three rubles a month for tea and sugar from the Slavonic Society. He had registered at the university and taken courses for two years, but when he became convinced that it was not for him, he dropped out and entered the seminary. This Kocho was a good fellow. He’d give his life for a friend, but God forbid that you make him angry; in an instant all his Albanian tribal passions would boil over, he’d go pale with rage, and his eyes would become completely bloodshot: a real beast! As Bai Ganyo and I entered the room we found Kocho in a horizontal position on his bed; on this bed it was hard to distinguish the pillow from the sheet from the blanket. Kocho jumped up from the bed with the agility of a panther, hugged me, kissed me, introduced himself to Bai Ganyo, and, all cheerful and smiling from ear to ear, had us sit down on the bed and on a trunk, all the while apologizing for the slight disorder in the room. Then he opened the door and gave a wild Albanian yell: “Van’ka, old friend, put on the samovar.” “What do you need the samovar for when there’s no tea or sugar?” answered the old friend from the depths of the corridor. Kocho clutched his head with both hands, crossed the room, grabbed his hat, and without listening to our pleas for him to stay, that we would buy tea and sugar, he went out, shouting, “Right away,” and disappeared. Bai Ganyo and I waited for half an hour, then an hour—Kocho didn’t return. Something must have happened to him."
09_bai_ganyo_in_russia_bul.csv,"So as not to waste the beautiful day, I proposed to Bai Ganyo that we go for a walk. “Oh, let’s keep waiting; the guy is going to give us tea,” answered Bai Ganyo. He couldn’t pass up anything free, no matter where it came from. Nonetheless, I insisted. Bai Ganyo stuffed the muskali into his sash, and we went out. As we approached the Anichkin Bridge, we heard a bestial howl, mixed with the most desperate curses and insults. We went out onto the bridge, and what did we see? Kocho, like an enraged tiger, was squeezing his iron fingers into the neck of an unknown gentleman, whose hat had rolled onto the cobblestones. He had bent the man’s head back and was trying to throw him off the bridge. The victim was making every effort to get away, but it was not so easy to escape the hands of the maddened Albanian. “Crook!” roared Kocho. “Bastard! Scoundrel! You’re the spy, not me, you spy, you son of a bitch! I’ll kill you, you wretched scum!” I rushed to separate them. Bai Ganyo shouted after me, “Leave them alone. Why should you get yourself in trouble? Let them get into their own mess. Leave them alone. They’ll drag you to the police station as a witness.” I didn’t pay any attention to Bai Ganyo’s advice and set off toward the Albanian, who kept on yelling and screaming the foulest epithets at his victim, who had already been dragged to the edge of the bridge and who, it seemed to me, in another moment would fly head first into the clear waters of the Fontanka. “Crook! Bastard!” roared Kocho, digging his bony fingers even deeper into the thick neck of his opponent."
09_bai_ganyo_in_russia_bul.csv,"When I was just a few steps away from them, the victim, alarmed at his impending doom, made a desperate lunge and pulled free of the grip of the Albanian, grabbed his hat as it rolled, and set off at a run. “Stop, crook! Filthy coward, scum!” Kocho grabbed a rock and hurled it after him. The unknown man ran up to a passing tram, jumped in, and vanished. But the Albanian didn’t calm down. “I’ll kill you, you rotten crook!” he continued to snarl, shaking his fist toward the spot where his enemy had disappeared. I called Kocho by name; he turned and didn’t recognize me! There was something savage in his look. His eyes flashed; his face went alternately red and pale with rage; his teeth chattered as if he had a burning fever; his lips twisted convulsively, letting out a low growl. “G-r-r-r, C-c-c-r-r-o-o-, Sunuvab-b-b-b-i-i, b-b-b-bastard, sc-sc-sc, Crook!” he cried out again, turning to threaten his invisible enemy."
09_bai_ganyo_in_russia_bul.csv,"“Kocho, my friend, what happened to you; who was that gentleman?” I asked with friendly sympathy. He stared at me with blank malice and still didn’t recognize me! “I’ll kill you, you wretched creature! I’ll show you who’s a spy!” Kocho snarled and shook his fist at a passing tram, as if his enemy were riding in every streetcar. “Kocho, please, tell me what happened,” I begged my friend, who was enraged to the point of madness. “Who was that gentleman?” Kocho looked at meagain and shouted, “He’s the biggest scoundrel in the world! Do you understand? The biggest scoundrel!” and again he rolled his eyes and again began to spew curses. I realized that my friend had been the victim of some sort of foul play perpetrated by his enemy, but just what sort I did not guess, nor could I have done so."
09_bai_ganyo_in_russia_bul.csv,"What Kocho told me was so base that it could not have been an object of speculation. This is what he said after he had come to himself a bit: “Imagine, gentlemen; after I left the Deshovka I went to the Slavonic Society to get my stipend so I could buy tea and sugar to treat you. You know, my dear Vasil, what kind of stipend I receive. Three rubles a month. Three miserable rubles! And just imagine; there is a scoundrel who envies me and covets my wealth. And who is it? Your compatriot. I congratulate you. ’Im going to knock that crook’s teeth out! Imagine, gentlemen; I go up to the cashier and ask him to give me my three rubles, and he addresses me in an angry tone of voice: ‘Aren’t you ashamed of yourself, young man? Here you are a student and you’re mixed up in such a dirty business.’ ‘What “dirty business”?’ I exclaimed, alarmed. ‘We have evidence,’ he continued, ‘that you’re a spy for the Bulgarian government.’ ‘What? Me, a spy?’ ‘Yes. We have conclusive evidence. Your stipend has been taken away and given to the brother of Mr. Aslanov.’‘For God’s sake, who gave you this evidence?’ I asked through tears of rage that were choking me. ‘Mr. Aslanov himself,’ he answered calmly. ‘A-r-r-g-g-h-h, besa ta besa!’ I roared like a madman and rushed out into the street to the Anichkin Bridge. You know the rest . . . Oh my God! Gentleman, can you imagine anything more foul? The crook! I’ll, I’ll, I’ll . . . I’ve sworn my oath and I won’t forget.”"
09_bai_ganyo_in_russia_bul.csv,"We comforted Kocho as best we could and went to a tavern to drink some tea. We lingered there for quite a while, engrossed in the Albanian’s stories of Aslanov’s despicable actions. Even Bai Ganyo refrained from exclaiming his usual “Bravo!” and “Good for him!” but rather, on the contrary, clucked his tongue, shook his head in amazement, and said, “What a beast that guy is!” We left the tavern and set off down Nevsky Prospekt. A mixed crowd from all parts of the world filled the sidewalks of this glittering thoroughfare, and we could barely make our way through the passersby. All sorts of cabs moved along the roadway in two lanes. Store after store, each more luxurious than the last, tempted the eyes of the public. Bai Ganyo even went so far as to offer the opinion that “in the end, even Petersburg isn’t all that bad.” For an entire hour we pushed our way through the crowd until we reached the Neva. We came out onto the quieter English Quay and had not gone ten steps when Kocho pulled roughly at my sleeve and exclaimed in a strangled voice, “That’s him!”"
09_bai_ganyo_in_russia_bul.csv,“Who?”
09_bai_ganyo_in_russia_bul.csv,“The crook!”
09_bai_ganyo_in_russia_bul.csv,“What crook?”
09_bai_ganyo_in_russia_bul.csv,"“The biggest. Stop. Let’s hide so he doesn’t see us,” he mumbled and pulled us by our sleeves so that we stood behind the columns of a doorway. Bai Ganyo stuck his nose out from behind the column and looked in the direction that Kocho was pointing."
09_bai_ganyo_in_russia_bul.csv,“Who do you see?” asked Kocho.
09_bai_ganyo_in_russia_bul.csv,"“I see a person,” whispered Bai Ganyo conspiratorially. “Hey, Vasil, look! That person looks a lot like our Dondukov-Korsakov.”"
09_bai_ganyo_in_russia_bul.csv,"“That’s who it is,” answered Kocho. “Who else do you see?”"
09_bai_ganyo_in_russia_bul.csv,"“I see two other people, kneeling before Dondukov. Hey look! Tsk tsk tsk! They’re kissing his boots, weeping, begging him for something, beating their chests. Look! Tsk tsk tsk! He’s trying to get away from them, but they’re not letting him. They’re holding onto his legs, one from one side and one from the other.”"
09_bai_ganyo_in_russia_bul.csv,“Look more carefully. Can you recognize either of them?” demanded the Albanian.
09_bai_ganyo_in_russia_bul.csv,"“I can’t. How can I recognize them when they keep banging their heads on his boots? Hey, wait a minute,” said Bai Ganyo. “Hold on. I know him. It really is him. It’s him! The one you were going to throw off the bridge. That’s him.”"
09_bai_ganyo_in_russia_bul.csv,"“Yes, he’s the one, the swine. You are now witnessing one of his miserable comedies,” growled the Albanian through clenched teeth. “OK, come on now, let’s make our way back onto Nevsky Prospekt.”"
09_bai_ganyo_in_russia_bul.csv,"“Wait, let’s see how the scene ends,” I declared."
09_bai_ganyo_in_russia_bul.csv,"“There’s no need to,” said Kocho decisively. “We know the end. They’ll hang onto his legs and weep until he gives them a few rubles or some letter of recommendation for another victim or makes some other intercession. Those scoundrels are capable of fouling the name of an entire nation.”"
09_bai_ganyo_in_russia_bul.csv,"“Goodness, what a beast that guy is!” exclaimed Bai Ganyo and clucked his tongue."
09_bai_ganyo_in_russia_bul.csv,"”Hey, why did you stop, Vasil? Keep going!” said one of our company."
09_bai_ganyo_in_russia_bul.csv,“Tell the story about Ermolova.”
09_bai_ganyo_in_russia_bul.csv,"“Forget it. I’m disgusted,” said Vasil."
09_bai_ganyo_in_russia_bul.csv,“Or about Princess Belozerskaya.”
09_bai_ganyo_in_russia_bul.csv,"“Really, lay off. I can’t go on.”"
09_bai_ganyo_in_russia_bul.csv,“But do you know the story of Bai Ganyo and the tripe chorba?” said another.
09_bai_ganyo_in_russia_bul.csv,"“Well, do you know the one about the shaven mustaches?”"
09_bai_ganyo_in_russia_bul.csv,"“That’s enough, gentlemen! There is no end to stories about Bai Ganyo. C’mon, let’s start the second part of the evening. C’mon, Marcus Aurelius, sing us something. Or you, Kalina-Malina, start up a song. C’mon. ‘Zapretni-i-i, Velo mome-e-e, beli rûkavi.’”"
09_bai_ganyo_in_russia_bul.csv,"The second part of the evening started, and the party didn’t break up till after midnight."
09_bai_ganyo_in_russia_bul.csv,"Farewell, Bai Ganyo! Travel around Europe. Bring the products of our beautiful Valley of Roses to every land, and please, Bai Ganyo, gaze more deeply into European life, and may you see its face. Its wretched backside has been forced on you enough."
10_bai_ganyo_returns_from_europe_bul.csv,"“Have you heard the news?” cried Marcus Aurelius, flinging the door open and bursting breathlessly into the room."
10_bai_ganyo_returns_from_europe_bul.csv,“What news?” we all asked.
10_bai_ganyo_returns_from_europe_bul.csv,“Bai Ganyo is back from Europe!”
10_bai_ganyo_returns_from_europe_bul.csv,“Impossible!”
10_bai_ganyo_returns_from_europe_bul.csv,"“What do you mean, ‘impossible’? Gentlemen, I saw him. I talked with him. His first words . . . Ha-ha-ha! His first words were, ‘We’ve made . . .‘ Ha-ha-ha! ‘We’ve made a mess of it,’ he says. Ha-ha-ha!”"
10_bai_ganyo_returns_from_europe_bul.csv,"“Quit giggling, man,” cried Arpakash impatiently. “Tell the story. You want some tea?”"
10_bai_ganyo_returns_from_europe_bul.csv,"“Arpakash, come let me kiss you right between the eyes.”"
10_bai_ganyo_returns_from_europe_bul.csv,"“Blockhead,” said Arpakash with a good-natured smile and handed a glass of tea to Marcus Aurelius, tugging him by his curly mustache with his free hand. “You über-blockhead.”"
10_bai_ganyo_returns_from_europe_bul.csv,"“Captain, please don’t rock the boat,” Marcus Aurelius joked in Russian. He took a slurp from the glass and related the following:"
10_bai_ganyo_returns_from_europe_bul.csv,"“Imagine, gentlemen; what luck, a few days ago, on the twenty-second (your favorite number, Alyosha), on Sunday, Gervanich and I were making the rounds of the little inns on the River Iskûr, over by Vrazhdebna, and we ran into a whole lot of people there.”"
10_bai_ganyo_returns_from_europe_bul.csv,“I’ll bet the Urvichers were there.”
10_bai_ganyo_returns_from_europe_bul.csv,"“No, they weren’t; they were over at their beloved Urvich. Don’t interrupt me, Arpakash. There were tons of people there, mostly foreigners—Germans, Czechs, and not one, absolutely not a single one of our local hill-billies, paralyzed as they are by apathy. Only Grandpa Hadzhi passed by, heading for his farm. The weather, you know, was wonderful—such meadows, such fields, such fresh greenery in the woods, you couldn’t get enough of breathing that air. The foreigners had come with their whole families, hauling in provisions, blankets, swings for the children. Folks had planted themselves here and there like bouquets in the shady patches, and they were feasting. It was a treat to see them. They weren’t, as you might think, fancy, rich people, no, just craftsmen, tradesmen, regular working folks—tinsmiths, blacksmiths, carpenters. Work six days—play on the seventh. And not like Your Graces crowding into smoky coffeehouses with your damned card games like bachka.”"
10_bai_ganyo_returns_from_europe_bul.csv,"“Marcus Aurelius! Is that you I hear, my dear friend? Saint John the Golden Tongued, let me kiss you!”"
10_bai_ganyo_returns_from_europe_bul.csv,"“Shut up, Arpakash. Don’t interrupt me.”"
10_bai_ganyo_returns_from_europe_bul.csv,"“Hey, Amonasro, don’t interrupt the man,” put in Moyshe."
10_bai_ganyo_returns_from_europe_bul.csv,"“But truly, friends,” Arpakash said, carrying on his joke with an unctuous look, “tell me, isn’t Marcus Aurelius sweet, especially when he pronounces that lovely little word ‘bachka’? That ‘ch’ is absolutely musical.”"
10_bai_ganyo_returns_from_europe_bul.csv,"“Will you shut up, Amonasro, king of Ethiopia?”"
10_bai_ganyo_returns_from_europe_bul.csv,"“And have you noticed, gentlemen, what a bottomless hatred our sweet Marcus Aurelius nurses for bachka?”"
10_bai_ganyo_returns_from_europe_bul.csv,"“Listen, Amonasro, shut up or I’ll have Moyshe pour a whole glass of cognac down your throat.”"
10_bai_ganyo_returns_from_europe_bul.csv,"“Our jo-kers are quite a-pair, they saw gran-ny’s un-der-wear, ev’-ry-bo-dy teased them so, to the girls they could-n’t go, taa-ra-ra-boom-dee-ay, ta-ra-ra-boom- . .”"
10_bai_ganyo_returns_from_europe_bul.csv,"“You’re crazy, Arpakash; honest to God, you’re crazy,” Marcus Aurelius said somewhat reproachfully. “Be quiet a minute, I beg you.”"
10_bai_ganyo_returns_from_europe_bul.csv,"“Enough already, Arpakash,” put in Ozhilka."
10_bai_ganyo_returns_from_europe_bul.csv,"“Et tu, Ozhilka? Et tu, Brute? Come on and sing ‘Last Night I Passed by Sevlievo.’”"
10_bai_ganyo_returns_from_europe_bul.csv,"“Down with Arpakash!” shouted Moyshe, and after him the whole company began roaring, “Down with him!” and they finally forced the Ethiopian king to shut up."
10_bai_ganyo_returns_from_europe_bul.csv,Marcus Aurelius continued:
10_bai_ganyo_returns_from_europe_bul.csv,"“No, really, friends, this thrice-cursed bachka is deplorable. It has paralyzed us. It has coated our minds with mold and cobwebs. I tell you I know some guys who’ve spent ten whole years—ten years, my friends, that’s no joke—doing nothing at all but rotting in the smoke-filled corners of the Café Panah with cards in their hands, and right in front of their noses blooms this lovely, this picturesque, urban garden, whose breezes and freshness they are incapable of enjoying; and then outside of Sofia, in the surrounding area, there are such wonderful places. We sit in the coffeehouses and sigh for Switzerland, but all we need is a little energy, and Switzerland, a Bulgarian Switzerland, is right here before us—Mt. Vitosha, Rila, the Rhodopes. Even the most miserable pauper among the foreigners living in Sofia has enjoyed the magnificent view from the Black Peak of Vitosha, but go on and tell me, is there one local—just one, for God’s sake!—who has ever climbed Vitosha? We know of Italian workers who have left steady jobs here just because they were sick of the monotony and risking everything set out to wander, to see the world; but then, on the other hand, there are cases like, let’s say, the shepherd of the Dragalevtsi monastery, who has observed Sofia from on high his whole life. He watched it for years before the Liberation. He watched its destruction, its renewal and growth. He continues even now to peer down at its sparkling façade while sitting in the shade of a walnut tree, but to this day he has never had the will to come down from the mountain, to take a look around, to see up close the utterly fascinating transformation of the capital city. Actually, I exonerate this unique philosopher and even, to tell the truth, envy this child of nature. But what can I say about the majority of our wealthy citizens who spend their whole lives suffocating in the dust, smells, and fumes of Sofia’s old streets, who have looked out at the beautiful hills of Dragalevtsi all their lives but have never felt the desire to get up and go there and enjoy the clean, cool air, the enchanting music of the bubbling stream and the nightingales?”"
10_bai_ganyo_returns_from_europe_bul.csv,"“My! You’re a regular poet, Marcus Aurelius. Imagine that. But tell me, why are you prattling on and on? Weren’t you going to talk about Bai Ganyo?”"
10_bai_ganyo_returns_from_europe_bul.csv,"“I’m ‘prattling on and on’ because it just makes me so mad when I see the apathy that has paralyzed us. You might say we don’t understand the beauties of nature. No, it can’t be that we don’t understand. It’s a natural feeling; even cattle understand it. But the fact is we’re bound by an Oriental languor. If I grab you by the collar, Arpakash, and drag you toward the Urvich monastery, as soon as I lead you beyond Kokalenski hill, over the chasm of the Iskûr, and you hear the mysterious speech of the meandering, foaming river, you’ll start clucking your tongue and you’ll shout, you’ll definitely shout,‘Wow, this is a real Switzerland! Look at it. Our Bulgaria is gorgeous, and we, like idiots, know nothing about it but would rather spend our holidays hanging around in coffeehouses.’ But as soon as you get back to Sofia and breathe its suffocating atmosphere, you’ll fall back into lethargy. Apathy will turn you back into a stone until someone else drags you off by the collar.”"
10_bai_ganyo_returns_from_europe_bul.csv,"Now, about Bai Ganyo. Gervanich and I hiked around all day in the woods, lolled in the grass among the trees, ate, drank, gazed at the jolly groups of foreigners who had given themselves over body and soul to merrymaking; they had set up all sorts of games; they were singing, running, jumping—you had to envy them! Toward evening, after a tasty snack, Gervanich and I went into the tavern for coffee. Suddenly, from over by Orhaniysko Road, we heard bells, and a little bit later a carriage full of travelers appeared in a cloud of dust. A traveler stepped down from the carriage, then a second one descended, and from behind the cabby’s back we heard the voice of a third. “Bai Mihal, here, take these disagi; careful you don’t bang them around; let’s not break the muskali. Y’know, we don’t want to be embarrassed in front of him.”"
10_bai_ganyo_returns_from_europe_bul.csv,"And with these words, guess who jumped down from the carriage? Bai Ganyo. The same old Bai Ganyo, just as you knew him before he left for Europe. The only difference was that he had a necktie on; also, he’s got a more imposing look now, shows a sense of his own worth and his superiority over those around him. The man knows Europe like the back of his hand. Europe has become old hat to him. He tugged on the left side of his mustache, coughed a bit into his hand, and surveyed the groups of merrymaking foreigners with the kind of look our policemen give their prisoners. Then, casting a glance and shaking his head at his ignorant fellow travelers, as if to tell them, “What a bunch of losers,” he sighed and with depth and great signiﬁcance uttered, “Oh, the Prater, the Prater.”"
10_bai_ganyo_returns_from_europe_bul.csv,"“What did Your Grace say? I didn’t quite catch it,” said the one called Bai Mihal."
10_bai_ganyo_returns_from_europe_bul.csv,"“What a bunch of losers,” Bai Ganyo pronounced, with deep sympathy. “Eh, the Prater, the Prater! Has it occurred to you what a wonderful thing Vienna’s Prater Park is? But how could it occur to you? And if I were to try explaining, you wouldn’t understand.”"
10_bai_ganyo_returns_from_europe_bul.csv,"And in order to demonstrate to his simple companions who was in a position to understand him, he approached a group of carousers who were surrounded by empty beer kegs, and putting on an ironic smile, he indicated the woods with his eyes and said, “Das ist bulgarische Prater, ha-ha-ha!”"
10_bai_ganyo_returns_from_europe_bul.csv,"The whole group, their eyes cheerfully befogged with beer, looked our “German” up and down, and one of the company, paying no attention to Bai Ganyo’s ironic utterance, presented him with a glass of flat beer, saying half in Czech, “Please, sir, did you want some beer?”"
10_bai_ganyo_returns_from_europe_bul.csv,"“These guys don’t understand me either,” Bai Ganyo thought to himself, and, returning to his comrades, added, “They’re as drunk as, as Cossacks.”"
10_bai_ganyo_returns_from_europe_bul.csv,"After that, his group entered the inn and seated themselves near us. My back was toward them, so Bai Ganyo couldn’t recognize me, and the fact that he didn’t recognize me was obvious from the words he uttered at our expense. “Those fellows must have gotten themselves pickled, too. Bunch of Germans!”"
10_bai_ganyo_returns_from_europe_bul.csv,The waiter approached the travelers and began wiping off the table.
10_bai_ganyo_returns_from_europe_bul.csv,“Can I get you anything?” he asked.
10_bai_ganyo_returns_from_europe_bul.csv,"“Nothing. We’ve got our own. But hey, anyway, bring us some water and a light, pour us some fresh water,” ordered Bai Ganyo."
10_bai_ganyo_returns_from_europe_bul.csv,"Among the travelers there began a cryptic, serious conversation, not all of whose words reached our ears."
10_bai_ganyo_returns_from_europe_bul.csv,"“This evening, we surely won’t see the big shot. It’ll be late,” whispered Bai Ganyo. “We’ll send him the gifts and let him know about tomorrow, and then he’ll arrange the time for us to go before the prince.”"
10_bai_ganyo_returns_from_europe_bul.csv,“But what about a gift for the prince?” Bai Mihal asked warily.
10_bai_ganyo_returns_from_europe_bul.csv,"“Not necessary,” answered Bai Ganyo authoritatively. “All that matters here is the big shot. Pull the wool over his eyes and you’re home free. We’ll give him what the lawyer wrote for us, let him read it, and if something needs correcting, that’s his business. And in front of the prince, stand firm; don’t be frightened. You just watch what I do. I’ll say, just as we were told to say, ‘Your Royal Highness, don’t do it, don’t accept his resignation. Think of the Transdanubian Province,’ and you repeat after me, ‘Don’t do it, Your Royal Highness!’”"
10_bai_ganyo_returns_from_europe_bul.csv,"“Naturally, what else would we say?” Bai Mihal answered obediently."
10_bai_ganyo_returns_from_europe_bul.csv,"“As for you, Bai Mihal, you’ve got a whiff of Russky. I’m not so sure about you. Watch your step!” warned Bai Ganyo sternly."
10_bai_ganyo_returns_from_europe_bul.csv,"Bai Mihal pleaded innocent. “Who, me? Don’t talk like that, pal. Someone will hear. Even the walls have ears. When I hear the word ‘Cossack’ I get the shivers.”"
10_bai_ganyo_returns_from_europe_bul.csv,"“You get the shivers, eh?” whispered Bai Ganyo softly with a wink. “But when the Russians came, who was it that cleaned out the cattle from the Turkish villages, eh? Since when do you have those riches, eh? Speak up!”"
10_bai_ganyo_returns_from_europe_bul.csv,"“Well, but you, too, Bai Ganyo,” whispered Bai Mihal. “Truth to tell, you’ve had the water mills since the Russian occupation, haven’t you? Tell me; isn’t that so?”"
10_bai_ganyo_returns_from_europe_bul.csv,"“Come now, one can’t even have a simple conversation with you. What’s done is done. It’s not that way now. Now it’s the Transdanubian Province, you understand?”"
10_bai_ganyo_returns_from_europe_bul.csv,"“How could I not understand?” said Bai Mihal, and he winked impishly at his comrades."
10_bai_ganyo_returns_from_europe_bul.csv,"All three of them burst into muffled laughter, trying not to be heard."
10_bai_ganyo_returns_from_europe_bul.csv,"“Well, watch your step. Be on guard, because if anyone hears us, we’ll really be in hot water. Hey, boy, what’s that newspaper there? Freedom?” Bai Ganyo turned to the waiter."
10_bai_ganyo_returns_from_europe_bul.csv,"“Free Speech, sir.”"
10_bai_ganyo_returns_from_europe_bul.csv,"“Eh, I’d like to read it,” Bai Ganyo whispered to his comrades, “but I’m scared, damn it. The big shot will hear of it—then go try to straighten things out.”"
10_bai_ganyo_returns_from_europe_bul.csv,"But just then a scene occurred that froze the travelers in their seats. A ﬁve- or six-year-old little boy was wandering idly about the entry of the tavern, improvising various songs to himself, and, obviously under the influence of the “down with Stambolov” heard constantly in Sofia for the last three days, he abandoned the standard text to the tune of “Shumi Maritsa” and, carried away by his song, used the words that had been impressed on his mind: “Down wi-ith, down with, down wi-ith, down with, do-own with, do-own with, down with Stambolov!” Approving laughter from the groups of revelers interrupted the child’s improvisation, and, excited by his unexpected success, he started singing again in a louder voice, almost shouting, and instead of “Ma-arch, ma-arch,” he cried, “Do-own, do-own, down with Stambolov, dow-dow-dow-do-own with, down with Stambolov.” This time, in addition to the friendly laughter, you could hear applause and shouts of “Bravo,” “Down with him,” “Down with the lecher,” and “Down with the tyrant” from a group of young people returning from a hike."
10_bai_ganyo_returns_from_europe_bul.csv,I turned to the table of the three travelers.
10_bai_ganyo_returns_from_europe_bul.csv,"Bai Ganyo and his comrades sat motionless like statues. Open mouthed and glassy eyed, their faces expressed such a pitiful mixture of fear and wonder that I could only be sorry I didn’t have a camera. Bai Ganyo was the first to recover; he turned his eyes toward the demonstrators and instantly shuddered, as if struck by an electric current. A mounted police officer passing on the road heard these terrible shouts, and instead of drawing his sword and waving it with a maddened howl like a cyclone over the heads of these outrageous rebels, these evil souls, these bandits and traitors, instead of this, he watched them calmly, with a good-natured smile on his face. If a volcano had erupted on Vitosha at that moment, it could hardly have astounded our travelers more than that scene."
10_bai_ganyo_returns_from_europe_bul.csv,"“We’ve made a mess of it!” Bai Ganyo pronounced with a despairing sigh.“Hey, Bai Mihal, please, go over by the counter and sneak a look at Free Speech. See if you can figure out what’s going on.”"
10_bai_ganyo_returns_from_europe_bul.csv,"“Well, fine and dandy; why don’t you go yourself? Let’s see how brave you are,” answered Bai Mihal."
10_bai_ganyo_returns_from_europe_bul.csv,"“Eh, you’re so simple minded! After all, how hard is it to take a peek? Just go by the counter as if you’re looking at the rakia, whistling to yourself like this, then with one eye, zip, like that, look to see if by chance there’s a new minis . . . Simple!”"
10_bai_ganyo_returns_from_europe_bul.csv,"“Impossible, keep your wits about you.”"
10_bai_ganyo_returns_from_europe_bul.csv,"“But didn’t you see the officer? Well then, hang on, I’ll have to take the bull by the horns—I’ll look at the newspaper, the hell with it.”"
10_bai_ganyo_returns_from_europe_bul.csv,"Bai Ganyo rose from his seat, began whistling “Green Leaves” through his teeth, and, looking around as if distracted, circled like an eagle toward the counter, approached, grabbed a bottle of cognac by the neck, and, pretending to read the label, swiveled his eyes to the right so far that someone facing him would have seen only the whites, until his gaze fell on the folded newspaper, of which only the masthead, Free Speech, was visible. He slid out his right hand and, whistling “Green Leaves” louder in order to cover the newspaper’s noise, unfolded one part of it and, with eyes horribly slanted to the right, read, “News from the court. Presented to H.R. Highness today was the prime minister and minister of the interior, Dr. K. Stoil . . .” Something caught in Bai Ganyo’s throat; he coughed, licked his lips, which had suddenly gone dry, and cast a sideways glance downward to read the large letters of a headline: “Fall of Stambol . . .”—and Bai Ganyo’s heart fell into his boots. He let the cognac bottle slip and to cover up the resulting noise began to cough loudly. Bai Ganyo turned toward his comrades and uttered portentously, “It’s happened.”"
10_bai_ganyo_returns_from_europe_bul.csv,"“Don’t even say that, Bai Ganyo!” cried Bai Mihal."
10_bai_ganyo_returns_from_europe_bul.csv,"“It’s over,” added Bai Ganyo, and as he drew near the table, he whispered softly to his comrades in Turkish, “Stambolov efendi is down the toilet; now it’s Stoilov.”"
10_bai_ganyo_returns_from_europe_bul.csv,“It can’t be. What are you saying? In the paper did it . . . ?”
10_bai_ganyo_returns_from_europe_bul.csv,“Of course.”
10_bai_ganyo_returns_from_europe_bul.csv,“But could it be some kind of trick?”
10_bai_ganyo_returns_from_europe_bul.csv,"“What do you mean, ‘trick’?” burst out Bai Ganyo, and gathering all his courage, he banged on the table and called out, “Hey, lad, bring Free Speech over here.”"
10_bai_ganyo_returns_from_europe_bul.csv,The friends instinctively lowered their heads and began looking around nervously.
10_bai_ganyo_returns_from_europe_bul.csv,"The boy brought the newspaper and by chance happened to hold it out to Bai Mihal, who pulled back his hand as if being offered a piece of red hot iron and signaled with his eyes toward Bai Ganyo. Bai Ganyo took the paper and, of course, turned this way and that to see who was and who was not at the tavern; after all, how could Bai Ganyo get up the nerve? But in the end he had the guts to do it! He unfolded Free Speech and began: “Fall of Stamb . . .”"
10_bai_ganyo_returns_from_europe_bul.csv,"Bai Ganyo began to cough, and his comrades began coughing even harder. Bai Mihal looked out of the corner of his eye toward the paper to see whether his brave friend was reading correctly and assured himself that there was no mistake. The third comrade also bent his head toward the paper and read, and a tremor shook him, and his world began to spin. So many of his lawsuits and hearings that had lain dormant for years under the prosecutorial robe would be dragged out into the light of day by those three little words!"
10_bai_ganyo_returns_from_europe_bul.csv,"With much huddling, whispering, and coughing, they picked their way through the lead article, and glancing here and there through the paper, they ﬁnally discerned and understood that the deed was done."
10_bai_ganyo_returns_from_europe_bul.csv,"“We’ve made a mess of it!” said Bai Ganyo.“What now? Now it’s too late to beg for his resignation not to be accepted. Oh, the hell with it. Eh, Mihal, why are you so quiet? Tell us. What’s to be done?”"
10_bai_ganyo_returns_from_europe_bul.csv,"“That’s for you to say, Your Grace. I’m as taken aback as if I’d been whacked on the noggin with a club,” replied Bai Mihal despairingly."
10_bai_ganyo_returns_from_europe_bul.csv,"“And you, Gunyo, why are you silent? You say something, too! What do we do now, huh?”"
10_bai_ganyo_returns_from_europe_bul.csv,"“Eh, what do I know? Whatever you say, Your Grace,” muttered Gunyo, his spirit broken."
10_bai_ganyo_returns_from_europe_bul.csv,"“But don’t you have a brain, you dolt? Is it always up to me to fix things up for you?” Bai Ganyo shouted, almost weeping with despair. “Never mind. I’ll tell you what to do this time, too. Y’know what?”"
10_bai_ganyo_returns_from_europe_bul.csv,"At this point Bai Ganyo pondered a bit, frowned, scratched his head even though it didn’t itch, coughed once or twice in his fist, groped in the pocket of his frock coat, pulled out a paper folded in four, and gave it to Bai Gunyo."
10_bai_ganyo_returns_from_europe_bul.csv,"“Here, read this damned thing one more time. And then I’ll tell you what we’re going to do.”"
10_bai_ganyo_returns_from_europe_bul.csv,"“But Your Grace, why don’t you read it?”"
10_bai_ganyo_returns_from_europe_bul.csv,"“Hey, Gunyo, don’t get me riled. You know why I don’t read it. You’re better at reading these highfalutin words.”"
10_bai_ganyo_returns_from_europe_bul.csv,"Gunyo unfolded the paper and read, more or less as follows: “Your Royal Highness! Heavenly storms have broken over our unfortunate heads! Our five centuries of enslavement are a pleasant dream in comparison with this cruel blow that the northern foe has dealt us through the resignation of our—Oh! Are there words?—most sagacious leader, that Cicero, that Newton of the Bulgarian firmament. O tempora, o mores! Nay, Your Royal High-ness! We still believe in the good sense of the valiant Bulgarian people and trust that it will not part with a man who personifies its aspirations and ideals—in all things honest, noble, chaste, progressive, liberal. We shall not believe that Your Royal Highness will entrust executive power to those depraved traitors, to those ignorant and ill-bred nonentities who strive night and day to undermine the foundations of our system of government and to hurl our beloved fatherland under the stinking boots of the Cossack."
10_bai_ganyo_returns_from_europe_bul.csv,"“Your Royal Highness! Timeo Danaos et dona ferentes! The resolution above has been adopted by eleven thousand eminent citizens, and Ganyo Balkanski, Mihal Mihalev, and Gunyo Kilipirchikov have been delegated to carry it to Your Royal Highness’s feet. Hurrah!”"
10_bai_ganyo_returns_from_europe_bul.csv,"“What a good-for-nothing people we are,” said Bai Ganyo, with much head shaking and tongue clucking. “When it comes to lying, those old Gypsies can’t hold a candle to us. Was it anywhere near that many? Eleven thousand eminent citizens, they say. Ha, ha, ha! Take away the thousands; how many are left?”"
10_bai_ganyo_returns_from_europe_bul.csv,"“Eleven people,” answered Mihal."
10_bai_ganyo_returns_from_europe_bul.csv,“Were there that many?”
10_bai_ganyo_returns_from_europe_bul.csv,"“There were, Bai Ganyo. It’s the truth. Didn’t I go with an officer to round them up myself?”"
10_bai_ganyo_returns_from_europe_bul.csv,"“Good-for-nothings! Now, ’yknow what? Going back now is out of the question. Gunyo, you’re a bit of a lawyer. Get to work, please, and let’s all of us concoct another address, for the new one. Here, I’ve got paper. And let’s hope they don’t ﬁnd out that we came to beg on behalf of that scoundrel, because then our game is up, especially your game, Gunyo. If there’s another prosecutor . .”"
10_bai_ganyo_returns_from_europe_bul.csv,"Gunyo coughed. “Give me the paper and pencil,” he said anxiously. “You watch; I’ll write.”"
10_bai_ganyo_returns_from_europe_bul.csv,And he began writing: “Your Royal Highness! Heavenly storms have broken over our unfortunate heads!
10_bai_ganyo_returns_from_europe_bul.csv,“Now we have to write it all the other way around. How will we write it? Wait! How’s this: ‘The heavens have opened and poured blessings on our fatherland.’”
10_bai_ganyo_returns_from_europe_bul.csv,"“Only ‘fatherland’ sounds too plain,” declared Bai Ganyo. “Put in ‘our beloved fatherland.’”"
10_bai_ganyo_returns_from_europe_bul.csv,"“Me, too. I think it’s no good without ‘beloved,’” said Bai Mihal."
10_bai_ganyo_returns_from_europe_bul.csv,"“All right, I’ve put in ‘beloved.’ Next: ‘The five centuries of enslavement are a pleasant dream in comparison with this cruel blow.’ Now backwards: ‘Our liberation from five centuries of enslavement is nothing compared to the splendid events that have broken the shackles of cruel tyranny.’ Do you agree?”"
10_bai_ganyo_returns_from_europe_bul.csv,"“You should’ve added ‘fiends from hell,’” said Bai Ganyo. “But never mind, go on.”"
10_bai_ganyo_returns_from_europe_bul.csv,"“. . . which the northern foe has dealt us through the resignation of our—Oh! Are there words!—most sagacious leader, that Cicero, that Newton of the Bulgarian firmament.”"
10_bai_ganyo_returns_from_europe_bul.csv,"“Now, how to turn this around? Wait! Like this: ‘And which is due solely to Your Royal Highness, most gracious sire and father, since you accepted the resignation of that—Oh! Are there words?—most cruel torturer, that Caligula, that Tamerlane of the Bulgarian firmament.’”"
10_bai_ganyo_returns_from_europe_bul.csv,"“Bravo, Bai Gunyo!” cried Bai Ganyo, his eyes shining with enthusiasm."
10_bai_ganyo_returns_from_europe_bul.csv,"“How do you think all that up, Gunyo?” Mihal flattered him."
10_bai_ganyo_returns_from_europe_bul.csv,"“‘O tempora, o mores!’ can stay as is. That always fits right in, no matter where you put it. ‘Nay, Your Royal Highness!’ Let’s put in ‘Yea, Your Royal Highness!’ “‘We still believe in the good sense of the valiant Bulgarian people and trust that it won’t part with the man.’ Now instead of ‘will not part’ we’ll put in ‘and will obliterate from the face of the earth’ and instead of ‘the man’ we’ll put in ‘the savage beast.’”"
10_bai_ganyo_returns_from_europe_bul.csv,"“No, better put in ‘the rabid monster,’” corrected Bai Ganyo."
10_bai_ganyo_returns_from_europe_bul.csv,"“But I think we should put in ‘flames of hell,’” said Mihal."
10_bai_ganyo_returns_from_europe_bul.csv,"“Eh, that’s pushing it. Ha-ha-ha! But why ‘flames of hell’? It would be better to put in ‘filthy bloodsucker,’” said Gunyo."
10_bai_ganyo_returns_from_europe_bul.csv,"“Yeah, look at it now! Excellent!” approved Bai Ganyo."
10_bai_ganyo_returns_from_europe_bul.csv,"“‘. . . who personifies its aspirations and ideals—in all things honest, noble, chaste, progressive, liberal.’ Now let’s turn it on its head. ‘. . . who personifies the nation’s misfortune in all things dishonest, undependable, corrupt, obscurantist, and tyrannical!’ Next: ‘We do not believe that Your Royal Highness will entrust executive power to those depraved traitors, to those ignorant and ill-bred nonentities.’ How to reverse it, now? Hold on! I’ve got it! Here’s how: ‘Allow us, Your Royal Highness, to count ourselves blessed and to express our most boundlessly loyal sentiments, since you have entrusted power to the hands of those noble patriots, to those educated and well-bred statesmen, who strive night and day to undermine the foundations of our system of government.’”"
10_bai_ganyo_returns_from_europe_bul.csv,“What? You’ve made a mistake!” said Bai Ganyo in alarm.
10_bai_ganyo_returns_from_europe_bul.csv,"“We’ll turn it backward right away, like this; instead of ‘to undermine’ we’ll put in ‘to fortify.’ ‘And to hurl our beloved fatherland under the stinking boots of the Cossack.’”"
10_bai_ganyo_returns_from_europe_bul.csv,"“Let’s see now,” said Bai Ganyo. “This is the tricky part. We don’t know, damn it all, what position these new guys will take toward the Russkies. If we knew that they wanted to make peace, it would be child’s play, a piece of cake. There’s all sorts of things we could write. ‘Czar liberator, Czar protector, true-born brothers, mangy German Chifuti,’ and so on; but we don’t know which way the wind will blow. All right: ‘Slavic brothers,’ but if those guys are also against the Slavs, then it’ll be, oops, Bai Ganyo the traitor! No, you know what; let’s throw out that bit there about the ‘stinking boot.’”"
10_bai_ganyo_returns_from_europe_bul.csv,"“Eh, but then what do we put in?”"
10_bai_ganyo_returns_from_europe_bul.csv,"“Ho-old on. Don’t rush. Let’s think a bit. Y’know what? Now, since we don’t know yet how the wind will blow, we can put it in both ways and let them interpret it as they will. Let’s put this in: ‘And to embrace fraternally the Russians and the Germans to boot.’ Pfui! May God strike them dead!”"
10_bai_ganyo_returns_from_europe_bul.csv,"“No, that doesn’t fit at all! What’s this ‘to boot’ business? Does one talk like that to a prince?” the lawyerly Gunyo protested."
10_bai_ganyo_returns_from_europe_bul.csv,"“Well, how does one talk, you scum?” Bai Ganyo erupted. “Are you going to teach me? Do you know who I am? Do you know that I’ve been all over Europe? I’m not a blockhead like you. Do you know that those Jirechek–Schmirechek types hung on my every word when I spoke to them? The English, the Americans, they all honored me in Dresden, and you want to teach me my business? Do you know that I . . . ?”"
10_bai_ganyo_returns_from_europe_bul.csv,"“I know, Bai Ganyo; how could I not know?” said the astonished Gunyo, excusing himself."
10_bai_ganyo_returns_from_europe_bul.csv,"“Eh, well, if you know, what was all that about? Never mind. Write it down as best you can.”"
10_bai_ganyo_returns_from_europe_bul.csv,"“Let’s write it like this: ‘And to place us, if not higher, then at least on the level of the great European powers . .’”"
10_bai_ganyo_returns_from_europe_bul.csv,"“Whatever, agreed,” approved Bai Ganyo."
10_bai_ganyo_returns_from_europe_bul.csv,"“‘. . . of the great European powers, restoring us to the grandeur of Asparukh and Krum.’”"
10_bai_ganyo_returns_from_europe_bul.csv,“Agreed. Good.”
10_bai_ganyo_returns_from_europe_bul.csv,"“Now, to continue: ‘Your Royal Highness! Timeo Danaos et dona ferentes!’ Instead of that it will be best to put in ‘Vox populi, vox dei.’ Do you agree?”"
10_bai_ganyo_returns_from_europe_bul.csv,"“After all, why not; put it in. It’s not entirely Bulgarian, but if it’s needed, what can we do about it?” Bai Ganyo agreed."
10_bai_ganyo_returns_from_europe_bul.csv,"“‘The resolution above has been adopted by eleven thousand eminent citizens, and Ganyo Balkanski,’ and so on; all of that can stay the same, right to the end.”"
10_bai_ganyo_returns_from_europe_bul.csv,“Shall we leave it just eleven thousand people or shall we increase it in honor of the new guys by another thousand or two? Shall we butter them up?”
10_bai_ganyo_returns_from_europe_bul.csv,"“It’s enough, Bai Ganyo. In our town even if you rounded up the blind and the beardless they’d barely add up to eleven thousand. But never mind; it’s for their sake, isn’t it?”"
10_bai_ganyo_returns_from_europe_bul.csv,"“I agree, but still in place of ‘Ganyo Balkanski’ wouldn’t it be more elegant to put in ‘Mr. Ganyo’ and so on? So the prince can see that we aren’t some kind of low-class people, huh?”"
10_bai_ganyo_returns_from_europe_bul.csv,"“I’d say it that way, too,” put in Mihal."
10_bai_ganyo_returns_from_europe_bul.csv,"“Gentlemen, it’s getting late. Let’s go!” called the Turkish cabby from the threshold of the inn. The travelers left for Sofia."
10_bai_ganyo_returns_from_europe_bul.csv,"The next day, gentlemen, I read in one of the local papers that a delegation from the town of P., consisting of Ganyo Balkanski and others, had presented itself before the great gates of the palace to express thanks for libertion from the tyrannical regime."
10_bai_ganyo_returns_from_europe_bul.csv,"Two days later in that paper, I read a dispatch from the same town, signed in the name of “thousands” of citizens, notifying those in power that Bai Ganyo and his comrades were a false, self-appointed delegation and that the true representatives of the people had already left for the capital to present their thanks."
10_bai_ganyo_returns_from_europe_bul.csv,"I knew the hotel where Bai Ganyo stays when he’s in town and set off to see him. I didn’t want to express indignation at his base deed, because no degree of indignation would suffice to condemn it, but I wanted to test whether it was possible to make this unfortunate product of circumstances recognize the full horror of his action."
10_bai_ganyo_returns_from_europe_bul.csv,"On the board in the hotel I looked up which room Bai Ganyo was in and went up by the stairs. I knocked on the door. No one answered. I turned the handle, and the door opened. The room was empty. They had left. On the table I noticed a scrap of paper on which was written in Bai Ganyo’s hand, “To the editors of the newspaper Free Speech.” The latter name was crossed out and it its place was written Freedom. It continued, “The subterfuges of Stambolov”—and this also was crossed out and in its place was written “Anarchy.” It was clear that the author of the letter had long debated which path to take, because in many lines there were crossed-out words replaced with their complete opposites. For instance, “patriots” was written and crossed out, and over it was written “highway robbers,” and this was also crossed out and overwritten with “patriots.” The whole letter was littered with x-ed out words, scratched by an angry hand. Because in drawing the second line, the ink had run out, the pen had been dipped again in the ink, and a line twice as thick had been drawn. Under the crossed-out lines stood the following words: “You made monkeys of us, damn you, you stinkers!”"
11_bai_ganyo_does_elections_bul.csv,"”Cut the chatter, I tell you; we need to elect representatives,” cried Bai Ganyo as he banged hard on the table."
11_bai_ganyo_does_elections_bul.csv,"“But how can we elect representatives? Where will we dig up voters? And anyhow, you, Bai Ganyo, aren’t you supposed to be a liberal?” said Bochoolu, daring to object."
11_bai_ganyo_does_elections_bul.csv,“Who told you I’m a liberal?” Bai Ganyo asked sternly.
11_bai_ganyo_does_elections_bul.csv,"“What do you mean who told me? Don’t you remember how you were beating up on the conservatives, how you were cursing them; how could you not be a liberal? Don’t you know? You said it yourself—you even bragged to Jirechek about being a liberal,” retorted Bochoolu."
11_bai_ganyo_does_elections_bul.csv,"“Eh, you’re a fool,” answered Bai Ganyo with a condescending smile. “What if I did say something to Jirechek? Does saying it make it true? Ah, you sucker, if I can’t take in a Jirechek, who can I take in?”"
11_bai_ganyo_does_elections_bul.csv,"Gochoolu spoke up. “You’re right, Your Grace. Bochoolu, keep quiet, don’t harp on it. I’m a conservative too.”"
11_bai_ganyo_does_elections_bul.csv,"“Well, what am I, a bump on a log? I’m absolutely a conservative myself,” blurted Dochoolu. “Come on, Bochoolu, you be a conservative too, and we’ll fix it so those others can’t do anything.”"
11_bai_ganyo_does_elections_bul.csv,"“All right, but I don’t know whose side the provincial governor will be on,” answered Bochoolu."
11_bai_ganyo_does_elections_bul.csv,"“The governor? He’s with us, of course,” announced Bai Ganyo. “And the chief of police is with us. The standing commission isn’t legitimate, but who’s going to challenge its legitimacy? It’s ours. The election bureau is ours. The city council is ours. The mayor is a little wishy-washy, but we’ll keep him in line. The councils in the villages haven’t been confirmed yet, on purpose, understand? If they’re with us, we’ll confirm them, if not, the hell with them. I tell you again: as for the governor, don’t worry. He’s ours.”"
11_bai_ganyo_does_elections_bul.csv,“But the porters?” questioned Bochoolu.
11_bai_ganyo_does_elections_bul.csv,"“The porters are also ours, and the Gypsies, and Danko the Tug is ours.”"
11_bai_ganyo_does_elections_bul.csv,“But isn’t he in jail for robbery?” asked Bochoolu in surprise.
11_bai_ganyo_does_elections_bul.csv,"“Oh, come on now, are you stupid or something? We got him out. He was the one who got us the porters, wasn’t he? He went to them the day before yesterday, rounded them up, and showed them who was boss. They froze in their seats when he roared, ‘I’ll smash your teeth in if you don’t vote for Bai Ganyo!’ And the porters came on board. Danko bargained them down to two levs apiece and one whole night of eating and drinking on election eve.”"
11_bai_ganyo_does_elections_bul.csv,“What an incredible bandit!”
11_bai_ganyo_does_elections_bul.csv,"“And how much do you think he charged us? Only ﬁfty levs. He went to those guys on the other side to ask for one hundred levs, and they told him off and kicked him out. You’ll see him now on Sunday. He’ll break their bones!” said Bai Ganyo in a self-satisﬁed tone."
11_bai_ganyo_does_elections_bul.csv,"“Bochoolu, go call Gunyo the Lawyer to come and write us a proclamation. Tell him, ‘Bai Ganyo wants you.’”"
11_bai_ganyo_does_elections_bul.csv,"As soon as Bochoolu had gone, Bai Ganyo leaned forward and with a secretive voice turned to his comrades. “Keep quiet. Right up to election day we’ll make that idiot think that we’re going to make him a candidate; we’ll write up a few ballots with his name just for show, but the other ballots will be made by the clerks in the city council and from the regional government. Now listen to me. The minister definitely wants me to be a candidate. You, Gochoolu, do you want to run too?”"
11_bai_ganyo_does_elections_bul.csv,"“Yeah, sure, I’d like that, Bai Ganyo,” answered Gochoolu."
11_bai_ganyo_does_elections_bul.csv,"“Well, I’d like that, too,” said Dochoolu."
11_bai_ganyo_does_elections_bul.csv,"“Ah, you’d like that, would you? Well to tell you the truth, you’ve made a complete fool of yourself in public. Why did you have to be so obvious? Who was it squawking in the public squares, ‘Long live the great patriot!’ ‘Down with the vile tyrant!’ ‘To the gallows with Kliment!’ ‘Long live Kliment!’?”"
11_bai_ganyo_does_elections_bul.csv,"“But we were all in it together, weren’t we, Bai Ganyo? Why are you talking out of both sides of your mouth?”"
11_bai_ganyo_does_elections_bul.csv,"“Together, sure, but we always kept our activities hush-hush. Well anyway, never mind, since you want it so much; all right, I’ll get you elected, even though the villagers hate you. After all, you’ve been robbing them blind with your high interest rates.”"
11_bai_ganyo_does_elections_bul.csv,"“As for that, don’t bring it up, Bai Ganyo. We all know about you, too,” said Dochoolu warily."
11_bai_ganyo_does_elections_bul.csv,"Bai Ganyo was just about to explode, but at that moment Gunyo the Lawyer came in. Bai Ganyo explained what kind of proclamation was needed. Gunyo sat down at the table, took up the quill, and sank into deep thought. On Bai Ganyo’s orders the waiter brought a bottle of mastika. Gochoolu, Dochoolu, and Bai Ganyo drank. Gunyo wrote. Half an hour later, the following text was ready:"
11_bai_ganyo_does_elections_bul.csv,Appeal to the Voters of Our District
11_bai_ganyo_does_elections_bul.csv,"In view of the great importance and signiﬁcance of the forthcoming elections of national representatives for the present and future of Our Fatherland, our citizens, numbering more than seven hundred souls, gathered today in the courtyard of the school in the Ragpickers’ Quarter, and having considered the question of the candidacies of various individuals for representatives, we have reached agreement and unanimously decided to recommend to the distinguished voters of Our Region as their national representatives their fellow citizens:"
11_bai_ganyo_does_elections_bul.csv,"Ganyo Balkanski, merchant, renowned throughout Bulgaria"
11_bai_ganyo_does_elections_bul.csv,"Filio Gochoolu, merchant in finances"
11_bai_ganyo_does_elections_bul.csv,"Tanas Dochoolu, merchant in the wine industry."
11_bai_ganyo_does_elections_bul.csv,"That is, the very same people who were also recommended to you last month by the committee of the National Party in its declaration of 27 August."
11_bai_ganyo_does_elections_bul.csv,"As we proclaim this unanimous decision of Ours to the rest of the distinguished voters of our city and district, who hold dear to their hearts the good of the Fatherland, material improvement for the farmer, alleviation of the condition of the taxpayer, in a word, the interests of Our District, we urge them to cast their votes in the election on the 11th for our three aforementioned fellow citizens, who we are fully confident will represent our country in the National Assembly with dignity."
11_bai_ganyo_does_elections_bul.csv,"Distinguished Voters,"
11_bai_ganyo_does_elections_bul.csv,"Several citizens have already presented you with a slate containing the names Nikola Tûrnovaliyata, Lulcho Doktorov, and Ivanitsa Gramatikov, persons not from Our circle, persons foreign to Us, who do not and cannot hold Our trust. Perhaps others will also appear and try to persuade you to vote for their candidates. We advise you, distinguished voters, not to be deceived by their seductive words and not to be taken in by their flattery and not to believe in the various rumors and inventions they spread and the allegations of various circular dispatches and so on. Nikola Tûrnovaliyata is originally from Tûrnovo, and therefore he’s so stubborn he’d burn the quilt to get rid of the ﬂeas. Lulcho Doktorov is devoted body and soul to the Transdanubian Province, and as for Ivanitsa Gramatikov, nobody knows him, and, nota bene, he is Russian-educated and thus a traitor to Our Dear Fatherland."
11_bai_ganyo_does_elections_bul.csv,"Distinguished Voters,"
11_bai_ganyo_does_elections_bul.csv,"We are convinced that the aforementioned persons, namely those below:"
11_bai_ganyo_does_elections_bul.csv,Ganyo Balkanski
11_bai_ganyo_does_elections_bul.csv,Filyo Gochoolu
11_bai_ganyo_does_elections_bul.csv,"Tanas Dochoolu,"
11_bai_ganyo_does_elections_bul.csv,"who are totally loyal and subservient to the THRONE AND DYNASTY OF HIS ROYAL HIGHNESS OUR BELOVED PRINCE FERDINAND I and who will faithfully uphold our present patriotic government, led by the current prime minister, will gain your support."
11_bai_ganyo_does_elections_bul.csv,"“Bravo, Gunyo!” Bai Ganyo exclaimed. “You’re a veritable Bismarck!”"
11_bai_ganyo_does_elections_bul.csv,"“Well, did you think I was stupid?” said Gunyo complacently."
11_bai_ganyo_does_elections_bul.csv,“Now go and give this to the printer; have him print it in great big letters.”
11_bai_ganyo_does_elections_bul.csv,“What about the money?”
11_bai_ganyo_does_elections_bul.csv,"“There is no money, just tell him to print it. If he doesn’t, let him know we’ll tell the city council and the other departments not to have their printing done at his shop. Got it? Now get going,” commanded Bai Ganyo."
11_bai_ganyo_does_elections_bul.csv,"“Do you know,” continued Bai Ganyo, “those guys sent a telegram to the minister complaining to him that the governor was going around the villages campaigning?”"
11_bai_ganyo_does_elections_bul.csv,“Those idiots!” said Gochoolu.
11_bai_ganyo_does_elections_bul.csv,“You said it!” agreed Dochoolu.
11_bai_ganyo_does_elections_bul.csv,"“It’s not as if the minister is the Holy Mother of God who has to listen to every little thing they say. Apparently he answered them, ‘The elections are free,’ ha ha ha!”"
11_bai_ganyo_does_elections_bul.csv,“Heh heh heh!” snickered Gochoolu and Dochoolu.
11_bai_ganyo_does_elections_bul.csv,"“He’s a real devil, damn him. Free, eh? I’ll show them freedom! On Sunday they’ll see a freedom that they’ll remember the rest of their lives. Especially Gramatikov! That poor bastard hasn’t seen our elections yet. Just let those Vlahs of ours come out to meet him, those Gypsies with their bloodshot eyes bulging out an inch, with their gravelly voices, those sashes up to their necks, let them stare right at him, then let that wild boar Danko the Thug come up behind him and just shout, ‘Grab him!’”"
11_bai_ganyo_does_elections_bul.csv,"“Heh heh heh!” snickered Gochoolu and Dochoolu, their eyes glowing with satisfaction."
11_bai_ganyo_does_elections_bul.csv,"“Li-be-ra-als! Cos-ten-tu-tion! I’ll give them a costentution. They’re still pinning their hopes on the circular dispatch. They’ve numbed people’s ears with that circular dispatch. If they’re not reading it, then they’re showing it to the whole world. The governor and I had a good laugh yesterday at the coffeehouse. Just for appearances, he had them print that damned dispatch and then had sent it around the coffeehouses. Yesterday, we were sitting in the coffeehouse, watching those guys, with their heads all bent over a table like sheep at lunchtime, reading and rereading the dispatch. They were so happy; we heard them whispering, ‘Free! The elections are free! The police won’t interfere!’ And the governor and I, hee, hee, hee! I give him a look and I tell him, laughing, ‘We’re a sure thing.’ He starts to chuckle and hup! drinks down a mastika. He pats his pocket, meaning here’s that letter, about the freeness of elections, winks, and says,‘We’re not a sure thing’—and heh, heh, heh, hup!—another mastika. We got ro-y-ally drunk! And then Danko the Thug came in, and some others, and still more people, and then we shut ourselves up in the coffeehouse, and I called to the fiddlers, ‘OK, boys!’ The strings were smoking! Georgi’s mastika is no good. The snacks are lousy. Why does he serve you pickled okra instead of pickled cucumbers? Ugh! I’ve got a headache from yesterday. Gochoolu, pour us each another mastika!”"
11_bai_ganyo_does_elections_bul.csv,“Here’s to the hangover!”
11_bai_ganyo_does_elections_bul.csv,"“Forget it. And tonight, we’ll have to drink again. Starting tonight, we have to get our people set up in the taverns.”"
11_bai_ganyo_does_elections_bul.csv,"Dochoolu spoke up. “Isn’t it too early, Bai Ganyo?”"
11_bai_ganyo_does_elections_bul.csv,"“It’s not too early. Tomorrow is Saturday. They have only thirty-six hours left for drinking. It’s not too early. It’s just right. And after all, they won’t all drink the whole time. They’ll take turns. Some will drink for five or six hours. They’ll rest, and others will start in. One group after the other! Once they get together, they won’t leave. They’ll drink there, eat there, sleep there. Got it?”"
11_bai_ganyo_does_elections_bul.csv,“We know. This is’nt the first time we’ve done elections!” put in Gochoolu.
11_bai_ganyo_does_elections_bul.csv,"“You, Gochoolu, when you pass by the Albanian’s, tell him to bake three hundred okas of bread for this evening and to send one hundred okas to Topachoolu in the Gypsy Quarter, one hundred okas to Gogo’s tavern in the Ragpickers’ Quarter, and one hundred okas down to the porters. You, Dochoolu, drop by those bars and tell ’em to start giving out wine and rakia as of this evening. Tell ’em to go heavy on the rakia, you hear? And you tell ’em not to overcharge too much, or there’ll be hell to pay. The year before last, they swindled us out of two thousand levs for nothing, the bastards. Tell ’em to watch their step, because the city council is ours. Drop by the butchers, too. Tell ’em to collect a couple of baskets of whatever scraps they have—liver, tripe, bones—and we’ll send them to the taverns so they can each cook up a kettle of chorba for our boys. Tonight, the governor and the chief of police will return from the villages. I’ll take them with me to make the rounds of the other taverns and coffeehouses. We’ll get the clerks from all the departments to write up ballots; we’ll make them write all night. I chose the paper myself, sort of a grayish, yellowish color. We’ll fold our ballots like amulets.”"
11_bai_ganyo_does_elections_bul.csv,"“Three-cornered,” clariﬁed Dochoolu."
11_bai_ganyo_does_elections_bul.csv,"“Three-cornered. And we’ll need to get hold of some of their ballots to see what their paper is like and how they fold them, so we can have the clerks write up one or two thousand ballots on their paper with our names.”"
11_bai_ganyo_does_elections_bul.csv,"“You’re a sly devil, Bai Ganyo. You’ve got all those tricks down pat,” said Gochoolu reverently."
11_bai_ganyo_does_elections_bul.csv,"“Well, naturally. How could I be Ganyo Balkanski and not know the ropes in this business, too? You, my dear sir, can drop me in any district you like and tell me to get anyone you like elected. If you pick a donkey as the candidate, I’ll damn well get the donkey elected for you. Just give me the police chief and his men, and give me one or two thousand levs. For you, my friend, I’d get those fine fellows together, the rabble and riffraff, say forty or fifty jailbirds, and set ’em up in two or three taverns around the outskirts, give ’em a keg apiece, and then shout out to them, ‘Hey, you guys! Come on! Long live Bulgaria!’ He-ey! Now you’ll see! Their bulging eyes turn blood-shot. They begin to pull their knives out of their sashes and stab them down into the tabletops. They raise a hullabaloo with their rough, gravelly voices. You’d be terriﬁed! Then, during the night, you up and lead these monsters through the town. Opposition? The devil himself couldn’t stand up against you. Take them past the house of some opponent. Man, oh man! When they open up those mouths of theirs! If you heard them from three miles away, it would make your skin crawl; your hair would stand on end like a hedge-hog’s bristles. Then call the village mayors and clerks and flash your eyes at them and gnash your teeth and point out those jailbirds. Voters? You won’t even see their shadows. When twelve people from each village have shown up, regional councilmen and mayors together, you gather the officials and clerks, post police in the outskirts to turn back the other villagers, surround the bureau with those forty or fifty cutthroats, create some kind of confusion, stick a few bundles of ballots in the box, and voilà, your donkey is the national representative, ha ha ha!”"
11_bai_ganyo_does_elections_bul.csv,"“Ha ha ha,” responded Gochoolu and Dochoolu. “Bravo, Bai Ganyo!”"
11_bai_ganyo_does_elections_bul.csv,"“That’s right, but the police alone aren’t enough. The election bureau also has to be yours,” added Gochoolu."
11_bai_ganyo_does_elections_bul.csv,"“I think so, too,” chimed in Dochoolu. “It’s ours now, but speaking hypothetically. Seriously, Bai Ganyo, please explain to us. How did you get control over the bureau?”"
11_bai_ganyo_does_elections_bul.csv,"“How?” answered Bai Ganyo with a self-satisfied smirk. “Very easily! Didn’t we elect the district council? Eight came out theirs, four ours. We forced an appeal of four of theirs, the most important ones. Now, you’ll say that they raised a fuss. Rubbish! By the time they get it sorted out, the elections will be over. We ended up with four of theirs and four of ours. But those we left them with were all the worthless ones. We held a meeting to elect a standing commission. The messenger boy couldn’t locate one of theirs—do you remember?”"
11_bai_ganyo_does_elections_bul.csv,"“Tsk tsk tsk,” clucked Dochoolu. “What good is Bismarck? Bismarck couldn’t hold a candle to you.”"
11_bai_ganyo_does_elections_bul.csv,"“Just wait; you haven’t seen anything yet. After all, should only the Germans have a Bismarck? Anyway, we were left, gentlemen, with three of theirs, and our four, the majority! Eh, of course! We weren’t born yesterday. The commission ended up completely ours. Not only that, but ours received more votes, because we had promised two of theirs separately that we would elect them secretary of the commission, and they, the suckers, voted, and voted for ours. Ha ha ha! Now they walk around the streets in a daze. Especially one of them, an influential, wicked guy. We took him around the villages to campaign with us, promising to elect him secretary, and he, the blockhead, up and quit his job. He counted his chickens before they hatched. Sucker! Dochoolu, pour us each another mastika.”"
11_bai_ganyo_does_elections_bul.csv,"Bai Ganyo strained the mastika through his mustache, wiped it with his palm, twirled up the ends of his devilish mustache, and continued."
11_bai_ganyo_does_elections_bul.csv,"“Now, let me tell you how one chooses an election bureau. It’s done by drawing lots. The chief judge of the court pulls them out. They call it ‘the luck of the draw,’ but I can make them pick whoever I want. And very easily: if you put the slips in a glass, so they can be seen from outside, you have to scratch a little mark with ink on each of the filled-in slips, or, if they’re in a box, you have to use a deep box so that the slips can’t be seen from the outside. You have to arrange the filled-in ones on one side and the blank ones on the other. Then all you have to do is whisper to the judge that ‘he’s in for it’ and therefore he’d better watch his step. They call out‘, Ivan, Stoyan, Pûrvan!’ Do you need Pûrvan? Take a filled-out slip. You don’t need Pûrvan? Take an empty slip. In other words, the judge draws the lots.”"
11_bai_ganyo_does_elections_bul.csv,“What a devil Bai Ganyo is! Those simpletons sure did pick the wrong person to oppose! Too bad for them!” proclaimed Gochoolu.
11_bai_ganyo_does_elections_bul.csv,"“With a head like yours, how come you’re not a minister already?” marveled Dochoolu."
11_bai_ganyo_does_elections_bul.csv,"“Cut it out. That’s enough,” said Bai Ganyo modestly. “You know what Bulgarians are like!”"
11_bai_ganyo_does_elections_bul.csv,"In the east, dawn is just beginning to break, and a pale light spreads into the interior of Gogo’s tavern in the Ragpickers’ Quarter. Some thirty select troops are strewn about on the tables, on the ground, over the chairs; their snoring, like thirty tigers attacking one another, can be heard from the street, and it catches the ear of the police guard. From time to time one of these heroes arises with half-closed eyes, stumbles through the motionless bodies, grabs the jug, and thirstily quenches the alcoholic fire burning his stomach, throat, mouth, and cracked lips; the bodies on which he has trod in the dark awaken and spew curses and oaths from their hoarse, dry throats. What a stench! Their breathing emits a hellish odor and poisons the air of the tavern, which even without that would be foul, infused with the fumes from this mass of dismal characters."
11_bai_ganyo_does_elections_bul.csv,"Gochoolu and Dochoolu are already awake and drinking coffee in Nasty Hasan’s coffeehouse. The last tactical maneuver lies before them. It is time to wake the sleeping camps of the electoral army. Here they are already in front of Gogo’s tavern. They open the door, and a wave of suffocating stench knocks them backward."
11_bai_ganyo_does_elections_bul.csv,“Pfui! Damn them all!” cries Gochoolu in a choking voice and holds his nose.
11_bai_ganyo_does_elections_bul.csv,“Did they eat garlic or what?” Dochoolu’s words are strained through a sour grimace and he also holds his nose.
11_bai_ganyo_does_elections_bul.csv,Through the open door fresh air swept into the tavern and made it possible for the not-overly-sensitive duo to venture inside.
11_bai_ganyo_does_elections_bul.csv,"“Are you still sleeping, you oxen? Come on, get up,” commanded Gochoolu authoritatively, and he began prodding the members of the drunken brigade with his foot."
11_bai_ganyo_does_elections_bul.csv,"“Gogo, give them each a rakia to help open their eyes,” added Dochoolu."
11_bai_ganyo_does_elections_bul.csv,"Gogo got up sluggishly from his bed, stretched, yawned, scratched the sweatier parts of his body, and began rummaging reluctantly among the bottles and glasses. The rakia poured, he addressed the unroused men."
11_bai_ganyo_does_elections_bul.csv,"“Get up, you donkeys, here, guzzle it down! That’s enough yawning like dogs. Just look at your eyes—bulging like boils! Drink up now!”"
11_bai_ganyo_does_elections_bul.csv,"With such pleasantries, assisted by energetic kicking, Gogo made the rounds of his drink-sodden guests, offering them rakia to bring them to their senses. Here and there someone would growl in protest at Gogo’s kicks, another would stare at him with wide open, ferocious, and blood-shot eyes, and some even attempted leaping up and grabbing the handle of the fisherman’s knife tucked into his sash. These terrifying movements filled Gochoolu and Dochoolu with delight. They whispered to each other:"
11_bai_ganyo_does_elections_bul.csv,"“Dochoolu, just look at that big tough guy there in the corner, with the bandaged eye. Do you know him?”"
11_bai_ganyo_does_elections_bul.csv,"“How could I not know him? It’s Petrescu, the one who drowned his father in the swamp! I know him. God help you if you get on his wrong side. Look at the knife he’s carrying! But do you know that one there, under the counter?”"
11_bai_ganyo_does_elections_bul.csv,“That fat one? The one bandaging the wound on his leg?”
11_bai_ganyo_does_elections_bul.csv,"“No, the other one, with the ripped up mouth.”"
11_bai_ganyo_does_elections_bul.csv,"“I can’t remember. Well, wait, wasn’t he Stupid Petse’s kid, the one who robbed the church?”"
11_bai_ganyo_does_elections_bul.csv,"“No, Stupid Petse’s boy is that one there, lying beside Boncho the Bandit. That other one is Danko the Thug’s grandson. Bai Ganyo sent him here to follow these good-for-nothings, to make sure the others don’t fool them. A terrific outlaw! The night before last he actually stole a bundle of their ballots.”"
11_bai_ganyo_does_elections_bul.csv,“Bravo!”
11_bai_ganyo_does_elections_bul.csv,"“Do you know what we’ve delegated him to do? As we’re infiltrating the bureau, if some of theirs should arrive, that lad will grab Nikola Tûrnova-liyata by the collar and start yelling, ‘Hold him! He cursed the prince! He insulted the prince; hold him!” Then Petrescu and Danko the Thug will grab Nikola and throw him outside. The police will take him and—into the pokey. Their guys will try to rescue him, our guys will oppose them—there’ll be a dustup. The police will rush in and sweep them away like chicks. It’s all arranged.”"
11_bai_ganyo_does_elections_bul.csv,“But who will take care of Lulcho and Gramatikov?”
11_bai_ganyo_does_elections_bul.csv,“Do you take them for real men? Let someone like Topachoolu stare at them. They’ll just evaporate.”
11_bai_ganyo_does_elections_bul.csv,"This is the conversation Gochoolu and Dochoolu held while watching with delight the sluggish awakening of these thirty dark personages assembled from the rabble and riffraff whose task today is to terrorize, to drive away, to sow horror and fear around the polling place, and to force already timid Bulgarians to give up their right—of which they are barely aware—to exercise their free will in determining the government. This is the conversation Gochoolu and Dochoolu held while watching these thirty horrible figures, deformed, bloated, with bulging bloodshot eyes, covered with scars and scratches, with wide sashes and knives stuck in those sashes, with savagery in their faces, with criminal convulsions in their movements. They watched them and anticipated the sweetness of the electoral victory."
11_bai_ganyo_does_elections_bul.csv,"All of the mercenaries were already on their feet when music was heard coming from the Gypsy Quarter. Music! Shall I describe this music, which had been going all night at Topachoolu’s tavern, to which even the tavern keeper himself had swayed his hips and sung, “Vangeli, she sewed a sheet, / and got down on it for the deed. / O dear God! just clap your thunder, / strike me down and take me under”? Shall I describe the fiddler, asleep on his feet, with the fiddle barely supported, almost resting on his stomach? Shall I tell you about the clarinetist, who either doesn’t play at all or overblows the clarinet like a madman, his face puffed up, the veins in his neck standing out, his bloodshot eyes bulging, it seeming that with just a little more pressure an epileptic seizure will amaze his listeners? No, I won’t describe the music to you, because I think it suffices to tell you that these musicians were à la Bai Ganyo."
11_bai_ganyo_does_elections_bul.csv,"The band played the Polovtsian March. Amid the intermittent sounds, a wild, inhuman roar split the air. A whole cloud of birds took fright and left the trees and eaves of the Ragpickers’ Quarter. If an army of hungry lions were facing an army of maddened tigers and at a signal these armies were let loose at one another, the roar, which would shatter the battlefield, would be similar to the wild roar that now terrified the inhabitants of the Gypsy Quarter and Ragpickers’ Quarter. This was a “hurrah” from the mercenaries gathered by Danko the Thug. There they are, coming into sight over by the bend in the road and pouring into the square."
11_bai_ganyo_does_elections_bul.csv,"The band is in front. Behind the musicians come the Gypsies and the porters. At their head, carried aloft, with twirled mustache and a jauntily cocked hat, who do you think? Your own Bai Ganyo Balkanski himself. Even at this festive moment Bai Ganyo didn’t forget himself. He kept his hands in his pockets. “Certainly, some pickpocket will reach in there, and good-bye purse. I know the ropes, don’t I?” A second “hurrah,” capable of waking even the dead, assaulted the ears of Gogo’s gang, which poured out of the tavern into the square and answered with a cannonade: “Long live Bai Ganyo!”"
11_bai_ganyo_does_elections_bul.csv,"“Good morning, boys!” called the modestly beaming Bai Ganyo."
11_bai_ganyo_does_elections_bul.csv,A cacophony of thirty hoarse “g’morning”s answered his greeting.
11_bai_ganyo_does_elections_bul.csv,"“Courage, boys; power is ours,” Bai Ganyo exhorted them, in the tones of Napoleon at Austerlitz. “Listen here, you, Danko’s grandson. Do you remember what I told you? When you see trouble, grab Tûrnovaliyata by the collar and yell, ‘He insulted the prince!’ Get it?”"
11_bai_ganyo_does_elections_bul.csv,"Danko’s grandson spoke up gleefully from the ranks. “I know.” “And then you, Danko, and you, Petrescu . .”"
11_bai_ganyo_does_elections_bul.csv,"“We know it upside down and backward,” said Petrescu, fully conscious of the importance of his task."
11_bai_ganyo_does_elections_bul.csv,"“Bravo! But now listen, Petrescu. I want you to pull off one more job. When you’re all fighting with the voters, you cut just two or three of them with your knife, enough to cause some confusion, toss the knife to the side, then tear the front of your shirt, and then afterward get some blood on yourself, understand? Then go and smear your face and clothes with blood, understand? Then after that, start yelling that the citizens are trying to butcher you because you shouted, ‘Long live the prince.’ Get it?”"
11_bai_ganyo_does_elections_bul.csv,“Got it. But you’ll have to give me an extra ﬁve levs blood money.”
11_bai_ganyo_does_elections_bul.csv,Bai Ganyo reassured him. “Money is no problem; you just do what I tell you.”
11_bai_ganyo_does_elections_bul.csv,"Those sent out on reconnaissance from the Gypsy Quarter to the voting place—the scouts Adamcho the Chickenthief, Spiro the Bloodhound, and Lame Mustafa—rushed into the square and informed Bai Ganyo that about three thousand villagers had arrived in the city by various paths and that Tûrnovaliyata’s people had given them ballots. “The chief of police said to hurry, because everything’s going wrong.”"
11_bai_ganyo_does_elections_bul.csv,"“God damn your chief of police!” screamed Bai Ganyo. “What the hell did we make him an official for if he can’t even scare off a few peasants! Official? Horsefeathers! He only knows how to pick up village girls! Idiot! Why didn’t he send the police to the outskirts? He got sloshed and forgot what he was supposed to do, the jackass. Run quickly and tell him to gather the mounted police and send them galloping through the middle of town, understand? Have them fly like a whirlwind right through the middle of town, you hear? And we’ll give him a ‘hurrah’ from here, and then let’s see which peasant is going to stand up against us. Run quickly!”"
11_bai_ganyo_does_elections_bul.csv,"“Gogo, give us some rakia here,” commanded Bai Ganyo. “Drink up, damn it all. I’m paying. Why have the fiddlers stopped? Play, Gypsies! Blow that clarinet, you. Why are you gaping at me like an ox? Hah, that’s the way! Yee-ee-ee-ha-ah!”"
11_bai_ganyo_does_elections_bul.csv,"“Danko, give out the ballots, a bundle to each man. Let’s go now, boys. Forward! Courage! Long live His Royal Highness! Hurraaah!”"
11_bai_ganyo_does_elections_bul.csv,“Hurraaaah!”
11_bai_ganyo_does_elections_bul.csv,And the “voters” set off!
11_bai_ganyo_does_elections_bul.csv,"Ivanitsa Gramatikov, the opposition candidate, woke up at six o’clock in the morning. He got dressed, drank his coffee, and went out onto the high balcony in front of the house. The sun, which had just barely risen, reflected off the cupola of the church and the eastward-facing windows. All of nature appeared to be celebrating. Actually, nature remained as disinterested as it always is, and it was just the candidate’s spirit that was celebrating."
11_bai_ganyo_does_elections_bul.csv,"Young, educated, a bit of an idealist but really more of a dreamer, with love in his heart, faith in goodness, hope for the future, he was not yet hard-ened to reality, to life. Carefree to the point of arrogance, an incurable optimist, accustomed always to be looking for the silver lining, he was trusting to the point of naïveté, even of stupidity."
11_bai_ganyo_does_elections_bul.csv,"Some of his friends had suggested that he run for national representative. A citizens’ gathering received his candidacy sympathetically, and Gramatikov thought that everything was set. He floated along on dreams of future activity in the National Assembly. Everything was coming up roses for Bulgaria. But some nagging details, some of his friends’ preparations for the elections—actions unforeseen in the election law—seemed to cast shadows over his sweet daydreams from time to time. Why was it now necessary for him to set his program before the voters? Couldn’t he have done without that? Why did he have to be subjected to so many awkward moments: giving answers, promising assistance on issues of concern perhaps only to the individual petitioners? It was as if he had entrusted his entire intellect to his staff of friends surrounding him! They told him that he needed to give a speech, so he gave a speech. They told him that he needed to receive the village mayors and talk to them politely, so he received the mayors and clerks in his house and spoke to them with such politeness that the peasants looked at their feet and barely understood him. They expressed their needs, and he took notes and candidly stated which could be satisﬁed and which could not, to the extreme dissatisfaction of the villagers, accustomed to being promised mountains of gold. He had to take part in gatherings of prominent citizens, at which campaigners were designated and then distributed among the villages and city wards. The citizens argued loudly. He sat to the side and was silent, as if it had nothing to do with him. This stupid passivity worried him. He opened his mouth to say something, to object, but one of the staff always grabbed him by the hand and told him in a patronizing, fatherly tone, “You just be quiet. Stay on the sidelines. You don’t understand these things yet.” And he obediently closed his mouth and listened to the solid and self-conﬁdent conversations of the respectable citizens. “Elections aren’t always like this, are they?” he thinks. “Or perhaps this is something that’s starting now, in this new era.” He lightly taps one of the people arguing and whispers in his ear, “Excuse me, do elections always work this way?” The person, distracted by another conversation, looks at him as though through a fog and laughingly admonishes him. “Don’t worry about that now. Some other time. You don’t understand these things. You just stay out of it. Everything’s under control.”"
11_bai_ganyo_does_elections_bul.csv,"Everything’s under control! Gramatikov got used to the idea that “every-thing’s under control.” Wherever he sat, wherever he stood, whomever he met, be it merchant, craftsman, or peasant, he heard the same thing, that everything was under control; if he went into the coffeehouse, friends surrounded him and hurried to inform him of the latest reports from the town and the villages. “Oh, g’morning Mr. Ivanitsa. How are you? Everything is finally under control now.” “Oh, Mr. Ivanitsa, it’s all set! The whole region is in your pocket. Don’t worry about a thing. Everything’s already entirely under control.” If he goes for an evening walk in the city park, he encounters friends on every path, and from afar they signal him with gestures meaning “It’s all set.” “Everything’s under control.”"
11_bai_ganyo_does_elections_bul.csv,"Everything’s under control! But then again, an event that he witnessed on the eve of the elections gave him to understand that there is a difference between elections as described in the election law and elections in reality. A friend reminded him of this incident in a letter, with the following words: “Law, order, freedom, our success. Do you remember, do you remember? What a joke! Remember the invasion of the Huns in the coffeehouse the evening before the elections? Remember that ‘Bulgarian citizen’ with the Russian hat on the back of his head, bare-chested, barefoot, with holes in the knees of his pants? Or that one with the red eyes, in shirtsleeves, bare-headed, with the big stick in his hand? Or the Vlah outside, in front of the door, in a heroic ‘intoxication’ of patriotism, in deep awareness of his civic rights and duties, ripe, that is, already overripe with political wisdom, who was barely able to stand on his feet; do you remember how he, with chest puffed up by the most noble and philanthropic ideas, worthy of making an entire world happy, with his tongue thickened by the pressure of the inex-pressible and lofty thoughts that roiled in his brain, declaimed about freedom and the people’s rights, but when an older citizen coming out of the coffeehouse yelled at him, the freedom and people’s rights stuck in his throat, just as they had stuck somewhere in the noble soul of his moral comrade-in-arms and leader? And that scum, that dregs of the slime of a savage, bestial, utterly uneducated and uncultivated layer of urban society, capable of a sort of brutality that I couldn’t even imagine existed in our city, which prides itself on its ‘civilization’ and‘Europeanness,’ this unprincipled mob, led by its various ignoramuses and weaklings, who neither possess nor are capable of possessing any principles, that scum, I tell you, has its representatives in the National Assembly, while thousands of voters . .”"
11_bai_ganyo_does_elections_bul.csv,"And so, on Sunday, the day of the elections, at about seven o’clock in the morning, Gramatikov stood on the high balcony of his house and lightly, joyfully breathed in the morning chill. The election law, brought to life in his dreams, sketched for him in succession the various moments of a constitutional election. The town clock, proclaiming the half hour with two strokes of the gong, cut off the candidate’s sweet dreams andreminded him that it was time to leave for the polling place. He got dressed and took his walking stick but then remembered that it was forbidden to enter the polling place with any sort of weapon, so he left the stick, and set off. The streets were almost empty; people had already moved toward the schoolyard. On the square in front of the church a group of friends greeted him warmly:"
11_bai_ganyo_does_elections_bul.csv,"“Oh, Mr. Ivanitsa, good morning. Did you see them?”"
11_bai_ganyo_does_elections_bul.csv,“Who?”
11_bai_ganyo_does_elections_bul.csv,“The voters. Just counting villagers there’re three thousand. We already distributed ballots to them. Everything’s taken care of. Let’s go to the school now.”
11_bai_ganyo_does_elections_bul.csv,"They wended their way through a narrow, crooked street and emerged near the polling place. Indeed, a whole mass of city folk and villagers were peacefully and quietly buzzing in the courtyard and the adjacent street. The campaigners walked back and forth among them and half openly, half secretly distributed ballots to the new arrivals. Here and there were heard people exclaiming that they hadn’t voted in years."
11_bai_ganyo_does_elections_bul.csv,"“Well, hell, it’s been eight years since I voted.”"
11_bai_ganyo_does_elections_bul.csv,“Same with me.”
11_bai_ganyo_does_elections_bul.csv,"“Me, too.”"
11_bai_ganyo_does_elections_bul.csv,Such confessions were heard from all sides.
11_bai_ganyo_does_elections_bul.csv,"The polling place was already set up in the main hall of the school. Some voters, as well as one of the opposition candidates, were hanging around. The election began. It seemed strange to Gramatikov that the courtyard next door to the school, and also the courtyards facing it across the street, were crawling with masses of heavily armed police, among whom two officers circulated, whispering some kind of instructions. “But isn’t it forbidden by the election law to have an armed force next door to the polling place? Strange!”"
11_bai_ganyo_does_elections_bul.csv,"But he didn’t have to wonder long. Before Gramatikov’s eyes, such a storm of horrors and violence began erupting, swirling, roaring, and thrusting that he was paralyzed, as if struck by lightning. Here’s what happened: Before he could recover from the strange impression made on him by an armed force so close to the polling place, he saw Adamcho the Chickenthief run over to one of the police officers, all breathless and excited, and whisper something anxiously in his ear. The officer called a policeman, spoke a few words to him, and sent him away. A minute later, the chief of police appeared. Adamcho whispered something to him. The chief gave some orders to the officers; they ran off in all directions, and shortly thereafter, policemen began to emerge from the courtyards of neighboring houses leading horses behind them. They mounted the horses; the chief in the lead, saber drawn, gave the order “Advance!” and twenty mounted police, armed to the teeth, surged through the narrow street thronged with voters. They surged and began to use the horses to break through the wall of humanity. Screams, yells, shouts, protests, orders, sabers glittering in the sun, waves of people raging back and forth; the horses charged at random into the crowd. The living wall split to make way for them. New waves from the rear lines swept in, and the mass pushed the police back. But the weapons prevailed. The living wall wavered. The Turkish voters began to evaporate one by one, saying, “Why should I get myself beat up?” The villagers began to exchange looks. The police succeeded in pushing the main part of the voters some distance away."
11_bai_ganyo_does_elections_bul.csv,"The other, much smaller, part remained in the schoolyard. Tûrnovaliyata and Gramatikov were there. From the other side of the street the shrill sound of a clarinet began to rend the air. Fiddles were heard, and so was the rumble of an approaching crowd. Then a wild thunderclap smashed the area. There they all are: the fiddlers; behind them, with lightning flashing in his eyes, Bai Ganyo Balkanski; there’s Gochoolu and Dochoolu; there’s Petrescu, Danko the Thug’s grandson, Spiro the Bloodhound, Lame Mustafa; there are the Gypsies, the fishermen; and there’s Danko the Thug himself. “Long live the respected government, hurrah!” cried Danko’s grandson in a high-pitched voice."
11_bai_ganyo_does_elections_bul.csv,“Hurrah-rah-raaaah!” roared the fearsome hundred-mouthed crowd.
11_bai_ganyo_does_elections_bul.csv,Gramatikov began to tremble. The year  1876 ﬂashed through his mind. The bashibazouk hordes were resurrected before him. The name of Fazli Pasha froze on his lips.
11_bai_ganyo_does_elections_bul.csv,"The wild horde of drunken monsters poured into the school courtyard. My God! What crudeness, what arrogance, what mindless ferocity in those bulging, bloodshot eyes, in those bullying gestures, in those aggressive looks! Bai Ganyo, accompanied by his retinue, who forced a path for him, went up the stairs and pushed his way into the main hall of the school, near the polling place. Through the windows came a noise, a hollow growl, and propelled by the onrushing wave, Nikola Tûrnovaliyata appeared on the steps. Danko’s grandson immediately swooped down on him like a bird of prey, grabbing him by the collar, and began bawling in a hoarse voice, “Hold him! He cursed the prince. He insulted the prince. Hold him!” Petrescu and Danko the Thug didn’t hesitate. The two of them set upon him like wolves, grabbed him by the arms, and dragged him down the stairs. Bai Ganyo pushed his way into the hall, took a note from the chairman of the election board, and gave it to Danko’s grandson, who squeezed through the crowd and pushed into the courtyard next door, and a minute later, when the foot and mounted police burst into the courtyard, they found Bai Ganyo’s army pressed into a corner by the indignant voters who had remained in the courtyard. Petrescu, with bleeding chest and blood smeared on his hands and face, howled like the most innocent of babies. He had already jostled two or three voters and succeeded in carrying out the plan in good time—getting himself all bloody, climbing onto a heap of stones, and screaming at the top of his lungs for help. “They’re killing me, Mr. Chief of Police! They were going to kill me. I said, ‘Long live the prince,’ and they went after me with knives!”"
11_bai_ganyo_does_elections_bul.csv,"The police began its part. “Sabers out!” They unsheathed their sabers and began wielding their whips. Protests were heard. Curses silenced them. The police, assisted by Bai Ganyo’s army, carried off Nikola Tûrnovaliyata and carried off his more prominent comrades; the mounted police flew into a rage and swept the courtyard bare."
11_bai_ganyo_does_elections_bul.csv,"Even Gramatikov, dragged along by the current of the crowd, found himself out on the street. He was stunned, as if struck by lightning! In his ears rang the words of Bai Ganyo, who shouted from the top of the stairs, “We’ve been around Europe a bit, too, and we know about these damned things, these elections. I’ve been to Belgium!”"
11_bai_ganyo_does_elections_bul.csv,"The words of Grandpa Dobri also rang in his ears. Poor Grandpa Dobri! Shoved into the street, hit hard on the head, weeping from pain, or anger, or grief, he kept saying, poor fellow, in a cracked voice, “Well, Mr. Chief of Police, well, it’s like this, you know, somehow, they were supposed to be free, somehow or other.” Poor Grandpa Dobri!"
11_bai_ganyo_does_elections_bul.csv,"Several days later, Gramatikov read the following dispatch in one of the capital city’s newspapers:"
11_bai_ganyo_does_elections_bul.csv,"To the Prime Minister in Sofia. The elections were carried out in absolute calm and orderliness. Elected: Ganyo Balkanski, Filio Gochoolu, and Tanas Dochoolu, all ours. The opposition candidates went down in disgraceful defeat. As soon as the voters appeared, with musicians in the lead, their gang fled in disorder. The whole city is celebrating. Long live His Royal Highness. Ganyo Balkanski."
11_bai_ganyo_does_elections_bul.csv,"The letter to Gramatikov of which we spoke earlier closed with these words:“But what will the people say; what will they do? A curious question! You told me once that you still believe in the Bulgarian people. Come now! Don’t fool yourself! What do you believe in? In a servile tribe that puts up with all this? Behold it, reflected in its representatives!"
11_bai_ganyo_does_elections_bul.csv,"“The people you believe in are slaves, I tell you. Slaves. Slavery is a blessing for them, tyranny is a boon; servility is heroism; a contemptuous curse from above is music! And yet this nation is wretched and unlucky, thrice unlucky. Beaten down by fate, condemned to suffer and to depend on others, tormented by enemies, and even more so by friends and saviors, it has no fixed point to rest its gaze on, nothing to hang onto. It has lost faith in itself and in its fate and has become too ‘practical’ and sober, sober to the point of unconsciousness. Look at it—without aid, without counsel, shattered and torn apart inside and out, a pitiful, storm-tossed remnant of the past."
11_bai_ganyo_does_elections_bul.csv,"“Is there anyone to revive it, to pull it forward? Ideals?—Vanity! Wind!”"
12_bai_ganyo_the_journalist_bul.csv,"The orchestra was playing the Romanian melody “Doina.” Or more precisely, the one playing was our Annie on solo flute; the rest were just chiming in. We listened from the inner salon. But, you will ask, who is this “we” you’re talking about? Who? Everyone knows who: the senator, Othello, Stuvencho, and me. A tall bottle of white Chateau Sandrovo stood before us, and next to it another of Giesshübler. We were lolling around a table, cigarettes in our mouths, catching the musical flourishes of “Doina,” and we had surrendered ourselves to a pleasant far niente, the business of doing nothing. The next day was Sunday. We didn’t have to work, and we could stay out a bit later. The music was decent, the fräuleins were pretty; we were confirmed bachelors. Perfect!"
12_bai_ganyo_the_journalist_bul.csv,"So there we were, when all of a sudden, the flute went off key, and at the same instant, the whole orchestra fell out of tune. Just then, Stuvencho laughed out loud and said, “That damned Othello! He’s such a joker! Just look at him!” The senator and I immediately turned around, and what do you think we saw? That devil Othello! I don’t know how he comes up with those pranks of his! He had stolen away without any of us noticing, asked the waiter for a lemon wedge, and, catching the eye of the flute player, without the others noticing, started nibbling the lemon right in front of her. She was a young girl, impressionable, so naturally, her mouth watered, and her lips puckered up in anticipation of that tart lemon juice. Well, just try to play the flute under such circumstances. We laughed till tears rolled down our cheeks."
12_bai_ganyo_the_journalist_bul.csv,"The music stopped. From the street we heard a kid shouting, “Hot off the press! Get the la-test news-pa-per! Get the National Grand-eu-eur!” Huh, what’s that? The National Grandeur? They’ve got to be kidding! Still infected with laughter from the lemon joke, we all started laughing again. Just then Gedros arrived."
12_bai_ganyo_the_journalist_bul.csv,"“Hey, Gedros, how’s it going? Sit down! Want some wine?”"
12_bai_ganyo_the_journalist_bul.csv,"“Ah, Othello, my good man. Why are you crying? Here, wipe your little nose,” teased the ever-cheerful Gedros."
12_bai_ganyo_the_journalist_bul.csv,"“Gedros, what’s that newspaper, the one they’re shouting about on the street?”"
12_bai_ganyo_the_journalist_bul.csv,“What? You mean you don’t know about Bai Ganyo Balkanski’s paper?”
12_bai_ganyo_the_journalist_bul.csv,“You’re pulling my leg!”
12_bai_ganyo_the_journalist_bul.csv,"“No, I’m serious! Ganyo Balkanski is the editor in chief and owner of the newspaper the National Grandeur. Aaah, it’s quite a story. You really don’t know anything about it?”"
12_bai_ganyo_the_journalist_bul.csv,"“Come on, do you really mean it?”"
12_bai_ganyo_the_journalist_bul.csv,"“Indeed I do! Just wait till I tell you all about it. I got the whole story today in great detail, and I’ll tell it to you as if I had been there myself.”"
12_bai_ganyo_the_journalist_bul.csv,"We had them close the door to the inner salon, and Gedros began. This is what he told us."
12_bai_ganyo_the_journalist_bul.csv,"A meeting was set up at Bai Ganyo’s. Those present were the master of the house himself, Gochoolu, Dochoolu, and Danko the Thug. They put their heads together and began to mull over what kind of business they should set up in order to make the most of the current situation."
12_bai_ganyo_the_journalist_bul.csv,"“We need to get in on the action, too,” said Bai Ganyo.“Patriotism without payoff is for the birds. Now tell me, given how things stand these days, how can we get on the gravy train? What do you say, Gochoolu?”"
12_bai_ganyo_the_journalist_bul.csv,"“Who, me? To tell you the truth, Bai Ganyo, I still haven’t changed my mind. We should open a Russian traktir—a little Russian restaurant.”"
12_bai_ganyo_the_journalist_bul.csv,“We should what?!”
12_bai_ganyo_the_journalist_bul.csv,"“I’m telling you, we should open a Russian traktir,” insisted Gochoolu."
12_bai_ganyo_the_journalist_bul.csv,“What’s the matter with you? Are you running to Mother Russia again?” asked Bai Ganyo in amazement.
12_bai_ganyo_the_journalist_bul.csv,“Let’s get one thing straight here. This whole business isn’t about Mother Russia; it’s about which way the wind is blowing.”
12_bai_ganyo_the_journalist_bul.csv,“Blowing where? In your head?”
12_bai_ganyo_the_journalist_bul.csv,"“In Bulgaria. Only a fool would miss this chance. Now is the time. A Russian traktir. I’ve been around Moscow. I know what I’m talking about. A traktir with two dining halls: one for the noblemen, the other for the muzhiks—for the peasants, that is.”"
12_bai_ganyo_the_journalist_bul.csv,“Where are you going to ﬁnd any muzhiks here?” asked Bai Ganyo in amazement.
12_bai_ganyo_the_journalist_bul.csv,"“We’re not exactly all noblemen here, Bai Ganyo, are we?”"
12_bai_ganyo_the_journalist_bul.csv,"“Well, OK, and then what?”"
12_bai_ganyo_the_journalist_bul.csv,"“Then, we’ll need some music, a barrel organ perhaps? Surely, you’ve seen those, haven’t you, Bai Ganyo?”"
12_bai_ganyo_the_journalist_bul.csv,"“If I haven’t, who has?” replied Mr. Balkanski haughtily."
12_bai_ganyo_the_journalist_bul.csv,"“Right. We’ll have an organ and, of course, tea. We’ll round up about ten young kids, make sure they’re blond, so they’ll look like Russians. We’ll dress ’em up in some boots and red shirts, we’ll give ’em each a Cossack haircut, and there you go, a real traktir! We’ll bring in some Russian newspapers, vodka, zakuski, you know, appetizers, and out front there’ll be a sign saying “Russkiy Traktir.” And then we’re on easy street. What do you think?”"
12_bai_ganyo_the_journalist_bul.csv,"“I don’t approve,” Dochoolu announced majestically. “I don’t approve. If the plan is to take advantage of which way the wind is blowing, then the best thing would be to open a kvass factory.”"
12_bai_ganyo_the_journalist_bul.csv,"“Now, that’s a great way to make money. So you want to open a bakery?” said Danko the Thug, laughing."
12_bai_ganyo_the_journalist_bul.csv,"“No, no, I mean Russian kvass, the drink, not Bulgarian kvas.” It’s that weak fermented stuff like beer, like our boza.”"
12_bai_ganyo_the_journalist_bul.csv,"“Oh, terriﬁc. So now we’re going to become boza peddlers!” The Thug was insulted."
12_bai_ganyo_the_journalist_bul.csv,"“No, my friend. The hook isn’t the drink itself. It’s the name! All you have to say is ‘Russian kvass’ and people will be stampeding to try it. Haven’t you heard what the French are up to these days? They’ve made a killing on it, no joke!”"
12_bai_ganyo_the_journalist_bul.csv,"“That’s nonsense. I don’t want this kvass stuff,” stated Danko unhappily."
12_bai_ganyo_the_journalist_bul.csv,“What do you want us to do?” Dochoolu asked angrily. “Tell us what you have in mind!”
12_bai_ganyo_the_journalist_bul.csv,“We should open a bank!” blurted out Danko the Thug.
12_bai_ganyo_the_journalist_bul.csv,“You’re an idiot!”
12_bai_ganyo_the_journalist_bul.csv,“Why?”
12_bai_ganyo_the_journalist_bul.csv,"“Quit your arguing,” Bai Ganyo cut in."
12_bai_ganyo_the_journalist_bul.csv,"“Why am I an idiot?” continued Danko angrily, shooting a bloodthirsty glance at Dochoolu."
12_bai_ganyo_the_journalist_bul.csv,“Be quiet now and sit down. Tell us what you have to say about the bank.”
12_bai_ganyo_the_journalist_bul.csv,"“Yeah, well, first make him tell me why I’m an idiot.”"
12_bai_ganyo_the_journalist_bul.csv,"“He wants to open a bank! That’s not just gravy that you can slurp up!” muttered Dochoolu under his breath, upset by Danko’s glower and menacing tone. “So a bank is gravy, is it?”"
12_bai_ganyo_the_journalist_bul.csv,"“Of course it’s gravy,” roared Danko the Thug."
12_bai_ganyo_the_journalist_bul.csv,"“What do you mean, gravy? Where do you get gravy from?” snarled Dochoolu."
12_bai_ganyo_the_journalist_bul.csv,"“Shut up, all of you. We did’nt come here for this!” Bai Ganyo tried to smooth their ruffled feathers. “Dochoolu, sit down.”"
12_bai_ganyo_the_journalist_bul.csv,“But where does he get gravy from?”
12_bai_ganyo_the_journalist_bul.csv,"So one word led to another, and it seemed the whole thing was getting out of control. As you know, Danko the Thug is always spoiling for a fight, and Dochoolu wasn’t taking any of his guff. They would have come to blows, but Bai Ganyo, conceding a little to one and then a little to the other, finally managed to calm them down."
12_bai_ganyo_the_journalist_bul.csv,"So Danko sits down and begins to lay out his plan for founding a bank. “It’s a piece of cake. We’ll sell five or ten million levs’ worth of shares, we’ll get the cash, and we’ll start passing out loans right and left, at a good interest rate, of course. We’ll lend to merchants and to municipalities, and if the government finds itself in a tight spot, we’ll give a million or so to it, too. And there you have it! We’ll have the statutes drawn up so that one-half of the profit would be for us, the other half for the shareholders. What’s more, we’ll keep some shares for ourselves, whether we invest any money in it or not. Bai Ganyo, you’re an influential man. Just knock on a couple of doors, and it’s all set!”"
12_bai_ganyo_the_journalist_bul.csv,"“Don’t bite off more than you can chew! There are people who are better at this sort of thing than you are. Let them start up the business, and then we’ll skim some off the top,” said Bai Ganyo didactically."
12_bai_ganyo_the_journalist_bul.csv,Gochoolu and Dochoolu nodded their heads in agreement.
12_bai_ganyo_the_journalist_bul.csv,"“Hold on, now, and I’ll tell you what I’ve come up with,” exclaimed Bai Ganyo with authority, standing up. “You know what? We’re not going to make it with atraktir, nor are we going to get anything going with a bank, and as for your Russian kvass, Dochoolu, that’s just plain nonsense. So shall I tell you what I’ve got in mind, huh?”"
12_bai_ganyo_the_journalist_bul.csv,"Gochoolu, Dochoolu, and the Thug were all ears and impatience."
12_bai_ganyo_the_journalist_bul.csv,"“So, should I tell you, huh?”"
12_bai_ganyo_the_journalist_bul.csv,"“Well, tell us already. Stop torturing us,” said Danko irritably."
12_bai_ganyo_the_journalist_bul.csv,"“Sh sh! Don’t rush me! Haste makes waste. Should I tell you? Well? GENTLEMEN! WE WILL PUBLISH A NEWSPAPER!” announced Bai Ganyo, his face glowing with triumph."
12_bai_ganyo_the_journalist_bul.csv,"If at that moment a sea monster had slithered into the room where they were sitting, it could scarcely have produced a greater effect than Bai Ganyo’s last words. At first, they were dumbstruck; then, a moment later, Gochoolu, Dochoolu, and Danko the Thug began exchanging furtive glances, as if to say, has he, God forbid, gone off the deep end? It wouldn’t do to laugh or to pity him. He’d explode. Finally, Gochoolu, hesitant though he was, decided to test the waters in a roundabout way:"
12_bai_ganyo_the_journalist_bul.csv,"“Bai Ganyo, every now and again, Your Honor likes to, heh-heh-heh, forgive me, what I mean is, you like to, um, you like to have your little joke, that is to say, heh-heh.”"
12_bai_ganyo_the_journalist_bul.csv,“What!?”
12_bai_ganyo_the_journalist_bul.csv,"“Uh, well, no, Bai Ganyo, I just said this to . . . It’s just, Your Honor, some sort of a newspaper? Are you serious?”"
12_bai_ganyo_the_journalist_bul.csv,"“What do you mean, ‘are you serious’? What else would I be? Of course I’m serious. Is it a big deal to publish a paper? You just spit on your scruples (if you have any) and then start slandering right and left. That’s all there is to it.”"
12_bai_ganyo_the_journalist_bul.csv,"“If that’s all there is, then I agree to it,” said Danko the Thug."
12_bai_ganyo_the_journalist_bul.csv,"“OK, then, it’s settled! We’ll call Gunyo the Lawyer. He’s a master of editorials, and as for us, one of us will do the news reports, another the columns, and someone else the dispatches. The whole point is to smear anyone and everyone, and you don’t need a degree for that sort of thing. Danko, head down to the office and get Gunyo the Lawyer.”"
12_bai_ganyo_the_journalist_bul.csv,"“See that rascal?” said Bai Ganyo after Danko the Thug had left. “When it comes to slander, he’s your man. He always goes for the jugular. He can tear some poor son of a gun to shreds and not give a hoot whether it’s true or false. He’s a real bum!”"
12_bai_ganyo_the_journalist_bul.csv,"One couldn’t say that Gochoolu and Dochoolu were enamored of these particular qualities in Danko the Thug, nor could it be said that Danko seemed to them a suitable editor, for all they knew about journalism. They still recalled another era, and even the Ottoman days, when the press could really stir things up, but it had never spewed such an eruption of infernal insults and curses. However, the storm of wild passions that raged during the intervening years, the demoralizing influence of the demoralized press, the raw all-consuming materialism, the possibility of getting rich quick if you were willing to put your conscience to sleep, the example of the ruling elites—all these phenomena had buried their nobler feelings under such a thick layer of muck that only a new era, qualitatively different from the previous one, and as long lasting, could do away with the alluvial layers of vileness and unearth those pure feelings, like relics of past greatness."
12_bai_ganyo_the_journalist_bul.csv,"And now, when Bai Ganyo laid out for them his plan for the newspaper—its orientation and those who would take part—Gochoolu and Dochoolu sensed a vague unease stirring in the deep recesses of their hearts. They felt that there was something amiss in this business, that there was something here that should not be. And yet, on top of the heavy sediments that covered their nobler feelings, Bai Ganyo added a new layer, which smothered them completely. He eloquently laid out for them, with passion and convincing enthusiasm, the material advantages that would accrue to them from the enterprise. Gochoolu and Dochoolu needed no further persuasion."
12_bai_ganyo_the_journalist_bul.csv,"The door opened, and there, on the threshold, appeared the sharp foxy muzzle of Gunyo the Lawyer; behind him came Danko the Thug."
12_bai_ganyo_the_journalist_bul.csv,"“Well then, Gunyo, what do you say?” Bai Ganyo addressed him amiably. “We want to publish a newspaper. What do you think?”"
12_bai_ganyo_the_journalist_bul.csv,"“Why not? Let’s do it. Is there some sweetener in it?” asked Gunyo with a wink, rubbing his fingers together suggestively."
12_bai_ganyo_the_journalist_bul.csv,“Don’t you worry about that!”
12_bai_ganyo_the_journalist_bul.csv,"“Well, is there?”"
12_bai_ganyo_the_journalist_bul.csv,"“There is, there is! I told you not to worry about that.”"
12_bai_ganyo_the_journalist_bul.csv,“Fine. What sort of paper should we put out? One for the government or for the opposition? Hurry up! My clients are waiting for me.”
12_bai_ganyo_the_journalist_bul.csv,"“Ah, there’s the rub! Should we be for the government or for the opposition? Drat it all, we don’t know how long these guys will stay in power.”"
12_bai_ganyo_the_journalist_bul.csv,"“Well, what do you say? My clients are waiting.”"
12_bai_ganyo_the_journalist_bul.csv,"“You know what we’ll do,” put in Bai Ganyo, without paying any attention to the Lawyer’s remarks. “I think for the time being we should run with the government.”"
12_bai_ganyo_the_journalist_bul.csv,"“That’s right. That’s the way. It would be best to go with the government,” Gochoolu and Dochoolu hastened to add."
12_bai_ganyo_the_journalist_bul.csv,"Bai Ganyo looked at them angrily for interrupting and then continued. “And later on, when we get wind that they’re on shaky ground, we’ll give them a shove and go with the new government. What do you think?”"
12_bai_ganyo_the_journalist_bul.csv,“Sounds good. Did they promise you anything?”
12_bai_ganyo_the_journalist_bul.csv,“Of course. It wouldn’t be possible otherwise.”
12_bai_ganyo_the_journalist_bul.csv,"“Since that’s the case, let’s begin,” declared Gunyo the Lawyer. Thus began a discussion of how they would publish the paper and what sort of position their paper would take on certain issues. They decided to take into account the times and the circumstances, and of course, also, “God willing,” the windfall. “As for Russia,” Gunyo said, “sometimes we’ll bring up ‘our brothers and liberators, the fraternal Russian people’ and ‘Long live our Liberator, the Russian Czar, God rest his soul!’ But on the other hand, if need be, we’ll drag out the old ‘Transdanubian Province’ thing. As for Macedonia, we’ll keep quiet. Y’know, that issue isn’t going anywhere. Time isn’t helping. Austria is this way and that. The Triple Alliance—somehow it just doesn’t add up.”"
12_bai_ganyo_the_journalist_bul.csv,“What about the youth? What are we going to do about the younger generation?” added Gochoolu. “They’ve also begun to stir up trouble.”
12_bai_ganyo_the_journalist_bul.csv,"“We’ll pull the wool over their eyes. What else can you do with a bunch of young troublemakers? Once in a while, we’ll tip our hat to them. It’s come to that; there’s nothing else to be done,” said Bai Ganyo with a sigh."
12_bai_ganyo_the_journalist_bul.csv,"“There’s nothing else to be done, eh?” growled Danko the Thug, and his expression darkened. “If I had a club, just let me at ’em.”"
12_bai_ganyo_the_journalist_bul.csv,"“Take it easy now, Danko . .”"
12_bai_ganyo_the_journalist_bul.csv,“I’d smash ’em to p-p-pieces.”
12_bai_ganyo_the_journalist_bul.csv,"“Come on now, just forget about them. Sit down and relax. There’s time.”"
12_bai_ganyo_the_journalist_bul.csv,"“Could we hurry up and get down to business, Bai Ganyo? My clients are waiting for me,” cut in Gunyo the Lawyer impatiently."
12_bai_ganyo_the_journalist_bul.csv,"“Listen, Gunyo, don’t start in again with your damned clients! You know what? Sit down tonight and write an editorial. Draw up such a loyalty statement to our sovereign that the prince himself will be amazed. Put in ‘your obedient children,’ ‘our Sire and Father,’ ‘in the dust at Your august feet’ . . .String them together like rosary beads. You know how to do it! Put in a word or two about the Bulgarian people, as always; you get what I mean? That’s it. And then, smear the opposition. Say, ‘Those traitors, those . .’”"
12_bai_ganyo_the_journalist_bul.csv,Gunyo corrected him. “‘Traitors’ is already old hat. Let’s put in abominations.’”
12_bai_ganyo_the_journalist_bul.csv,"“Oh, that’s good! Put down ‘abominations.’ And don’t forget to add that they’re catastrophic for the Bulgarian nation. Damn, I love the word ‘catastrophic.’ When I say it like that,‘c-c-c-catastrophic,’ it’s like I’m c-c-catching someone by the throat. I really, really like it.”"
12_bai_ganyo_the_journalist_bul.csv,"“As for me, what I like best of all is raking someone over the coals,” Danko the Thug cut in candidly. “It does me good.”"
12_bai_ganyo_the_journalist_bul.csv,"“Bravo, Thug, that’s the spirit!” shouted Bai Ganyo with delight, slapping Danko on the shoulder. “This job is a done deal, then. Gunyo, you’ll write what I told you, the editorial, OK? And as for you, Gochoolu, and you, Dochoolu, you two will cook up some news reports and some dispatches.”"
12_bai_ganyo_the_journalist_bul.csv,“What sort of reports and dispatches?” the two of them asked in confusion.
12_bai_ganyo_the_journalist_bul.csv,"“What do you mean, ‘what sort’? All sorts! Haven’t you seen the other papers? Put down something like ‘Your Royal Highness, the people rejoice on bended knee and pray to the Almighty in unison,’ and so on. Put down whatever pops into your head. Put in ‘The Bulgarian nation has proved a thousand times that when its rights are threatened, everyone to a man will rise up and whatever, with tears in their eyes,’ and so forth. After all, you don’t really have to go into so much detail. Curse the opposition for all they’re worth—they can’t do a thing about it—and your day’s work is done. No point in philosophizing and all that drivel. Who’ll know what you’re talking about anyway? After all, the whole idea is to pull the wool over their eyes, and then we’re off and running. That’s the idea, isn’t it?”"
12_bai_ganyo_the_journalist_bul.csv,"“Then it’s settled. I’m going. My clients are waiting,” muttered Gunyo the Lawyer as he picked up his hat."
12_bai_ganyo_the_journalist_bul.csv,"“The hell they are. Well, never mind. Off you go. Good-bye. But listen, Gunyo, I want that editorial ready first thing tomorrow morning. So long!”"
12_bai_ganyo_the_journalist_bul.csv,"Gunyo headed to the door. Behind him Gochoolu and Dochoolu got up, and Bai Ganyo gave them the necessary instructions."
12_bai_ganyo_the_journalist_bul.csv,"“Wait, gentlemen! We forgot the most important thing,” Bai Ganyo called after them. “What shall we call our paper?”"
12_bai_ganyo_the_journalist_bul.csv,"“That’s right. Tell us, Bai Ganyo. What were we thinking?” responded both Dochoolu and Gochoolu."
12_bai_ganyo_the_journalist_bul.csv,"“This is a very serious matter,” said Gunyo the Lawyer. “And do you know why it’s so serious? It’s because those other papers, damn them, have already taken all the good names. They haven’t left anything for us. But we’ll come up with something. I think it would be best to call our paper Justice, and then we’ll add in parentheses ‘fin du siècle.’”"
12_bai_ganyo_the_journalist_bul.csv,“Huh?”
12_bai_ganyo_the_journalist_bul.csv,“That’s a French expression. You don’t know it.”
12_bai_ganyo_the_journalist_bul.csv,"“We don’t want any French. Put in something in Latin, if you can. It’s customary.”"
12_bai_ganyo_the_journalist_bul.csv,“How about ‘tempora mutantur’ . . . ?”
12_bai_ganyo_the_journalist_bul.csv,"“Put it in if it’s to the point. You, Gochoolu, what do you think?” Bai Ganyo turned to him."
12_bai_ganyo_the_journalist_bul.csv,"“‘Justice’ is a beautiful word, but it seems to me that Words of Wisdom would be even better,” answered Gochoolu."
12_bai_ganyo_the_journalist_bul.csv,"“I don’t agree,” said Dochoolu. “That name sounds too preachy. I think it would be better to name it Bulgarian Pride.”"
12_bai_ganyo_the_journalist_bul.csv,"“What about you, Thug? What’s your view?”"
12_bai_ganyo_the_journalist_bul.csv,"“Who, me? What do I know? Why not go with the Courage of the Nation and then come what may. We’ll put down Yellow-Boot Mehmed Aga as the editor in chief.”"
12_bai_ganyo_the_journalist_bul.csv,“This is all nonsense. Should I tell you what we’ll do?” announced Bai Ganyo with authority. “We’re going to name our paper either Bulgaria for Us or the National Grandeur. Choose between them.”
12_bai_ganyo_the_journalist_bul.csv,“The National Grandeur. It’s agreed. National Grandeur! That’s it!”
12_bai_ganyo_the_journalist_bul.csv,"“All right, then! Good-bye now, Bai Ganyo.”"
12_bai_ganyo_the_journalist_bul.csv,“Good-bye.”
12_bai_ganyo_the_journalist_bul.csv,"Gochoolu, Dochoolu, and Gunyo the Lawyer left."
12_bai_ganyo_the_journalist_bul.csv,"“Hey, Danko, stay here. You and I will write the columns.”"
12_bai_ganyo_the_journalist_bul.csv,"“Good. Order some mastika and snacks, and then let’s get to work. But tell ’em not to bring any of that pickled okra again. Get ’em to bring something fit for human consumption. We’re publishing a newspaper here, and that’s no joking matter!”"
12_bai_ganyo_the_journalist_bul.csv,"The mastika and snacks arrived. Ah, but now Bai Manolcho will ask, what sort of snacks? It doesn’t matter. What matters is that Bai Ganyo and Danko the Thug got down to the task of shaping public opinion."
12_bai_ganyo_the_journalist_bul.csv,"“You know, Danko, our neighbor is really putting on airs. He says he’s so educated, he says he’s so honest and other nonsense . . .Shall we take him down a notch or two?”"
12_bai_ganyo_the_journalist_bul.csv,"“A notch or two? We’ll take him right down to the ground,” says the slander specialist."
12_bai_ganyo_the_journalist_bul.csv,"And so the writing commences . . . “We have learned that . . .,” Bai Ganyo writes, and across that white sheet of paper his pen leaves a trail of black calumny against his neighbor, allegations that he had never “learned” about, nor even dreamed of."
12_bai_ganyo_the_journalist_bul.csv,"Bai Ganyo writes and writes, then crosses out, constantly dissatisﬁed with the poison in which he’s dipping his arrows. “Thief ” is too tender a word for him, so he crosses it out and writes “robber,” but this word has become too routine, so Bai Ganyo adds “highway” before it and combines that with “murderous.” The neighbor, his wife, his children, his ancestors—Bai Ganyo’s pen turns them all into phenomenal monsters. He reads his work to Danko the Thug. Danko, with eyes glistening from the mastika, eggs on this master of the column with his enthusiasm."
12_bai_ganyo_the_journalist_bul.csv,"“Go, go, go! Blast him, damn it all! Don’t let up! Don’t let anything stop you! Go get him,” thunders Danko the Thug, as if he were commanding an artillery assault."
12_bai_ganyo_the_journalist_bul.csv,"“And that, gentlemen, sums up the story of how Bai Ganyo founded the paper,” Gedros concluded."
12_bai_ganyo_the_journalist_bul.csv,We reopened the door to the inner salon once again. The orchestra was thundering through the wondrous march from Wagner’s Tannhäuser.
12_bai_ganyo_the_journalist_bul.csv,"Farewell, gentle reader! In these pages you will encounter some cynical turns of phrase and cynical occurrences. I couldn’t avoid them. If you can portray Bai Ganyo without cynicism, be my guest!"
12_bai_ganyo_the_journalist_bul.csv,"Farewell to you, too, Bai Ganyo! As God is my witness, in writing of your exploits I was always driven by good intentions. Neither cruel reproach, nor contempt, nor flippant derision has ruled my pen. I, too, am a child of my time, and perhaps certain speciﬁc events have clouded my strict objectivity, but I have endeavored to reproduce the essence of this sad reality. Your brethren, I believe, are not molded from the same clay as you are, Bai Ganyo. But they remain in the background for now, in the shadows. Only now are they barely beginning to show signs of their existence. But you, you’re very much in evidence. Your spirit hovers around and adversely affects every aspect of our society. It leaves its imprint on politics, on the parties, and on the press. I firmly believe that there will come a day when, after reading this little book, you will stop and reflect. You’ll sigh and say, “We are Europeans, but still not quite.”"
12_bai_ganyo_the_journalist_bul.csv,Farewell! I wouldn’t be surprised were we to meet again.
12_bai_ganyo_the_journalist_bul.csv,"Sofia, 17 March 1895"
13_bai_ganyo_at_the_palace_bul.csv,"“Hey, there, Bai Ganyo! Happy Easter! Were you at the palace for the breaking of the fast?”"
13_bai_ganyo_at_the_palace_bul.csv,"“Who, me? Are you kidding? If I didn’t go, who would?” said Bai Ganyo, twisting the left end of his mustache and casting a sly glance in my direction as if to say, “As long as there are suckers, is Bai Ganyo going to pass up a free lunch?”"
13_bai_ganyo_at_the_palace_bul.csv,"“So, how was it? Did you have a good time?”"
13_bai_ganyo_at_the_palace_bul.csv,"“Who cares about a good time? What a feast! I got as smashed as a, as a whatchamacallit. Y’know how it is, Holy Week. I fasted and fasted. I got bloated on those damned beans, and then sauerkraut juice on top of that. I became as hungry as a tapeworm. On Saturday I didn’t put so much as a crumb in my mouth. And they went and put the breaking of the fast at two in the morning. While I was standing there in church, I felt as if three hundred leeches were sucking on my stomach. You spit and spit and there’s no saliva left. You say to yourself you’ll light up a cigarette—no good, you get a bitter taste in your mouth. At midnight they said, ‘Christ is risen.’ How are you going to wait till two in the morning? I told my family to go break the fast on their own, and I went to the Red Crab. The place, my dear friend, was full of people like me: top hats, epaulettes, medals. They were all waiting for the clock to strike two. I sit down near a long table, I look over. A bunch of young guys are breaking the fast. They had set that table up with appetizers, a suckling pig, and on top of that, good red wine from Varna. It really got your juices flowing. Just looking at the skin of that piglet I almost lost my mind. What can I say? I could have asked those guys, ‘Hey, what are you eating there? Is that a suckling pig? Bravo! So, blah, blah, blah, a little of the skin . . .’ and those folks would have given me some. But there you are. I’ve been shy since I was a little boy. (Hey, pass your tobacco tin over here. You smoke good tobacco. Ivan’s is lousy. It smells like cheap Russian stuff!) Those young guys were smacking their lips. I couldn’t stand looking at them, so I looked the other way. I said to myself, ‘I’ll spit,’ but how can you spit when there’s nothing to spit? It was as if my guts were glued together. I thought of ordering a beer, but I decided to pass it up. After all, is that why I starved myself, so to speak, for these past two days? So I turned away so as not to see those guys, but as if on purpose, they kept chomping away and praising the suckling pig, damn them! You know, I felt like getting up and grabbing that damned pig right out of their mouths. If I could have, I would’ve bent over to press on my stomach. I don’t remember ever being so hungry. But I couldn’t bend over because my evening coat was too tight. It would’ve split down the middle. Devil take the damned thing. And the collar was starched so stiff that it cut into my neck like a saw blade. Everything grew dark before my eyes. I left the Crab and headed toward the palace. It’s no good to go in early. I have a friend who’s a guard, and he’s a good friend; in fact, if you ask, he’s even something of a relative, but there was no way to put a fix in. And even if you do go in early, they’re not going to lead you straight to the table. I walked round and round by the gates till my legs were sore. Then all at once, cloppity-clop, a carriage! After a little while, cloppity-clop, another carriage. They entered the courtyard, thank God! I twisted my mustache, coughed a bit, and followed them. I go inside, look around, guards all over the place, the escort is already set up. A clean-shaven lad swooped down on me to take my overcoat. I murmured to him, ‘Excuse me, sir, mind your own business,’ and didn’t let him take it. He got embarrassed and went to take someone else’s coat. Why on earth would I let him take my coat, eh pal? The cuffs on my coat—or rather not the cuffs but the linings inside—were in shreds like a, like a thingamajig. Never mind. I went upstairs, but before I did I glanced at the lower rooms. The tables were groaning, that’s for sure. People had collected all around. We waited there a bit, and out came the prince and the princess. This time, they were a proper Christian host and hostess. They gave each of us an egg.”"
13_bai_ganyo_at_the_palace_bul.csv,“And did you kiss their hands again?”
13_bai_ganyo_at_the_palace_bul.csv,"“Yes, of course. Hey, for a feast like that I’d kiss a hundred hands. Never mind. So we got through that ordeal, and then how we rushed down those stairs, my friend. Believe it or not, I took the stairs three at a time and almost crashed into the mirror, but I didn’t let anyone get in front of me. I got a hold of the caviar, and boy, how I dug my spoon in. If I got less than half a kilo, then shame on me. And that fish mayonnaise of theirs and those hors d’oeu-vres, I don’t know what they were called, but how my mouth opened wide. Oh man! I ate and ate. I really stuffed myself. I’m still amazed that my stomach didn’t burst. And the drinking! When I left . . . How did I leave? Slit my throat, but I don’t remember. Oooff! My head still aches from that damned champagne. But never mind that, I went and stuffed my pockets with pastries, and they were soft, damn it, and what a mushy mess they made all over my pockets . . . Oh well, so long.”"
13_bai_ganyo_at_the_palace_bul.csv,"“So long, Bai Ganyo.”"
13_bai_ganyo_at_the_palace_bul.csv,"Sofia, 5 April 1895"
14_bai_ganyo_in_the_delegation_bul.csv,"Oh, come on now! Couldn’t it have been done without him? I mean, wasn’t it quite sufficient for the official delegates to do the job themselves? But no, Bai Ganyo had to stick his nose in. As if those guys, the officials, weren’t in a position to show the world what it means to be a Bulgarian and what Bulgarian patriotism is all about. Weren’t there enough characters like the personage with the “imposing Russian beard” or then again the one who “resembles a Frenchman and speaks French very glibly and smoothly” or finally the “well-known Bulgarian diplomat?” In fact, if you ask me, just the last one alone was enough for the Russians. The person whom the Russian press calls a “Bulgarian diplomat” is in fact a Plovdiv soap maker. Now that’s a progressive nation! If Bulgarian soap makers pass for diplomats in Russia, imagine what will happen if a real Bulgarian diplomat appears in Mother Russia, eh? No matter how modest you are, you can’t help being proud. Indeed, justice requires you to admit that even the French resemble us a bit. Their Félix Faure went from being a leather maker to president of the republic. And the Romans, too, have a similar case. Do you remember Cincinnatus? But we’ll surpass both of them. Just try, for example, standing blindfolded in the middle of the marketplace. I assure you that the first Bulgarian you grab and ask, “Do you want to become prince of Bulgaria?” will answer in the affirmative without a moment’s hesitation; perhaps he will just add the condition that the gifts and bribes that he gives out should not come out of his salary but from the treasury."
14_bai_ganyo_in_the_delegation_bul.csv,"But we’re talking about Bai Ganyo here. And, as I said, couldn’t it have happened without him? Why did he have to go and represent the Bulgarian people, too? Surely, you will say that he’s not an official delegate. It makes no difference. As soon as the correspondents from important newspapers go to interview him, and his words, like oracular prophesies, are spread all over the world by the press, just try to prove afterward that the Bulgarian nation speaketh not through the mouth of Bai Ganyo."
14_bai_ganyo_in_the_delegation_bul.csv,"But I’m an incurable optimist. I think that fate insinuated Bai Ganyo into this mission precisely so that the delegation would preserve its genuine Bulgarian national character. Because say what you will, “large Russian beard, Frenchie, diplomat” don’t sound Bulgarian. And from the following interview everyone will see that Bai Ganyo held high the banner of Bulgarian patriotism with aplomb. (There is no need for us to mention the fact that the first gentleman dressed in a frock coat that entered Bai Ganyo’s room and to whom Bai Ganyo managed to pour out his brotherly feelings was not a correspondent but a waiter from the hotel. A small misunderstanding, but what are you going to do? His breast was roiling with sincere feelings, his eyes were dim with emotional tears—a natural mistake.)"
14_bai_ganyo_in_the_delegation_bul.csv,"A Russian correspondent enters. I don’t know whether Bai Ganyo had prepared a sliced onion or not, but I can definitely confirm that his eyes were full of tears."
14_bai_ganyo_in_the_delegation_bul.csv,"“Hey there, hello, dear brother, hello! Nine years, dear brother, nine! Not one day, not two; nine years!” And Bai Ganyo began to cry."
14_bai_ganyo_in_the_delegation_bul.csv,"Anyone would have thought, quite naturally, that a fraternal reunion after a long and sad separation had filled Bai Ganyo’s breast to overflowing with tender sentiments, and the flood of these feelings was pouring out in the form of emotional tears; but imagine the amazement of the correspondent when he saw the face of his interlocutor clear all of a sudden and heard from his lips the following words, pronounced furtively, with a wink:"
14_bai_ganyo_in_the_delegation_bul.csv,"“So, do you know what kind of wreath we had made up? Hoo boy—the real thing! Not that nickel silver stuff, but pure gold. Do you have any idea how much it costs? What do you think, dear brother? If the Russians brought me, for example, as it were, such a wreath, I’d kiss their feet. What do you say? It’s no joke. Gold! And pure gold at that, not some kind of . . .”"
14_bai_ganyo_in_the_delegation_bul.csv,"“Well, some sort of Macedonian movement has begun in your country,” said the correspondent, changing the subject. “Do you consider this movement to be timely?”"
14_bai_ganyo_in_the_delegation_bul.csv,"“A movement? What movement?!” said Bai Ganyo in surprise, as if he were hearing of such a thing for the first time. “Don’t you worry about it. There’s no movement whatsoever. A sleazy business! Hooligans! As if now were the time for an uprising! And what is it those bums want, anyway? I can’t understand it. Do you know what, Your Grace? I don’t know if you know; there was a proclamation by the Sultan in 1870 about six bishops for Macedonia. They’ve appointed three, and they’ll appoint three more, and then everyone will sit contentedly on their behinds. That’s what they want!”"
14_bai_ganyo_in_the_delegation_bul.csv,“But what about the Treaty of Berlin?”
14_bai_ganyo_in_the_delegation_bul.csv,"“Ah, forget about all that stuff. C’mon, let’s talk about something else. Do you know Dragan Tsankov?”"
14_bai_ganyo_in_the_delegation_bul.csv,"“Yes, I believe I know him quite well.”"
14_bai_ganyo_in_the_delegation_bul.csv,“Well”—and Bai Ganyo emphasized the question with an ambiguous wiggle of his fingers—”how does that guy seem to you?”
14_bai_ganyo_in_the_delegation_bul.csv,“I think he’s a good patriot.”
14_bai_ganyo_in_the_delegation_bul.csv,"Bai Ganyo gave a forced laugh and shook his head. “Pa-tri-ot, you say? Oh boy, if you only knew what apiece of work he is. As if he thought for even one day about his fatherland! He’s just looking to set himself and his son-in-law up nicely. He’s been like that since he was little; I should know. As for patriots, we’re the real patriots. Have a good look at me! You wouldn’t have to pay me 200 rubles, just 150 rubles a month, and you’d see what your Bai Ganyo can do. What do you take me for, Your Grace! This isn’t Abyssinia.”"
14_bai_ganyo_in_the_delegation_bul.csv,"“Have you dined, Mr. Balkanski?”"
14_bai_ganyo_in_the_delegation_bul.csv,"“Why are you asking? You’re not inviting me to dinner, are you? Well, I accept. After all, aren’t we Slavs?”"
14_bai_ganyo_in_the_delegation_bul.csv,The interview broke off.
14_bai_ganyo_in_the_delegation_bul.csv,"Sofia, 1 July 1895"
15_bai_ganyo_in_the_opposition_bul.csv,Mr. Editor:
15_bai_ganyo_in_the_opposition_bul.csv,"A certain gentleman who knows I’m friends with the fellow who collects material about Bai Ganyo gave me the enclosed letter to deliver to that fellow. This letter is so original and so typical that it would not be remiss to publish it in your paper, the Banner, as an insert. How the letter fell into the hands of this gentleman is not known to me."
15_bai_ganyo_in_the_opposition_bul.csv,"Sofia, 30 October 1895"
15_bai_ganyo_in_the_opposition_bul.csv,A LUCKY GUY
15_bai_ganyo_in_the_opposition_bul.csv,To the editor of the paper Now Is Not the Time:
15_bai_ganyo_in_the_opposition_bul.csv,"You young whelp, you, why did you slander me in the paper Now Is Not the Time, alleging that I was in the opposition, huh? How much sense have you got? None at all, kid. Would your Bai Ganyo be in the opposition? Or maybe you said to yourself, “Hang on. If there are fewer of us, then we’ll each get a bigger share.” You’re not so dumb; I know you. But then again, to tell you the truth, you are dumb. Or rather, not dumb, but just a little wet behind the ears. When it comes to these types of things, ask your big brother. Just yesterday, as it were, you dug up a tasty bone, but your big brother has already been gnawing on that same bone for nine sweet years, and he has no intention of ever letting it go. And anyway, you know, kid, to tell you the plain truth, there’s enough for the both of us. Long live the Nationals! Back when I went to Sofia in the delegation, in order to beg that scoundrel not to resign, even then, remember, in the taverns of Vrazhdebna, even then I understood that there’s no percentage in being in the opposition. “But why?” you will ask. Why? It’s perfectly clear. You do the work, and other people get all the goodies. And what kind of people? The cream of the crop! They’re all educated, talented. Our predecessors were a totally savage bunch. They stole right before your very eyes, by force, like rank amateurs. They even indulged in debauchery; they sullied the honor of women, of girls, of .. Well, kid, isn’t that so, huh? And finally, they landed in the trap with both feet. You see, our folks today aren’t like that. There’s no one up for debauchery. That is, how can I put this? It’s not that there isn’t anyone up for it, but who’s going to follow them up one Plovdiv hill and down another or make the circuit of the Turkish baths and ask what’s up? They know a trick or two, how money changes hands, and that’s the truth! And they’ve got things arranged so that whether it’s embarrassing or not—I have to admit it, my friend—I’m awestruck. Nice work, sons of bitches! Now that’s education for you! You can do business with people like that—I know what it’s like. Those who preceded us had gone berserk. They were shooting and hanging and beating and maiming the populace right and left. And for what? For nothing. And today, do you see? It’s only at election time that they clamp down and won’t let you budge. Otherwise, you’re free to do whatever you like! Shout, curse, sling as much mud as you want—no one says anything to you. And why should they bother with the opposition? Let ’em make a stink; who cares? Our people that are now at the top can just sit back twirling their mustaches and laugh at them! The power is in their hands. They don’t care about anything. And now, when so many railroads are going to be builts, so many investors’ groups are going to be formed, so many ports are going to be constructed, you pick the moment to slander me with allegedly being in the opposition. Don’t do it, my friend. Is that the kind of a pal you are? Are you envious of me or something? Do you think you got less of a deal than I did? Go on, add it up; how many different places are you lining your pockets from? As for me—what? I’m just looking after my little business, that’s all. Besides, don’t forget that one hand washes the other. If you help me get into some juicier enterprise, do you think I won’t pay you back? I know how these things are done. But no, now on top of everything else, you devil, you’ve gone and twisted things in such a way that if someone reads your article, he’ll even think that I’m against His Majesty. Who, me? Is that what you think of my loyalty? Didn’t we agree that now is not the time? Now if we weren’t in power, if we were sniveling on the sidelines, then of course you could get all hot and bothered and curse them one and all, His Majesty included. But when we’ve got hold of this bone with both hands, when now is precisely the time to guarantee a secure old age, do you think I’d up and say something untoward about His Majesty? Your Bai Ganyo is no fool. He knows when the time is right to shout, “Long live His Highness!” One “Long live . .” would get me a corporation, just like that! Sure, when the time comes—we know how to shout all sorts of other things, too. That’s the way the world is. If nothing else, at least we’ve plumbed the depths of this philosophy, dammit."
15_bai_ganyo_in_the_opposition_bul.csv,"Anyway, listen, lad, didn’t our people go a bit overboard with that protest rally in Lom? I hear that people were wounded, even killed. Listen, we have to be careful, you know. They cut off the hands of the old prime minister; we have to watch out lest times get tough."
15_bai_ganyo_in_the_opposition_bul.csv,"Well, enough of that for now. Long live his Royal Highness!"
15_bai_ganyo_in_the_opposition_bul.csv,"See how I shout out, “Long live . . !.” And you’ve gone and said that I’m supposedly against him. You’re jealous of me, damn you. If we begin a shouting match, you don’t know who will win it. And as for showing His Majesty respect, if it comes to that, I won’t give ground. You’ll kiss his hand, I’ll kiss both hands; you will kiss his hem; I, his feet. You’ll kiss him on another place, and I on yet another. Do you think you can beat me, you whelp?"
15_bai_ganyo_in_the_opposition_bul.csv,GANYO BALKANSKI
16_the_temperance_society_bul.csv,"Taki the Beer-maker was still sleeping, even though the sun’s rays had long since pierced the clouded, grimy windows of his stuffy room; the rays gradually illuminated his legs, then crept up toward his potbelly, shone on his lower lip, which was dried and cracked from an internal fire; then they moved toward his open mouth and penetrated down his throat, from which emanated waves of snoring, deafening to the ear. Just then, the postman knocked three times at the door; but don’t imagine that Taki’s ear comprehends such gentle signals. Had it been a workday, well, then, maybe, but this was a holiday; and on the eve of a holiday, you know, a person lets himself go a bit more. You clink glasses with this guy, you clink glasses with that guy, and eventually you get completely clinked out! That’s just what had happened to Bai Taki. In his desire to promote his beer, he got himself pickled. My point is that you won’t be surprised that the postman repeated his knocking on the door. But when no one appeared, he delivered to that totally innocent door such a hard, merciless pounding that even if Bai Taki’s stomach had met up with an entire vat of beer, he would’ve woken up; and wake up he did. He opened his eyes, blinked in the sunlight, and, in a voice worthy of the throat whence it emanated, asked, “Who’s there?” “The mail,” answered the postman. He entered the room, crossed over to the bed, handed over a letter, and hastened to escape the stifling atmosphere of the unventilated bedroom. Bai Taki coughed for a little while, as was his habit, rubbed his eyes, and opened the letter. An invitation!"
16_the_temperance_society_bul.csv,"My Dear Sir, Your presence is requested tomorrow, Sunday, at five o’clock in the afternoon at the cellar of the Suhindol winery, where the question of founding a Temperance Society will be addressed."
16_the_temperance_society_bul.csv,"Your humble servant, Tanas Dochoolu, tavern keeper, for the initiators."
16_the_temperance_society_bul.csv,"Good God! This invitation had come at a most auspicious time. Bai Taki’s parched throat and chapped lips were at that very moment such strong agitators in favor of temperance that he enthusiastically took to this noble idea, and by the time it struck five in the afternoon, he had declared himself to be the most ardent defender of temperance. Troughout the day, Bai Taki drank only water. (Actually, truth be told, he drank two little glasses of wine, but that’s what he said.) As soon as five o’clock struck, Bai Taki crossed the threshold of the spacious cellar of the Suhindol Winery."
16_the_temperance_society_bul.csv,“Is Bai Tanas here?” he asked the boy who was standing behind the counter.
16_the_temperance_society_bul.csv,"“Right this way. They’re here in the back room,” the boy answered politely and stepped forward to open the door for him."
16_the_temperance_society_bul.csv,"The owner, Tanas Dochoolu, greeted his colleague amiably and invited him to take a seat. Sitting stolidly and silently along the walls were several citizens who had been inspired and drawn here by the noble idea of this proposed society. Bai Taki greeted everyone, and once again silence reigned, broken only by unobtrusive coughing. It was clear that those present were waiting for someone without whom they dared not call the meeting to order. It wasn’t long before the outer doors opened. Dochoolu rushed to see whether the anticipated guest had indeed arrived but immediately returned with a dissatisfied expression. Danko the Thug burst quite unexpectedly into the room. “We hit the jackpot!” Bai Tanas whispered to Bai Taki. It was obvious that this was not the expected personage. Danko opened his mouth to say something—Danko’s idea of conversation would be to curse someone out—but no one showed the least desire to listen to him, and he fell silent. Several more minutes passed and (thank God!) the boy dashed headlong into the room and cried out as if frightened, “He’s coming! He’s coming!”"
16_the_temperance_society_bul.csv,"They all rose to their feet. The outer door opened, and on the threshold there appeared in all his glory none other than our mutual friend Bai Ganyo Balkanski."
16_the_temperance_society_bul.csv,“O-o! Long live!” the long-awaited guest exclaimed enthusiastically and without specifying who or what should live; but even without any explanation everyone understood that this referred to the future society.
16_the_temperance_society_bul.csv,"“Long live!” answered the assembled gathering, and they began to take turns shaking Bai Ganyo’s hand. Danko the Thug, always a little less polite, allowed himself ( just imagine!) to give Bai Ganyo a familiar slap on the back of the neck, but Mister Balkanski’s eyes flashed at him so fiercely that Danko tucked his tail between his legs and cowered in a corner. “Don’t pay him any mind, Bai Ganyo,” whispered the owner. “After all, you know him. Danko will always be Danko—a lush.”"
16_the_temperance_society_bul.csv,"The meeting began. Eh, gentlemen, if only you had had the good fortune to stumble upon this assembly! When Bai Ganyo opened up that mouth of his, you couldn’t tell whether it was a person talking or a nightingale singing. That Bai Ganyo sure knows how to persuade you! Not just about this society—he could talk you into believing that your father was Musala and that Vitosha was your mother. Never mind! Everyone was convinced that precisely now was the time to found a temperance society; only Danko the Thug (wonder of wonders!) was a veritable doubting Thomas. No matter what they proposed—nope, he just sat there in his corner and smirked behind his mustache and uttered an occasional word of skepticism. “It’s already time to, time to whatchamacallit,” orated Dochoolu, “for us to establish a, a thingamajig, y’know, a society.” And Danko let loose with a single “Whatever.” Bai Taki strung his words like pearls. “Drunkenness, honorable gentlemen, has a negative effect on our work, on our health, on our offspring.” “Bullshit!” whispered Danko and smirked behind his mustache. But time and tide wait for no man. We’re not going to give up on this lofty ideal now because of someone like Danko. They left Danko chewing on his mustache and began the business of establishing the society. They decided to christen the society “Abstinence” and to ask the teacher to write them a set of bylaws. The teacher, like it or not, had to write the bylaws, because if you must know, he was the first to come upwith the idea of this society. For the present, the initiators limited themselves to voting in a slate of officers, as has been the practice from time immemorial. They elected Bai Ganyo, of course, as chairman; Tanas Dochoolu, being the host, as vice chairman; and Bai Taki as treasurer. All done! And have you ever heard of an election where the winners didn’t treat everyone to a drink? Impossible! That’s how it’s been, that’s how it is, and that’s how it always will be. The vice chairman, as the owner, was the first to acquit himself. He summoned the boy and whispered to him“, Two liters of the old stuff, quickly!” Wine was brought in. Now there was a wine if ever there was one, that Suhindol wine, like crystal, the devil take it!"
16_the_temperance_society_bul.csv,"“Let’s have a toast, for good luck!”"
16_the_temperance_society_bul.csv,"“Long live the chairman, hurrah!”"
16_the_temperance_society_bul.csv,“Thank you. Long live His Royal Highness and the honorable government.”
16_the_temperance_society_bul.csv,“Hurrah!”
16_the_temperance_society_bul.csv,“Down with drunkenness!”
16_the_temperance_society_bul.csv,"Then Bai Ganyo returned the favor. And then Bai Taki returned the favor. And someone seconded it, and then thirded it, and so on until night fell."
16_the_temperance_society_bul.csv,"It was already dark when I was walking with a friend along Chista Rabota Street. As we passed the cellar of the Suhindol Winery, an unusual sound emanating from within caught our attention and aroused our curiosity. We entered the wine cellar, and through the window of the back room, this is the picture that greeted us: Most of those gathered there were snoring, sprawled all over their chairs. Bai Taki, arms folded over his paunch, wheezed heavily with his head hanging down and his eyes half-opened. A tall, thin gentleman in a shabby frock coat and dark glasses was turning in all directions and shouting into space, “I’m against machines; you can say whatever you like, but I’m against machines.” Dochoolu was sitting at the table. The boy was holding a candle for him, and he was entering the ﬁnal tally in his ledger with a quivering hand. Bai Ganyo was pounding on the table with all his might, and with a savage look on his face was screaming, “Me? I’ll show them, I’ll teach them just who Bai Ganyo is.” And Danko the Thug, enthralled by this energetic tone, sat as if transfixed across from Bai Ganyo, asking him with his eyes, “Just tell me then, Bai Ganyo, go on and tell me, brother, who is it I should grab by the throat? Who should I kick out the door?”"
16_the_temperance_society_bul.csv,"The boy left, taking the candle with him."
16_the_temperance_society_bul.csv,"“Hey, kid! What group is this?” my friend asked."
16_the_temperance_society_bul.csv,"“The society against drunkenness,” answered the boy."
16_the_temperance_society_bul.csv,"If they gave out prizes for being overwhelmed by the most carefree laughter, my friend and I would have taken first place for that moment."
16_the_temperance_society_bul.csv,"Sofia, 12 May 1895"
17_letter_from_bai_ganyo_to_konstantin_velichkov_bul.csv,Bai Velichkov!
17_letter_from_bai_ganyo_to_konstantin_velichkov_bul.csv,"Good for you, Bai Velichkov! That’s the way to go! Why should we deceive the younger generation? Let’s put our cards right on the table. Ideals? Nonsense! Our very own personal satisfaction, right here on this earth, that’s the ideal we should pursue. I’m glad that you’ve finally figured it out. Why should we work up a sweat for this contemptible nation? When we were young, it was no big deal, but now that we’re over forty, it’s time to think of ourselves. We’re through roughing it! And especially you, poor guy, you really wore yourself out in those Constantinople alleys and Italian lanes, and wasn’t that a deed of derring-do! When you saw that Stambolov had blown his top, you snuck out of Bulgaria, you ditched those slaves; let them rot in slavery. They’re used to it. You’re not used to pulling your weight, and like any fine gentleman, you tried to cut and run. And how you suffered on Khalki! Sometimes, you didn’t even have enough money for medicine. Bobchev and Madzharov fell silent. Enough with the heroics, already! And you know what? Chuck your damned poetry, too. That stuff is OK when the wind is blowing through your empty wallet. But now, thank God, we’ve fixed things up! Now all kinds of lowlifes, nasty little socialists and idealists, are going to start bashing you, but don’t you bat an eye. Just you turn a deaf ear and take it easy—take it easy and laugh in their faces. Of course! And why are they bashing you? I mean, really, is it for some treachery of yours, for some deception, out of disillusionment? Nope! It’s envy! Of course! There’s no doubt about it; they’re envious! And why is that? Simply because they’ve been beaten black and blue and coughed their lungs out, and then you (what a devil you are, damn you!), you go and land yourself the cushiest job. So, do you see now? Do you agree? Wasn’t I the one who told you that in this world the best thing to do is to take it easy? This social struggle, ideals, and I don’t know what all other foolishness—it’s all hot air! And now, look, when you hold out your moneybag at the end of the month, they shovel fifteen hundred big fat levs into it. It’s a beautiful thing, goddamn it! Hang in there now! If you dig yourself up a tasty bone, hold on to it! Don’t you give a thought to whose hide those levs are coming out of. You squeeze that blood out of that turnip, goddamn it! Squeeze away! It’ll keep dripping."
17_letter_from_bai_ganyo_to_konstantin_velichkov_bul.csv,"But maybe you’re wondering why I’m writing to you. I’m writing to praise you for your speech the other day in the National Assembly. Good for you, Kocho! Well, to tell you the truth, I wept for joy. I almost came right up to you and kissed you in front of all those deputies. But they would have started to kick me—I mean, raise objections. Do you remember the speech I’m talking about? Of course you do! Everybody is talking about it. And you’re right, Kocho! No way twenty cops and a gang of fifty drunkards could have gone and busted up thousands of voters. Big deal! The cops would have shot at most a hundred voters. Is that such a big deal? All in all, they would have put about two hundred households into mourning. And let’s say that the next Sunday, soldiers come, and they start shooting and kill at most, at most three hundred people. How many orphans? Five hundred! Big fat deal!"
17_letter_from_bai_ganyo_to_konstantin_velichkov_bul.csv,"But those dumbbells went and calmed the mob so not a hair on anyone’s head would be hurt! How could you not be outraged? Because of those namby-pamby dumbbells, you waited eight whole years on Khalki. You go and write them so many poems about stars and sighs, and they make you wait eight years. Eight years! Shame on the Bulgarian nation! If at least a hundred thousand voters from all of Bulgaria had gone down under a hail of bullets, you could have taken your present cushy place much sooner. But what a good-for-nothing nation! Gutless wonders! What the hell good is rule of law and freedom if at least a thousand voters aren’t wiped out? Hang in there, good ol’ Kocho. That’s the way to go! Give speeches like that more often so you can inspire more trust in the palace. Do whatever makes you happy! So what if they say the younger generation’s gonna complain, that people will get upset. Don’t you bat an eye! The people! The people are sheep when you wave a stick at ’em. But then who am I to tell you about such things?"
17_letter_from_bai_ganyo_to_konstantin_velichkov_bul.csv,"I was especially happy that you were the one who rushed to give that speech; no one could get ahead of you. After all, if you haven’t inspired them with trust by now, then there’s no doing it! All the fat cats are singing your praises! Attaboy, they’re saying. Kocho has become one of us; he finally got some sense into his head. You just keep your wits about you, stick to your guns, and don’t be afraid! But you watch out, Kocho. Salt a little money away. After all, you never know—here today, gone tomorrow."
17_letter_from_bai_ganyo_to_konstantin_velichkov_bul.csv,"Kocho, after you’ve read this letter, tear it up so that it doesn’t fall into the hands of that guy who wrote about my travels in Europe, or he’ll expose me again somewhere. I heard him that day. He was saying to someone, For shame! I really didn’t expect those words from our Velichkov.” I listened to him, and I wondered what’s inside his head. Apparently, nothing. But come on, Kocho, why are you still publishing that damned Progress? Tear it up! Really, its name is so childish. It’s no longer fitting for a solid citizen like yourself. And if you’ve got such an itch to write, then write, but it would be most appropriate to call the newspaper Now Is Not the Time, and our partisans will be called Now-Is-Not-the-Timers."
17_letter_from_bai_ganyo_to_konstantin_velichkov_bul.csv,I’ve brought a few muskali in my disagi. Couldn’t you get a little law passed requiring that they spray public buildings with rose oil?
17_letter_from_bai_ganyo_to_konstantin_velichkov_bul.csv,"Sofia, 28 October 1894"
17_letter_from_bai_ganyo_to_konstantin_velichkov_bul.csv,Your Ganyo Balkanski
18_from_the_correspondence_of_bai_ganyo_balkanski_bul.csv,I
18_from_the_correspondence_of_bai_ganyo_balkanski_bul.csv,"My Dear Mr. Balkanski,"
18_from_the_correspondence_of_bai_ganyo_balkanski_bul.csv,"Perhaps you have already forgotten me, but I shall remind you of certain events, and I believe that you will remember who I am. Do you recall that when you were traveling around Europe, you stopped off in Prague, and all the Bulgarian students treated you so coldly, even Jirechek? I was the only one who invited you home, and you stayed several days with me. Do you recall how you surprised me with the landlady’s daughter? And do you remember, when you were left alone, how they entertained you and you sang “Terrible Is the Night” for them? I am the very same Bodkov. I have finished my higher education and returned to my homeland. Since I do not number among my acquaintances any other influential person save yourself, I am turning to you with a request, and I beg you to ask someone from the editorship of some government newspaper to print the enclosed dispatch, a copy of which I am enclosing for you as well, in case it gets lost in the editorial offices. I believe that this letter is sufficient for the government to form an understanding of my ideas, and I am even in a position to write much more than this, should the need arise. I have completed my degree in philosophy. Mr. Balkanski, in addition to this, I have another request for you. My father is an entrepreneur, and the government is now rejecting as defective fifty thousand levs’ worth of shoes, so I beg you to intervene so that they accept them from him, just as they have accepted those of the very same material made by a Jew. Is this patriotic?"
18_from_the_correspondence_of_bai_ganyo_balkanski_bul.csv,"Do not think that I am writing my letter in order to butter up the government. Absolutely not. The fact that the shoes were rejected as defective has nothing at all to do with this letter, and finally, you should know that I am not a person who would trade on his convictions."
18_from_the_correspondence_of_bai_ganyo_balkanski_bul.csv,"Be assured of my extreme respect toward you,"
18_from_the_correspondence_of_bai_ganyo_balkanski_bul.csv,Your Bodkov
18_from_the_correspondence_of_bai_ganyo_balkanski_bul.csv,P.S. The editorial oﬃce may change my text if they see ﬁt. I am not a pretentious person.
18_from_the_correspondence_of_bai_ganyo_balkanski_bul.csv,THE SAME.
18_from_the_correspondence_of_bai_ganyo_balkanski_bul.csv,P.P.S. The shoes were rejected three days ago.
18_from_the_correspondence_of_bai_ganyo_balkanski_bul.csv,THE SAME.
18_from_the_correspondence_of_bai_ganyo_balkanski_bul.csv,Here is the text referred to in the above letter:
18_from_the_correspondence_of_bai_ganyo_balkanski_bul.csv,Copy
18_from_the_correspondence_of_bai_ganyo_balkanski_bul.csv,Letter to the Editor
18_from_the_correspondence_of_bai_ganyo_balkanski_bul.csv,"Mr. Editor,"
18_from_the_correspondence_of_bai_ganyo_balkanski_bul.csv,"My blood freezes in my veins, my brain congeals in my skull, my heart stops beating, and I, with trepidation in my soul, address myself to the respected Government and beg it to answer whether or not there will be an end to its tolerance of the destructive lack of restraint on the part of the opposition press. The people want to know (boldly I can affirm this) when they will break the sacrilegious fingers of the opposition, which dare to touch—O horrors!—the Chaste and Sacred Person of our common Father, the guarantor of our happiness and well-being. Instead of an unquestioning reverential prostration before the glorious embodiment of our independence, instead of a submissive readiness for the gratification of the royal lusts and desires, there appear Bulgarians among us (misbegotten monsters of the Bulgarian people) who dare to ascribe human weaknesses to the unapproachable Personage! This is more than a betrayal of national interests. This is a depravity unheard of in history! There are even such scoundrels of the pen who have rebelled and tried to halt and to desecrate the most virtuous act of our communities, the bestowing of municipal forests, islands, and gardens on their Beloved Prince. The majesty of the throne is likewise the majesty of the people, and instead of being proud that our municipalities demonstrate their love for the Crown and the Dynasty for all to see, instead of rejoicing that our fatherland, until recently uncivilized, is covered with luxurious palaces and villas, one can find Bulgarians—just imagine, Bul-garians!—who, even after all this, are not satisﬁed! Such malcontents sow degeneracy in our society, and the Bulgarian people must gaze upon them with revulsion. They are the reason for the moral decline of our society and for the distrust that is insinuating itself between the government and society and that is having such an evil influence on the national economy. This mistrust damages the private interests of the most respected and scrupulous merchants, as is the case with our well-respected citizen who only recently has had fifty thousand levs’ worth of shoes of the finest material rejected owing to a misunderstanding. And so, the government must take steps immediately to stop the mouths of the opposition once and for all. This is the most fervent desire of the Bulgarian people."
18_from_the_correspondence_of_bai_ganyo_balkanski_bul.csv,Anonymous
18_from_the_correspondence_of_bai_ganyo_balkanski_bul.csv,"Mr. Editor,"
18_from_the_correspondence_of_bai_ganyo_balkanski_bul.csv,I promise you henceforth to write you as many such letters as you want against the opposition. I will only beg you to allow my name to remain unknown to the public. I have a degree in philosophy.
18_from_the_correspondence_of_bai_ganyo_balkanski_bul.csv,"With deep respect,"
18_from_the_correspondence_of_bai_ganyo_balkanski_bul.csv,Bodkov
18_from_the_correspondence_of_bai_ganyo_balkanski_bul.csv,II
18_from_the_correspondence_of_bai_ganyo_balkanski_bul.csv,"Mr. Bodkov,"
18_from_the_correspondence_of_bai_ganyo_balkanski_bul.csv,"It has come back to me who Your Honor is. How could I not recollect? I remember not just you but your fiancée and her mother as well. She wasn’t bad at all. And then, didn’t I teach them to prepare some dish or another, and we played the piano? I remember quite well. You have become a master in your trade; when I look at you, I see that this philosophy stuff isn’t just for suckers to study. But as for the shoes you’re writing about, you are somewhat mistaken. That problem can’t be dealt with through a letter to the editor. You see, don’t you, that they accepted the shoes of the Jew that you talk about. They accepted them because he knows whose palm to grease; you should open up your purse, too. I read your letter from beginning to end and figured out what your problem is. Not everyone can be a businessman. It’s not like philosophy, and as for accepting your shoes, sorry, your father’s shoes, you yourself ought to realize who that depends on. And what you say about the dynasty, never mind, keep it up, it’s the fashion. After all, talk is cheap."
18_from_the_correspondence_of_bai_ganyo_balkanski_bul.csv,"With kind regards,"
18_from_the_correspondence_of_bai_ganyo_balkanski_bul.csv,Your Ganyo Balkanski
18_from_the_correspondence_of_bai_ganyo_balkanski_bul.csv,III
18_from_the_correspondence_of_bai_ganyo_balkanski_bul.csv,Most respected Mr. Ganyo!
18_from_the_correspondence_of_bai_ganyo_balkanski_bul.csv,"I appeal to you. You are the people’s representative, and I ask henceforth that such things not continue, specifically, that an entire regiment goes through a forest barking like dogs so the gentlemen officers can hunt hares, because we’ve not been sent to learn to bark but rather to preserve our fatherland, and even though you’re completely exhausted, dead tired, tears flowing from your eyes, starving, they still force you to bark, and it better be good or else you get a beating, because you didn’t know how a hunting dog barks and they killed only five (5) hares. At least they didn’t wound a soldier, because then you get another beating for not being careful. Besides which, they made me an officer’s orderly and I wash his kid’s underpants and the carriage too. This is a shameful thing and I beg you to issue a law and since there’s nothing more to tell you, I’ll stop. Tear up this letter."
18_from_the_correspondence_of_bai_ganyo_balkanski_bul.csv,"Humbly yours,"
18_from_the_correspondence_of_bai_ganyo_balkanski_bul.csv,"Yrûpko Yrûpkov, private"
18_from_the_correspondence_of_bai_ganyo_balkanski_bul.csv,IV
18_from_the_correspondence_of_bai_ganyo_balkanski_bul.csv,"Mr. Trûpko,"
18_from_the_correspondence_of_bai_ganyo_balkanski_bul.csv,"You wouldn’t happen to be the son of Trûpko the komitadzhi? I know your father. What you say about them forcing you to bark at rabbits in a forest, even I heard about it, but patience is a virtue, as they say. You can’t fight city hall. After all, under the Turks we suffered for a whole lifetime. Whatever we have to suffer under the Bulgarians for two short years is no big deal. As for the underpants, that’s not a good thing for a man to do. That’s woman’s work, but what can you do? Wash the underpants and hold your nose; politics demands it. After all, you know how it is; just grin and bear it, and don’t forget to say hello to your father for me. Patience, there’s no other way; these things work out with patience and not by rocking the boat. As you well know, the saber doesn’t cut off a bowed head."
18_from_the_correspondence_of_bai_ganyo_balkanski_bul.csv,"Your well-wisher,"
18_from_the_correspondence_of_bai_ganyo_balkanski_bul.csv,Ganyo Balkanski
18_from_the_correspondence_of_bai_ganyo_balkanski_bul.csv,V
18_from_the_correspondence_of_bai_ganyo_balkanski_bul.csv,"Kind Uncle Ganyo,"
18_from_the_correspondence_of_bai_ganyo_balkanski_bul.csv,"I want to send our Rada to study abroad this year, but so that I don’t have any expenses, I beg you to go up to the big shots and get me sent abroad on some business trip, to study some questions or for some sort of lobbying; perhaps, for example, to study the question of whether it would be possible to promote our homespun cloth to the Belgian army, or to investigate the ethnography of the Kutsovlahs in Switzerland, or something like that. If they want to, they can think up ninety-nine business trips. A per diem of even three napoleons would be satisfactory. Answer me as soon as possible."
18_from_the_correspondence_of_bai_ganyo_balkanski_bul.csv,"Your faithful like-minded kinsman,"
18_from_the_correspondence_of_bai_ganyo_balkanski_bul.csv,Vasil
18_from_the_correspondence_of_bai_ganyo_balkanski_bul.csv,"P.S. You won’t be left empty-handed from this business trip either. If they ask about my education, tell them that although I don’t have a diploma, I have still read a lot, and it’s just as if I had a college education."
18_from_the_correspondence_of_bai_ganyo_balkanski_bul.csv,THE SAME.
18_from_the_correspondence_of_bai_ganyo_balkanski_bul.csv,"I couldn’t find an answer to this letter in Bai Ganyo’s ledger, but in the envelope I found a draft of the following telegram:"
18_from_the_correspondence_of_bai_ganyo_balkanski_bul.csv,Urgent
18_from_the_correspondence_of_bai_ganyo_balkanski_bul.csv,To Zheravna Village
18_from_the_correspondence_of_bai_ganyo_balkanski_bul.csv,Vasil Mangov
18_from_the_correspondence_of_bai_ganyo_balkanski_bul.csv,"You’re much too late, Vasil. Someone more educated than you has already been sent on that business trip."
18_from_the_correspondence_of_bai_ganyo_balkanski_bul.csv,Balkanski
18_from_the_correspondence_of_bai_ganyo_balkanski_bul.csv,VI
18_from_the_correspondence_of_bai_ganyo_balkanski_bul.csv,"Most Respected Uncle Ganyo,"
18_from_the_correspondence_of_bai_ganyo_balkanski_bul.csv,"Man proposes, but God disposes. All the plans we concocted for my future have been reduced to dust and ashes. My career is completely ruined. I have been expelled from school and sentenced to three years of hard labor, and the reason for all this is that damned Bulgarian spelling system; they’ve been promoting a new fashion: we’re supposed to write foreign words and names as they would be pronounced; for example, we aren’t supposed to write ministr, but to write ministûr; not to write ansambl, but to write ansambûl, not to write Bokl, but we should write Bokûl—because this is supposed to be more characteristic of the Bulgarian language, as if the character of our language resembles that of the Afghan language. We protested to our learned tutors, and they declared us mutineers. On the very day of the birth of Jesus Christ, the savior of mankind, they escorted us under a convoy of mounted police, us unwilling tourists on foot, along the snowy highways of mother Bulgaria, and we’re trudging, trudging from one stop to the next, sleeping in police stations. We were met by policemen and seen off by gendarmes, and where they’re taking us even we ourselves don’t know. They say that for the triumph of the Bulgarian spelling system they intend to educate us for three years in prison gangs. Who knows? Maybe such a miracle could happen, too. I have now been brought here to your city, and I write this letter from my cell. If you would be so kind, come visit me and bring a doctor, because I don’t know if it’s from the journey or from the cold, but lately I’ve begun to spit blood."
18_from_the_correspondence_of_bai_ganyo_balkanski_bul.csv,"Your nephew,"
18_from_the_correspondence_of_bai_ganyo_balkanski_bul.csv,Stoyko
18_from_the_correspondence_of_bai_ganyo_balkanski_bul.csv,"P.S. I have heard, uncle, that the Turks had a custom for major holidays, such as Christmas and Easter, to let Christian prisoners out on bail to visit their relatives and to spend the holidays with them. Is this true, uncle?"
18_from_the_correspondence_of_bai_ganyo_balkanski_bul.csv,THE SAME.
18_from_the_correspondence_of_bai_ganyo_balkanski_bul.csv,"Dear Nephew Stoyko,"
18_from_the_correspondence_of_bai_ganyo_balkanski_bul.csv,"As you have sown, my boy, so have you reaped. Whose fault is that? I wonder that they didn’t give you a good hiding on top of it all. It’s only natural. Are we playing tiddlywinks or running a kingdom? What do you mean by this abuse of freedom? How dare you prattle on to me about the Turks as if they were more merciful? They’re not merciful, but they are suckers. If they were smart, they wouldn’t have given up the kingdom to someone else. If you ask me, I’m even glad that they’ve finally handled you folks properly. You just rot now in the police stations and barracks so that you get some sense into your head and remember what happens when you stick your neck out. I couldn’t understand from your letter just what the reason was; you write about some kind of Bokûl-Shmokûl stuff, but I don’t believe you, even though I don’t know anything about grammar. Who knows what mischief you’ve been up to? I don’t have time to make the rounds of police stations, disgracing myself in front of big shots, just to meet with rebels. How many times have I tried to teach you that the saber doesn’t cut off the bowed head? But no, you wouldn’t listen to me. You’re paying for it now with your head. As you have sown, my boy, so have you reaped."
18_from_the_correspondence_of_bai_ganyo_balkanski_bul.csv,"Your well-wisher,"
18_from_the_correspondence_of_bai_ganyo_balkanski_bul.csv,Ganyo Balkanski
01_bul_Political_Forces.csv,Political Forces Distribute Seats in New Parliament (27.04.2026 16:59)
01_bul_Political_Forces.csv,"At a meeting in Parliament here on Monday, the political forces allocated their seating in the new 52nd National Assembly. There should be no disputes over chairs, desks, or offices - this is a third-rate issue for us, said Petar Vitanov of Progressive Bulgaria, speaking to journalists after the meeting."
01_bul_Political_Forces.csv,"Regarding the election of a National Assembly chairperson, Vitanov said that good parliamentary practice requires MPs to be informed before the first sitting. “Even if we are ready, the last place I would say it is this early in front of the media,” he noted. According to him, Galab Donev is a suitable candidate because he is sufficiently knowledgeable and authoritative."
01_bul_Political_Forces.csv,"Vitanov pointed out that there is a major problem with the fight for justice. Urgent anti-crisis measures are needed to curb prices, while funds under the Recovery and Resilience Plan are also at risk, he added."
01_bul_Political_Forces.csv,"“The distribution [of seats] was reached by consensus, with all sides showing understanding regarding the arrangement. We are keeping part of our offices and freeing up others for Progressive Bulgaria,” said Zhecho Stankov of GERB. A candidate for deputy chair of Parliament has not yet been discussed, nor has a joint candidate for the position of chair, he added."
01_bul_Political_Forces.csv,"“All parties will have seats in the front row; our parliamentary group will be positioned on the far right, said Nadezhda Yordanova of Continue the Change – Democratic Bulgaria (CC-DB). We have not discussed with Progressive Bulgaria the position of Parliament chair,” she added."
01_bul_Political_Forces.csv,"Regarding a candidate for deputy chairper, Yordanova said that Democratic Bulgaria is nominating Gen. Atanas Atanassov. Asked whether the group would remain united or split, she replied that “we face the task of being a constructive, effective, and active opposition force.” It is a shared responsibility to provide a solution and to ensure an effective opposition that guarantees Bulgaria’s democratic and pro-European path. Our proposal is to remain in a joint group based on a clear coalition agreement, she added."
01_bul_Political_Forces.csv,"Asked whether she is ready to support Andrey Gurov as a presidential candidate, she replied that he has been successful as caretaker prime minister. “I do not think it is appropriate to comment at this stage,” she added."
01_bul_Political_Forces.csv,"The distribution of seats proceeded smoothly, and I believe all parliamentary groups will be satisfied. Each group will be able to access the National Assembly rostrum, said Miroslav Ivanov of CC-DB. Progressive Bulgaria has been placed in the center-left, he added. “Our priorities remain the same - justice, higher incomes, and a competitive business environment,” Ivanov noted."
01_bul_Political_Forces.csv,"“The more important question is what is happening with the state: will we replace the Supreme Judicial Council, will measures be taken regarding inflation and rising prices, rather than focusing on MPs’ offices,” said Petar Petrov of Vazrazhdane."
01_bul_Political_Forces.csv,"Asked what stance Vazrazhdane is taking and whether it will support some bills or remain entirely in opposition, Petrov said the party would support replacing the parliamentary quota of the Supreme Judicial Council, as well as legislative changes aimed at curbing inflation."
01_bul_Political_Forces.csv,"The 52nd National Assembly will be convened on Thursday at 10:00 a.m., said President Iliana Iotova."
02_bul_Bulgarian_Airline.csv,Bulgarian Airline Association Presents Awards for Contributions to Aviation Heritage and Media Coverage (28.04.2026 15:52)
02_bul_Bulgarian_Airline.csv,The Bulgarian Airlines Association (ABA) presented a series of awards recognizing contributions to preserving the historical memory of Bulgarian civil aviation and the professional coverage of aviation-related topics at an official ceremony held at Hotel Vega Sofia on Tuesday.
02_bul_Bulgarian_Airline.csv,"Among the recipients was the Archives and Reference Directorate of the Bulgarian News Agency (BTA), which received an award for its contribution to preserving the historical memory of Bulgarian Civil Aviation. The distinction was accepted by the Archives and Reference Directorate Director Desislava Sevova, who said the award was recognition not only of her personal work, but also of the professionalism and efforts of her entire team."
02_bul_Bulgarian_Airline.csv,"She noted that the distinction acknowledges the importance of archival work and pays respect to generations of journalists and employees who have contributed to BTA's 128-year history. According to her, true news today creates the history of tomorrow, and the mission of the archive is to preserve it."
02_bul_Bulgarian_Airline.csv,The same award for preserving historical memory was also presented to Anton Mitov from the Archives Directorate of the Bulgarian National Radio.
02_bul_Bulgarian_Airline.csv,"ABA also awarded its ""Flight"" statuette for preserving historical heritage and contribution to the development of Bulgarian civil aviation to the Institute of Air Transport, which this year marks its 55th anniversary. The award was accepted by its manager and honorary ABA chairman Svetoslav Stanulov and presented by the head of the Bulgarian Industrial Capital Association (BICA) Management Board, Rumen Radev."
02_bul_Bulgarian_Airline.csv,"The ""Flight"" statuette for overall contribution and accurate aviation coverage was awarded to 24 Chasa on the occasion of its 35th anniversary. The prize was presented by ABA Chairman Yovko Yotsev and accepted by Ivan Mihalev."
02_bul_Bulgarian_Airline.csv,"Zhivko Konstantinov received an award for creating the website Travel Radar and for a series of aviation-themed films. The distinction was presented by Deputy Transport and Communications Minister Dimitar Nedyalkov, who noted that Bulgarian aviation faces a challenging year, while expressing hope that 2026 would repeat the strong results achieved in 2025."
02_bul_Bulgarian_Airline.csv,An award for overall contribution and preserving historical memory also went to Dragomir Draganov of the Bulgarian National Television.
02_bul_Bulgarian_Airline.csv,"Additional awards for accurate aviation coverage were presented to Zapryan Zapryanov of Nova Television, Stancho Stanchev of bTV, and the morning programme of Euronews Bulgaria."
02_bul_Bulgarian_Airline.csv,"The website Bgtourism.bg received an award for highlighting the connection between tourism and aviation, along with a statuette from airline Electra Airways."
02_bul_Bulgarian_Airline.csv,"Miroslav Ivanov, editor-in-chief of TravelNews, was also recognized for accurate reporting on aviation topics."
03_bul_Bulgarian_Cultural.csv,Bulgarian Cultural Centre in Skopje Hosts Exhibition Marking 150th Anniversary of April Uprising (28.04.2026 21:23)
03_bul_Bulgarian_Cultural.csv,"On the occasion of the 150th anniversary of the April Uprising, the exhibition ""For the Freedom of a Nation”, organized by the St. St. Cyril and Methodius National Library and the State Archives Agency, opened at the Bulgarian Cultural and Information Centre in Skopje on Tuesday."
03_bul_Bulgarian_Cultural.csv,"""Today we are not merely opening an exhibition. Today we are opening a door to remembrance, to that fateful April of 1876, when the Bulgarian people took their destiny into their own hands, driven by an unyielding desire for freedom, dignity, and national self-determination. The April Uprising is not merely a historical fact. It is a moral pinnacle. It is a symbol of self-sacrifice, of unity, and of the unyielding spirit of a people who chose freedom over fear. The exhibition we are opening today is a unique bridge between the past, the present, and the future. Through documents and stories, it reminds us not only of the events, but also of the human destinies behind them. The destinies of ordinary people who became heroes, to whom we owe our freedom,"" Antonia Veleva, Director of the Bulgarian Cultural and Information Centre in Skopje, said."
03_bul_Bulgarian_Cultural.csv,"In video messages, National Library Director Kalina Ivanova, State Archives Agency Chair Mihail Gruev, and Milen Mihov, curator and one of the organizers of the documentary exhibition, addressed the guests present at the gallery of the Bulgarian Cultural and Information Centre."
03_bul_Bulgarian_Cultural.csv,"The exhibition features more than 130 documents, including protocols, letters, telegrams, appeals, certificates, illustrating the preparation, course, suppression and consequences of the April Uprising. The documents also reveal the international response to the uprising, while the Ottoman documents included in the exhibition provide insight into the perspective of the local and central Ottoman authorities. The exhibition presents both well-known and lesser-known documents, some of which are being displayed for the first time, tracing the events in all revolutionary districts, the role of the Bulgarian emigre community and the international reaction to the uprising."
03_bul_Bulgarian_Cultural.csv,"Skopje is the first place outside Bulgaria where it is being exhibited. Prior to the opening of the exhibition, children from the preschool group of the Zdravei Sunday school participated in an open lesson on the April Uprising."
04_bul_Bulgaria_Driving.csv,"Bulgaria Driving Connectivity Efforts in Europe, President Iliana Iotova Says in Yerevan (04.05.2026 17:24)"
04_bul_Bulgaria_Driving.csv,"President Iliana Iotova said that Bulgaria is playing a leading role in advancing connectivity across Europe during discussions at the Eighth Summit of the European Political Community, held in Yerevan, the presidential press service said on Monday. The forum brings together nearly 50 heads of state and government and aims to promote political dialogue and cooperation to strengthen security, stability and prosperity across the continent."
04_bul_Bulgaria_Driving.csv,"Iotova emphasized that connectivity is not merely a strategic choice but a guarantee of shared security, from the economy to defence, adding that Bulgaria is not only an active partner but also a driving force in these processes. She stressed that the time had come for national projects to be integrated into broader geographic and economic connectivity, noting that Southeastern Europe serves as a strategic bridge between Europe, Asia and the Middle East. She pointed out that times of crisis also create new opportunities and highlighted Bulgaria’s active role in projects related to energy and transport connectivity across the continent."
04_bul_Bulgaria_Driving.csv,"Iotova said that global conflicts have demonstrated the need to strengthen energy independence and diversify energy sources, underlining the key role of the Greece – Bulgaria gas interconnector in this effort."
04_bul_Bulgaria_Driving.csv,"She said that Bulgaria was among the first countries to expand its gas storage capacity following the 2022 gas crisis and highlighted the importance of one of the largest initiatives, the Vertical Gas Corridor linking Greece, Bulgaria, Romania and Hungary, adding that the Bulgarian section is nearly complete."
04_bul_Bulgaria_Driving.csv,"The President also said that Bulgaria is working to expand renewable energy infrastructure, particularly along the Black Sea coast, as well as solar systems. She added that Bulgaria remains one of the strongest and most consistent supporters of clean and safe nuclear energy, at a time when the European Union is reassessing its position on the issue."
04_bul_Bulgaria_Driving.csv,"Iotova underscored the importance of transport connectivity, calling for accelerated construction of Corridor VIII, which will link Bulgaria, North Macedonia and Albania, effectively connecting the Adriatic and Black Seas. She said that the project is important not only economically but also from a security perspective for both the region and Europe as a whole. She added that such projects are key to the integration of the Western Balkans and will enhance bilateral connectivity as well as Europe’s broader transport network. The President also called for continued development of the Trans-European Transport Network."
04_bul_Bulgaria_Driving.csv,"Iotova highlighted the importance of the Trans-Caspian Transport Corridor for strengthening links between Europe and Asia, and stressed the need to build another bridge over the Danube River and complete the transport link between Silistra and Calarasi."
04_bul_Bulgaria_Driving.csv,"She also said Bulgaria has strengthened the role of its Black Sea ports, noting that such projects are important not only for the economy but also for the continent’s security. In addition, she pointed to the development of industrial zones around major cities to support investment and regional supply security."
04_bul_Bulgaria_Driving.csv,"The President highlighted Bulgaria’s strong position in emerging technologies, cybersecurity and artificial intelligence, noting that the country is among six selected by the European Commission to host an AI gigafactory."
04_bul_Bulgaria_Driving.csv,"Iotova also stressed the importance of the EU’s Multiannual Financial Framework, saying that preserving cohesion policy is essential for economic projects, regional connectivity and development, and that Bulgaria will firmly advocate for it."
04_bul_Bulgaria_Driving.csv,"Earlier in the day, the head of State said that the Vertical Gas Corridor has strategic importance for Europe’s energy security, adding that beyond its economic benefits, it also carries political significance at a time of serious geopolitical divisions and military conflicts."
05_bul_Bulgarian_Deputy.csv,"Bulgarian Deputy Culture Minister Calls Literature ""One of the Most Powerful Forms of Cultural Diplomacy"" (07.05.2026 11:21)"
05_bul_Bulgarian_Deputy.csv,"Speaking at the opening of the 22nd Thessaloniki International Book Fair on Wednesday, Deputy Culture Minister Viktor Stoyanov said literature is one of the most powerful forms of cultural diplomacy. Bulgaria is the honoured country at this year's event."
05_bul_Bulgarian_Deputy.csv,"""Literature builds trust, fosters understanding and creates lasting bonds among nations. Our presence in Thessaloniki is not only a celebration of Bulgarian literature, it is also a celebration of the enduring friendship between Bulgaria and Greece. We are not only close neighbours and reliable allies in NATO and the EU, we are close friends in spirit, and our peoples share deep mutual respect and affection,"" Stoyanov said."
05_bul_Bulgarian_Deputy.csv,"He said it was a privilege for Bulgaria to be the focus country at this year's forum, adding that this ""embodies the spirit of dialogue and shared cultural horizons in our region""."
05_bul_Bulgarian_Deputy.csv,"Stoyanov also said: ""The literary ties between Bulgaria and Greece are deep, vibrant and enduring. For decades, our cultures have engaged in dialogue through poetry, prose and translation. Greek poetry, with its philosophical depth and lyrical power, has left a lasting mark on Bulgarian literature. At the same time, Bulgarian authors have found a receptive and thoughtful audience among Greek readers."""
05_bul_Bulgarian_Deputy.csv,"The Deputy Minister highlighted the contribution of figures past and present, including diplomat, translator and writer Stefan Gechev and Georgi Koufov, who translated works by Nikos Kazantzakis and Kostas Varnalis, among others. He also mentioned contemporary authors such as Iana Bukova, Georgi Gospodinov, Rene Karabash, Theodora Dimova and Elena Alexieva, whose works have been translated into Greek."
05_bul_Bulgarian_Deputy.csv,"Viktor Stoyanov also stressed the important work of translators. ""In the past three years alone, more than 200 Bulgarian books have been translated into foreign languages, with more than ten of them translated into Greek. These figures reflect a clear and encouraging trend - Bulgarian literature is reaching an ever wider audience and building meaningful international connections,"" he said."
05_bul_Bulgarian_Deputy.csv,"The event was also attended by Hellenic Foundation for Books and Culture Board Chair Nikos Bakounakis, TIF-HELEXPO S.A. Board Chair Christos Tsentemeidis, Greek Culture Minister Lina Mendoni, Greek Deputy Interior Minister for Macedonia and Thrace Konstantinos Gkioulekas, Central Macedonia Governor Athina Aidona-Athanasiadou, Thessaloniki Mayor Stelios Angeloudis, Bulgaria's Consul General in Thessaloniki Anton Markov and Bulgarian writer Theodora Dimova, among others."
05_bul_Bulgarian_Deputy.csv,The Bulgarian stand opens officially on Thursday. Literature Beyond Borders is the central theme of Bulgaria's participation.
06_bul_Patriarch_Daniil.csv,"Patriarch Daniil Says May 6 Is Inseparably Linked to Honouring Bulgaria's ""Invincible Military"" (06.05.2026 11:33)"
06_bul_Patriarch_Daniil.csv,"Daniil, Patriarch of Bulgaria and Metropolitan of Sofia, said May 6 - the Day of Valour and the Bulgarian Armed Forces, is inseparably linked in Bulgarian state and church tradition with honouring and expressing gratitude to Bulgaria's ""invincible military"". Patriarch Daniil spoke after leading the traditional blessing ceremony and consecration of military battle flags in the capital on Tuesday."
06_bul_Patriarch_Daniil.csv,"""In lasting testimony to the triumph of life brought by the Resurrection of our Lord and Saviour Jesus Christ, I wholeheartedly greet you on the radiant feast day of Saint George the Great Martyr - a warrior of Christ wondrous in faith and virtue, and a universally glorified heavenly protector and miracle worker,"" he said. Following the tradition observed on May 6, the feast day of Saint George, the Bulgarian Orthodox Church blesses the battle flags of Bulgaria's victorious army and prays for God's mercy and protection over the armed forces, which safeguard the peace and security of the country, Patriarch Daniil added."
06_bul_Patriarch_Daniil.csv,"According to him, the day's prayers and rituals are rooted in the historical belief that Bulgarian soldiers have always placed their trust first in God and in the Christian faith. He said this conviction guided not only Saint George, but also generations of Bulgarian warriors who fought to defend their homeland and fellow believers."
06_bul_Patriarch_Daniil.csv,"Patriarch Daniil noted that the tradition of blessing military banners dates back to the First Bulgarian Empire and the reign of Tsar Simeon I. He recalled that the first historically documented ceremony of this kind took place in 917 before the Battle of Achelous, which ended in a major Bulgarian victory. He said the ritual reflects the faith of Bulgaria's ancestors that no truly good or meaningful deed can be accomplished without God's grace and support."
06_bul_Patriarch_Daniil.csv,"""Guided by this faith and conviction, our great forefathers throughout the centuries sought God's help in all their endeavours. We do the same today as, in unity between Church and State, we pray for God's protection for our military, and for peace, prosperity and wellbeing for our people and homeland,"" Patriarch Daniil said."
07_bul_Mexico_Festival.csv,"Mexico Festival Shows that Poster Project ""Letters of Bulgaria – Alphabet of Europe"" Enjoys Sustained International Interest (04.05.2026 19:04)"
07_bul_Mexico_Festival.csv,"A poster exhibition titled The Letters of Bulgaria - Alphabet of Europe has attracted sustained international interest due both to the universal language of the poster and to the theme of the Cyrillic alphabet. ""The letter has always been a challenge for poster designers [...] it is another opportunity to enrich the language of poster art,"" said Albena Spasova, lecturer at the National Academy of Art in Sofia, interviewed by BTA. Spasova was approached by the news agency after the exhibition was presented between April 16 and 24 at the International Image Festival (FINI) 2026 in Pachuca, the capital of the Mexican state of Hidalgo, where Bulgaria was the guest country of honour. She curated the exhibition and delivered a lecture during the festival. Discussing The Letters of Bulgaria..., Spasova told BTA: ""We are working for the Cyrillic script to be associated precisely with Bulgaria, beyond the popular idea that we are talking about a Russian alphabet by virtue of Russia's large population, as well as to work towards creating our own typefaces. It was truly important that Cyrillic became one of the three official scripts of Europe precisely through Bulgaria, with Bulgaria joining the European Union."" According to her, the display in the Mexican city was structured as a ""walk through the history of the global poster"", featuring 30 artists who are leading figures in the field. She added that within 60 minutes a ""concise but very interesting presentation"" was delivered, which has already been published on the website of the International Triennial of Stage Poster in Sofia."
07_bul_Mexico_Festival.csv,"Spasova said that alongside The Letters of Bulgaria..., the International Image Festival in Pachuca featured displays dedicated to Bulgarian cultural heritage, rose oil and tourism. The festival awarded Bulgarian artist Gredi Assa the title of ""international honorary professor""."
07_bul_Mexico_Festival.csv,"The event opened opportunities for future cooperation, including the participation of Bulgarian students in international initiatives in the fields of poster art and photography, Spasov noted. She highlighted the role of the Bulgarian Embassy in Mexico in the implementation of the project The Letters of Bulgaria..., describing the presentation as ""brilliant and highly effective""."
07_bul_Mexico_Festival.csv,"The international poster initiative The Letters of Bulgaria – Alphabet of Europe, launched by Sofia's International Triennial of Stage Poster in 2007, brings together 30 artists from 20 countries around the idea of visually representing the Bulgarian alphabet as one of the three scripts in Europe. The collection includes 30 posters, one for each letter, selected by lot during the fifth edition of the Triennial. The project combines the creative efforts of established international poster artists and Bulgarian authors, with one of the letters - ""Ь"" - created following a competition among young Bulgarian artists. All works are produced in a unified format and typography and printed in several languages in a limited edition. The initiative aims to promote Bulgarian culture through contemporary art, turning letters into a universal visual code. The collection has been presented in a number of international cultural centres."
08_bul_Bulgaria_Submits.csv,Bulgaria Submits National Plan for Diversification of Natural Gas Supplies to European Commission (07.05.2026 13:33)
08_bul_Bulgaria_Submits.csv,"Bulgaria has submitted its national plan for diversification of natural gas supplies to the European Commission, the Energy Ministry’s press office said on Thursday. The document was drafted under a new EU regulation on phasing out imports of Russian gas and sets out a strategy for secure, sustainable and competitive supplies based on alternative sources, new routes and upgraded infrastructure."
08_bul_Bulgaria_Submits.csv,"The plan puts a strong focus on developing the Vertical Gas Corridor, expanding interconnectors, increasing the capacity of the Chiren underground gas storage facility and securing access to international LNG markets."
08_bul_Bulgaria_Submits.csv,"By drafting the plan, Bulgaria took a proactive approach and contributed to the shared European goal of energy independence and resilience, caretaker Energy Minister Traicho Traikov said. He added that the document reinforced the country’s leading role in ensuring energy security for the economies and citizens of Europe."
08_bul_Bulgaria_Submits.csv,"The European Commission was told that Bulgaria was already implementing key measures, including infrastructure projects, system flexibility optimization and mechanisms for coordination between institutions and operators. The plan notes that the steps taken fully follow the principles of solidarity and the free movement of gas within the EU."
08_bul_Bulgaria_Submits.csv,"With this strategic document, Bulgaria is acting in a timely and consistent way and in full line with European goals, turning diversification into a real, measurable and sustainable policy, Traikov said. He added that the country had specific projects, clear deadlines and a stable vision for the future of the energy system."
08_bul_Bulgaria_Submits.csv,"Submitting the plan underlines Bulgaria’s role as a reliable partner in the region’s energy architecture and an active participant in building modern, connected and competitive infrastructure. The document sends a clear signal that the country is working consistently to reduce dependencies, improve security of supply and strengthen the resilience of the European energy market."
08_bul_Bulgaria_Submits.csv,"By presenting the national plan, Bulgaria reaffirmed its commitment to shared European goals and showed it is turning political priorities into concrete actions with a real impact for the country and the region, the ministry’s press release said."
09_bul_Dispute_Erupts.csv,Dispute Erupts at Bulgarian Church in Edirne over Demand for Greek-Language Service (09.05.2026 15:52)
09_bul_Dispute_Erupts.csv,"A dispute broke out at the Bulgarian Orthodox church St George the Victorious Church in Edirne after Greek Orthodox clergy reportedly insisted that the St George's Day service be conducted in Greek, according to local media reports."
09_bul_Dispute_Erupts.csv,"Following the incident, the board of the Bulgarian Orthodox community in Istanbul announced a ban on Greek-language services in the Bulgarian churches in Edirne."
09_bul_Dispute_Erupts.csv,"According to local outlet Bati Ekspres, the dispute began when the Greek metropolitan sent by the Ecumenical Patriarchate of Constantinople insisted on conducting the liturgy in Greek at the Bulgarian church located in Edirne's Kiyik district."
09_bul_Dispute_Erupts.csv,"Hundreds of Bulgarians attending the celebration objected, arguing that services in a Bulgarian church should be held in Bulgarian rather than in Greek, which many of them do not understand."
09_bul_Dispute_Erupts.csv,"St George's Day is also the patron feast of the church, and hundreds of Bulgarians had travelled to Edirne for the occasion, local media noted."
09_bul_Dispute_Erupts.csv,The dispute triggered a strong reaction among the Bulgarian Orthodox community in Istanbul and was also covered by Turkish media outlets including Haberturk and Yeni Birlik.
09_bul_Dispute_Erupts.csv,"Dimitri Yotef, chairman of the Foundation of the Orthodox Churches of the Bulgarian Exarchate in Istanbul, said the community had travelled to Edirne to conduct the traditional service in Bulgarian but had been informed that only Greek clergy would officiate. ""This is a Bulgarian church and we believe services should be held in Bulgarian,"" Yotef said, adding that the foundation had decided to suspend religious services in the churches until the issue is resolved. The decision applies to both Bulgarian churches in Edirne, though they will remain open for visits and prayer. Yotef also said tensions over the issue had existed for years, particularly after the death of Father Alexander Chakirik, whom he described as highly respected by the community."
09_bul_Dispute_Erupts.csv,"Bulgarian officials were also present at the service. Bulgaria's Consul General in Edirne, Radoslava Kafedzhiyska, told local media that the dispute reflected a longstanding problem involving restrictions on Bulgarian-language worship. ""In the Republic of Turkiye, services in every church or place of worship are conducted in the language of the respective community,"" she said, adding that the issue concerned language, culture and the right of the community to practise its faith in its own language."
09_bul_Dispute_Erupts.csv,"After lengthy arguments and strong demands from Bulgarian worshippers, a prayer was eventually read in Bulgarian."
09_bul_Dispute_Erupts.csv,"Disputes surrounding the Bulgarian churches in Edirne have long centred on attempts by the Ecumenical Patriarchate to impose Greek-language services and influence over the administration of the churches, according to observers familiar with the issue."
09_bul_Dispute_Erupts.csv,"In the Bulgarian churches St Stephen Church and St Ivan Rilski Church in Istanbul, services are normally conducted in Bulgarian, with Greek used only during visits by Ecumenical Patriarch Bartholomew I."
